# Resource object code (Python 3)
# Created by: object code
# Created by: The Resource Compiler for Qt version 6.7.2
# WARNING! All changes made in this file will be lost!

from PySide6 import QtCore

qt_resource_data = b"\
\x00\x00\xf7\xe7\
<\
\xb8d\x18\xca\xef\x9c\x95\xcd!\x1c\xbf`\xa1\xbd\xdd\xa7\
\x00\x00\x00\x05zh_CNB\x00\x00\x17\xd0\x00\x00\
\x04Y\x00\x00\x0ek\x00\x00\x04]\x00\x00\xb6s\x00\x00\
\x05;\x00\x00\x00\xac\x00\x00\x05;\x00\x009\xa8\x00\x00\
\x05;\x00\x00SW\x00\x00\x05;\x00\x00\xa0\xd8\x00\x00\
\x05;\x00\x00\xa5>\x00\x00\x05;\x00\x00\xac;\x00\x00\
\x05;\x00\x00\xb0H\x00\x00\x05;\x00\x00\xb7\x15\x00\x00\
\x05M\x00\x00\xb7<\x00\x00G\xd5\x00\x00\xaa\x0b\x00\x00\
H,\x00\x00\x98\xed\x00\x00I\xa4\x00\x00\xad\xd3\x00\x00\
I\xb7\x00\x00!\x8f\x00\x00J\xc4\x00\x00An\x00\x00\
J\xc4\x00\x00\x90\x1a\x00\x00KS\x00\x00\x90f\x00\x00\
LV\x00\x00\xae\xbd\x00\x00O\x5c\x00\x00&6\x00\x00\
Sg\x00\x00+\x0c\x00\x00Sg\x00\x00p\x99\x00\x00\
T\x86\x00\x00\x91\x95\x00\x00Y\xbe\x00\x00\x19\xb7\x00\x00\
Y\xbe\x00\x00\xa1Z\x00\x00Y\xbe\x00\x00\xb1E\x00\x00\
{`\x00\x00\xa7\xe6\x00\x01=\x22\x00\x00\xba\xac\x00\x01\
\xc4\xde\x00\x00G\xa6\x00\x03\x9bn\x00\x00|P\x00\x04\
\x8c\xaf\x00\x00\xa2\xc9\x00\x04\xa3\x00\x00\x00\x11f\x00\x04\
\xa3\x00\x00\x00Mm\x00\x04\xa6y\x00\x00AC\x00\x04\
\xa6y\x00\x00\x80O\x00\x04\xa6y\x00\x00\x8f\xf7\x00\x04\
\xa8\x8b\x00\x00\xa3\xb1\x00\x04\xbb\x04\x00\x00A\x98\x00\x04\
\xbb\x04\x00\x00\x90\x8a\x00\x04\xbb\x04\x00\x00\xab\x19\x00\x04\
\xd0%\x00\x00A\xc3\x00\x04\xd0%\x00\x00\x90\xad\x00\x04\
\xd6\x8d\x00\x00\x12\xe4\x00\x04\xec0\x00\x00A\xee\x00\x04\
\xec0\x00\x00\x90\xd0\x00\x04\xef\xd8\x00\x00$\x8c\x00\x04\
\xef\xd8\x00\x00oa\x00\x04\xf65\x00\x00\x13@\x00\x04\
\xf6\xc2\x00\x00\xb6\xc5\x00\x05\x10\x81\x00\x00\x14!\x00\x05\
\x10\x81\x00\x00\x82c\x00\x05+\xd4\x00\x00M\x22\x00\x05\
+\xd4\x00\x00\x9b\xb5\x00\x05+\xd4\x00\x00\xb7\xf4\x00\x05\
<U\x00\x00\x14\xad\x00\x05<U\x00\x00\x90\xf3\x00\x05\
F\x85\x00\x00\x84\xaf\x00\x05F\x85\x00\x00\xbb\x1f\x00\x05\
H5\x00\x00\x09\xcc\x00\x05H5\x00\x00\xab\xb2\x00\x05\
H5\x00\x00\xbc\xd4\x00\x05L\xf4\x00\x009\x7f\x00\x05\
f\xbe\x00\x00,\xc2\x00\x05f\xbe\x00\x00\xa5c\x00\x05\
\x8c\x04\x00\x00\x04\x16\x00\x05\x8c\x04\x00\x00:@\x00\x05\
\x8c\x04\x00\x00C\x99\x00\x05\x8c\x04\x00\x00\x91\xdd\x00\x05\
\x98\xc5\x00\x00C\xc4\x00\x05\x98\xc5\x00\x00\x92\x00\x00\x05\
\x98\xc5\x00\x00\xbb\xb3\x00\x05\x9cS\x00\x00\x9e\xf0\x00\x05\
\xa8\x9b\x00\x002\x0f\x00\x05\xab`\x00\x00\xb2w\x00\x05\
\xac\xa4\x00\x00\x1b\xd9\x00\x05\xac\xa4\x00\x00\xb2\xcd\x00\x05\
\xac\xf4\x00\x00\x1c\x03\x00\x05\xac\xf4\x00\x00\xb3\x86\x00\x05\
\xb6\xc2\x00\x00\x1eH\x00\x05\xb6\xc2\x00\x00\xbc\x0b\x00\x05\
\xc0e\x00\x00\x8d\x14\x00\x05\xc0e\x00\x00\xb3)\x00\x06\
\x98\x95\x00\x00\xa2O\x00\x07+\xd4\x00\x00\xa7\xa1\x00\x07\
\xaa\xc0\x00\x00\xa2q\x00\x1d\x0b!\x00\x00\x01G\x00+\
.\x01\x00\x00\xa0'\x00<+\xf5\x00\x00\x1d\xb1\x00<\
+\xf5\x00\x00\xb7\x98\x00>D\x8e\x00\x00\xb8\xe4\x00G\
\x96\xc4\x00\x00\x00\x00\x00G\x96\xc4\x00\x007N\x00G\
\x96\xc4\x00\x00A\x17\x00G\x96\xc4\x00\x00\x8f\xaf\x00H\
\x12b\x00\x00\x0f\xdc\x00Hz\xd5\x00\x00\x0fK\x00H\
z\xd5\x00\x00E2\x00I\xe8\x94\x00\x00\x11\x0b\x00I\
\xeb\x9b\x00\x00\x8f\xd3\x00J6\x95\x00\x00~\xf7\x00J\
\xb9\xb7\x00\x00\x12-\x00J\xb9\xb7\x00\x00O}\x00L\
\x99b\x00\x00$d\x00M8\xd2\x00\x00\x13\xf2\x00M\
8\xd2\x00\x00x\x95\x00M\xc9\xbe\x00\x00\x15e\x00M\
\xc9\xbe\x00\x00\x98\x92\x00O\xa6S\x00\x00\x13\x9c\x00O\
\xa6S\x00\x00w\x85\x00P7\xd5\x00\x00\x13\xc7\x00P\
7\xd5\x00\x00x\x15\x00PFE\x00\x009R\x00P\
FE\x00\x00S,\x00P\xf28\x00\x00U\x08\x00R\
\xfd\xf4\x00\x00\xa4\xa9\x00S]\xfe\x00\x005\xf8\x00S\
^\xa4\x00\x00:\x90\x00T\xcf~\x00\x00\xab\xda\x00U\
\xa1r\x00\x0026\x00V\x8a\xa5\x00\x00Cm\x00V\
\x8a\xa5\x00\x00\x91\xb9\x00V\xae\xc2\x00\x00\x15:\x00W\
\x0dd\x00\x00\x16r\x00W\x0dd\x00\x00\x99\xc1\x00W\
g\xc3\x00\x00\x16\xdb\x00X\xb7\xb9\x00\x00-q\x00X\
\xb7\xb9\x00\x00D\xbe\x00X\xb7\xb9\x00\x00s\x97\x00X\
\xb7\xb9\x00\x00\x9d\xf1\x00X\xbf\x9b\x00\x00\x88\x00\x00X\
\xc9\xc4\x00\x00-\xf9\x00X\xfd\xf4\x00\x00MG\x00X\
\xfd\xf4\x00\x00\x9c\x12\x00X\xfd\xf4\x00\x00\xb8\x1d\x00Y\
\xeb\xc4\x00\x00\x1a\x15\x00Y\xeb\xc4\x00\x00\xa6\xb7\x00Z\
\xa8\x94\x00\x00\xa1\xd6\x00Z\xa8\x94\x00\x00\xb2M\x00Z\
\xb6\x99\x00\x001\xe7\x00Z\xec5\x00\x00\x1d#\x00Z\
\xec5\x00\x00\xb6\x1e\x00[\x0b%\x00\x00\xa7X\x00[\
\x0b%\x00\x00\xbc\xfb\x00]_\x95\x00\x00\x8dp\x00d\
\xbbE\x00\x00\xdf\xaa\x00k\x02\xa4\x00\x00\x15\x95\x00x\
\xfd\xf4\x00\x00\xa7\xc3\x00\x8b\xb1>\x00\x00\x0d\x14\x00\x91\
N\xbe\x00\x00.\xc9\x00\x91O\xce\x00\x00\xcc\x96\x00\x92\
\x9b\xb7\x00\x00B\x19\x00\x97\x96\x04\x00\x00G\xe4\x00\x97\
\x96\x04\x00\x00L\xf7\x00\x97\x96\x04\x00\x00kL\x00\x97\
\x96\x04\x00\x00\x9b\x87\x00\x97\x96\x04\x00\x00\xae4\x00\x97\
\x96\x04\x00\x00\xb41\x00\x97\x96\x04\x00\x00\xb7\xc5\x00\x9e\
\xa3\x85\x00\x00t\xf9\x00\xa3I\xae\x00\x00&\xa5\x00\xa4\
\x1d\xc4\x00\x00\x82\x8a\x00\xa6\xba\xee\x00\x00\xdc\xb4\x00\xb1\
\x86\xae\x00\x00\x9e\x91\x00\xb8\xff\x9e\x00\x00\xde\x8c\x00\xc2\
p\x92\x00\x00\x06\xc7\x00\xc2p\x92\x00\x008\x84\x00\xc2\
p\x92\x00\x00R\xc9\x00\xc2p\x92\x00\x00\xa4F\x00\xc8\
\xean\x00\x00QM\x00\xd5\xf4\xce\x00\x00\xcb\x04\x00\xe0\
-\x85\x00\x00\x95\xc2\x00\xf4\xe2\xc5\x00\x00y\xc5\x00\xf5\
t\xe4\x00\x00\x1a\xdd\x00\xf5t\xe4\x00\x00\xa8\xa2\x01\x04\
BC\x00\x00\xbbB\x01\x09\xf9\xce\x00\x00\xae\xe5\x01\x11\
u\xec\x00\x00\xc0\x9a\x01\x17b\xde\x00\x00\x8a(\x01\x1a\
\xd9\x9e\x00\x00\xdd\x9c\x01$\x97Y\x00\x00M\x90\x010\
\x97^\x00\x00\x85\x01\x01E\x8a\x94\x00\x00\x7f\x1b\x01J\
\xd8\xdd\x00\x00\x05\x0d\x01L\x05\x03\x00\x00\xa3\x19\x01_\
\xef\xd9\x00\x00\x02\xe1\x01a\x91%\x00\x00K&\x01t\
(\x9e\x00\x00H\xd6\x01~(8\x00\x00\xb3\xfb\x01\x97\
\x1a\x0c\x00\x00\xd1\xaa\x01\xa0'\x9e\x00\x00\xca\x1e\x01\xab\
j\x0e\x00\x00\xd7\xe4\x01\xbeq^\x00\x00\x8c\xb4\x01\xc4\
\x04`\x00\x00\x92y\x01\xc6\xdaU\x00\x00\x02\x8f\x01\xcb\
Q\x02\x00\x00$1\x01\xcf\x90N\x00\x00\xc4\xe2\x01\xd6\
:~\x00\x00\xb8~\x01\xe7\xbc\xfe\x00\x00H\xa2\x01\xfa\
od\x00\x006O\x01\xfe\x1b\xe9\x00\x00\x80\x18\x02\x1c\
\xdbE\x00\x00F\x9f\x02\x22w>\x00\x00\xcf\xc8\x02+\
k\x17\x00\x00Sz\x02+\xa7\xfe\x00\x00\x00\xd2\x02P\
&\x0e\x00\x00\xd4\xaa\x02\x83:\xc7\x00\x00|\xef\x02\x83\
\x89>\x00\x00\xc8\x9e\x02\xa0\x12\xc9\x00\x00\xb2\x11\x02\xa6\
\xa5T\x00\x00q\x12\x02\xb7l\xc4\x00\x00,\x92\x02\xb7\
l\xc4\x00\x00\x86p\x02\xbc]\xbe\x00\x00\xa6\xdc\x02\xbf\
\x12\xd3\x00\x00w!\x02\xc2\xde\xbc\x00\x00\xc2\x84\x02\xd5\
\xca$\x00\x00\x85\xe7\x02\xd6b\x8c\x00\x00\xce\xd8\x02\xdd\
\xee]\x00\x00;\xdb\x02\xe0!\xec\x00\x00\xc1\x95\x02\xe8\
\xfe<\x00\x00\xd49\x02\xe9DI\x00\x00P\x11\x02\xee\
\xbd\xbc\x00\x00\x18\xee\x02\xee\xbd\xbc\x00\x00\x9c;\x02\xf5\
i.\x00\x00~\x85\x03\x05\xcb\x17\x00\x00\x12\xb2\x03\x05\
\xcb\x17\x00\x00j\x08\x03\x0c\x0f3\x00\x00(\xcc\x03\x22\
\x88\xde\x00\x00>G\x03'+]\x00\x00\x22\xc0\x03B\
5E\x00\x00v\x8d\x03D\x95R\x00\x00m?\x03L\
}\xde\x00\x00\x97\xd1\x03L\xf5\xe3\x00\x00\xb6C\x03N\
Xe\x00\x00\x88$\x03W\xb0\x17\x00\x00Hu\x03W\
\xb0\x17\x00\x00\x83\xf7\x03d\xe8l\x00\x00\xc7\x9a\x03v\
\x11.\x00\x00\xbep\x03\x7f\x83\xfe\x00\x00\xd6\xa8\x03\x82\
\x8d\x04\x00\x00\x1b\x18\x03\x82\x8d\x04\x00\x00\xa8\xe1\x03\x86\
\x96\xb5\x00\x00\xa4\xfb\x03\x8aT\xa0\x00\x00k\xcf\x03\x8a\
\x9e\xe4\x00\x00+0\x03\x90\x0e#\x00\x00\x1c\x5c\x03\x97\
i\x93\x00\x00\x7f{\x03\xa6\xbf\x14\x00\x00w\xaa\x03\xa7\
\x01\xa1\x00\x00:\xee\x03\xabb\x5c\x00\x00\xcf\x8b\x03\xbb\
\xc2X\x00\x00\xb4[\x03\xc4\xc2^\x00\x00\x18\xb9\x03\xc4\
\xc2^\x00\x00\x9b\xdd\x03\xc5\x98\xd2\x00\x00\x91\x16\x03\xc6\
#c\x00\x00)\x05\x03\xcf\xec\xdc\x00\x00\xda\xac\x03\xd2\
a\xb4\x00\x00\x10\x11\x03\xd2a\xb4\x00\x00F\xd3\x03\xd5\
\x88d\x00\x00p+\x03\xe0\xd1\x1f\x00\x00O\xe1\x03\xe1\
\x1cN\x00\x00}r\x03\xec\xb8.\x00\x00\xad\x8b\x03\xee\
\xf6\xe3\x00\x00;\x94\x04\x05\x03,\x00\x00\xa4\xd1\x04\x07\
\xa4\xe2\x00\x00R\x0b\x04\x11\x92\x14\x00\x00\x18\x86\x04\x11\
\x92\x14\x00\x00\x9bU\x04\x17\x05\x1e\x00\x00*Y\x04\x1a\
p|\x00\x00\xc8J\x04\x1e\x98Y\x00\x00x\xc0\x04!\
u.\x00\x00\xc6P\x04#\xe0r\x00\x00J\xa0\x04+\
\xf1\xb5\x00\x00>\xbc\x044#N\x00\x000\x0d\x048\
\xcd.\x00\x00\x81r\x04:\xa1\xb1\x00\x00\x00)\x04>\
\x9a\x94\x00\x00\xdbb\x04@zG\x00\x00Q\xc9\x04B\
:u\x00\x00z#\x04I\xa0\x14\x00\x00\x0fv\x04I\
\xa0\x14\x00\x00F:\x04L\x84C\x00\x00\x8c\x80\x04T\
U\xbe\x00\x00Q\x8d\x04lVG\x00\x00\x8b{\x04\x84\
\x0e\x83\x00\x00{\xbe\x04\x847\xfc\x00\x00kw\x04\x8c\
\x8a\x82\x00\x00\xaa2\x04\x8c\x8a\x82\x00\x00\xbc\xab\x04\x8f\
+\xcc\x00\x00\xcd\xf7\x04\x8f5\xdd\x00\x00#g\x04\x97\
\xd1\x93\x00\x00m\xff\x04\x98I\xbc\x00\x00\x08\xd2\x04\x98\
I\xbc\x00\x007\xd1\x04\x98I\xbc\x00\x00P\xf1\x04\x98\
I\xbc\x00\x00\xa2\xf0\x04\x98I\xbc\x00\x00\xaa\x5c\x04\x98\
I\xbc\x00\x00\xb6\x9a\x04\x99n\x95\x00\x00\x08\x9d\x04\x99\
n\x95\x00\x00OW\x04\xa3i\xb4\x00\x00\x226\x04\xa5\
A\xb4\x00\x00%\x0f\x04\xa8\xb8\xa5\x00\x00\x09\x07\x04\xac\
,\xa5\x00\x00\xaa\xb7\x04\xac,\xa5\x00\x00\xb9P\x04\xaf\
\x83W\x00\x00\x12X\x04\xaf\x83W\x00\x00R\xa2\x04\xb2\
\x80>\x00\x00\xd0t\x04\xb4\x09$\x00\x000\xc0\x04\xb4\
\x09$\x00\x007\x1a\x04\xb5\x10\xd1\x00\x00qp\x04\xb7\
\x9b\x10\x00\x00T\x08\x04\xbe\x0a\x0e\x00\x00\x7f\xeb\x04\xc6\
v>\x00\x00I\xd4\x04\xc9L\xa5\x00\x00\xb3R\x04\xcc\
\xcf\x22\x00\x00\x82.\x04\xcfhD\x00\x00\xa0\x03\x04\xd0\
P\x98\x00\x008[\x04\xd9+\xbe\x00\x00=\xf1\x04\xf7\
\x8b0\x00\x00j\xe8\x04\xfc\x89\xc7\x00\x00\x92\xaf\x05\x01\
\x0e\xd1\x00\x00\xa1{\x05\x08\x9e\xb9\x00\x00\x0a\xc4\x05\x08\
\xde4\x00\x00\x0f\xa7\x05\x0a\xab\xc3\x00\x00\x82\x07\x05\x18\
\x12b\x00\x00Fh\x05\x1fV\xe5\x00\x00!/\x05'\
\x8c3\x00\x00(\xa3\x05'\x8c3\x00\x00\x83\xa6\x05(\
\x8a\xee\x00\x00\x80\xdf\x05)\x06\xc4\x00\x00\x14O\x05/\
1\xce\x00\x00\xc4\x00\x051\x8c\xa2\x00\x00\x0aA\x051\
\x8c\xa2\x00\x00\x13j\x055\xe6\xc4\x00\x006!\x05;\
\xb0\xbd\x00\x00+\x5c\x05;\xb0\xbd\x00\x00qM\x05>\
\x1b\xfe\x00\x00UP\x05@\x5c\xa5\x00\x00\xb6\xec\x05E\
\x84\xce\x00\x00\xa3{\x05F\x81S\x00\x00\x88\x92\x05K\
\xe0\xd4\x00\x00\x7f\xc1\x05L\xa1\x0e\x00\x00C\x06\x05L\
\xa1\x0e\x00\x00\x91>\x05QI\xa4\x00\x00;c\x05Q\
I\xa4\x00\x00\x9dM\x05QI\xa4\x00\x00\xa0\xae\x05Q\
I\xa4\x00\x00\xaf'\x05T\x06\x8e\x00\x00\xdb\xfa\x05^\
\x95\xfc\x00\x00\xbe\x1e\x05_\xa3>\x00\x00(\x0f\x05a\
\xb6%\x00\x00n\x84\x05c*C\x00\x00\x1e\xfd\x05c\
*C\x00\x00{\x7f\x05f\xa5\xa5\x00\x00\x18X\x05f\
\xa5\xa5\x00\x00\x9b,\x05i\xf9S\x00\x00\x8f\x0b\x05k\
Z#\x00\x00\x0as\x05l\xd9s\x00\x00\x88`\x05m\
=\xc3\x00\x00o\xf8\x05y\xe6$\x00\x00\x0bc\x05|\
Y\xd3\x00\x00\x97b\x05\x85J\x17\x00\x002b\x05\x85\
J\x17\x00\x00\x8c\xe6\x05\x87\x0e\xf7\x00\x004\x0b\x05\x8c\
5t\x00\x00D\xe0\x05\x8c5t\x00\x00\x9e?\x05\x8c\
v\x94\x00\x00\x19\x8b\x05\x8cv\x94\x00\x00\x9ej\x05\x8c\
\x9cD\x00\x00\x88\xed\x05\x8c\xcf\xc7\x00\x00t\x80\x05\x90\
]\xbe\x00\x00\xbb\xd6\x05\x90_\xc2\x00\x00D\x88\x05\x90\
_\xc2\x00\x00\x9dz\x05\x91\x04\xc3\x00\x00\xa1%\x05\x91\
\x04\xc3\x00\x00\xb1\x09\x05\x9b\x88\x98\x00\x00:g\x05\x9b\
\x88\x98\x00\x00\x92T\x05\x9b\x88\x98\x00\x00\xac\x8c\x05\xa2\
\xb2\xf5\x00\x00{R\x05\xa2\xfa\xc2\x00\x00\x1a|\x05\xa2\
\xfa\xc2\x00\x00\xa8F\x05\xa5\xd5\x0c\x00\x00\xbf\xc2\x05\xa6\
\xc8\x95\x00\x00\x06]\x05\xaa\x8b\xc3\x00\x00\x8b\xbe\x05\xae\
\x10S\x00\x00}E\x05\xb0\xaa\xbd\x00\x00\xa5\xb5\x05\xb8\
\x83\xc4\x00\x00v7\x05\xc1\xcd\xd4\x00\x00y\x1e\x05\xc5\
5t\x00\x00Tu\x05\xc5\x8bt\x00\x00\x99\xe6\x05\xc6\
\xe7\x9e\x00\x00/N\x05\xc75t\x00\x00\xbc.\x05\xc8\
1n\x00\x00 e\x05\xc8\xdcT\x00\x00\x9aR\x05\xd9\
\x1b\x5c\x00\x00\xc3\x93\x05\xdb\x16\x0c\x00\x00\xd3Z\x05\xe2\
\xf6\xd7\x00\x009\xcd\x05\xe8~\x8e\x00\x00\x0d\xdf\x05\xed\
F\x89\x00\x00\x1e\x9e\x05\xedF\x89\x00\x00\xbdL\x05\xf0\
\xad5\x00\x00\x03\xc6\x05\xf57\xe4\x00\x00EW\x05\xf6\
\x01<\x00\x00\xc5\xf6\x05\xf64^\x00\x00\x89\xa7\x05\xf8\
\xec\xd7\x00\x00\xabA\x06\x06N\x92\x00\x00\x1a@\x06\x06\
N\x92\x00\x00\xa8\x07\x06\x07\x9e>\x00\x00\x0cf\x06\x1b\
5\x89\x00\x00$\xb1\x06%\x15.\x00\x00\xb1m\x062\
\x835\x00\x00\x9f\xab\x069$\xfe\x00\x00\x89\x16\x069\
=\xc8\x00\x00\x11\xc7\x069=\xc8\x00\x00N\xbc\x06C\
\xc1\x13\x00\x00\x22\x95\x06C\xc1\x13\x00\x00\x7fT\x06K\
\x923\x00\x00\x80r\x06L%c\x00\x00\xb2\xf6\x06Z\
~\x13\x00\x00k\x1f\x06c\x8b\x83\x00\x00u{\x06l\
\x11^\x00\x00C9\x06l\x11^\x00\x00\x91i\x06n\
\x94\xbe\x00\x00\xd5\xba\x06{\x06\x03\x00\x00\xaca\x06\x95\
\xd6\xc3\x00\x00-\x17\x06\x95\xd6\xc3\x00\x00\x87\x85\x06\x96\
\xbb]\x00\x00\xa7}\x06\x97\x8c\x13\x00\x00\xa1\xab\x06\x9c\
}\xc4\x00\x00%\xa6\x06\xa7\xe71\x00\x00\xa2#\x06\xa9\
\xaeC\x00\x00\x8c\x0a\x06\xb1F\xae\x00\x00\xd9\x1a\x06\xc4\
g\xb1\x00\x00\xa9\xa3\x06\xe4/\x8e\x00\x00\xafX\x06\xf3\
3\xde\x00\x00\x1f\xfa\x06\xf8Z\x0e\x00\x00\x05\xd9\x06\xfb\
\xce>\x00\x00\x0c\x00\x06\xfd\xb2\x9d\x00\x00<A\x07\x0b\
Z^\x00\x00\xaf\xc9\x07\x0c\xacs\x00\x00&\x04\x07\x0c\
\xacs\x00\x00\x81\xd9\x07\x1b\xb1\xf7\x00\x00\x94[\x07\x1d\
\x88\x89\x00\x00\x01|\x07&\x02\xa2\x00\x00\x11\x90\x07&\
\x02\xa2\x00\x00N\x85\x076:\xc4\x00\x00\xdb\xb2\x076\
\xdc\xce\x00\x00o\x82\x078\xbdu\x00\x00\xbcS\x07I\
\xbed\x00\x00\x16C\x07I\xbed\x00\x00\x98\xc1\x07L\
\xd8\xd4\x00\x00\x14{\x07L\xd8\xd4\x00\x00R\xff\x07L\
\xd8\xd4\x00\x00\x8f\x7f\x07M\xd9\xce\x00\x00C\xef\x07M\
\xd9\xce\x00\x00\x92#\x07Z\xc6g\x00\x00nG\x07_\
mn\x00\x00u\xda\x07eu\xd5\x00\x00\x83\xcb\x07|\
n.\x00\x00\x17\x06\x07\x82\xc6\x00\x00\x00s?\x07\x8c\
\xcf\x97\x00\x00\x87_\x07\x8f#\xd4\x00\x00t\xa5\x07\x92\
\x93\xa7\x00\x00L\x0e\x07\x9al\x14\x00\x00\x0b\xa9\x07\x9a\
l\x14\x00\x005\x88\x07\x9e\xfc\xd4\x00\x00\xad\xfd\x07\xaa\
\x02\xb3\x00\x00\x0e\x93\x07\xaa\x02\xb3\x00\x00E\x07\x07\xab\
\x8c\xe3\x00\x00\xa9\xe0\x07\xab\x8c\xe3\x00\x00\xbc\x81\x07\xad\
\xac\x83\x00\x00v^\x07\xaeP\x9c\x00\x00\xcd\x1f\x07\xb9\
\xa7\xbc\x00\x00\xdd>\x07\xc5\x85?\x00\x00O\xa2\x07\xc7\
\x86s\x00\x00\xa4\x08\x07\xc7\xe0\xac\x00\x00\xde\xff\x07\xea\
\xed\x9c\x00\x00\xcba\x07\xf4\xaa\x0e\x00\x00)t\x07\xf8\
t\xa7\x00\x00v\xc7\x08\x0d{~\x00\x00\xd2\x02\x08\x17\
@\xf5\x00\x00\x96\xdb\x08%\xc6\xdc\x00\x00\xde/\x08,\
N\x12\x00\x00j\xbd\x08;}\xf5\x00\x00J\xf3\x08;\
\xb3'\x00\x00p\xb9\x08Fk~\x00\x00\xba\xd9\x08N\
\xb2\xf5\x00\x00\xa4~\x08[\xde\xce\x00\x00\xcb\xba\x08\x96\
\xcd,\x00\x00\x10\xdb\x08\x96\xcd,\x00\x00K\xe1\x08\x98\
\xb5\x7f\x00\x007v\x08\x9c\xd1\xde\x00\x00\x83\x07\x08\xa5\
\x11T\x00\x00\xb3\xa9\x08\xb4wL\x00\x00\xd8\xb9\x08\xb4\
\xea\xe3\x00\x00l\x09\x08\xba\xcaw\x00\x00\x1er\x08\xba\
\xcaw\x00\x00\xbd#\x08\xbd\x8c\xc8\x00\x00Kp\x08\xbd\
\x8c\xc8\x00\x00\x9e\x17\x08\xbd\x8c\xc8\x00\x00\xb0\xa5\x08\xbf\
8\xdc\x00\x00\xca\xad\x08\xcc\xc7\xb3\x00\x00\xa9p\x08\xcd\
\x03\xb3\x00\x00:\x13\x08\xcf\xbf\xbf\x00\x00\xa5\xe2\x08\xd0\
\x91\x0c\x00\x00\xc5?\x08\xd5\x8f%\x00\x008+\x08\xd5\
\x8f%\x00\x00\xa3\xd8\x08\xd5\x8f%\x00\x00\xb5\x88\x08\xe7\
\x9e\xbe\x00\x00\xc9V\x08\xf2R>\x00\x00G0\x08\xff\
\xeb\x1c\x00\x00\xb0\xd1\x09\x06\x95\xc9\x00\x00\x87\xb0\x09\x09\
\xa3\xdc\x00\x00\xad\x11\x09\x0a\xfd\xdc\x00\x00$\x06\x09\x0b\
!N\x00\x00\x08Q\x09\x0c\x0f3\x00\x00);\x09\x0e\
\x89\xd3\x00\x00%\xd4\x09\x0e\x89\xd3\x00\x00o\xcc\x09\x0f\
\x0e\xf8\x00\x003\x08\x09\x13Y\x13\x00\x00\x8e\x95\x09#\
\xbe\x85\x00\x00~\x1f\x09(0|\x00\x00\x9c\xa1\x09*\
\x95\xb7\x00\x00\x1b\xaa\x09*\x95\xb7\x00\x00\xac\xe4\x095\
\xa1\xf4\x00\x00!\x05\x09=h|\x00\x00\xd0\x22\x09=\
\xf2\x83\x00\x00\x07\x00\x09Mg\xfe\x00\x00\x80\xb5\x09R\
Wt\x00\x00~S\x09UE\xde\x00\x00!\xb5\x09U\
E\xde\x00\x00}\xa2\x09^\x89\xd3\x00\x00\x18(\x09^\
\x89\xd3\x00\x00\x9a\xff\x09`\xbf\xc3\x00\x00-F\x09`\
\xbf\xc3\x00\x00\x87\xd9\x09lM\x88\x00\x00\x13\x0e\x09l\
M\x88\x00\x00k\xa0\x09o;L\x00\x00\xd5]\x09r\
\x95\xc4\x00\x00\x1a\xa8\x09r\x95\xc4\x00\x00\xa8m\x09z\
\x80N\x00\x00m\x80\x09}k\xce\x00\x00=\x14\x09\x87\
\xa9\xa1\x00\x00\x10\xac\x09\x87\xa9\xa1\x00\x00Ju\x09\x93\
\xf1~\x00\x008\xbc\x09\x9c\x96|\x00\x00\xc8\xff\x09\x9f\
\x92~\x00\x00HB\x09\xa60\xe9\x00\x00\xadF\x09\xb2\
u\x95\x00\x00\x8d7\x09\xc2\x8bU\x00\x00\x9fz\x09\xcb\
:7\x00\x00j7\x09\xcb\xb6\x13\x00\x00\x10E\x09\xcb\
\xb6\x13\x00\x00G\x07\x09\xd1\x0e\xc5\x00\x007\xfa\x09\xdc\
\xf5^\x00\x00n\xe3\x09\xf5\x1aS\x00\x00\x9f\x19\x0a\x06\
\x9c \x00\x00w\xe8\x0a\x07\xe9r\x00\x00\x07j\x0a\x09\
\xc4\x07\x00\x00lu\x0a\x0el\xae\x00\x00\xc0\x1a\x0a\x11\
\xd0I\x00\x00wU\x0a!\xeb_\x00\x00P\xa3\x0a.\
\xfbn\x00\x00\x046\x0a8\xf34\x00\x00v\xf5\x0ad\
g\xe4\x00\x00\xa3Q\x0aj1\xf2\x00\x00\x1d{\x0aj\
1\xf2\x00\x00\xb7c\x0akIb\x00\x00\x11\xf7\x0ak\
Ib\x00\x00N\xe9\x0al\x89\x93\x00\x00\x8bU\x0aw\
{\x13\x00\x00\xa0T\x0aw\xcf\x97\x00\x00\x1b{\x0aw\
\xcf\x97\x00\x00\xa9E\x0a{\x05\x95\x00\x00\x89r\x0a\x80\
\x9c\xbc\x00\x00\xd7\x85\x0a\x88\x05N\x00\x00\xd18\x0a\x89\
\x0el\x00\x00\xbe\xde\x0a\x8b\xccc\x00\x001\xbc\x0a\x8b\
\xccc\x00\x00\x8b\xe3\x0a\x8d\x10\xf4\x00\x00x:\x0a\x9a\
 4\x00\x002\x94\x0a\x9b4\x01\x00\x00\xa0\xf8\x0a\x9f\
\xe05\x00\x00 \xd8\x0a\x9f\xe05\x00\x00}\x1c\x0a\xa3\
\xa0\xf4\x00\x00\x15\xe0\x0a\xa7w\xd8\x00\x00T\xcb\x0a\xa8\
\x16\x95\x00\x00\x19%\x0a\xa8\x16\x95\x00\x00\x9ct\x0a\xae\
\xae\x82\x00\x002\xc3\x0a\xc4\x0e0\x00\x00\xa9\x18\x0a\xc8\
c\xc9\x00\x00{#\x0a\xc8\xc7\xc5\x00\x00\x1bN\x0a\xc9\
e\x0b\x00\x00\x1e\xce\x0a\xc9e\x0b\x00\x00\xbd{\x0a\xcf\
\x898\x00\x00\x1c-\x0a\xcf\x898\x00\x00\xb5\x1a\x0a\xde\
:>\x00\x00\x9ax\x0a\xe0\x0e\x91\x00\x005\xb3\x0a\xeb\
F\x09\x00\x00O\x1e\x0a\xec@\x17\x00\x00\x1dN\x0a\xf1\
r\x0e\x00\x00\x04\x8d\x0a\xf8\xed~\x00\x00\xb5\xec\x0b\x01\
\xb6~\x00\x00DW\x0b\x01\xb6~\x00\x00\x84|\x0b\x01\
\xb6~\x00\x00\x9d\x18\x0b\x08\x16\x04\x00\x00\x16\x9d\x0b\x08\
\x16\x04\x00\x00\x9a\xbe\x0b\x09ye\x00\x00\x90<\x0b\x09\
\xd8\xe3\x00\x009\x1b\x0b)\x1cs\x00\x00n\xb5\x0b.\
\xads\x00\x00\x22a\x0b>jl\x00\x00\xc6\xbb\x0bL\
\xe7\xee\x00\x00Gl\x0bL\xe7\xee\x00\x00\xb9\x16\x0bQ\
\xf9g\x00\x00@\x1f\x0bVc\xde\x00\x00\x0e\xc2\x0b_\
J\x83\x00\x00\x86\x9c\x0bbC\x8c\x00\x00\xa1\xf9\x0bc\
?\x18\x00\x00\xb4\xdd\x0bf;P\x00\x00\x1e\x17\x0bf\
;P\x00\x00\xba\x7f\x0bu\x83\xd2\x00\x00\x9d\xb4\x0bv\
\xd3>\x00\x00\x99z\x0b\x84\x0e\x0c\x00\x00\xaa\x86\x0b\x87\
\xfe\x94\x00\x00\xb9\xd6\x0b\x8a>~\x00\x00\x09<\x0b\xa3\
\xdc\x0c\x00\x00\xac\xb6\x0b\xaf&^\x00\x00{\xe5\x0b\xbd\
\xc1\xfe\x00\x00\xc1\xf8\x0b\xc1\x1e\x1d\x00\x00\x05m\x0b\xc9\
}\xce\x00\x00\xceR\x0b\xc9\x7f\x09\x00\x00={\x0b\xcd\
a|\x00\x00\xd0\xd5\x0b\xcd\xe4,\x00\x00p\x5c\x0b\xd7\
\xe1~\x00\x00\xd3\xaa\x0b\xdc\x8aB\x00\x00q\xd2\x0b\xdf\
@\xae\x00\x00\xc0\xf8\x0b\xdf\x8b2\x00\x00\xb5E\x0b\xf4\
\x14\xb5\x00\x00\xdb\x18\x0b\xf8\x09.\x00\x00H\x0e\x0b\xfd\
\x0f\xce\x00\x00\x1f@\x0b\xfd\xac-\x00\x00<\xa4\x0c\x04\
\x83\xb3\x00\x00\xaea\x0c\x05f\xe1\x00\x00q\xa0\x0c\x05\
\x90\xeb\x00\x00,\xe9\x0c!'\xf4\x00\x00\xb5\xb5\x0c0\
.\x8c\x00\x00\xc4\x8d\x0cG\x92\xf4\x00\x00\xae\x91\x0cS\
\x1eN\x00\x00\x8d\xbc\x0cW\xcc\x8e\x00\x00.N\x0c[\
\xf7.\x00\x00\xc7\x16\x0c\x5c\xa0~\x00\x00/\xb4\x0ca\
<\x0d\x00\x00'P\x0ceA4\x00\x003\x9b\x0ce\
A4\x00\x00\x8e\xd9\x0ck\x1b\xcc\x00\x00\xdcY\x0cv\
\x9fB\x00\x00-\xcc\x0cv\x9fB\x00\x00\x88\xc4\x0c\x81\
J\xf3\x00\x00z\xf1\x0c\x8f\xcat\x00\x003n\x0c\x94\
\x01\xdc\x00\x00\xb2\xa0\x0c\x94}\x1e\x00\x00\xcf0\x0c\xa6\
94\x00\x00.!\x0c\xa6rw\x00\x00'\xb3\x0c\xad\
(\xfe\x00\x00\x858\x0c\xb0\xf3\x9e\x00\x00\xda\x08\x0c\xb8\
o\xe0\x00\x00\xb9x\x0c\xbb\x01s\x00\x00\x0b\xd4\x0c\xbb\
\x01s\x00\x00\xa5\x8a\x0c\xbf;5\x00\x00\xabt\x0c\xc5\
\xb0n\x00\x00\x8a\xc9\x0c\xd6i\x9e\x00\x00I\x0b\x0d\x05\
o>\x00\x00\xc7\xec\x0d\x06\xe7\xd3\x00\x00+\x83\x0d\x06\
\xe7\xd3\x00\x00\x84\xd2\x0d 1\xc5\x00\x00\x82\xc5\x0d \
\xbcS\x00\x00r2\x0d'\xdd\xf4\x00\x00\x99S\x0d)\
\x14\xa3\x00\x00\x8cA\x0d<\xe3\x0c\x00\x00\x06\x88\x0d=\
&\xed\x00\x00\x073\x0d>\x1f\xf4\x00\x00-\x99\x0d?\
\x22\xd5\x00\x00m\xc6\x0d`Z\xa3\x00\x00I@\x0db\
\xac\x0e\x00\x00\x9c\xd7\x0dk\xc9\x0e\x00\x00\xbbr\x0dp\
6\x8e\x00\x00\xcdz\x0dq\x8d\xfc\x00\x00\xd6H\x0dz\
\xa2\x94\x00\x00'\xde\x0dz\xa2\x94\x00\x00\x83y\x0d\x80\
\xb0\x17\x00\x00\x8d\x94\x0d\xac\x88\x14\x00\x00s\xbb\x0d\xbf\
\xb4>\x00\x00&^\x0d\xc4\xe9\xd3\x00\x00\x9f\xd1\x0d\xcb\
tE\x00\x00\x00e\x0d\xce[\xec\x00\x00\xd9\xa3\x0d\xd1\
R\x04\x00\x00\x19\xe0\x0d\xd1R\x04\x00\x00\xa2\x93\x0d\xd1\
\xeb\xcb\x00\x00r\xae\x0d\xdfv.\x00\x00\x07\xf2\x0d\xe6\
\xb7\x14\x00\x00K\x99\x0d\xf1\x10\xe2\x00\x00\x19T\x0d\xfe\
1\x0e\x00\x00\x9a\x0c\x0e\x19[\xfe\x00\x00\xaa\xe1\x0e#\
m\x91\x00\x006\xd9\x0e$\xd7\x84\x00\x006\x91\x0e$\
\xd7\x84\x00\x00\xb4\x97\x0e7\x01\x93\x00\x00\xb0o\x0e>\
\xe7\xbe\x00\x00,$\x0e>\xe7\xbe\x00\x00\x85}\x0eA\
\x8c\xbe\x00\x00\xbd\xa8\x0eQ\xf0\xf4\x00\x00D(\x0eR\
\x8eI\x00\x003\xd1\x0eR\xfbi\x00\x00\xa0\x7f\x0ep\
j^\x00\x00+\xb6\x0eys\xc2\x00\x00\x09x\x0e\x83\
\xf2\xce\x00\x00\x99\x10\x0e\x88\x81\xee\x00\x00RP\x0e\x8c\
\x8a\xc7\x00\x00\x14\xd7\x0e\x8c\x8a\xc7\x00\x00\x98_\x0e\x9a\
\xccN\x00\x00\xbf2\x0e\x9c\x8f\x0e\x00\x000\xf3\x0e\xb7\
\xf2\x95\x00\x00Q\x18\x0e\xb9\xfd\xf8\x00\x00\x116\x0e\xb9\
\xfd\xf8\x00\x00L\xca\x0e\xbd\x86U\x00\x00yd\x0e\xc4\
\x09N\x00\x00\xd2\xc6\x0e\xc6\x06\x1e\x00\x00\xc2\xec\x0e\xcd\
A\xb5\x00\x00\xdf^\x0e\xce\xe2\xb7\x00\x00j{\x0e\xde\
|t\x00\x00\x86\x1d\x0e\xe9 ~\x00\x00\xc5\x96\x0e\xfd\
\xec\xe4\x00\x00$\xe5\x0f\x00{\xee\x00\x00N.\x0f\x0a\
\xb6\xd9\x00\x00\x81\xb3\x0f\x12d<\x00\x00\xd2d\x0f\x19\
\xd4\xb8\x00\x00\x1d\xe1\x0f\x19\xd4\xb8\x00\x00\xb8G\x0f:\
~\xae\x00\x00*\xad\x0f:~\xae\x00\x00\x84!\x0fC\
\xef\xd2\x00\x00\x10r\x0fC\xef\xd2\x00\x00J8\x0fU\
\xc1W\x00\x00\x96\xa4\x0fVz~\x00\x00\x17\xa3\x0fX\
\x82\x05\x00\x00\x09\xff\x0fd\xc3\x8c\x00\x00\xcc:\x0fh\
N\x02\x00\x00\x12\x84\x0fhN\x02\x00\x00T\xa0\x0fp\
\xea\x95\x00\x00z\x8a\x0f\x85?y\x00\x00\x0b\x1a\x0f\x86\
\x81\x08\x00\x00u3\x0f\x93[\x1d\x00\x004{\x0f\x95\
k\xf7\x00\x00S\xc0\x0f\xa2Cu\x00\x00\xac\x0f\x0f\xb3\
X\x03\x00\x00;0\x0f\xc1Y~\x00\x00J\x05\x0f\xc2\
.\xf5\x00\x00\x89C\x0f\xc3\xbc\x80\x00\x00t&\x0f\xd1\
t\x22\x00\x00\xa6y\x0f\xdd\xe8\x9e\x00\x00\x15\x0a\x0f\xef\
\x85\x0e\x00\x00\x1f\x96\x0f\xf4\xe2t\x00\x00l:\x0f\xf8\
\x83\xfc\x00\x00\xc9\xc4\x0f\xfd\x89\x14\x00\x00l\xc7i\x00\
\x00\xdf\xf3\x03\x00\x00\x00\x04QsN\x8e\x08\x00\x00\x00\
\x00\x06\x00\x00\x00\x05About\x07\x00\x00\x00\x0b\
AboutWindow\x01\x03\x00\x00\x00\
\x0e\x7f\x16\x8b\xd1e\xf6\x95\xf4\xff\x1a\x00%\x001\x08\
\x00\x00\x00\x00\x06\x00\x00\x00\x0eBuild t\
ime: %1\x07\x00\x00\x00\x0bAbou\
tWindow\x01\x03\x00\x00\x00\x10\x7f\x16\x8b\
\xd1e\xf6\x95\xf4\xff\x1aN\x0dS\xefu(\x08\x00\x00\
\x00\x00\x06\x00\x00\x00\x17Build tim\
e: unavailable\x07\x00\
\x00\x00\x0bAboutWindow\x01\x03\
\x00\x00\x00\x04xn[\x9a\x08\x00\x00\x00\x00\x06\x00\x00\
\x00\x02OK\x07\x00\x00\x00\x0bAboutWi\
ndow\x01\x03\x00\x00\x00\x1c\x9e\xd8\x8b\xa4y\x81\
u(f\xf4e\xb0h\xc0g\xe5T\x8cY\x16\x90\xe8\
\x94\xfec\xa50\x02\x08\x00\x00\x00\x00\x06\x00\x00\x009\
Update checks an\
d external links\
 are disabled by\
 default.\x07\x00\x00\x00\x0bAb\
outWindow\x01\x03\x00\x00\x00\x0ar\
Hg,\xff\x1a\x00%\x001\x08\x00\x00\x00\x00\x06\x00\
\x00\x00\x0bVersion: %1\x07\x00\
\x00\x00\x0bAboutWindow\x01\x03\
\x00\x00\x00\xd4\x001\x00.\x00 O\xeeY\x0dmK\
\x8b\xd5b\xa5TJ[\xfcQ\xfae\xe0T\xcd^\x94\
0\x02\x00\x0a\x002\x00.\x00 O\xeeY\x0dmK\
\x8b\xd5b\xa5TJe\xe0f\x0e~\xc60\x02\x00\x0a\
\x003\x00.\x00 O\xeeY\x0d\x00 \x00r\x00e\
\x00b\x00o\x00o\x00t\x00 N\x0e\x00 \x00s\
\x00u\x00s\x00p\x00e\x00n\x00d\x00 Y\x1a\
k!\x8f\xd0\x88Le\xf6b\xa5\x95\x190\x02\x00\x0a\
\x004\x00.\x00 O\xeeY\x0dg,W0d\xad\
e>u(O\x8bf\xf4cb\x00 \x00U\x00 \
v\xd8T\x0eb\xa5\x95\x190\x02\x00\x0a\x005\x00.\
\x00 O\xeeY\x0d\x00 \x00C\x00P\x00U\x00 \
\x98\x91s\x87Q\x99QeY1\x8d%N\xcdc\xd0\
y:b\x10R\x9f0\x02\x08\x00\x00\x00\x00\x06\x00\x00\
\x00\x1fabout.release.\
v1_1_0.fixes.bod\
y\x07\x00\x00\x00\x0bAboutWindo\
w\x01\x03\x00\x00\x00\x12\x00v\x001\x00.\x001\x00\
.\x000\x00 O\xeeY\x0d\x08\x00\x00\x00\x00\x06\x00\
\x00\x00 about.release\
.v1_1_0.fixes.ti\
tle\x07\x00\x00\x00\x0bAboutWin\
dow\x01\x03\x00\x00\x00\xa8\x001\x00.\x00 \x00\
W\x00i\x00-\x00F\x00i\x00/\x00B\x00l\x00\
u\x00e\x00t\x00o\x00o\x00t\x00h\x00 \x00\
o\x00n\x00-\x00o\x00f\x00f\x00 u(O\
\x8be\xb0X\x9e\x95\xf4\x96\x94\x8b\xbe\x7fn0\x02\x00\
\x0a\x002\x00.\x00 e\xb0X\x9ee\xe5_\xd7c\
\x09\x00 \x00d\x00o\x00m\x00a\x00i\x00n\x00\
 T\x8c\x00 \x00l\x00e\x00v\x00e\x00l\x00\
 \x91M\x82rg:R60\x02\x00\x0a\x003\x00\
.\x00 mK\x8b\xd5b\xa5TJe9N:\x00\
 \x00H\x00T\x00M\x00L\x00 h<_\x0f0\
\x02\x08\x00\x00\x00\x00\x06\x00\x00\x00\x1dabout\
.release.v1_1_0.\
new.body\x07\x00\x00\x00\x0bAbo\
utWindow\x01\x03\x00\x00\x00\x12\x00v\
\x001\x00.\x001\x00.\x000\x00 e\xb0X\x9e\
\x08\x00\x00\x00\x00\x06\x00\x00\x00\x1eabout.\
release.v1_1_0.n\
ew.title\x07\x00\x00\x00\x0bAbo\
utWindow\x01\x03\x00\x00\x00\x04\x90\x00\
Q\xfa\x08\x00\x00\x00\x00\x06\x00\x00\x00\x04Quit\
\x07\x00\x00\x00\x03App\x01\x03\x00\x00\x00\x14\x8d&\
S\xf7b\x16[\xc6x\x01N\x0d\x80\xfdN:zz\
0\x02\x08\x00\x00\x00\x00\x06\x00\x00\x00$Acco\
unt or password \
cannot be empty.\
\x07\x00\x00\x00\x0aAuthBridge\x01\
\x03\x00\x00\x00&\x00L\x00D\x00A\x00P\x00 v\
{_UY1\x8d%0\x02\x8b\xf7h\xc0g\xe5\x8d\
&S\xf7b\x16[\xc6x\x010\x02\x08\x00\x00\x00\x00\
\x06\x00\x00\x00;LDAP sign-i\
n failed. Please\
 check your acco\
unt or password.\
\x07\x00\x00\x00\x0aAuthBridge\x01\
\x03\x00\x00\x00$\x00L\x00D\x00A\x00P\x00 v\
{_UY1\x8d%0\x02\x00{\x00d\x00e\x00\
t\x00a\x00i\x00l\x00}\x08\x00\x00\x00\x00\x06\x00\
\x00\x00\x1dLDAP sign-in \
failed. {detail}\
\x07\x00\x00\x00\x0aAuthBridge\x01\
\x03\x00\x00\x00&v{_Ub\x10R\x9f\xff\x0ck\
\x22\x8f\xceO`\xff\x0c\x00{\x00u\x00s\x00e\x00\
r\x00n\x00a\x00m\x00e\x00}\x08\x00\x00\x00\x00\
\x06\x00\x00\x00'Sign-in suc\
cessful. Welcome\
, {username}\x07\x00\x00\x00\
\x0aAuthBridge\x01\x03\x00\x00\x00\
,_SRM\x00 \x00P\x00y\x00t\x00h\x00\
o\x00n\x00 s\xafX\x83g*[\x89\x88\xc5\x00\
 \x00l\x00d\x00a\x00p\x0030\x02\x08\x00\x00\
\x00\x00\x06\x00\x00\x009ldap3 is \
not installed in\
 the current Pyt\
hon environment.\
\x07\x00\x00\x00\x0aAuthBridge\x01\
\x03\x00\x00\x00\x04n\x90x\x01\x08\x00\x00\x00\x00\x06\x00\
\x00\x00\x06Source\x07\x00\x00\x00\x0cCo\
deExpander\x01\x03\x00\x00\x00\x08\
Y\x0dR6b\x10R\x9f\x08\x00\x00\x00\x00\x06\x00\x00\
\x00\x16The Copy is Su\
ccessful\x07\x00\x00\x00\x0cCod\
eExpander\x01\x03\x00\x00\x00\x08S\
\xcb`\xc5c\xd0y:\x08\x00\x00\x00\x00\x06\x00\x00\x00\
\x11Friendly Remind\
er\x07\x00\x00\x00\x0bCrashWind\
ow\x01\x03\x00\x00\x00\x08N\x0ab\xa5e\xe5_\xd7\
\x08\x00\x00\x00\x00\x06\x00\x00\x00\x0bReport\
 Logs\x07\x00\x00\x00\x0bCrashW\
indow\x01\x03\x00\x00\x00\x08\x91\xcdT/z\
\x0b^\x8f\x08\x00\x00\x00\x00\x06\x00\x00\x00\x0fRes\
tart Program\x07\x00\x00\x00\
\x0bCrashWindow\x01\x03\x00\x00\
\x00([\xf9N\x8ea\x0fY\x16\x95\x19\x8b\xef~\xd9\
`\xa8^&gev\x84N\x0dO\xbf\xff\x0cb\x11\
N\xecm\xf1\x88hkIa\x0f\x08\x00\x00\x00\x00\x06\
\x00\x00\x00@We apologize\
 for the inconve\
nience caused by\
 an unexpected e\
rror\x07\x00\x00\x00\x0bCrashWi\
ndow\x01\x03\x00\x00\x00\x1a\x00K\x00P\x00I\
\x00 \x89\xc6\x98\x91R\x06g\x90kcW(\x8f\xd0\
\x88L0\x02\x08\x00\x00\x00\x00\x06\x00\x00\x00%KP\
I video loading \
is already runni\
ng.\x07\x00\x00\x00\x0bDebugBri\
dge\x01\x03\x00\x00\x00\x12\x8b\xf7QH\x90\x09b\
\xe9\x89\xc6\x98\x91e\x87N\xf60\x02\x08\x00\x00\x00\x00\
\x06\x00\x00\x00\x1aSelect a vi\
deo file first.\x07\
\x00\x00\x00\x0bDebugBridge\x01\
\x03\x00\x00\x00\x04mO\x89\xc8\x08\x00\x00\x00\x00\x06\x00\
\x00\x00\x06Browse\x07\x00\x00\x00\x16Fl\
uentInitializrWi\
ndow\x01\x03\x00\x00\x00\x04S\xd6m\x88\x08\x00\
\x00\x00\x00\x06\x00\x00\x00\x06Cancel\x07\x00\
\x00\x00\x16FluentInitial\
izrWindow\x01\x03\x00\x00\x00\x04R\
\x1b^\xfa\x08\x00\x00\x00\x00\x06\x00\x00\x00\x06Cre\
ate\x07\x00\x00\x00\x16FluentIn\
itializrWindow\x01\x03\
\x00\x00\x00\x08R\x1b^\xfa\x8d\xef_\x84\x08\x00\x00\x00\
\x00\x06\x00\x00\x00\x09Create In\x07\
\x00\x00\x00\x16FluentInitia\
lizrWindow\x01\x03\x00\x00\x00\x16\
\x00F\x00l\x00u\x00e\x00n\x00t\x00U\x00I\
\x81\x1abKg\xb6\x08\x00\x00\x00\x00\x06\x00\x00\x00\x13\
FluentUI Initial\
izr\x07\x00\x00\x00\x16FluentIn\
itializrWindow\x01\x03\
\x00\x00\x00\x04T\x0dy\xf0\x08\x00\x00\x00\x00\x06\x00\x00\
\x00\x04Name\x07\x00\x00\x00\x16Fluen\
tInitializrWindo\
w\x01\x03\x00\x00\x00\x0eb\xd6Qe\x00q\x00m\x00\
le\x87N\xf6\x08\x00\x00\x00\x00\x06\x00\x00\x00\x12D\
rag in a qml fil\
e\x07\x00\x00\x00\x0dHotloadWin\
dow\x01\x03\x00\x00\x00\x06p\xedR\xa0\x8f}\x08\
\x00\x00\x00\x00\x06\x00\x00\x00\x0aHot Loa\
der\x07\x00\x00\x00\x0dHotloadW\
indow\x01\x03\x00\x00\x00\x14\x00%\x001\x00\
 e\x87N\xf6Y9]\xf2~\xcf[XW(\x08\
\x00\x00\x00\x00\x06\x00\x00\x00\x18%1 fold\
er already exist\
s\x07\x00\x00\x00\x10Initializr\
Helper\x01\x03\x00\x00\x00\x10R\x1b^\xfa\
\x8d\xef_\x84N\x0d\x80\xfdN:zz\x08\x00\x00\x00\
\x00\x06\x00\x00\x00!The creati\
on path cannot b\
e empty\x07\x00\x00\x00\x10Init\
ializrHelper\x01\x03\x00\x00\
\x00\x0cT\x0dy\xf0N\x0d\x80\xfdN:zz\x08\x00\
\x00\x00\x00\x06\x00\x00\x00\x18The name\
 cannot be empty\
\x07\x00\x00\x00\x10InitializrH\
elper\x01\x03\x00\x00\x00\x0a\x8d\xef_\x84N\
\x0d[XW(\x08\x00\x00\x00\x00\x06\x00\x00\x00\x17T\
he path does not\
 exist\x07\x00\x00\x00\x10Initi\
alizrHelper\x01\x03\x00\x00\x00\
\x04\x8d&S\xf7\x08\x00\x00\x00\x00\x06\x00\x00\x00\x07A\
ccount\x07\x00\x00\x00\x0bItems\
Footer\x01\x03\x00\x00\x00\x04\x8b\xbe\x7fn\
\x08\x00\x00\x00\x00\x06\x00\x00\x00\x08Settin\
gs\x07\x00\x00\x00\x0bItemsFoot\
er\x01\x03\x00\x00\x00\x1au(b7S\xefN\xe5\
\x90\x09b\xe9b\x16n\x05\x96dv\x84c\xa7N\xf6\
0\x02\x08\x00\x00\x00\x00\x06\x00\x00\x00*A co\
ntrol that a use\
r can select or \
clear.\x07\x00\x00\x00\x0dItems\
Original\x01\x03\x00\x00\x002N\x00\
N*c\xa7N\xf6\xff\x0cu(N\x8ef>y:\
S\xefu(N\x8ef>y:Y\x1aN*e\x87\
hcv\x84\x90\x09\x98ySa\x96\xc6T\x080\x02\
\x08\x00\x00\x00\x00\x06\x00\x00\x00ZA cont\
rol that display\
s a collection o\
f tabs thatcan b\
e used to displa\
y several docume\
nts.\x07\x00\x00\x00\x0dItemsOr\
iginal\x01\x03\x00\x00\x00HN\x00N*\
c\xa7N\xf6\xff\x0cQA\x8b\xb8u(b7\x90\x1a\
\x8f\xc7l\xbf\x8fh\x90Sy\xfbR\xa8\x00 \x00T\
\x00h\x00u\x00m\x00b\x00 c\xa7N\xf6N\xce\
N\x00|\xfbR\x17P<N-\x8f\xdb\x88L\x90\x09\
b\xe90\x02\x08\x00\x00\x00\x00\x06\x00\x00\x00aA \
control that let\
s the user selec\
t from a rangeof\
 values by movin\
g a Thumb contro\
l along atrack.\x07\
\x00\x00\x00\x0dItemsOrigina\
l\x01\x03\x00\x00\x00,T\xcd^\x94u(b7\x8f\
\x93Qe^v_\x15S\xd1\x00 \x00C\x00l\x00\
i\x00c\x00k\x00 N\x8bN\xf6v\x84c\xa7N\
\xf60\x02\x08\x00\x00\x00\x00\x06\x00\x00\x00>A c\
ontrol that resp\
onds to user inp\
ut and raisesa C\
lick event.\x07\x00\x00\x00\x0d\
ItemsOriginal\x01\x03\x00\
\x00\x00\x04\x00A\x00I\x08\x00\x00\x00\x00\x06\x00\x00\x00\
\x02AI\x07\x00\x00\x00\x0dItemsOri\
ginal\x01\x03\x00\x00\x00\x06N\x9aQKR\
\x9b\x08\x00\x00\x00\x00\x06\x00\x00\x00\x07Acryl\
ic\x07\x00\x00\x00\x0dItemsOrig\
inal\x01\x03\x00\x00\x00(u(N\x8ef>\
y:^\x94u(\x83\x03V\xf4r\xb6`\x01f\xf4\
e9O\xe1`ov\x84Q\x85\x80Tm\x88`o\
0\x02\x08\x00\x00\x00\x00\x06\x00\x00\x00?An i\
nline message to\
 display app-wid\
e statuschange i\
nformation.\x07\x00\x00\x00\x0d\
ItemsOriginal\x01\x03\x00\
\x00\x00\x04_\xbdz\xe0\x08\x00\x00\x00\x00\x06\x00\x00\x00\
\x05Badge\x07\x00\x00\x00\x0dItems\
Original\x01\x03\x00\x00\x00\x06ga\
_bV\xfe\x08\x00\x00\x00\x00\x06\x00\x00\x00\x09Ba\
r Chart\x07\x00\x00\x00\x0dItem\
sOriginal\x01\x03\x00\x00\x00\x08W\
\xfag,\x8f\x93Qe\x08\x00\x00\x00\x00\x06\x00\x00\x00\
\x0bBasic Input\x07\x00\x00\x00\
\x0dItemsOriginal\x01\x03\
\x00\x00\x00\x06\x97bS\x05\x5cQ\x08\x00\x00\x00\x00\x06\
\x00\x00\x00\x0dBreadcrumbBa\
r\x07\x00\x00\x00\x0dItemsOrigi\
nal\x01\x03\x00\x00\x00\x06l\x14l\xe1V\xfe\x08\
\x00\x00\x00\x00\x06\x00\x00\x00\x0cBubble \
Chart\x07\x00\x00\x00\x0dItemsO\
riginal\x01\x03\x00\x00\x00\x04c\x09\x94\
\xae\x08\x00\x00\x00\x00\x06\x00\x00\x00\x07Butto\
ns\x07\x00\x00\x00\x0dItemsOrig\
inal\x01\x03\x00\x00\x00\x0ae\xe5S\x86\x90\x09\
b\xe9Vh\x08\x00\x00\x00\x00\x06\x00\x00\x00\x0eCa\
lendarPicker\x07\x00\x00\x00\
\x0dItemsOriginal\x01\x03\
\x00\x00\x00\x06\x9a\x8c\x8b\xc1x\x01\x08\x00\x00\x00\x00\x06\
\x00\x00\x00\x07Captcha\x07\x00\x00\x00\x0d\
ItemsOriginal\x01\x03\x00\
\x00\x00\x06\x8fnd\xadV\xfe\x08\x00\x00\x00\x00\x06\x00\
\x00\x00\x08Carousel\x07\x00\x00\x00\x0d\
ItemsOriginal\x01\x03\x00\
\x00\x00\x04V\xfe\x88h\x08\x00\x00\x00\x00\x06\x00\x00\x00\
\x05Chart\x07\x00\x00\x00\x0dItems\
Original\x01\x03\x00\x00\x00\x06Y\x0d\
\x90\x09hF\x08\x00\x00\x00\x00\x06\x00\x00\x00\x08Ch\
eckBox\x07\x00\x00\x00\x0dItems\
Original\x01\x03\x00\x00\x00\x04\x88\xc1\
Rj\x08\x00\x00\x00\x00\x06\x00\x00\x00\x04Clip\
\x07\x00\x00\x00\x0dItemsOrigin\
al\x01\x03\x00\x00\x00\x0a\x98\x9c\x82r\x90\x09b\xe9\
Vh\x08\x00\x00\x00\x00\x06\x00\x00\x00\x0bColo\
rPicker\x07\x00\x00\x00\x0dItem\
sOriginal\x01\x03\x00\x00\x00\x06~\
\xc4T\x08hF\x08\x00\x00\x00\x00\x06\x00\x00\x00\x08C\
omboBox\x07\x00\x00\x00\x0dItem\
sOriginal\x01\x03\x00\x00\x00\x0ae\
\xe5g\x1f\x90\x09b\xe9Vh\x08\x00\x00\x00\x00\x06\x00\
\x00\x00\x0aDatePicker\x07\x00\x00\
\x00\x0dItemsOriginal\x01\
\x03\x00\x00\x00\x04\x8c\x03\x8b\xd5\x08\x00\x00\x00\x00\x06\x00\
\x00\x00\x05Debug\x07\x00\x00\x00\x0dIte\
msOriginal\x01\x03\x00\x00\x00\x04\
_9z\x97\x08\x00\x00\x00\x00\x06\x00\x00\x00\x06Di\
alog\x07\x00\x00\x00\x0dItemsOr\
iginal\x01\x03\x00\x00\x00\x04\x5cU_\x00\
\x08\x00\x00\x00\x00\x06\x00\x00\x00\x08Expand\
er\x07\x00\x00\x00\x0dItemsOrig\
inal\x01\x03\x00\x00\x00\x08\x7f\xfb\x8fl\x89\xc6\
V\xfe\x08\x00\x00\x00\x00\x06\x00\x00\x00\x08Flip\
View\x07\x00\x00\x00\x0dItemsOr\
iginal\x01\x03\x00\x00\x00\x04\x88hSU\
\x08\x00\x00\x00\x00\x06\x00\x00\x00\x04Form\x07\x00\
\x00\x00\x0dItemsOriginal\
\x01\x03\x00\x00\x00\x08R\x06~\xc4[\xb9Vh\x08\x00\
\x00\x00\x00\x06\x00\x00\x00\x08GroupBox\
\x07\x00\x00\x00\x0dItemsOrigin\
al\x01\x03\x00\x00\x00\x04\x99\x96\x98u\x08\x00\x00\x00\
\x00\x06\x00\x00\x00\x04Home\x07\x00\x00\x00\x0dI\
temsOriginal\x01\x03\x00\x00\
\x00\x06p\xedR\xa0\x8f}\x08\x00\x00\x00\x00\x06\x00\x00\
\x00\x0aHot Loader\x07\x00\x00\x00\
\x0dItemsOriginal\x01\x03\
\x00\x00\x00\x04V\xfeh\x07\x08\x00\x00\x00\x00\x06\x00\x00\
\x00\x05Icons\x07\x00\x00\x00\x0dItem\
sOriginal\x01\x03\x00\x00\x00\x04V\
\xfeP\xcf\x08\x00\x00\x00\x00\x06\x00\x00\x00\x05Ima\
ge\x07\x00\x00\x00\x0dItemsOrig\
inal\x01\x03\x00\x00\x00\x06O\xe1`oh\x0f\
\x08\x00\x00\x00\x00\x06\x00\x00\x00\x07InfoBa\
r\x07\x00\x00\x00\x0dItemsOrigi\
nal\x01\x03\x00\x00\x00\x08\x00J\x00i\x00r\x00\
a\x08\x00\x00\x00\x00\x06\x00\x00\x00\x04Jira\x07\
\x00\x00\x00\x0dItemsOrigina\
l\x01\x03\x00\x00\x00\x04^\x03\x5c@\x08\x00\x00\x00\x00\
\x06\x00\x00\x00\x06Layout\x07\x00\x00\x00\x0d\
ItemsOriginal\x01\x03\x00\
\x00\x00\x06~\xbfW\x8bV\xfe\x08\x00\x00\x00\x00\x06\x00\
\x00\x00\x0aLine Chart\x07\x00\x00\
\x00\x0dItemsOriginal\x01\
\x03\x00\x00\x00\x04\x83\xdcSU\x08\x00\x00\x00\x00\x06\x00\
\x00\x00\x04Menu\x07\x00\x00\x00\x0dItem\
sOriginal\x01\x03\x00\x00\x00\x06Y\
\x1az\x97S\xe3\x08\x00\x00\x00\x00\x06\x00\x00\x00\x0bM\
ultiWindow\x07\x00\x00\x00\x0dI\
temsOriginal\x01\x03\x00\x00\
\x00\x04[\xfc\x82*\x08\x00\x00\x00\x00\x06\x00\x00\x00\x0a\
Navigation\x07\x00\x00\x00\x0dI\
temsOriginal\x01\x03\x00\x00\
\x00\x04QvN\xd6\x08\x00\x00\x00\x00\x06\x00\x00\x00\x05\
Other\x07\x00\x00\x00\x0dItemsO\
riginal\x01\x03\x00\x00\x00\x04R\x06\x98\
u\x08\x00\x00\x00\x00\x06\x00\x00\x00\x0aPagin\
ation\x07\x00\x00\x00\x0dItemsO\
riginal\x01\x03\x00\x00\x00\x18\x00P\x00\
a\x00n\x00e\x00I\x00t\x00e\x00m\x00 ]\
\xf2y\x81u(\x08\x00\x00\x00\x00\x06\x00\x00\x00\x11P\
aneItem Disabled\
\x07\x00\x00\x00\x0dItemsOrigin\
al\x01\x03\x00\x00\x00(\x00P\x00a\x00n\x00e\
\x00I\x00t\x00e\x00m\x00E\x00x\x00p\x00a\
\x00n\x00d\x00e\x00r\x00 ]\xf2y\x81u(\
\x08\x00\x00\x00\x00\x06\x00\x00\x00\x19PaneIt\
emExpander Disab\
led\x07\x00\x00\x00\x0dItemsOri\
ginal\x01\x03\x00\x00\x00\x04\x99|V\xfe\x08\
\x00\x00\x00\x00\x06\x00\x00\x00\x09Pie Cha\
rt\x07\x00\x00\x00\x0dItemsOrig\
inal\x01\x03\x00\x00\x00\x04\x8ft\x8fl\x08\x00\
\x00\x00\x00\x06\x00\x00\x00\x05Pivot\x07\x00\x00\
\x00\x0dItemsOriginal\x01\
\x03\x00\x00\x00\x0cg\x81WPh\x07S:W\xdfV\
\xfe\x08\x00\x00\x00\x00\x06\x00\x00\x00\x10Polar\
 Area Chart\x07\x00\x00\x00\x0d\
ItemsOriginal\x01\x03\x00\
\x00\x00\x04_9z\x97\x08\x00\x00\x00\x00\x06\x00\x00\x00\
\x05Popus\x07\x00\x00\x00\x0dItems\
Original\x01\x03\x00\x00\x00*f>\
y:u(b7S\xefN\xe5\x7f\xfb\x96\x05v\x84\
\x98y\x96\xc6T\x08\xff\x0cN\x00k!\x7f\xfb\x96\x05\
N\x00N*\x98y0\x02\x08\x00\x00\x00\x00\x06\x00\x00\
\x00QPresents a col\
lection of items\
 that the user c\
anflip through, \
one item at a ti\
me.\x07\x00\x00\x00\x0dItemsOri\
ginal\x01\x03\x00\x00\x00&W(\x90\x09\x98\
ySa_\x0f\x89\xc6V\xfeN-f>y:g\
e\x81\xeaN\x0dT\x0cn\x90v\x84O\xe1`o0\
\x02\x08\x00\x00\x00\x00\x06\x00\x00\x00=Prese\
nts information \
from different s\
ources in a tabb\
ed view.\x07\x00\x00\x00\x0dIte\
msOriginal\x01\x03\x00\x00\x00\x06\
\x8f\xdb^\xa6ga\x08\x00\x00\x00\x00\x06\x00\x00\x00\x08\
Progress\x07\x00\x00\x00\x0dIte\
msOriginal\x01\x03\x00\x00\x00\x06\
N\x8c~\xf4x\x01\x08\x00\x00\x00\x00\x06\x00\x00\x00\x06\
QRCode\x07\x00\x00\x00\x0dItems\
Original\x01\x03\x00\x00\x00\x06\x96\xf7\
\x8f\xbeV\xfe\x08\x00\x00\x00\x00\x06\x00\x00\x00\x0bRa\
dar Chart\x07\x00\x00\x00\x0dIt\
emsOriginal\x01\x03\x00\x00\x00\
\x08SU\x90\x09c\x09\x94\xae\x08\x00\x00\x00\x00\x06\x00\
\x00\x00\x0bRadioButton\x07\x00\
\x00\x00\x0dItemsOriginal\
\x01\x03\x00\x00\x00\x08\x8b\xc4~\xa7c\xa7R6\x08\x00\
\x00\x00\x00\x06\x00\x00\x00\x0dRatingCo\
ntrol\x07\x00\x00\x00\x0dItemsO\
riginal\x01\x03\x00\x00\x00\x04w\xe9_\
b\x08\x00\x00\x00\x00\x06\x00\x00\x00\x09Recta\
ngle\x07\x00\x00\x00\x0dItemsOr\
iginal\x01\x03\x00\x00\x00\x08\x8f\xdcz\x0b\
R\xa0\x8f}\x08\x00\x00\x00\x00\x06\x00\x00\x00\x0dRe\
mote Loader\x07\x00\x00\x00\x0d\
ItemsOriginal\x01\x03\x00\
\x00\x00\x04b\xa5TJ\x08\x00\x00\x00\x00\x06\x00\x00\x00\
\x06Report\x07\x00\x00\x00\x0dItem\
sOriginal\x01\x03\x00\x00\x00\x04\x8f\
\xd0\x88L\x08\x00\x00\x00\x00\x06\x00\x00\x00\x03Run\
\x07\x00\x00\x00\x0dItemsOrigin\
al\x01\x03\x00\x00\x00\x06ecp\xb9V\xfe\x08\x00\
\x00\x00\x00\x06\x00\x00\x00\x0dScatter \
Chart\x07\x00\x00\x00\x0dItemsO\
riginal\x01\x03\x00\x00\x00\x04b\xbd\x5c\
I\x08\x00\x00\x00\x00\x06\x00\x00\x00\x05Sheet\
\x07\x00\x00\x00\x0dItemsOrigin\
al\x01\x03\x00\x00\x00\x0c_\xebcw\x95.\x90\x09\
b\xe9Vh\x08\x00\x00\x00\x00\x06\x00\x00\x00\x0eSh\
ortcutPicker\x07\x00\x00\x00\
\x0dItemsOriginal\x01\x03\
\x00\x00\x00\x04n\xd1WW\x08\x00\x00\x00\x00\x06\x00\x00\
\x00\x06Slider\x07\x00\x00\x00\x0dIte\
msOriginal\x01\x03\x00\x00\x00\x08\
b\xc6R\x06^\x03\x5c@\x08\x00\x00\x00\x00\x06\x00\x00\
\x00\x0bSplitLayout\x07\x00\x00\
\x00\x0dItemsOriginal\x01\
\x03\x00\x00\x00\x0ap\x11^\x03mA^\x03\x5c@\x08\
\x00\x00\x00\x00\x06\x00\x00\x00\x0fStagger\
edLayout\x07\x00\x00\x00\x0dIte\
msOriginal\x01\x03\x00\x00\x00\x08\
r\xb6`\x01^\x03\x5c@\x08\x00\x00\x00\x00\x06\x00\x00\
\x00\x0cStatusLayout\x07\x00\
\x00\x00\x0dItemsOriginal\
\x01\x03\x00\x00\x00\x04\x88h\x97b\x08\x00\x00\x00\x00\x06\
\x00\x00\x00\x07Surface\x07\x00\x00\x00\x0d\
ItemsOriginal\x01\x03\x00\
\x00\x00\x06\x90\x09\x98ySa\x08\x00\x00\x00\x00\x06\x00\
\x00\x00\x07TabView\x07\x00\x00\x00\x0dI\
temsOriginal\x01\x03\x00\x00\
\x00\x04\x88hh<\x08\x00\x00\x00\x00\x06\x00\x00\x00\x09\
TableView\x07\x00\x00\x00\x0dIt\
emsOriginal\x01\x03\x00\x00\x00\
\x04mK\x8b\xd5\x08\x00\x00\x00\x00\x06\x00\x00\x00\x04T\
est\x07\x00\x00\x00\x0dItemsOri\
ginal\x01\x03\x00\x00\x00\x04e\x87g,\x08\
\x00\x00\x00\x00\x06\x00\x00\x00\x04Text\x07\x00\x00\
\x00\x0dItemsOriginal\x01\
\x03\x00\x00\x00\x06e\x87g,hF\x08\x00\x00\x00\x00\
\x06\x00\x00\x00\x07TextBox\x07\x00\x00\x00\
\x0dItemsOriginal\x01\x03\
\x00\x00\x00D\x00T\x00a\x00b\x00l\x00e\x00V\
\x00i\x00e\x00w\x00 c\xa7N\xf6c\xd0O\x9b\
N\x86N\x00y\xcdN\xe5\x88LT\x8cR\x17_b\
_\x0ff>y:epcn\x96\xc6T\x08v\x84\
pum;e\xb9l\xd5\x08\x00\x00\x00\x00\x06\x00\x00\
\x00aThe TableView \
control provides\
 a flexible way \
to display a col\
lection of data \
in rows and colu\
mns\x07\x00\x00\x00\x0dItemsOri\
ginal\x01\x03\x00\x00\x00\x04N;\x98\x98\x08\
\x00\x00\x00\x00\x06\x00\x00\x00\x05Theme\x07\x00\
\x00\x00\x0dItemsOriginal\
\x01\x03\x00\x00\x00\x04N;\x98\x98\x08\x00\x00\x00\x00\x06\
\x00\x00\x00\x07Theming\x07\x00\x00\x00\x0d\
ItemsOriginal\x01\x03\x00\
\x00\x00\x0ae\xf6\x95\xf4\x90\x09b\xe9Vh\x08\x00\x00\
\x00\x00\x06\x00\x00\x00\x0aTimePicke\
r\x07\x00\x00\x00\x0dItemsOrigi\
nal\x01\x03\x00\x00\x00\x06e\xf6\x95\xf4\x8ft\x08\
\x00\x00\x00\x00\x06\x00\x00\x00\x08Timelin\
e\x07\x00\x00\x00\x0dItemsOrigi\
nal\x01\x03\x00\x00\x00\x08R\x07cb_\x00Q\
s\x08\x00\x00\x00\x00\x06\x00\x00\x00\x0cToggl\
eSwitch\x07\x00\x00\x00\x0dItem\
sOriginal\x01\x03\x00\x00\x00\x08]\
\xe5Qwc\xd0y:\x08\x00\x00\x00\x00\x06\x00\x00\x00\
\x07Tooltip\x07\x00\x00\x00\x0dIte\
msOriginal\x01\x03\x00\x00\x00\x04\
n8\x89\xc8\x08\x00\x00\x00\x00\x06\x00\x00\x00\x04To\
ur\x07\x00\x00\x00\x0dItemsOrig\
inal\x01\x03\x00\x00\x00\x02h\x11\x08\x00\x00\x00\
\x00\x06\x00\x00\x00\x08TreeView\x07\x00\
\x00\x00\x0dItemsOriginal\
\x01\x03\x00\x00\x00\x04[WOS\x08\x00\x00\x00\x00\x06\
\x00\x00\x00\x0aTypography\x07\x00\
\x00\x00\x0dItemsOriginal\
\x01\x03\x00\x00\x00\x04l4Sp\x08\x00\x00\x00\x00\x06\
\x00\x00\x00\x09Watermark\x07\x00\x00\
\x00\x0dItemsOriginal\x01\
\x03\x00\x00\x00\x0eb@g\x09e/c\x01v\x84\x98\
yv\xee\x08\x00\x00\x00\x00\x06\x00\x00\x00\x16All\
 Supported Proje\
cts\x07\x00\x00\x00\x0aJiraBrid\
ge\x01\x03\x00\x00\x00\x1ekcW(R\x06g\x90\
\x00 \x00J\x00i\x00r\x00a\x00 \x8b\xf7lB\
\x00.\x00.\x00.\x08\x00\x00\x00\x00\x06\x00\x00\x00\x19\
Analyzing Jira r\
equest...\x07\x00\x00\x00\x0aJi\
raBridge\x01\x03\x00\x00\x00\x1ckc\
W(R\x06g\x90\x8b\xf7lB\xff\x1au\x1fb\x10\
V\xdeY\x0d\x00.\x00.\x00.\x08\x00\x00\x00\x00\x06\
\x00\x00\x00)Analyzing re\
quest: generatin\
g response...\x07\x00\x00\
\x00\x0aJiraBridge\x01\x03\x00\x00\
\x00 kcW(R\x06g\x90\x8b\xf7lB\xff\x1a\
Q\xc6Y\x07d\x1c}\x22\x83\x03V\xf4\x00.\x00.\
\x00.\x08\x00\x00\x00\x00\x06\x00\x00\x00,Anal\
yzing request: p\
reparing search \
scope...\x07\x00\x00\x00\x0aJir\
aBridge\x01\x03\x00\x00\x00(kcW\
(R\x06g\x90\x8b\xf7lB\xff\x1a\x83\xb7S\xd6\x00\
 \x00J\x00i\x00r\x00a\x00 \x95\xee\x98\x98\x00\
.\x00.\x00.\x08\x00\x00\x00\x00\x06\x00\x00\x00,A\
nalyzing request\
: retrieving Jir\
a issues...\x07\x00\x00\x00\x0a\
JiraBridge\x01\x03\x00\x00\x00\x06\
~\xcfR\x9eN\xba\x08\x00\x00\x00\x00\x06\x00\x00\x00\x08\
Assignee\x07\x00\x00\x00\x0aJir\
aBridge\x01\x03\x00\x00\x00\x04\x96;X\
^\x08\x00\x00\x00\x00\x06\x00\x00\x00\x07Block\
ed\x07\x00\x00\x00\x0aJiraBridg\
e\x01\x03\x00\x00\x00\x16_SRMf>y:\x83\
\x03V\xf4Q\x85v\x84\x96;X^\x98y\x08\x00\x00\
\x00\x00\x06\x00\x00\x00+Blocked i\
tems from the di\
splayed Jira sco\
pe\x07\x00\x00\x00\x0aJiraBridg\
e\x01\x03\x00\x00\x00\x04\x7f:\x96w\x08\x00\x00\x00\x00\
\x06\x00\x00\x00\x03Bug\x07\x00\x00\x00\x0aJir\
aBridge\x01\x03\x00\x00\x000p\xb9Q\
\xfbT\x0eO\x1ab\x8a\x8f\xd9ga\x8f\xc7n\xe4V\
h^\x94u(R0_SRM\x00 \x00J\x00\
Q\x00L\x00 \x8f\x93QehF0\x02\x08\x00\x00\
\x00\x00\x06\x00\x00\x002Click to \
apply this filte\
r to the current\
 JQL box.\x07\x00\x00\x00\x0aJi\
raBridge\x01\x03\x00\x00\x00\x06]\xf2\
Qs\x95\xed\x08\x00\x00\x00\x00\x06\x00\x00\x00\x06Cl\
osed\x07\x00\x00\x00\x0aJiraBri\
dge\x01\x03\x00\x00\x00\x0a]\xf2Qs\x95\xed\x7f\
:\x96w\x08\x00\x00\x00\x00\x06\x00\x00\x00\x0bClo\
sed Bugs\x07\x00\x00\x00\x0aJir\
aBridge\x01\x03\x00\x00\x00\x04\x8b\xc4\x8b\
\xba\x08\x00\x00\x00\x00\x06\x00\x00\x00\x08Comme\
nts\x07\x00\x00\x00\x0aJiraBrid\
ge\x01\x03\x00\x00\x00P]\xf2\x8f\xdec\xa5R0\
\x00 \x00{\x00b\x00a\x00s\x00e\x00_\x00u\
\x00r\x00l\x00}\x00 \x00|\x00 ]\xf2R\x06\
g\x90\x00 \x00{\x00r\x00e\x00t\x00u\x00r\
\x00n\x00e\x00d\x00}\x00/\x00{\x00t\x00o\
\x00t\x00a\x00l\x00}\x08\x00\x00\x00\x00\x06\x00\x00\
\x008Connected to {\
base_url} | anal\
yzed {returned} \
of {total}\x07\x00\x00\x00\x0aJ\
iraBridge\x01\x03\x00\x00\x00L]\
\xf2\x8f\xdec\xa5R0\x00 \x00{\x00b\x00a\x00\
s\x00e\x00_\x00u\x00r\x00l\x00}\x00 \x00\
|\x00 ]\xf2R\xa0\x8f}\x00 \x00{\x00l\x00\
o\x00a\x00d\x00e\x00d\x00}\x00/\x00{\x00\
t\x00o\x00t\x00a\x00l\x00}\x08\x00\x00\x00\x00\
\x06\x00\x00\x004Connected t\
o {base_url} | l\
oaded {loaded} o\
f {total}\x07\x00\x00\x00\x0aJi\
raBridge\x01\x03\x00\x00\x00\x04N%\
\x91\xcd\x08\x00\x00\x00\x00\x06\x00\x00\x00\x08Crit\
ical\x07\x00\x00\x00\x0aJiraBri\
dge\x01\x03\x00\x00\x00\x08_SRMu(b\
7\x08\x00\x00\x00\x00\x06\x00\x00\x00\x0cCurre\
nt user\x07\x00\x00\x00\x0aJira\
Bridge\x01\x03\x00\x00\x00\x04\x95\x19\x8b\xef\
\x08\x00\x00\x00\x00\x06\x00\x00\x00\x05Error\x07\
\x00\x00\x00\x0aJiraBridge\x01\x03\
\x00\x00\x00\x02\x9a\xd8\x08\x00\x00\x00\x00\x06\x00\x00\x00\x04\
High\x07\x00\x00\x00\x0aJiraBri\
dge\x01\x03\x00\x00\x00\x08\x9a\xd8O\x18QH~\
\xa7\x08\x00\x00\x00\x00\x06\x00\x00\x00\x0dHigh \
Priority\x07\x00\x00\x00\x0aJir\
aBridge\x01\x03\x00\x00\x00\x04g\x00\x9a\
\xd8\x08\x00\x00\x00\x00\x06\x00\x00\x00\x07Highe\
st\x07\x00\x00\x00\x0aJiraBridg\
e\x01\x03\x00\x00\x00D_SRM~\xd3g\x9c\x96\
\xc6N-O\x18QH~\xa7N:\x00 \x00H\x00\
i\x00g\x00h\x00e\x00s\x00t0\x01\x00C\x00\
r\x00i\x00t\x00i\x00c\x00a\x00l\x00 b\
\x16\x00 \x00H\x00i\x00g\x00h\x08\x00\x00\x00\x00\
\x06\x00\x00\x004Highest, cr\
itical, or high \
in the current r\
esult set\x07\x00\x00\x00\x0aJi\
raBridge\x01\x03\x00\x00\x00\x04e9\
\x8f\xdb\x08\x00\x00\x00\x00\x06\x00\x00\x00\x0bImpr\
ovement\x07\x00\x00\x00\x0aJira\
Bridge\x01\x03\x00\x00\x00\x06\x8f\xdb\x88L\
N-\x08\x00\x00\x00\x00\x06\x00\x00\x00\x0bIn P\
rogress\x07\x00\x00\x00\x0aJira\
Bridge\x01\x03\x00\x00\x00\x08\x95\xee\x98\x98\
|{W\x8b\x08\x00\x00\x00\x00\x06\x00\x00\x00\x0bIs\
sue Types\x07\x00\x00\x00\x0aJi\
raBridge\x01\x03\x00\x00\x00\x06\x00J\
\x00Q\x00L\x08\x00\x00\x00\x00\x06\x00\x00\x00\x03JQ\
L\x07\x00\x00\x00\x0aJiraBridge\
\x01\x03\x00\x00\x00\x14\x00J\x00i\x00r\x00a\x00 \
\x00A\x00I\x00 [\xf9\x8b\xdd\x08\x00\x00\x00\x00\x06\
\x00\x00\x00\x14Jira AI Conv\
ersation\x07\x00\x00\x00\x0aJir\
aBridge\x01\x03\x00\x00\x008\x00J\x00\
i\x00r\x00a\x00 \x8b\xf7lBY1\x8d%0\
\x02\x8b\xf7h\xc0g\xe5N\x0ae\xb9\x8f\xdec\xa5O\
\xe1`o\xff\x0c_\xc5\x89\x81e\xf6\x91\xcde\xb0v\
{_U0\x02\x08\x00\x00\x00\x00\x06\x00\x00\x00TJ\
ira request fail\
ed. Check the co\
nnection message\
 above and sign \
in again if need\
ed.\x07\x00\x00\x00\x0aJiraBrid\
ge\x01\x03\x00\x00\x00&\x00J\x00i\x00r\x00a\
\x00 \x8b\xf7lBY1\x8d%\xff\x1a\x00{\x00m\
\x00e\x00s\x00s\x00a\x00g\x00e\x00}\x08\x00\
\x00\x00\x00\x06\x00\x00\x00\x1eJira req\
uest failed: {me\
ssage}\x07\x00\x00\x00\x0aJiraB\
ridge\x01\x03\x00\x00\x00\x04R\x1aR\x1a\x08\
\x00\x00\x00\x00\x06\x00\x00\x00\x08Just no\
w\x07\x00\x00\x00\x0aJiraBridge\
\x01\x03\x00\x00\x00\x06Qs\x95.[W\x08\x00\x00\x00\
\x00\x06\x00\x00\x00\x0cKeyword te\
xt\x07\x00\x00\x00\x0aJiraBridg\
e\x01\x03\x00\x00\x006_SRM\x00 \x00L\x00\
D\x00A\x00P\x00 O\x1a\x8b\xdd\x7f:\x5c\x11\x00\
 \x00J\x00i\x00r\x00a\x00 Q\xedcn0\
\x02\x8b\xf7\x91\xcde\xb0v{_U0\x02\x08\x00\x00\
\x00\x00\x06\x00\x00\x00?LDAP sess\
ion is missing J\
ira credentials.\
 Please sign in \
again.\x07\x00\x00\x00\x0aJiraB\
ridge\x01\x03\x00\x00\x00\x04h\x07{~\x08\
\x00\x00\x00\x00\x06\x00\x00\x00\x06Labels\x07\
\x00\x00\x00\x0aJiraBridge\x01\x03\
\x00\x00\x00\x0eg\x00\x8f\xd1\x00 \x003\x000\x00 \
Y)\x08\x00\x00\x00\x00\x06\x00\x00\x00\x0cLast\
 30 Days\x07\x00\x00\x00\x0aJir\
aBridge\x01\x03\x00\x00\x00\x0cg\x00\x8f\
\xd1\x00 \x007\x00 Y)\x08\x00\x00\x00\x00\x06\x00\
\x00\x00\x0bLast 7 Days\x07\x00\
\x00\x00\x0aJiraBridge\x01\x03\x00\
\x00\x00\x0eg\x00\x8f\xd1\x00 \x009\x000\x00 Y\
)\x08\x00\x00\x00\x00\x06\x00\x00\x00\x0cLast \
90 Days\x07\x00\x00\x00\x0aJira\
Bridge\x01\x03\x00\x00\x00`]\xf2R\xa0\
\x8f}\x00 \x00{\x00l\x00o\x00a\x00d\x00e\
\x00d\x00}\x00/\x00{\x00t\x00o\x00t\x00a\
\x00l\x00}\x00 ga\x95\xee\x98\x98u(N\x8e\
mO\x89\xc80\x02\x90\x09b\xe9N\x00ga\x95\xee\
\x98\x98b\x16v\xf4c\xa5c\xd0\x95\xeeS\xef~\xe7\
~\xedm\xf1QeR\x06g\x900\x02\x08\x00\x00\x00\
\x00\x06\x00\x00\x00fLoaded {lo\
aded} of {total}\
 issues for brow\
sing. Select an \
issue or ask a q\
uestion for deep\
er analysis.\x07\x00\x00\x00\
\x0aJiraBridge\x01\x03\x00\x00\x00\
\x1ekcW(R\xa0\x8f}\x00 \x00J\x00i\x00\
r\x00a\x00 ~\xd3g\x9c\x00.\x00.\x00.\x08\
\x00\x00\x00\x00\x06\x00\x00\x00\x17Loading\
 Jira results...\
\x07\x00\x00\x00\x0aJiraBridge\x01\
\x03\x00\x00\x00$kcW(R\xa0\x8f}O`v\
\x84\x00 \x00J\x00i\x00r\x00a\x00 \x8f\xc7n\
\xe4Vh\x00.\x00.\x00.\x08\x00\x00\x00\x00\x06\x00\
\x00\x00\x1cLoading your \
Jira filters...\x07\
\x00\x00\x00\x0aJiraBridge\x01\x03\
\x00\x00\x00\x02ON\x08\x00\x00\x00\x00\x06\x00\x00\x00\x03\
Low\x07\x00\x00\x00\x0aJiraBrid\
ge\x01\x03\x00\x00\x00\x06S9\x91MR0\x08\x00\
\x00\x00\x00\x06\x00\x00\x00\x07Matched\x07\
\x00\x00\x00\x0aJiraBridge\x01\x03\
\x00\x00\x00\x02N-\x08\x00\x00\x00\x00\x06\x00\x00\x00\x06\
Medium\x07\x00\x00\x00\x0aJiraB\
ridge\x01\x03\x00\x00\x00\x0ab\x11v\x84\x8f\
\xc7n\xe4Vh\x08\x00\x00\x00\x00\x06\x00\x00\x00\x0aM\
y Filters\x07\x00\x00\x00\x0aJi\
raBridge\x01\x03\x00\x00\x00&_S\
RM\x83\x03V\xf4Q\x85l\xa1g\x09S9\x91M\
R0\x00 \x00J\x00i\x00r\x00a\x00 \x95\xee\
\x98\x980\x02\x08\x00\x00\x00\x00\x06\x00\x00\x00)No\
 Jira issues mat\
ched the current\
 scope.\x07\x00\x00\x00\x0aJira\
Bridge\x01\x03\x00\x00\x00\x1e_SRM\
\x8d&S\xf7l\xa1g\x09b~R0e6\x85\xcf\
v\x84\x8f\xc7n\xe4Vh0\x02\x08\x00\x00\x00\x00\x06\
\x00\x00\x001No favourite\
 filters were fo\
und for this acc\
ount.\x07\x00\x00\x00\x0aJiraBr\
idge\x01\x03\x00\x00\x00\x06N\x0d\x96PR6\
\x08\x00\x00\x00\x00\x06\x00\x00\x00\x0bNot li\
mited\x07\x00\x00\x00\x0aJiraBr\
idge\x01\x03\x00\x00\x00\x04bS_\x00\x08\x00\
\x00\x00\x00\x06\x00\x00\x00\x04Open\x07\x00\x00\x00\
\x0aJiraBridge\x01\x03\x00\x00\x00\
\x06Y\x04t\x06N-\x08\x00\x00\x00\x00\x06\x00\x00\x00\
\x09Open Work\x07\x00\x00\x00\x0aJ\
iraBridge\x01\x03\x00\x00\x00\x06O\
\x18QH~\xa7\x08\x00\x00\x00\x00\x06\x00\x00\x00\x0aP\
riorities\x07\x00\x00\x00\x0aJi\
raBridge\x01\x03\x00\x00\x00\x04\x98y\
v\xee\x08\x00\x00\x00\x00\x06\x00\x00\x00\x08Proj\
ects\x07\x00\x00\x00\x0aJiraBri\
dge\x01\x03\x00\x00\x00\x04\x5c1~\xea\x08\x00\x00\
\x00\x00\x06\x00\x00\x00\x05Ready\x07\x00\x00\x00\
\x0aJiraBridge\x01\x03\x00\x00\x00\
\x06_\x85mK\x8b\xd5\x08\x00\x00\x00\x00\x06\x00\x00\x00\
\x0eReady for Test\x07\
\x00\x00\x00\x0aJiraBridge\x01\x03\
\x00\x00\x00\x06b\xa5TJN\xba\x08\x00\x00\x00\x00\x06\
\x00\x00\x00\x08Reporter\x07\x00\x00\x00\
\x0aJiraBridge\x01\x03\x00\x00\x00\
\x04\x91\xcd\x7fn\x08\x00\x00\x00\x00\x06\x00\x00\x00\x05R\
eset\x07\x00\x00\x00\x0aJiraBri\
dge\x01\x03\x00\x00\x00\x06]\xf2\x89\xe3Q\xb3\x08\
\x00\x00\x00\x00\x06\x00\x00\x00\x08Resolve\
d\x07\x00\x00\x00\x0aJiraBridge\
\x01\x03\x00\x00\x002bg\x88LN\x00k!\x00 \
\x00J\x00i\x00r\x00a\x00 g\xe5\x8b\xe2Ss\
S\xef\x83\xb7S\xd6[\x9ee\xf6\x00 \x00A\x00I\
\x00 `;~\xd30\x02\x08\x00\x00\x00\x00\x06\x00\x00\
\x00*Run a Jira que\
ry to get a live\
 AI summary.\x07\x00\x00\x00\
\x0aJiraBridge\x01\x03\x00\x00\x00\
2O\x1a\x8b\xdd]\xf2n\x05zz0\x02Q\xc6Y\
\x07Y}T\x0eS\xefN\xe5\x91\xcde\xb0c\xd0\x95\
\xee\x00 \x00J\x00i\x00r\x00a\x00 \x95\xee\x98\
\x980\x02\x08\x00\x00\x00\x00\x06\x00\x00\x004Ses\
sion cleared. As\
k a new Jira que\
stion when ready\
.\x07\x00\x00\x00\x0aJiraBridge\
\x01\x03\x00\x00\x00\x22\x8b\xf7\x91\xcde\xb0v{_U\
N\xe5`bY\x0d\x00 \x00J\x00i\x00r\x00a\
\x00 \x8b\xbf\x95\xee0\x02\x08\x00\x00\x00\x00\x06\x00\x00\
\x00%Sign in again \
to restore Jira \
access.\x07\x00\x00\x00\x0aJira\
Bridge\x01\x03\x00\x00\x00 \x8b\xf7QH\
v{_UN\xe5R\xa0\x8f}\x00 \x00J\x00i\
\x00r\x00a\x00 epcn0\x02\x08\x00\x00\x00\
\x00\x06\x00\x00\x00\x1aSign in to\
 load Jira data.\
\x07\x00\x00\x00\x0aJiraBridge\x01\
\x03\x00\x00\x00J\x8b\xf7QHO\x7fu(\x00 \x00\
L\x00D\x00A\x00P\x00 v{_U\xff\x0c\x96\
\x8fT\x0e\x00 \x00J\x00i\x00r\x00a\x00 ~\
\xd3g\x9cT\x8c\x00 \x00A\x00I\x00 R\x06g\
\x90O\x1af>y:W(\x8f\xd9\x91\xcc0\x02\x08\
\x00\x00\x00\x00\x06\x00\x00\x00JSign in\
 with LDAP first\
, then Jira resu\
lts and AI analy\
sis will load he\
re.\x07\x00\x00\x00\x0aJiraBrid\
ge\x01\x03\x00\x00\x00\x0a]\xf2\x90\x00Q\xfav{\
_U\x08\x00\x00\x00\x00\x06\x00\x00\x00\x0aSign\
ed out\x07\x00\x00\x00\x0aJiraB\
ridge\x01\x03\x00\x00\x00N]\xf2Q\xc6Y\
\x07Y}_SRMv{_Uu(b7v\
\x84\x00 \x00J\x00i\x00r\x00a\x00 \x8b\xbf\x95\
\xee0\x02S\xefN\xe5v\xf4c\xa5u(\x81\xeaq\
6\x8b\xed\x8a\x00h\xc0}\x22\x95\xee\x98\x98^v`\
;~\xd3\x98\xce\x96i0\x02\x08\x00\x00\x00\x00\x06\x00\
\x00\x00\x5cSigned-in Jir\
a access is read\
y. Ask in natura\
l language to se\
arch issues and \
summarize risk.\x07\
\x00\x00\x00\x0aJiraBridge\x01\x03\
\x00\x00\x00\x04r\xb6`\x01\x08\x00\x00\x00\x00\x06\x00\x00\
\x00\x08Statuses\x07\x00\x00\x00\x0aJ\
iraBridge\x01\x03\x00\x00\x00\x04\x97\
\x00lB\x08\x00\x00\x00\x00\x06\x00\x00\x00\x05Sto\
ry\x07\x00\x00\x00\x0aJiraBridg\
e\x01\x03\x00\x00\x00\x04N\xfbR\xa1\x08\x00\x00\x00\x00\
\x06\x00\x00\x00\x04Task\x07\x00\x00\x00\x0aJi\
raBridge\x01\x03\x00\x00\x00\x04N\xca\
^t\x08\x00\x00\x00\x00\x06\x00\x00\x00\x09This\
 Year\x07\x00\x00\x00\x0aJiraBr\
idge\x01\x03\x00\x00\x00\x08e\xf6\x95\xf4\x83\x03\
V\xf4\x08\x00\x00\x00\x00\x06\x00\x00\x00\x0bTime\
 Window\x07\x00\x00\x00\x0aJira\
Bridge\x01\x03\x00\x00\x00\x06g*R\x06\
\x91M\x08\x00\x00\x00\x00\x06\x00\x00\x00\x0aUnas\
signed\x07\x00\x00\x00\x0aJiraB\
ridge\x01\x03\x00\x00\x00\x14g*w\xe5\x00\
 \x00J\x00i\x00r\x00a\x00 \x95\x19\x8b\xef\x08\
\x00\x00\x00\x00\x06\x00\x00\x00\x12Unknown\
 Jira error\x07\x00\x00\x00\x0a\
JiraBridge\x01\x03\x00\x00\x00\x18\
S\xefu(N\x8eN\x0bN\x00\x8fnV\xde_R\
v\x84P\x19\x90\x09\x98y\x08\x00\x00\x00\x00\x06\x00\x00\
\x00/Useful candida\
tes for the next\
 regression batc\
h\x07\x00\x00\x00\x0aJiraBridge\
\x01\x03\x00\x00\x00\x06]\xf2\x9a\x8c\x8b\xc1\x08\x00\x00\x00\
\x00\x06\x00\x00\x00\x08Verified\x07\x00\
\x00\x00\x0aJiraBridge\x01\x03\x00\
\x00\x00\x08mAz\x0b\x98\x84\x8b\xbe\x08\x00\x00\x00\x00\
\x06\x00\x00\x00\x0fWorkflow Pr\
eset\x07\x00\x00\x00\x0aJiraBri\
dge\x01\x03\x00\x00\x00\x0c]\xe5O\x5cS\xf0]\
\xf2\x5c1~\xea\x08\x00\x00\x00\x00\x06\x00\x00\x00\x0fW\
orkspace ready\x07\x00\
\x00\x00\x0aJiraBridge\x01\x03\x00\
\x00\x00(_SRM\x89\xc6V\xfef>y:\x00\
 \x00{\x00d\x00i\x00s\x00p\x00l\x00a\x00\
y\x00e\x00d\x00}\x00 ga\x08\x00\x00\x00\x00\
\x06\x00\x00\x00){displayed}\
 displayed in th\
e current view\x07\x00\
\x00\x00\x0aJiraBridge\x01\x03\x00\
\x00\x00\x8c_SRM\x83\x03V\xf4Q\x85QqS\
9\x91MR0\x00 \x00{\x00t\x00o\x00t\x00\
a\x00l\x00}\x00 ga\x00 \x00J\x00i\x00\
r\x00a\x00 \x95\xee\x98\x980\x02\x99\x96ga\x95\
\xee\x98\x98\xff\x1a\x00{\x00k\x00e\x00y\x00}\xff\
\x08\x00{\x00s\x00t\x00a\x00t\x00u\x00s\x00\
}\xff\x0c\x00{\x00p\x00r\x00i\x00o\x00r\x00\
i\x00t\x00y\x00}\xff\x09\x00-\x00 \x00{\x00\
s\x00u\x00m\x00m\x00a\x00r\x00y\x00}\x08\
\x00\x00\x00\x00\x06\x00\x00\x00b{total}\
 Jira issues mat\
ched the current\
 scope. Top issu\
e: {key} ({statu\
s}, {priority}) \
- {summary}\x07\x00\x00\x00\x0a\
JiraBridge\x01\x03\x00\x00\x00\x04\
\x8d&S\xf7\x08\x00\x00\x00\x00\x06\x00\x00\x00\x07Ac\
count\x07\x00\x00\x00\x0bLoginW\
indow\x01\x03\x00\x00\x00\x16\x00L\x00D\x00\
A\x00P\x00 g\x0dR\xa1Vh\xff\x1a\x00%\x00\
1\x08\x00\x00\x00\x00\x06\x00\x00\x00\x0fLDAP \
Server: %1\x07\x00\x00\x00\x0bL\
oginWindow\x01\x03\x00\x00\x00\x04\
v{_U\x08\x00\x00\x00\x00\x06\x00\x00\x00\x05Lo\
gin\x07\x00\x00\x00\x0bLoginWin\
dow\x01\x03\x00\x00\x00\x08\x90\x00Q\xfav{_\
U\x08\x00\x00\x00\x00\x06\x00\x00\x00\x06Logou\
t\x07\x00\x00\x00\x0bLoginWindo\
w\x01\x03\x00\x00\x00\x0a\x8b\xf7\x8f\x93Qe\x8d&S\
\xf7\x08\x00\x00\x00\x00\x06\x00\x00\x00\x18Pleas\
e enter the acco\
unt\x07\x00\x00\x00\x0bLoginWin\
dow\x01\x03\x00\x00\x00\x0e\x8b\xf7\x8f\x93Qe`\
\xa8v\x84[\xc6x\x01\x08\x00\x00\x00\x00\x06\x00\x00\x00\
\x1aPlease enter yo\
ur password\x07\x00\x00\x00\x0b\
LoginWindow\x01\x03\x00\x00\x00\
\x12_SRMv{_Uu(b7\xff\x1a\x00\
%\x001\x08\x00\x00\x00\x00\x06\x00\x00\x00\x0fSig\
ned in as %1\x07\x00\x00\x00\
\x0bLoginWindow\x01\x03\x00\x00\
\x00\x0a]\xf2\x90\x00Q\xfav{_U\x08\x00\x00\x00\
\x00\x06\x00\x00\x00\x0aSigned out\
\x07\x00\x00\x00\x0bLoginWindow\
\x01\x03\x00\x00\x00\x04QsN\x8e\x08\x00\x00\x00\x00\x06\
\x00\x00\x00\x05About\x07\x00\x00\x00\x0aMa\
inWindow\x01\x03\x00\x00\x00\x12`\xa8\
xn[\x9a\x89\x81\x90\x00Q\xfaz\x0b^\x8fT\x17\
\x08\x00\x00\x00\x00\x06\x00\x00\x00*Are yo\
u sure you want \
to exit the prog\
ram?\x07\x00\x00\x00\x0aMainWin\
dow\x01\x03\x00\x00\x00\x04S\xd6m\x88\x08\x00\x00\
\x00\x00\x06\x00\x00\x00\x06Cancel\x07\x00\x00\
\x00\x0aMainWindow\x01\x03\x00\x00\
\x00\x08p\xb9Q\xfbk!ep\x08\x00\x00\x00\x00\x06\
\x00\x00\x00\x0aClick Time\x07\x00\
\x00\x00\x0aMainWindow\x01\x03\x00\
\x00\x00\x08Y\x1c\x95\xf4j!_\x0f\x08\x00\x00\x00\x00\
\x06\x00\x00\x00\x09Dark Mode\x07\x00\
\x00\x00\x0aMainWindow\x01\x03\x00\
\x00\x00\x04[\x8cb\x10\x08\x00\x00\x00\x00\x06\x00\x00\x00\
\x06Finish\x07\x00\x00\x00\x0aMain\
Window\x01\x03\x00\x00\x00\x08S\xcb`\xc5\
c\xd0y:\x08\x00\x00\x00\x00\x06\x00\x00\x00\x11Fr\
iendly Reminder\x07\
\x00\x00\x00\x0aMainWindow\x01\x03\
\x00\x00\x00\x1eW(\x8f\xd9\x91\xcc\xff\x0c`\xa8S\xef\
N\xe5R\x07cbR0Y\x1c\x95\xf4j!_\x0f\
0\x02\x08\x00\x00\x00\x00\x06\x00\x00\x00\x22Here\
 you can switch \
to night mode.\x07\x00\
\x00\x00\x0aMainWindow\x01\x03\x00\
\x00\x00\x08\x96\x90\x85\xcf_i\x86\xcb\x08\x00\x00\x00\x00\
\x06\x00\x00\x00\x10Hide Easter\
 eggs\x07\x00\x00\x00\x0aMainWi\
ndow\x01\x03\x00\x00\x00\x06g\x00\x5c\x0fS\x16\
\x08\x00\x00\x00\x00\x06\x00\x00\x00\x08Minimi\
ze\x07\x00\x00\x00\x0aMainWindo\
w\x01\x03\x00\x00\x00\x06N\x0bN\x00ke\x08\x00\x00\
\x00\x00\x06\x00\x00\x00\x04Next\x07\x00\x00\x00\x0a\
MainWindow\x01\x03\x00\x00\x00\x04\
xn[\x9a\x08\x00\x00\x00\x00\x06\x00\x00\x00\x02OK\
\x07\x00\x00\x00\x0aMainWindow\x01\
\x03\x00\x00\x00\x10W(r\xecz\xcbz\x97S\xe3N\
-bS_\x00\x08\x00\x00\x00\x00\x06\x00\x00\x00\x17O\
pen in Separate \
Window\x07\x00\x00\x00\x0aMainW\
indow\x01\x03\x00\x00\x00\x06N\x0aN\x00k\
e\x08\x00\x00\x00\x00\x06\x00\x00\x00\x08Previ\
ous\x07\x00\x00\x00\x0aMainWind\
ow\x01\x03\x00\x00\x00\x04\x90\x00Q\xfa\x08\x00\x00\x00\
\x00\x06\x00\x00\x00\x04Quit\x07\x00\x00\x00\x0aM\
ainWindow\x01\x03\x00\x00\x00\x04d\
\x1c}\x22\x08\x00\x00\x00\x00\x06\x00\x00\x00\x06Sea\
rch\x07\x00\x00\x00\x0aMainWind\
ow\x01\x03\x00\x00\x00\x16_SRMrHg,\
]\xf2~\xcff/g\x00e\xb0rHg,\x08\x00\
\x00\x00\x00\x06\x00\x00\x00)The curr\
ent version is a\
lready the lates\
t\x07\x00\x00\x00\x0aMainWindow\
\x01\x03\x00\x00\x00\x0cQ\x8d\x8b\xd5Q\xe0N\x0b\xff\x01\
\xff\x01\x08\x00\x00\x00\x00\x06\x00\x00\x00\x17Try \
a few more click\
s!!\x07\x00\x00\x00\x0aMainWind\
ow\x01\x03\x00\x00\x00\x08SG~\xa7c\xd0y:\
\x08\x00\x00\x00\x00\x06\x00\x00\x00\x0cUpgrad\
e Tips\x07\x00\x00\x00\x0aMainW\
indow\x01\x03\x00\x00\x00\x0ae\xe0\x00 \x00\
D\x00U\x00T\x08\x00\x00\x00\x00\x06\x00\x00\x00\x06N\
o DUT\x07\x00\x00\x00\x0cReport\
Bridge\x01\x03\x00\x00\x00\x1a\x00{\x00c\
\x00o\x00u\x00n\x00t\x00}\x00 S\xf0\x00 \
\x00D\x00U\x00T\x08\x00\x00\x00\x00\x06\x00\x00\x00\x0c\
{count} DUTs\x07\x00\x00\x00\
\x0cReportBridge\x01\x03\x00\
\x00\x00.\x00{\x00c\x00o\x00u\x00n\x00t\x00\
}\x00 S\xf0\x00 \x00D\x00U\x00T\xff\x1a\x00\
{\x00s\x00e\x00r\x00i\x00a\x00l\x00s\x00\
}\x08\x00\x00\x00\x00\x06\x00\x00\x00\x17{coun\
t} DUTs: {serial\
s}\x07\x00\x00\x00\x0cReportBri\
dge\x01\x03\x00\x00\x00\x22O\xdd[X\x8f\xd0\x88\
Lb\xa5TJY1\x8d%0\x02\x00{\x00d\x00\
e\x00t\x00a\x00i\x00l\x00}\x08\x00\x00\x00\x00\
\x06\x00\x00\x00#Failed to s\
ave run report. \
{detail}\x07\x00\x00\x00\x09Run\
Bridge\x01\x03\x00\x00\x00.T/R\xa8\
\x00 \x00p\x00y\x00t\x00e\x00s\x00t\x00 \
\x8f\xd0\x88LY1\x8d%0\x02\x00{\x00d\x00e\
\x00t\x00a\x00i\x00l\x00}\x08\x00\x00\x00\x00\x06\
\x00\x00\x00$Failed to st\
art pytest run. \
{detail}\x07\x00\x00\x00\x09Run\
Bridge\x01\x03\x00\x00\x00\x1c\x8b\xf7QH\
\x88e\x9fP_\xc5XkmK\x8b\xd5S\xc2ep\
Q\x8dT/R\xa80\x02\x08\x00\x00\x00\x00\x06\x00\x00\
\x00-Fix required t\
est parameters b\
efore starting.\x07\
\x00\x00\x00\x09RunBridge\x01\x03\x00\
\x00\x00,\x7f:\x5c\x11_\xc5XkS\xc2ep\xff\
\x1a\x00{\x00p\x00a\x00r\x00a\x00m\x00}\xff\
\x08\x00{\x00c\x00a\x00s\x00e\x00}\xff\x09\x08\
\x00\x00\x00\x00\x06\x00\x00\x00,Missing\
 required parame\
ter: {param} ({c\
ase})\x07\x00\x00\x00\x09RunBri\
dge\x01\x03\x00\x00\x00\x1al\xa1g\x09S\xef\x8f\
\xd0\x88Lv\x84]\xf2\x90\x09mK\x8b\xd5u(O\
\x8b0\x02\x08\x00\x00\x00\x00\x06\x00\x00\x00\x1eNo \
selected test ca\
ses to run.\x07\x00\x00\x00\x09\
RunBridge\x01\x03\x00\x00\x00\x22T\
/R\xa8b@\x90\x09mK\x8b\xd5u(O\x8bR\
M\x8b\xf7\x90\x09b\xe9\x00 \x00D\x00U\x00T0\
\x02\x08\x00\x00\x00\x00\x06\x00\x00\x005Selec\
t a DUT before s\
tarting the sele\
cted test cases.\
\x07\x00\x00\x00\x09RunBridge\x01\x03\
\x00\x00\x00\xd8\x00I\x00&\x00a\x00p\x00o\x00s\
\x00;\x00m\x00 \x00a\x00 \x00S\x00i\x00n\
\x00g\x00l\x00e\x00I\x00n\x00s\x00t\x00a\
\x00n\x00c\x00e\x00 \x00w\x00i\x00n\x00d\
\x00o\x00w\x00,\x00 \x00a\x00n\x00d\x00 \
\x00i\x00f\x00 \x00I\x00 \x00e\x00x\x00i\
\x00s\x00t\x00,\x00 \x00I\x00&\x00a\x00p\
\x00o\x00s\x00;\x00l\x00l\x00 \x00d\x00e\
\x00s\x00t\x00r\x00o\x00y\x00 \x00t\x00h\
\x00e\x00 \x00p\x00r\x00e\x00v\x00i\x00o\
\x00u\x00s\x00 \x00w\x00i\x00n\x00d\x00o\
\x00w\x00 \x00a\x00n\x00d\x00 \x00c\x00r\
\x00e\x00a\x00t\x00e\x00 \x00a\x00 \x00n\
\x00e\x00w\x00 \x00o\x00n\x00e\x08\x00\x00\x00\
\x00\x06\x00\x00\x00bI'm a Sing\
leInstance windo\
w, and if I exis\
t, I'll destroy \
the previous win\
dow and create a\
 new one\x07\x00\x00\x00\x14Sin\
gleInstanceWindo\
w\x01\x03\x00\x00\x00\x90\x00I\x00&\x00a\x00p\x00\
o\x00s\x00;\x00m\x00 \x00a\x00 \x00S\x00\
i\x00n\x00g\x00l\x00e\x00T\x00a\x00s\x00\
k\x00 \x00m\x00o\x00d\x00e\x00 \x00w\x00\
i\x00n\x00d\x00o\x00w\x00,\x00 \x00a\x00\
n\x00d\x00 \x00i\x00f\x00 \x00I\x00 \x00\
e\x00x\x00i\x00s\x00t\x00,\x00 \x00I\x00\
 \x00a\x00c\x00t\x00i\x00v\x00a\x00t\x00\
e\x00 \x00t\x00h\x00e\x00 \x00w\x00i\x00\
n\x00d\x00o\x00w\x08\x00\x00\x00\x00\x06\x00\x00\x00\
CI'm a SingleTas\
k mode window, a\
nd if I exist, I\
 activate the wi\
ndow\x07\x00\x00\x00\x10SingleT\
askWindow\x01\x03\x00\x00\x00\x04Q\
sN\x8e\x08\x00\x00\x00\x00\x06\x00\x00\x00\x05Abo\
ut\x07\x00\x00\x00\x0eStandardW\
indow\x01\x03\x00\x00\x00\x04Y\x0dR6\x08\
\x00\x00\x00\x00\x06\x00\x00\x00\x04Copy\x07\x00\x00\
\x00\x0eStandardWindow\
\x01\x03\x00\x00\x00\x04RjR\x07\x08\x00\x00\x00\x00\x06\
\x00\x00\x00\x03Cut\x07\x00\x00\x00\x0eStan\
dardWindow\x01\x03\x00\x00\x00\x04\
\x7f\x16\x8f\x91\x08\x00\x00\x00\x00\x06\x00\x00\x00\x04Ed\
it\x07\x00\x00\x00\x0eStandardW\
indow\x01\x03\x00\x00\x00\x04e\x87N\xf6\x08\
\x00\x00\x00\x00\x06\x00\x00\x00\x04File\x07\x00\x00\
\x00\x0eStandardWindow\
\x01\x03\x00\x00\x00\x04^.R\xa9\x08\x00\x00\x00\x00\x06\
\x00\x00\x00\x04Help\x07\x00\x00\x00\x0eSta\
ndardWindow\x01\x03\x00\x00\x00\
\x8a\x00I\x00&\x00a\x00p\x00o\x00s\x00;\x00\
m\x00 \x00a\x00 \x00S\x00t\x00a\x00n\x00\
d\x00a\x00r\x00d\x00 \x00m\x00o\x00d\x00\
e\x00 \x00w\x00i\x00n\x00d\x00o\x00w\x00\
,\x00 \x00a\x00n\x00d\x00 \x00e\x00v\x00\
e\x00r\x00y\x00 \x00t\x00i\x00m\x00e\x00\
 \x00I\x00 \x00c\x00r\x00e\x00a\x00t\x00\
e\x00 \x00a\x00 \x00n\x00e\x00w\x00 \x00\
w\x00i\x00n\x00d\x00o\x00w\x08\x00\x00\x00\x00\
\x06\x00\x00\x00@I'm a Stand\
ard mode window,\
 and every time \
I create a new w\
indow\x07\x00\x00\x00\x0eStanda\
rdWindow\x01\x03\x00\x00\x00\x0ae\xb0\
^\xfa\x00.\x00.\x00.\x08\x00\x00\x00\x00\x06\x00\x00\
\x00\x06New...\x07\x00\x00\x00\x0eSta\
ndardWindow\x01\x03\x00\x00\x00\
\x0abS_\x00\x00.\x00.\x00.\x08\x00\x00\x00\x00\
\x06\x00\x00\x00\x07Open...\x07\x00\x00\x00\
\x0eStandardWindow\x01\
\x03\x00\x00\x00\x04|\x98\x8d4\x08\x00\x00\x00\x00\x06\x00\
\x00\x00\x05Paste\x07\x00\x00\x00\x0eSta\
ndardWindow\x01\x03\x00\x00\x00\
\x04\x90\x00Q\xfa\x08\x00\x00\x00\x00\x06\x00\x00\x00\x04Q\
uit\x07\x00\x00\x00\x0eStandard\
Window\x01\x03\x00\x00\x00\x04O\xdd[X\
\x08\x00\x00\x00\x00\x06\x00\x00\x00\x04Save\x07\x00\
\x00\x00\x0eStandardWindo\
w\x01\x03\x00\x00\x00\x0cS\xe6[XN:\x00.\x00\
.\x00.\x08\x00\x00\x00\x00\x06\x00\x00\x00\x0aSav\
e As...\x07\x00\x00\x00\x0eStan\
dardWindow\x01\x03\x00\x00\x00\x0a\
\x00A\x00I\x00 R\xa9bK\x08\x00\x00\x00\x00\x06\
\x00\x00\x00\x0cAI Assistant\
\x07\x00\x00\x00\x04T_AI\x01\x03\x00\x00\x00\x0ek\
cW(R\xa0\x8f}\x00.\x00.\x00.\x08\x00\x00\
\x00\x00\x06\x00\x00\x00\x0aLoading..\
.\x07\x00\x00\x00\x04T_AI\x01\x03\x00\x00\x00\x0e\
W(mO\x89\xc8VhN-bS_\x00\x08\x00\
\x00\x00\x00\x06\x00\x00\x00\x0fOpen in \
browser\x07\x00\x00\x00\x04T_AI\
\x01\x03\x00\x00\x00\x04\x5c1~\xea\x08\x00\x00\x00\x00\x06\
\x00\x00\x00\x05Ready\x07\x00\x00\x00\x04T_\
AI\x01\x03\x00\x00\x00\x08\x91\xcde\xb0R\xa0\x8f}\
\x08\x00\x00\x00\x00\x06\x00\x00\x00\x06Reload\
\x07\x00\x00\x00\x04T_AI\x01\x03\x00\x00\x00\x06N\
\x9aQKR\x9b\x08\x00\x00\x00\x00\x06\x00\x00\x00\x07A\
crylic\x07\x00\x00\x00\x09T_Acr\
ylic\x01\x03\x00\x00\x00\x04_\xbdz\xe0\x08\x00\
\x00\x00\x00\x06\x00\x00\x00\x05Badge\x07\x00\x00\
\x00\x07T_Badge\x01\x03\x00\x00\x00<N\
\x00\x82,Q\xfas\xb0W(\x90\x1aw\xe5V\xfeh\
\x07b\x16Y4P\xcfv\x84S\xf3N\x0a\x89\xd2\xff\
\x0cu(N\x8ef>y:\x97\x00\x89\x81Y\x04t\
\x06v\x84m\x88`ogaep\x08\x00\x00\x00\x00\
\x06\x00\x00\x00\x8bIt usually \
appears in the u\
pper right corne\
r of the notific\
ation icon or av\
atar to display \
the number of me\
ssages that need\
 to be processed\
\x07\x00\x00\x00\x07T_Badge\x01\x03\x00\x00\
\x00\x06ga_bV\xfe\x08\x00\x00\x00\x00\x06\x00\x00\
\x00\x09Bar Chart\x07\x00\x00\x00\x0a\
T_BarChart\x01\x03\x00\x00\x00\x06\
\x97bS\x05\x5cQ\x08\x00\x00\x00\x00\x06\x00\x00\x00\x0d\
BreadcurmbBar\x07\x00\x00\
\x00\x0fT_BreadcrumbBa\
r\x01\x03\x00\x00\x00\x04\x91\xcd\x7fn\x08\x00\x00\x00\x00\
\x06\x00\x00\x00\x0cReset sampl\
e\x07\x00\x00\x00\x0fT_Breadcru\
mbBar\x01\x03\x00\x00\x00\x06l\x14l\xe1V\
\xfe\x08\x00\x00\x00\x00\x06\x00\x00\x00\x0cBubbl\
e Chart\x07\x00\x00\x00\x0dT_Bu\
bbleChart\x01\x03\x00\x00\x00\x04c\
\x09\x94\xae\x08\x00\x00\x00\x00\x06\x00\x00\x00\x07But\
tons\x07\x00\x00\x00\x09T_Butto\
ns\x01\x03\x00\x00\x00\x0cp\xb9Q\xfbXkQE\
c\x09\x94\xae\x08\x00\x00\x00\x00\x06\x00\x00\x00\x12Cl\
ick FilledButton\
\x07\x00\x00\x00\x09T_Buttons\x01\x03\
\x00\x00\x00\x0cp\xb9Q\xfbV\xfeh\x07c\x09\x94\xae\
\x08\x00\x00\x00\x00\x06\x00\x00\x00\x10Click \
IconButton\x07\x00\x00\x00\x09T\
_Buttons\x01\x03\x00\x00\x00\x0cp\xb9\
Q\xfbh\x07Q\xc6c\x09\x94\xae\x08\x00\x00\x00\x00\x06\
\x00\x00\x00\x14Click Standa\
rdButton\x07\x00\x00\x00\x09T_B\
uttons\x01\x03\x00\x00\x00\x04y\x81u(\
\x08\x00\x00\x00\x00\x06\x00\x00\x00\x08Disabl\
ed\x07\x00\x00\x00\x09T_Buttons\
\x01\x03\x00\x00\x00\x08N\x0bb\xc9c\x09\x94\xae\x08\x00\
\x00\x00\x00\x06\x00\x00\x00\x0eDropDown\
Button\x07\x00\x00\x00\x09T_But\
tons\x01\x03\x00\x00\x00\x08XkQEc\x09\
\x94\xae\x08\x00\x00\x00\x00\x06\x00\x00\x00\x0dFill\
ed Button\x07\x00\x00\x00\x09T_\
Buttons\x01\x03\x00\x00\x00\x08kcW\
(R\xa0\x8f}\x08\x00\x00\x00\x00\x06\x00\x00\x00\x07L\
oading\x07\x00\x00\x00\x09T_But\
tons\x01\x03\x00\x00\x00\x08R\xa0\x8f}c\x09\
\x94\xae\x08\x00\x00\x00\x00\x06\x00\x00\x00\x0eLoad\
ing Button\x07\x00\x00\x00\x09T\
_Buttons\x01\x03\x00\x00\x00\x08\x8f\xdb\
^\xa6c\x09\x94\xae\x08\x00\x00\x00\x00\x06\x00\x00\x00\x0f\
Progress Button\x07\
\x00\x00\x00\x09T_Buttons\x01\x03\x00\
\x00\x00\x08h\x07Q\xc6c\x09\x94\xae\x08\x00\x00\x00\x00\
\x06\x00\x00\x00\x0fStandard Bu\
tton\x07\x00\x00\x00\x09T_Butto\
ns\x01\x03\x00\x00\x00(e/c\x01\x00T\x00a\
\x00b\x95.R\x07cbq&p\xb9\xff\x0czz\
h<\x95.bg\x88Lp\xb9Q\xfbN\x8bN\xf6\
\x08\x00\x00\x00\x00\x06\x00\x00\x00NSuppor\
t the Tab key to\
 switch focus, a\
nd the Space key\
 to perform clic\
k events\x07\x00\x00\x00\x09T_B\
uttons\x01\x03\x00\x00\x00\x08e\x87g,\
c\x09\x94\xae\x08\x00\x00\x00\x00\x06\x00\x00\x00\x0bTe\
xt Button\x07\x00\x00\x00\x09T_\
Buttons\x01\x03\x00\x00\x00\x08_\x00Q\
sc\x09\x94\xae\x08\x00\x00\x00\x00\x06\x00\x00\x00\x0dT\
oggle Button\x07\x00\x00\x00\
\x09T_Buttons\x01\x03\x00\x00\x00\x0a\
e\xe5S\x86\x90\x09b\xe9Vh\x08\x00\x00\x00\x00\x06\
\x00\x00\x00\x0eCalendarPick\
er\x07\x00\x00\x00\x10T_Calenda\
rPicker\x01\x03\x00\x00\x00\x06\x9a\x8c\x8b\
\xc1x\x01\x08\x00\x00\x00\x00\x06\x00\x00\x00\x07Cap\
tcha\x07\x00\x00\x00\x09T_Captc\
ha\x01\x03\x00\x00\x00\x14\x95\x19\x8b\xef\x9a\x8c\x8b\xc1\
\xff\x0c\x8b\xf7\x91\xcde\xb0\x8f\x93Qe\x08\x00\x00\x00\
\x00\x06\x00\x00\x00!Error vali\
dation, please r\
e-enter\x07\x00\x00\x00\x09T_Ca\
ptcha\x01\x03\x00\x00\x00\x0a_\xfdueY\
'\x5c\x0fQ\x99\x08\x00\x00\x00\x00\x06\x00\x00\x00\x0bI\
gnore Case\x07\x00\x00\x00\x09T\
_Captcha\x01\x03\x00\x00\x00\x0c\x8b\xf7\
\x8f\x93Qe\x9a\x8c\x8b\xc1x\x01\x08\x00\x00\x00\x00\x06\
\x00\x00\x00 Please enter\
 a verification \
code\x07\x00\x00\x00\x09T_Captc\
ha\x01\x03\x00\x00\x00\x04R7e\xb0\x08\x00\x00\x00\
\x00\x06\x00\x00\x00\x07Refresh\x07\x00\x00\
\x00\x09T_Captcha\x01\x03\x00\x00\x00\
\x0a\x9a\x8c\x8b\xc1x\x01\x95\x19\x8b\xef\x08\x00\x00\x00\x00\
\x06\x00\x00\x00 The verific\
ation code is co\
rrect\x07\x00\x00\x00\x09T_Capt\
cha\x01\x03\x00\x00\x00\x06\x8fnd\xadV\xfe\x08\
\x00\x00\x00\x00\x06\x00\x00\x00\x08Carouse\
l\x07\x00\x00\x00\x0aT_Carousel\
\x01\x03\x00\x00\x00<\x8fnd\xadV\xfe\xff\x0ce/\
c\x01e\xe0\x96P\x8fnd\xad\xff\x0ce\xe0\x96P\
n\xd1R\xa8\xff\x0cu(\x00L\x00i\x00s\x00t\
\x00V\x00i\x00e\x00w[\x9es\xb0v\x84~\xc4\
N\xf6\x08\x00\x00\x00\x00\x06\x00\x00\x00aCaro\
usel map, suppor\
t infinite carou\
sel, infinite sw\
ipe, and compone\
nts implemented \
with ListView\x07\x00\x00\
\x00\x0aT_Carousel\x01\x03\x00\x00\
\x00\x06Y\x0d\x90\x09hF\x08\x00\x00\x00\x00\x06\x00\x00\
\x00\x08CheckBox\x07\x00\x00\x00\x0aT\
_CheckBox\x01\x03\x00\x00\x00\x04y\
\x81u(\x08\x00\x00\x00\x00\x06\x00\x00\x00\x08Dis\
abled\x07\x00\x00\x00\x0aT_Chec\
kBox\x01\x03\x00\x00\x00\x02]\xe6\x08\x00\x00\x00\
\x00\x06\x00\x00\x00\x04Left\x07\x00\x00\x00\x0aT\
_CheckBox\x01\x03\x00\x00\x00\x02S\
\xf3\x08\x00\x00\x00\x00\x06\x00\x00\x00\x05Right\
\x07\x00\x00\x00\x0aT_CheckBox\x01\
\x03\x00\x00\x00\x04\x88\xc1Rj\x08\x00\x00\x00\x00\x06\x00\
\x00\x00\x04Clip\x07\x00\x00\x00\x06T_Cl\
ip\x01\x03\x00\x00\x006\x91MT\x08V\xferG\
O\x7fu(\x00(\x00s\x00o\x00f\x00t\x00w\
\x00a\x00r\x00en2g\xd3N\x0b\x8b\xe5~\xc4\
N\xf6\x5c\x06l\xa1g\x09eHg\x9c\x00)\x08\x00\
\x00\x00\x00\x06\x00\x00\x00MUse with\
 images (this co\
mponent will hav\
e no effect unde\
r software rende\
ring)\x07\x00\x00\x00\x06T_Clip\
\x01\x03\x00\x00\x00\x1a\x94\x10tpV\xae\x95\xabY\x09\
\x81Qh\xf0n\xc6X\xca\x00 \x00-\x00 \x00>\
\x08\x00\x00\x00\x00\x06\x00\x00\x00\x1bClick \
to Select a Colo\
r - >\x07\x00\x00\x00\x0dT_Colo\
rPicker\x01\x03\x00\x00\x00\x0a\x98\x9c\x82\
r\x90\x09b\xe9Vh\x08\x00\x00\x00\x00\x06\x00\x00\x00\
\x0bColorPicker\x07\x00\x00\x00\
\x0dT_ColorPicker\x01\x03\
\x00\x00\x00\x06~\xc4T\x08hF\x08\x00\x00\x00\x00\x06\
\x00\x00\x00\x08ComboBox\x07\x00\x00\x00\
\x0aT_ComboBox\x01\x03\x00\x00\x00\
\x0ae\xe5g\x1f\x90\x09b\xe9Vh\x08\x00\x00\x00\x00\
\x06\x00\x00\x00\x0aDatePicker\x07\
\x00\x00\x00\x0cT_DatePicker\
\x01\x03\x00\x00\x00\x10b@g\x09e\x87N\xf6\x00 \
\x00(\x00*\x00)\x08\x00\x00\x00\x00\x06\x00\x00\x00\x0d\
All files (*)\x07\x00\x00\
\x00\x07T_Debug\x01\x03\x00\x00\x00\x04m\
O\x89\xc8\x08\x00\x00\x00\x00\x06\x00\x00\x00\x06Bro\
wse\x07\x00\x00\x00\x07T_Debug\x01\
\x03\x00\x00\x00\x04\x8c\x03\x8b\xd5\x08\x00\x00\x00\x00\x06\x00\
\x00\x00\x05Debug\x07\x00\x00\x00\x07T_D\
ebug\x01\x03\x00\x00\x00\x0c\x90\x09b\xe9_U\
R6\x89\xc6\x98\x91\x08\x00\x00\x00\x00\x06\x00\x00\x00\x17\
Select a recorde\
d video\x07\x00\x00\x00\x07T_De\
bug\x01\x03\x00\x00\x00\x08\x90\x09b\xe9\x89\xc6\x98\
\x91\x08\x00\x00\x00\x00\x06\x00\x00\x00\x0cSelec\
t video\x07\x00\x00\x00\x07T_De\
bug\x01\x03\x00\x00\x00J\x89\xc6\x98\x91e\x87N\
\xf6\x00 \x00(\x00*\x00.\x00m\x00p\x004\x00\
 \x00*\x00.\x00m\x00o\x00v\x00 \x00*\x00\
.\x00m\x00k\x00v\x00 \x00*\x00.\x00a\x00\
v\x00i\x00 \x00*\x00.\x00w\x00e\x00b\x00\
m\x00)\x08\x00\x00\x00\x00\x06\x00\x00\x00,Vid\
eo files (*.mp4 \
*.mov *.mkv *.av\
i *.webm)\x07\x00\x00\x00\x07T_\
Debug\x01\x03\x00\x00\x00\x10`\xa8xn[\
\x9a\x89\x81\x90\x00Q\xfaT\x17\xff\x1f\x08\x00\x00\x00\x00\
\x06\x00\x00\x00!Are you sur\
e you want to op\
t out?\x07\x00\x00\x00\x08T_Dia\
log\x01\x03\x00\x00\x00\x04S\xd6m\x88\x08\x00\x00\
\x00\x00\x06\x00\x00\x00\x06Cancel\x07\x00\x00\
\x00\x08T_Dialog\x01\x03\x00\x00\x00\x0a\
SUQ\xfbg\x00\x5c\x0fS\x16\x08\x00\x00\x00\x00\x06\
\x00\x00\x00\x0eClick Minimi\
ze\x07\x00\x00\x00\x08T_Dialog\x01\
\x03\x00\x00\x00\x0cSUQ\xfbS\xd6m\x88c\x09\x94\
\xae\x08\x00\x00\x00\x00\x06\x00\x00\x00\x17Click\
 the Cancel Butt\
on\x07\x00\x00\x00\x08T_Dialog\x01\
\x03\x00\x00\x00\x0cSUQ\xfbxn[\x9ac\x09\x94\
\xae\x08\x00\x00\x00\x00\x06\x00\x00\x00\x13Click\
 the OK Button\x07\x00\
\x00\x00\x08T_Dialog\x01\x03\x00\x00\x00\
\x10\x81\xea[\x9aNI[\xf9\x8b\xddhFQ\x85[\
\xb9\x08\x00\x00\x00\x00\x06\x00\x00\x00\x15Custo\
m Content Dialog\
\x07\x00\x00\x00\x08T_Dialog\x01\x03\x00\
\x00\x00\x12\x81\xea[\x9aNI[\xf9\x8b\xddhFQ\
\x85[\xb9\x002\x08\x00\x00\x00\x00\x06\x00\x00\x00\x16C\
ustom Content Di\
alog2\x07\x00\x00\x00\x08T_Dial\
og\x01\x03\x00\x00\x00\x16kcW(R\xa0\x8f}\
\xff\x0c\x8b\xf7z\x0d{I\x00.\x00.\x00.\x08\x00\
\x00\x00\x00\x06\x00\x00\x00\x1fData is \
loading, please \
wait...\x07\x00\x00\x00\x08T_Di\
alog\x01\x03\x00\x00\x00\x04_9z\x97\x08\x00\
\x00\x00\x00\x06\x00\x00\x00\x06Dialog\x07\x00\
\x00\x00\x08T_Dialog\x01\x03\x00\x00\x00\
\x08S\xcb`\xc5c\xd0y:\x08\x00\x00\x00\x00\x06\x00\
\x00\x00\x11Friendly Remi\
nder\x07\x00\x00\x00\x08T_Dialo\
g\x01\x03\x00\x00\x00\x06~\xbfW\x8bV\xfe\x08\x00\x00\
\x00\x00\x06\x00\x00\x00\x0aLine Char\
t\x07\x00\x00\x00\x08T_Dialog\x01\x03\
\x00\x00\x00\x06g\x00\x5c\x0fS\x16\x08\x00\x00\x00\x00\x06\
\x00\x00\x00\x08Minimize\x07\x00\x00\x00\
\x08T_Dialog\x01\x03\x00\x00\x00\x04x\
n[\x9a\x08\x00\x00\x00\x00\x06\x00\x00\x00\x02OK\x07\
\x00\x00\x00\x08T_Dialog\x01\x03\x00\x00\
\x00\x10f>y:S\xccc\x09\x94\xae[\xf9\x8b\xdd\
hF\x08\x00\x00\x00\x00\x06\x00\x00\x00\x19Show\
 Double Button D\
ialog\x07\x00\x00\x00\x08T_Dial\
og\x01\x03\x00\x00\x00\x12f>y:N\x09N*\
c\x09\x94\xae[\xf9\x8b\xddhF\x08\x00\x00\x00\x00\x06\
\x00\x00\x00\x19Show Triple \
Button Dialog\x07\x00\x00\
\x00\x08T_Dialog\x01\x03\x00\x00\x00&\
mK\x8b\xd5\x00I\x00n\x00f\x00o\x00B\x00a\
\x00r\x5cB~\xa7W(\x00P\x00o\x00p\x00u\
\x00pNKN\x0a\x08\x00\x00\x00\x00\x06\x00\x00\x00*\
Test the InfoBar\
 level on top of\
 the Popup\x07\x00\x00\x00\x08T\
_Dialog\x01\x03\x00\x00\x00\x08S\xd6m\
\x88R\xa0\x8f}\x08\x00\x00\x00\x00\x06\x00\x00\x00\x06U\
nload\x07\x00\x00\x00\x08T_Dial\
og\x01\x03\x00\x00\x00\x04\x5cU_\x00\x08\x00\x00\x00\
\x00\x06\x00\x00\x00\x08Expander\x07\x00\
\x00\x00\x0aT_Expander\x01\x03\x00\
\x00\x00\x0ebS_\x00N\x00N*SU\x90\x09h\
F\x08\x00\x00\x00\x00\x06\x00\x00\x00\x10Open \
a radio box\x07\x00\x00\x00\x0a\
T_Expander\x01\x03\x00\x00\x00\x12\
bS_\x00N\x00N*n\xd1R\xa8e\x87g,\
hF\x08\x00\x00\x00\x00\x06\x00\x00\x00\x17Open\
 a sliding text \
box\x07\x00\x00\x00\x0aT_Expand\
er\x01\x03\x00\x00\x05\xcaQH^\x1dR\x1bN\x1a\
g*SJ\x80\x0cN-\x90S])k\x82\xff\x0c\
N\xcaY)N\x0bN\x09R\x06\xff\x0cv\xca]\xde\
u\xb2_\x0a\xff\x0ckd\x8b\xdaSq`%[X\
N\xa1NKy\xcbN_0\x02q6O\x8dSk\
NK\x81\xe3N\x0da\xc8N\x8eQ\x85\xff\x0c_\xe0\
_\xd7NKX\xeb_\xd8\x8e\xabN\x8eY\x16\x80\x05\
\xff\x0cv\xd6\x8f\xfdQH^\x1dNKk\x8a\x90G\
\xff\x0ck2b\xa5NKN\x8e\x96[N\x0bN_\
0\x02\x8b\xda[\x9c_\x00_ W#T,\xff\x0c\
N\xe5QIQH^\x1d\x90W_\xb7\xff\x0c`b\
_\x18_\xd7X\xebNKl\x14\xff\x0cN\x0d[\x9c\
Y\x84\x81\xea\x83\xf2\x85\x84\xff\x0c_\x15U\xbbY1\
NI\xff\x0cN\xe5X^_\xe0\x8c\x0fNK\x8d\xef\
N_0\x02[\xabN-^\x9cN-\xff\x0cO\xf1\
N:N\x00OS\xff\x1b\x96_\x7fZ\x81\xe7T&\
\xff\x0cN\x0d[\x9c_\x02T\x0c0\x02\x82\xe5g\x09\
O\x5cYxr\xafy\xd1S\xcaN:_\xe0U\x84\
\x80\x05\xff\x0c[\x9cN\xd8g\x09S\xf8\x8b\xbaQv\
R\x11\x8dO\xff\x0cN\xe5f-\x96[N\x0b^s\
f\x0eNKt\x06\xff\x0cN\x0d[\x9cPOy\xc1\
\xff\x0cO\x7fQ\x85Y\x16_\x02l\xd5N_0\x02\
O\x8dN-0\x01O\x8d\x90\xce\x90\xede8NK\
0\x01\x8d9yN0\x01\x84cQA{I\xff\x0c\
kdv\x86\x82o[\x9e\xff\x0c_\xd7\x86Q_\xe0\
~\xaf\xff\x0cf/N\xe5QH^\x1d{\x80b\xd4\
N\xe5\x90W\x96[N\x0b0\x02a\x1aN\xe5N:\
[\xabN-NKN\x8b\xff\x0cN\x8be\xe0Y'\
\x5c\x0f\xff\x0c`\x89N\xe5T\xa8NK\xff\x0cq6\
T\x0ee\xbd\x88L\xff\x0c_\xc5\x80\xfd\x88\xe8\x88e\
\x96\x19o\x0f\xff\x0cg\x09b@^\x7fv\xca0\x02\
\x5c\x06Q\x9bT\x11[\xa0\xff\x0c`'\x88Lm\xd1\
WG\xff\x0cfSuEQ\x9bN\x8b\xff\x0c\x8b\xd5\
u(N\x8ef\x14e\xe5\xff\x0cQH^\x1dy\xf0\
NKf\xf0\x80\xfd\xff\x0cf/N\xe5O\x17\x8b\xae\
N>[\xa0N:wc0\x02a\x1aN\xe5N:\
\x84%N-NKN\x8b\xff\x0c`\x89N\xe5T\xa8\
NK\xff\x0c_\xc5\x80\xfdO\x7f\x88L\x965T\x8c\
wf\xff\x0cO\x18R\xa3_\x97b@0\x02N\xb2\
\x8d$\x81\xe3\xff\x0c\x8f\xdc\x5c\x0fN\xba\xff\x0ckd\
QHlIb@N\xe5Qt\x96\x86N_\xff\x1b\
N\xb2\x5c\x0fN\xba\xff\x0c\x8f\xdc\x8d$\x81\xe3\xff\x0c\
kdT\x0elIb@N\xe5P>\x98\x93N_\
0\x02QH^\x1dW(e\xf6\xff\x0ck\xcfN\x0e\
\x81\xe3\x8b\xbakdN\x8b\xff\x0cg*\x5c\x1dN\x0d\
S\xf9`ou\xdb`hN\x8ehS0\x01pu\
N_0\x02O\x8dN-0\x01\x5c\x1aNf0\x01\
\x95\x7fS\xf20\x01S\xc2Q\x9b\xff\x0ckd`\x89\
\x8d\x1e\x82ok{\x82\x82NK\x81\xe3\xff\x0ca?\
\x96[N\x0bN\xb2NKO\xe1NK\xff\x0cR\x19\
lI[\xa4NK\x96\x86\xff\x0cS\xef\x8b\xa1e\xe5\
\x80\x0c_\x85N_0\x02\x81\xe3g,^\x03\x88c\
\xff\x0c\x8e\xac\x80\x15N\x8eSW\x963\xff\x0c\x82\xdf\
Qh`'T}N\x8eNqN\x16\xff\x0cN\x0d\
lB\x95\xfb\x8f\xbeN\x8e\x8b\xf8O\xaf0\x02QH\
^\x1dN\x0dN\xe5\x81\xe3SQ\x91\x19\xff\x0cs%\
\x81\xeag\x89\x5cH\xff\x0cN\x09\x98~\x81\xe3N\x8e\
\x83I^\x90NKN-\xff\x0cT\xa8\x81\xe3N\xe5\
_SN\x16NKN\x8b\xff\x0cu1f/a\x1f\
o\xc0\xff\x0c\x90B\x8b\xb8QH^\x1dN\xe5\x9aq\
\x9ap0\x02T\x0eP<P>\x89\x86\xff\x0cS\xd7\
N\xfbN\x8e\x8d%Q\x9bNK\x96E\xff\x0cYI\
T}N\x8eSq\x96\xbeNK\x95\xf4\xff\x0c\x5c\x14\
geN\x8cSAg\x09N\x00^tw\xe30\x02\
QH^\x1dw\xe5\x81\xe3\x8c(aN\xff\x0ceE\
N4])[\xc4\x81\xe3N\xe5Y'N\x8bN_\
0\x02S\xd7T}N\xe5ge\xff\x0cY\x19Y\x1c\
_\xe7S\xf9\xff\x0c`PbXN\xd8N\x0deH\
\xff\x0cN\xe5O$QH^\x1dNKf\x0e\xff\x1b\
eEN\x94g\x08n!l\xf8\xff\x0cm\xf1Qe\
N\x0dk\xdb0\x02N\xcaSWe\xb9]\xf2[\x9a\
\xff\x0cQuu2]\xf2\x8d\xb3\xff\x0c_SYV\
s\x87N\x09Q\x9b\xff\x0cS\x17[\x9aN-S\x9f\
\xff\x0c^\xb6z\xed\x9a}\x94\x9d\xff\x0ce\x18\x96d\
YxQ\xf6\xff\x0cQtY\x0dlI[\xa4\xff\x0c\
\x8f\xd8N\x8ee\xe7\x90\xfd0\x02kd\x81\xe3b@\
N\xe5b\xa5QH^\x1d\x80\x0c_\xe0\x96[N\x0b\
NK\x80LR\x06N_0\x02\x81\xf3N\x8ee\x9f\
\x91Lc_v\xca\xff\x0c\x8f\xdb\x5c=_\xe0\x8a\x00\
\xff\x0cR\x19e8NK0\x01yN0\x01QA\
NKN\xfbN_0\x02a?\x96[N\x0bbX\
\x81\xe3N\xe5\x8b\xa8\x8d<QtY\x0dNKeH\
\xff\x0cN\x0deH\xff\x0cR\x19l\xbb\x81\xe3NK\
\x7fj\xff\x0cN\xe5TJQH^\x1dNKpu\
0\x02\x82\xe5e\xe0Qt_\xb7NK\x8a\x00\xff\x0c\
R\x19\x8d#e8NK0\x01yN0\x01QA\
{INKab\xff\x0cN\xe5_pQvT\x8e\
\xff\x1b\x96[N\x0bN\xa6[\x9c\x81\xea\x8c\x0b\xff\x0c\
N\xe5T\xa8\x8b\xf9U\x84\x90S\xff\x0c[\xdf~\xb3\
\x96\xc5\x8a\x00\xff\x0cm\xf1\x8f\xfdQH^\x1d\x90W\
\x8b\xcf0\x02\x81\xe3N\x0d\x80\xdcS\xd7`ia\x1f\
o\xc00\x02N\xca_S\x8f\xdcy\xbb\xff\x0cN4\
\x88hm\x95\x96\xf6\xff\x0cN\x0dw\xe5b@\x8a\x00\
0\x02\x08\x00\x00\x00\x00\x06\x00\x00\x0e\xcfPerm\
it me to observe\
: the late emper\
or was taken fro\
m us before he c\
ould finish his \
life`s work, the\
 restoration of \
Han. Today, the \
empire is still \
divided in three\
, and our very s\
urvival is threa\
tened. Yet still\
 the officials a\
t court and the \
soldiers through\
out the realm re\
main loyal to yo\
u, your majesty.\
 Because they re\
member the late \
emperor, all of \
them, and they w\
ish to repay his\
 kindness in ser\
vice to you. Thi\
s is the moment \
to extend your d\
ivine influence,\
 to honour the m\
emory of the lat\
e Emperor and st\
rengthen the mor\
ale of your offi\
cers. It is not \
time to listen t\
o bad advice, or\
 close your ears\
 to the suggesti\
ons of loyal men\
.\x0aThe court and \
the administrati\
on are as one. B\
oth must be judg\
ed by one standa\
rd. Those who ar\
e loyal and good\
 must get what t\
hey deserve, but\
 so must the evi\
l-doers who brea\
k the law. This \
will demonstrate\
 the justice of \
your rule. There\
 cannot be one l\
aw for the court\
 and another for\
 the administrat\
ion.\x0aCounselors \
and attendants l\
ike Guo Youzhi, \
Fei Yi, and Dong\
 Yun are all rel\
iable men, loyal\
 of purpose and \
pure in motive. \
The late Emperor\
 selected them f\
or office so tha\
t they would ser\
ve you after his\
 death.These are\
 the men who sho\
uld be consulted\
 on all palace a\
ffairs. Xiang Ch\
ong has proved h\
imself a fine ge\
neral in battle,\
 and the late Em\
peror believed i\
n him. That is w\
hy the assembly \
has recommended \
him for overall \
command. It will\
 keep the troops\
 happy if he is \
consulted on all\
 military matter\
s.\x0aXiang Chong h\
as proved himsel\
f a fine general\
 in battle, and \
the late Emperor\
 believed in him\
. That is why th\
e assembly has r\
ecommended him f\
or overall comma\
nd. It will keep\
 the troops happ\
y if he is consu\
lted on all mili\
tary matters.\x0aTh\
e emperors of th\
e Western Han ch\
ose their courti\
ers wisely, and \
their dynasty fl\
ourished. The em\
perors of the Ea\
stern Han chose \
poorly, and they\
 doomed the empi\
re to ruin. When\
ever the late Em\
peror discussed \
this problem wit\
h me, he lamente\
d the failings o\
f Emperors Huan \
and Ling. Adviso\
rs like Guo Youz\
hi, Fei Yi, Chen\
 Zhen, Zhang Yi,\
 and Jiang Wan \xe2\
\x80\x93 these are all\
 men of great in\
tegrity and devo\
tion. I encourag\
e you to trust t\
hem, your majest\
y, if the house \
of Han is to ris\
e again.\x0aI begin\
 as a common man\
, farming in my \
fields in Nanyan\
g, doing what I \
could to survive\
 in an age of ch\
aos. I never had\
 any interest in\
 making a name f\
or myself as a n\
oble. The late E\
mperor was not a\
shamed to visit \
my cottage and s\
eek my advice. G\
rateful for his \
regard, I respon\
ded to his appea\
l and threw myse\
lf into his serv\
ice. Now twenty-\
one years has pa\
ssed, the late E\
mperor always ap\
preciated my cau\
tion and, in his\
 final days, ent\
rusted me with h\
is cause.\x0aSince \
that moment, I h\
ave been torment\
ed day and night\
 by the fear tha\
t I might let hi\
m down. That is \
why I crossed th\
e Lu river at th\
e height of summ\
er, and entered \
the wastelands b\
eyond. Now the s\
outh has been su\
bdued, and our f\
orces are fully \
armed.I should l\
ead our soldiers\
 to conquer the \
northern heartla\
nd and attempt t\
o remove the hat\
eful traitors, r\
estore the house\
 of Han, and ret\
urn it to the fo\
rmer capital.Thi\
s the way I mean\
 to honor my deb\
t to the late Em\
peror and fulfil\
l my duty to you\
. Guo Youzhi, Fe\
i Yi, and Dong Y\
un are the ones \
who should be ma\
king policy deci\
sions and recomm\
endations.\x0aMy on\
ly desire is to \
be permitted to \
drive out the tr\
aitors and resto\
re the Han. If I\
 should let you \
down, punish my \
offense and repo\
rt it to the spi\
rit of the late \
Emperor. If thos\
e three advisors\
 should fail in \
their duties, th\
en they should b\
e punished for t\
heir negligence.\
Your Majesty, co\
nsider your cour\
se of action car\
efully. Seek out\
 good advice, an\
d never forget t\
he late Emperor.\
 I depart now on\
 a long expediti\
on, and I will b\
e forever gratef\
ul if you heed m\
y advice. Blinde\
d by my own tear\
s, I know not wh\
at I write.\x07\x00\x00\x00\x0a\
T_Expander\x01\x03\x00\x00\x00\x08\
\x7f\xfb\x8fl\x89\xc6V\xfe\x08\x00\x00\x00\x00\x06\x00\x00\
\x00\x08FlipView\x07\x00\x00\x00\x0aT\
_FlipView\x01\x03\x00\x00\x00\x12l\
4^se\xb9T\x11v\x84\x7f\xfb\x8fl\x89\xc6V\
\xfe\x08\x00\x00\x00\x00\x06\x00\x00\x00\x13Horiz\
ontal FlipView\x07\x00\
\x00\x00\x0aT_FlipView\x01\x03\x00\
\x00\x00\x12W\x82v\xf4e\xb9T\x11v\x84\x7f\xfb\x8f\
l\x89\xc6V\xfe\x08\x00\x00\x00\x00\x06\x00\x00\x00\x11V\
ertical FlipView\
\x07\x00\x00\x00\x0aT_FlipView\x01\
\x03\x00\x00\x00\x04e\xe5S\x86\x08\x00\x00\x00\x00\x06\x00\
\x00\x00\x08Calendar\x07\x00\x00\x00\x0a\
T_GroupBox\x01\x03\x00\x00\x00\x0a\
Y\x0d\x90\x09hFR\x06~\xc4\x08\x00\x00\x00\x00\x06\
\x00\x00\x00\x0eCheckBox Gro\
up\x07\x00\x00\x00\x0aT_GroupBo\
x\x01\x03\x00\x00\x00\x06\x80T|\xfbN\xba\x08\x00\x00\
\x00\x00\x06\x00\x00\x00\x08Contacts\x07\
\x00\x00\x00\x0aT_GroupBox\x01\x03\
\x00\x00\x00\x04y\x81u(\x08\x00\x00\x00\x00\x06\x00\x00\
\x00\x08Disabled\x07\x00\x00\x00\x0aT\
_GroupBox\x01\x03\x00\x00\x00\x04\x90\
\xae{\xb1\x08\x00\x00\x00\x00\x06\x00\x00\x00\x06E-m\
ail\x07\x00\x00\x00\x0aT_GroupB\
ox\x01\x03\x00\x00\x00\x08R\x06~\xc4[\xb9Vh\
\x08\x00\x00\x00\x00\x06\x00\x00\x00\x08GroupB\
ox\x07\x00\x00\x00\x0aT_GroupBo\
x\x01\x03\x00\x00\x00\x0aSU\x90\x09hFR\x06~\
\xc4\x08\x00\x00\x00\x00\x06\x00\x00\x00\x11Radio\
Button Group\x07\x00\x00\x00\
\x0aT_GroupBox\x01\x03\x00\x00\x00\
\x0c\x001\x004\x00 N\xba\x96\x05\x8b\xfb\x08\x00\x00\
\x00\x00\x06\x00\x00\x00\x0a14 reader\
s\x07\x00\x00\x00\x06T_Home\x01\x03\x00\x00\
\x00\x0e\x003\x00 N*{I_\x85mK\x8b\xd5\
\x08\x00\x00\x00\x00\x06\x00\x00\x00\x123 wait\
ing for test\x07\x00\x00\x00\
\x06T_Home\x01\x03\x00\x00\x00\x18\x00A\x00\
D\x00B\x00 rygC^\x94u([\x89\x88\
\xc5mAz\x0b\x08\x00\x00\x00\x00\x06\x00\x00\x00\x1fA\
DB privileged ap\
p install flow\x07\x00\
\x00\x00\x06T_Home\x01\x03\x00\x00\x00(\x00\
D\x00U\x00T\x00 \x91\xcdT/T\x0e\x81\xeaR\
\xa8\x91\xcdT/u(O\x8bN\x22Y1[\xa2b\
7z\xefr\xb6`\x01\x08\x00\x00\x00\x00\x06\x00\x00\x00\
5Auto reboot cas\
e loses client s\
tatus after DUT \
reboot\x07\x00\x00\x00\x06T_Hom\
e\x01\x03\x00\x00\x00\x12\x00B\x00i\x00n\x00g\x00\
 k\xcfe\xe5X\xc1~\xb8\x08\x00\x00\x00\x00\x06\x00\
\x00\x00\x14Bing daily wa\
llpaper\x07\x00\x00\x00\x06T_Ho\
me\x01\x03\x00\x00\x00\x10QlS\xf8T\x8c[\x9e\
\x9a\x8c[\xa4O\xe1`o\x08\x00\x00\x00\x00\x06\x00\x00\
\x00\x1bCompany and la\
b information\x07\x00\x00\
\x00\x06T_Home\x01\x03\x00\x00\x00\x14\x00C\
\x00o\x00n\x00f\x00l\x00u\x00e\x00n\x00c\
\x00e\x08\x00\x00\x00\x00\x06\x00\x00\x00\x0aConf\
luence\x07\x00\x00\x00\x06T_Hom\
e\x01\x03\x00\x00\x00\x1a\x00C\x00o\x00n\x00f\x00\
l\x00u\x00e\x00n\x00c\x00e\x00 p\xedp\
\xb9\x08\x00\x00\x00\x00\x06\x00\x00\x00\x13Confl\
uence Hotspots\x07\x00\
\x00\x00\x06T_Home\x01\x03\x00\x00\x00\x0c~\
\xe7~\xedmK\x8b\xd5mAz\x0b\x08\x00\x00\x00\x00\
\x06\x00\x00\x00\x16Continue te\
st workflow\x07\x00\x00\x00\x06\
T_Home\x01\x03\x00\x00\x00\x0c\x00D\x00U\
\x00T\x00 W(~\xbf\x08\x00\x00\x00\x00\x06\x00\x00\
\x00\x0aDUT Online\x07\x00\x00\x00\
\x06T_Home\x01\x03\x00\x00\x00\x08Y1\x8d\
%\x8f\xd0\x88L\x08\x00\x00\x00\x00\x06\x00\x00\x00\x0bF\
ailed Runs\x07\x00\x00\x00\x06T\
_Home\x01\x03\x00\x00\x00$\x96\xc6N-g\
\xe5w\x0bmK\x8b\xd50\x01\x95\xee\x98\x980\x01w\
\xe5\x8b\xc6T\x8cQ\x85\x90\xe8O\xe1`o0\x02\x08\
\x00\x00\x00\x00\x06\x00\x00\x00?Focused\
 view for tests,\
 issues, knowled\
ge and internal \
signals.\x07\x00\x00\x00\x06T_H\
ome\x01\x03\x00\x00\x00\x02\x9a\xd8\x08\x00\x00\x00\x00\
\x06\x00\x00\x00\x04High\x07\x00\x00\x00\x06T_\
Home\x01\x03\x00\x00\x00\x16\x00I\x00P\x00T\
\x00V\x00 k\xcfe\xe5g\x84^\xfa\x90\x1a\x8f\xc7\
\x08\x00\x00\x00\x00\x06\x00\x00\x00\x19IPTV d\
aily build is gr\
een\x07\x00\x00\x00\x06T_Home\x01\x03\
\x00\x00\x00\x06\x8f\xdb\x88LN-\x08\x00\x00\x00\x00\x06\
\x00\x00\x00\x0bIn Progress\x07\
\x00\x00\x00\x06T_Home\x01\x03\x00\x00\x00\x08\
Q\x85\x90\xe8O\xe1`o\x08\x00\x00\x00\x00\x06\x00\x00\
\x00\x10Internal Signa\
ls\x07\x00\x00\x00\x06T_Home\x01\x03\x00\
\x00\x00\x08Q\x85\x7fQO\x18QH\x08\x00\x00\x00\x00\
\x06\x00\x00\x00\x0eIntranet fi\
rst\x07\x00\x00\x00\x06T_Home\x01\x03\
\x00\x00\x00\x14\x00J\x00e\x00n\x00k\x00i\x00n\
\x00s\x00 O\xe1S\xf7\x08\x00\x00\x00\x00\x06\x00\x00\
\x00\x0eJenkins signal\
\x07\x00\x00\x00\x06T_Home\x01\x03\x00\x00\x00\
\x02ON\x08\x00\x00\x00\x00\x06\x00\x00\x00\x03Low\
\x07\x00\x00\x00\x06T_Home\x01\x03\x00\x00\x00\
\x1c\x00M\x00C\x00P\x00 \x8f\xdec\xa5VhP\
e^\xb7h\xc0g\xe5_\x85Y\x04t\x06\x08\x00\x00\
\x00\x00\x06\x00\x00\x00\x22MCP conne\
ctor health chec\
k pending\x07\x00\x00\x00\x06T_\
Home\x01\x03\x00\x00\x00\x10\x00M\x00C\x00P\
\x00 \x5c1~\xea^\x03\x5c@\x08\x00\x00\x00\x00\x06\
\x00\x00\x00\x10MCP ready la\
yout\x07\x00\x00\x00\x06T_Home\x01\
\x03\x00\x00\x00\x02N-\x08\x00\x00\x00\x00\x06\x00\x00\x00\
\x06Medium\x07\x00\x00\x00\x06T_Ho\
me\x01\x03\x00\x00\x00\x0eb\x11v\x84\x00 \x00J\
\x00i\x00r\x00a\x08\x00\x00\x00\x00\x06\x00\x00\x00\x07\
My Jira\x07\x00\x00\x00\x06T_Ho\
me\x01\x03\x00\x00\x00\x0ebS_\x00\x00 \x00J\
\x00i\x00r\x00a\x08\x00\x00\x00\x00\x06\x00\x00\x00\x09\
Open Jira\x07\x00\x00\x00\x06T_\
Home\x01\x03\x00\x00\x00\x1cN\xceO\xa7\x8f\xb9\
h\x0fbS_\x00mK\x8b\xd50\x01\x8f\xd0\x88L\
b\x16b\xa5TJ\x08\x00\x00\x00\x00\x06\x00\x00\x00)\
Open Test, Run o\
r Report from th\
e sidebar\x07\x00\x00\x00\x06T_\
Home\x01\x03\x00\x00\x00*bSS\x05\x8f\xd0\
\x88LVhb~N\x0dR0\x00 \x00A\x00n\
\x00d\x00r\x00o\x00i\x00d\x00 {~T\x0d\
\x8dDn\x90\x08\x00\x00\x00\x00\x06\x00\x00\x007Pa\
ckaged runner ca\
nnot locate Andr\
oid signing reso\
urces\x07\x00\x00\x00\x06T_Home\
\x01\x03\x00\x00\x00R\x00P\x00a\x00g\x00e\x00s\
\x00 \x00l\x00i\x00k\x00e\x00l\x00y\x00 \
\x00u\x00s\x00e\x00f\x00u\x00l\x00 \x00f\
\x00o\x00r\x00 \x00t\x00o\x00d\x00a\x00y\
\x00&\x00a\x00p\x00o\x00s\x00;\x00s\x00 \
\x00w\x00o\x00r\x00k\x08\x00\x00\x00\x00\x06\x00\x00\
\x00$Pages likely u\
seful for today'\
s work\x07\x00\x00\x00\x06T_Hom\
e\x01\x03\x00\x00\x00\x1cge\x81\xeaQ\x85\x7fQ\x00\
 \x00M\x00C\x00P\x00 v\x84N*N\xba\x95\
\xee\x98\x98\x08\x00\x00\x00\x00\x06\x00\x00\x00!Per\
sonal issues fro\
m intranet MCP\x07\x00\
\x00\x00\x06T_Home\x01\x03\x00\x00\x00\x04\x5c\
1~\xea\x08\x00\x00\x00\x00\x06\x00\x00\x00\x05Rea\
dy\x07\x00\x00\x00\x06T_Home\x01\x03\x00\
\x00\x00\x1eb\xa5TJe\xe5_\xd7^\x94O\xddu\
YS\xefn\xdaR\xa8v\x84[\x8cet\x8f\x93Q\
\xfa\x08\x00\x00\x00\x00\x06\x00\x00\x002Repor\
t logs should pr\
eserve scrollabl\
e full output\x07\x00\x00\
\x00\x06T_Home\x01\x03\x00\x00\x00$\x98\x84\
uY~\xd9\x00 \x00C\x00o\x00n\x00f\x00l\
\x00u\x00e\x00n\x00c\x00e\x00 \x00M\x00C\
\x00P\x08\x00\x00\x00\x00\x06\x00\x00\x00\x1bRese\
rved for Conflue\
nce MCP\x07\x00\x00\x00\x06T_Ho\
me\x01\x03\x00\x00\x00\x04\x8b\xc4[\xa1\x08\x00\x00\x00\
\x00\x06\x00\x00\x00\x06Review\x07\x00\x00\x00\
\x06T_Home\x01\x03\x00\x00\x00\x1c\x00S\x00\
6\x00 \x00U\x001\x00 ^sS\xf0mK\x8b\
\xd5h\xc0g\xe5n\x05SU\x08\x00\x00\x00\x00\x06\x00\
\x00\x00\x1dS6 U1 platfor\
m test checklist\
\x07\x00\x00\x00\x06T_Home\x01\x03\x00\x00\x00\
\x0ad\x1c}\x22w\xe5\x8b\xc6^\x93\x08\x00\x00\x00\x00\
\x06\x00\x00\x00\x15Search know\
ledge base\x07\x00\x00\x00\x06T\
_Home\x01\x03\x00\x00\x00\x1a\x00S\x00m\x00\
a\x00r\x00t\x00T\x00e\x00s\x00t\x00 ]\
\xe5O\x5cS\xf0\x08\x00\x00\x00\x00\x06\x00\x00\x00\x13S\
martTest Workben\
ch\x07\x00\x00\x00\x06T_Home\x01\x03\x00\
\x00\x00$\x00S\x00m\x00a\x00r\x00t\x00T\x00\
e\x00s\x00t\x00 bSS\x05\x8f\xd0\x88Ls\
\xafX\x83\x8b\xf4f\x0e\x08\x00\x00\x00\x00\x06\x00\x00\x00\
 SmartTest packa\
ged runtime note\
s\x07\x00\x00\x00\x06T_Home\x01\x03\x00\x00\
\x00$\x002\x00 S\xf0\x00 \x00D\x00U\x00T\
\x00 \x97\x00\x89\x81\x91\xcde\xb0\x8f\xdec\xa5\x00 \
\x00U\x00S\x00B\x08\x00\x00\x00\x00\x06\x00\x00\x00\x1e\
Two DUTs need US\
B reconnection\x07\x00\
\x00\x00\x06T_Home\x01\x03\x00\x00\x00\x04Q\
\x85\x7fQ\x08\x00\x00\x00\x00\x06\x00\x00\x00\x08int\
ranet\x07\x00\x00\x00\x06T_Home\
\x01\x03\x00\x00\x00\x0a[\x9e\x9a\x8c[\xa4r\xb6`\x01\
\x08\x00\x00\x00\x00\x06\x00\x00\x00\x0alab st\
atus\x07\x00\x00\x00\x06T_Home\x01\
\x03\x00\x00\x00\x0cg\x00\x8f\xd1\x8b\xbeY\x07W(~\
\xbf\x08\x00\x00\x00\x00\x06\x00\x00\x00\x13lates\
t device alive\x07\x00\
\x00\x00\x06T_Home\x01\x03\x00\x00\x00\x08\x97\
\x00\x89\x81g\xe5w\x0b\x08\x00\x00\x00\x00\x06\x00\x00\x00\
\x0bneed review\x07\x00\x00\x00\
\x06T_Home\x01\x03\x00\x00\x00\x06e\xb0\x8b\
\xc4\x8b\xba\x08\x00\x00\x00\x00\x06\x00\x00\x00\x0bnew\
 comment\x07\x00\x00\x00\x06T_H\
ome\x01\x03\x00\x00\x00\x0ce\xb0v\x84p\xedp\
\xb9\x98u\x97b\x08\x00\x00\x00\x00\x06\x00\x00\x00\x0dn\
ew hot pages\x07\x00\x00\x00\
\x06T_Home\x01\x03\x00\x00\x00\x08N\xcaY\
)f\xf4e\xb0\x08\x00\x00\x00\x00\x06\x00\x00\x00\x0du\
pdated today\x07\x00\x00\x00\
\x06T_Home\x01\x03\x00\x00\x00\x04V\xfeh\
\x07\x08\x00\x00\x00\x00\x06\x00\x00\x00\x05Icons\
\x07\x00\x00\x00\x07T_Icons\x01\x03\x00\x00\
\x00\x0c\x8b\xf7\x8f\x93QeQs\x95.[W\x08\x00\
\x00\x00\x00\x06\x00\x00\x00\x16Please e\
nter a keyword\x07\x00\
\x00\x00\x07T_Icons\x01\x03\x00\x00\x00\x06\
`\xa8Y\x0dR6\x08\x00\x00\x00\x00\x06\x00\x00\x00\x0b\
You Copied \x07\x00\x00\x00\x07\
T_Icons\x01\x03\x00\x00\x00\x04V\xfeP\
\xcf\x08\x00\x00\x00\x00\x06\x00\x00\x00\x05Image\
\x07\x00\x00\x00\x07T_Image\x01\x03\x00\x00\
\x00\x18V\xferGR\xa0\x8f}Y1\x8d%\xff\x0c\
\x8b\xf7\x91\xcde\xb0R\xa0\x8f}\x08\x00\x00\x00\x00\x06\
\x00\x00\x00'The image fa\
iled to load, pl\
ease reload\x07\x00\x00\x00\x07\
T_Image\x01\x03\x00\x00\x00\x06O\xe1`\
oh\x0f\x08\x00\x00\x00\x00\x06\x00\x00\x00\x07Inf\
oBar\x07\x00\x00\x00\x09T_InfoB\
ar\x01\x03\x00\x00\x00\x14\x97\x00\x89\x81bKR\xa8\
Qs\x95\xedv\x84O\xe1`oh\x0f\x08\x00\x00\x00\
\x00\x06\x00\x00\x00,InfoBar th\
at needs to be t\
urned off manual\
ly\x07\x00\x00\x00\x09T_InfoBar\
\x01\x03\x00\x00\x00\x0ce/c\x01bKR\xa8Qs\
\x95\xed\x08\x00\x00\x00\x00\x06\x00\x00\x00\x1cManu\
al shutdown is s\
upported\x07\x00\x00\x00\x09T_I\
nfoBar\x01\x03\x00\x00\x00\x1e\x8f\xd9f/\
N\x00N*\x00E\x00r\x00r\x00o\x00rh7\
_\x0fv\x84O\xe1`oh\x0f\x08\x00\x00\x00\x00\x06\
\x00\x00\x00%This is an I\
nfoBar in the Er\
ror Style\x07\x00\x00\x00\x09T_\
InfoBar\x01\x03\x00\x00\x00\x1c\x8f\xd9f\
/N\x00N*\x00I\x00n\x00f\x00oh7_\
\x0fv\x84O\xe1`oh\x0f\x08\x00\x00\x00\x00\x06\x00\
\x00\x00$This is an In\
foBar in the Inf\
o Style\x07\x00\x00\x00\x09T_In\
foBar\x01\x03\x00\x00\x00\x22\x8f\xd9f/N\
\x00N*\x00S\x00u\x00c\x00c\x00e\x00s\x00\
sh7_\x0fv\x84O\xe1`oh\x0f\x08\x00\x00\
\x00\x00\x06\x00\x00\x00'This is a\
n InfoBar in the\
 Success Style\x07\x00\
\x00\x00\x09T_InfoBar\x01\x03\x00\x00\
\x00\x22\x8f\xd9f/N\x00N*\x00W\x00a\x00r\
\x00n\x00i\x00n\x00gh7_\x0fv\x84O\xe1\
`oh\x0f\x08\x00\x00\x00\x00\x06\x00\x00\x00'Th\
is is an InfoBar\
 in the Warning \
Style\x07\x00\x00\x00\x09T_Info\
Bar\x01\x03\x00\x00\x00\x0c\x00%\x001\x00 g\
am\x88`o\x08\x00\x00\x00\x00\x06\x00\x00\x00\x0b%\
1 messages\x07\x00\x00\x00\x06T\
_Jira\x01\x03\x00\x00\x00\x0a\x00A\x00I\x00\
 `;~\xd3\x08\x00\x00\x00\x00\x06\x00\x00\x00\x0aA\
I Summary\x07\x00\x00\x00\x06T_\
Jira\x01\x03\x00\x00\x00\x08m\xfbR\xa0ge\
n\x90\x08\x00\x00\x00\x00\x06\x00\x00\x00\x0aAdd \
Source\x07\x00\x00\x00\x06T_Jir\
a\x01\x03\x00\x00\x00\x0eb@g\x09e/c\x01v\
\x84\x98yv\xee\x08\x00\x00\x00\x00\x06\x00\x00\x00\x16A\
ll Supported Pro\
jects\x07\x00\x00\x00\x06T_Jira\
\x01\x03\x00\x00\x00\x04R\x06g\x90\x08\x00\x00\x00\x00\x06\
\x00\x00\x00\x08Analysis\x07\x00\x00\x00\
\x06T_Jira\x01\x03\x00\x00\x00$R\x06g\
\x90\x00 \x00%\x001\xff\x0c^vTJ\x8b\xc9b\
\x11[\x83[\xf9mK\x8b\xd5v\x84\x98\xce\x96i0\
\x02\x08\x00\x00\x00\x00\x06\x00\x00\x00,Analy\
ze %1 and tell m\
e the risk for t\
esting.\x07\x00\x00\x00\x06T_Ji\
ra\x01\x03\x00\x00\x00<R\x06g\x90N\x0e\x00 \
\x00W\x00i \x11\x00F\x00i\x00 z3[\x9a\
`'v\xf8Qsv\x84g*Qs\x95\xed\x7f:\
\x96w\xff\x0c^v`;~\xd3p\xedp\xb9\x95\xee\
\x98\x980\x02\x08\x00\x00\x00\x00\x06\x00\x00\x00HAn\
alyze open bugs \
related to Wi-Fi\
 stability and s\
ummarize the hot\
spots.\x07\x00\x00\x00\x06T_Jir\
a\x01\x03\x00\x00\x00\x06\x96\x8fO\xbf\x95\xee\x08\x00\x00\
\x00\x00\x06\x00\x00\x00\x0cAsk anyth\
ing\x07\x00\x00\x00\x06T_Jira\x01\x03\
\x00\x00\x00\x06~\xcfR\x9eN\xba\x08\x00\x00\x00\x00\x06\
\x00\x00\x00\x08Assignee\x07\x00\x00\x00\
\x06T_Jira\x01\x03\x00\x00\x00\x08\x95\xee\x98\
\x98r\xb6`\x01\x08\x00\x00\x00\x00\x06\x00\x00\x00\x0aB\
ug Status\x07\x00\x00\x00\x06T_\
Jira\x01\x03\x00\x00\x00\x08n\x05zzO\x1a\
\x8b\xdd\x08\x00\x00\x00\x00\x06\x00\x00\x00\x0dClea\
r Session\x07\x00\x00\x00\x06T_\
Jira\x01\x03\x00\x00\x000p\xb9Q\xfbT\x0e\
O\x1ab\x8a\x8f\xd9ga\x8f\xc7n\xe4Vh^\x94\
u(R0_SRM\x00 \x00J\x00Q\x00L\
\x00 \x8f\x93QehF0\x02\x08\x00\x00\x00\x00\x06\
\x00\x00\x002Click to app\
ly this filter t\
o the current JQ\
L box.\x07\x00\x00\x00\x06T_Jir\
a\x01\x03\x00\x00\x00\x08p\xb9Q\xfbe6\x8dw\x08\
\x00\x00\x00\x00\x06\x00\x00\x00\x11Click t\
o collapse\x07\x00\x00\x00\x06T\
_Jira\x01\x03\x00\x00\x00\x08p\xb9Q\xfb\x5c\
U_\x00\x08\x00\x00\x00\x00\x06\x00\x00\x00\x0fCli\
ck to expand\x07\x00\x00\x00\
\x06T_Jira\x01\x03\x00\x00\x00&p\xb9Q\
\xfbS\xef\x5c\x06\x8f\xd9gac\xd0y:\x8b\xcde\
>Qe\x00 \x00A\x00I\x00 \x8f\x93Qeh\
F0\x02\x08\x00\x00\x00\x00\x06\x00\x00\x001Cli\
ck to place this\
 prompt into the\
 AI input box.\x07\x00\
\x00\x00\x06T_Jira\x01\x03\x00\x00\x00\x04Q\
s\x95\xed\x08\x00\x00\x00\x00\x06\x00\x00\x00\x05Clo\
se\x07\x00\x00\x00\x06T_Jira\x01\x03\x00\
\x00\x00\x0ac\x09~\xc4N\xf6\x80Z|{\x08\x00\x00\
\x00\x00\x06\x00\x00\x00\x14Cluster b\
y component\x07\x00\x00\x00\x06\
T_Jira\x01\x03\x00\x00\x00\x04\x8b\xc4\x8b\xba\
\x08\x00\x00\x00\x00\x06\x00\x00\x00\x08Commen\
ts\x07\x00\x00\x00\x06T_Jira\x01\x03\x00\
\x00\x00\x18^8u(\x00 \x00J\x00i\x00r\x00\
a\x00 \x8f\xc7n\xe4gaN\xf6\x08\x00\x00\x00\x00\
\x06\x00\x00\x00\x13Common Jira\
 Filters\x07\x00\x00\x00\x06T_J\
ira\x01\x03\x00\x00\x00\x06]\xf2\x8f\xdec\xa5\x08\
\x00\x00\x00\x00\x06\x00\x00\x00\x09Connect\
ed\x07\x00\x00\x00\x06T_Jira\x01\x03\x00\
\x00\x00\x08\x8f\xdec\xa5r\xb6`\x01\x08\x00\x00\x00\x00\
\x06\x00\x00\x00\x0aConnection\x07\
\x00\x00\x00\x06T_Jira\x01\x03\x00\x00\x00\x08\
[\xf9\x8b\xddS\x86S\xf2\x08\x00\x00\x00\x00\x06\x00\x00\
\x00\x14Conversation H\
istory\x07\x00\x00\x00\x06T_Jir\
a\x01\x03\x00\x00\x00\x04Y\x0dR6\x08\x00\x00\x00\x00\
\x06\x00\x00\x00\x04Copy\x07\x00\x00\x00\x06T_\
Jira\x01\x03\x00\x00\x00\x0eQs\x95.\x98y\
N\x0e\x96;X^\x98y\x08\x00\x00\x00\x00\x06\x00\x00\
\x00\x1aCritical and b\
locked items\x07\x00\x00\x00\
\x06T_Jira\x01\x03\x00\x00\x00\x04c\xcf\x8f\
\xf0\x08\x00\x00\x00\x00\x06\x00\x00\x00\x0bDescr\
iption\x07\x00\x00\x00\x06T_Jir\
a\x01\x03\x00\x00\x000b~Q\xfaS\xef\x80\xfd_\
qT\xcdN\x0bN\x00\x8fnV\xde_Rv\x84\x9a\
\xd8O\x18QH~\xa7\x00 \x00J\x00i\x00r\x00\
a\x00 SU0\x02\x08\x00\x00\x00\x00\x06\x00\x00\x00\
HFind high-prior\
ity Jira tickets\
 that may affect\
 the next regres\
sion run.\x07\x00\x00\x00\x06T_\
Jira\x01\x03\x00\x00\x00\x0e\x80Zq&N\x0b\
N\x00\x8fnV\xde_R\x08\x00\x00\x00\x00\x06\x00\x00\
\x00\x18Focus on next \
regression\x07\x00\x00\x00\x06T\
_Jira\x01\x03\x00\x00\x00\x04S\x86S\xf2\x08\
\x00\x00\x00\x00\x06\x00\x00\x00\x07History\
\x07\x00\x00\x00\x06T_Jira\x01\x03\x00\x00\x00\
\x08\x95\xee\x98\x98|{W\x8b\x08\x00\x00\x00\x00\x06\x00\
\x00\x00\x0bIssue Types\x07\x00\
\x00\x00\x06T_Jira\x01\x03\x00\x00\x00\x06\x95\
\xee\x98\x98SU\x08\x00\x00\x00\x00\x06\x00\x00\x00\x06I\
ssues\x07\x00\x00\x00\x06T_Jira\
\x01\x03\x00\x00\x00\x10\x00J\x00Q\x00L\x00 \x8f\xc7\
n\xe4\x8b\xedS\xe5\x08\x00\x00\x00\x00\x06\x00\x00\x00\x0a\
JQL Filter\x07\x00\x00\x00\x06T\
_Jira\x01\x03\x00\x00\x00\x08\x00J\x00i\x00\
r\x00a\x08\x00\x00\x00\x00\x06\x00\x00\x00\x04Jir\
a\x07\x00\x00\x00\x06T_Jira\x01\x03\x00\x00\
\x00\x14\x00J\x00i\x00r\x00a\x00 \x00A\x00I\
\x00 [\xf9\x8b\xdd\x08\x00\x00\x00\x00\x06\x00\x00\x00\x0c\
Jira AI Chat\x07\x00\x00\x00\
\x06T_Jira\x01\x03\x00\x00\x00\x16\x00J\x00\
i\x00r\x00a\x00 \x00A\x00I\x00 ]\xe5O\
\x5cS\xf0\x08\x00\x00\x00\x00\x06\x00\x00\x00\x11Jir\
a AI Workspace\x07\x00\
\x00\x00\x06T_Jira\x01\x03\x00\x00\x00,\x00\
J\x00i\x00r\x00a\x00 \x00A\x00I\x00 \x9e\
\xd8\x8b\xa4T/u(\x00 \x00J\x00i\x00r\x00\
a\x00 \x00M\x00C\x00P0\x02\x08\x00\x00\x00\x00\
\x06\x00\x00\x00+Jira MCP is\
 enabled by defa\
ult for Jira AI.\
\x07\x00\x00\x00\x06T_Jira\x01\x03\x00\x00\x00\
\x06Qs\x95.[W\x08\x00\x00\x00\x00\x06\x00\x00\x00\
\x0cKeyword text\x07\x00\x00\
\x00\x06T_Jira\x01\x03\x00\x00\x00\x04h\x07\
{~\x08\x00\x00\x00\x00\x06\x00\x00\x00\x06Labe\
ls\x07\x00\x00\x00\x06T_Jira\x01\x03\x00\
\x00\x00\x08R\xa0\x8f}f\xf4Y\x1a\x08\x00\x00\x00\x00\
\x06\x00\x00\x00\x09Load More\x07\x00\
\x00\x00\x06T_Jira\x01\x03\x00\x00\x00\x08k\
cW(R\xa0\x8f}\x08\x00\x00\x00\x00\x06\x00\x00\x00\
\x07Loading\x07\x00\x00\x00\x06T_J\
ira\x01\x03\x00\x00\x00$kcW(R\xa0\x8f\
}O`v\x84\x00 \x00J\x00i\x00r\x00a\x00\
 \x8f\xc7n\xe4Vh\x00.\x00.\x00.\x08\x00\x00\
\x00\x00\x06\x00\x00\x00\x1cLoading y\
our Jira filters\
...\x07\x00\x00\x00\x06T_Jira\x01\x03\
\x00\x00\x00\x0ekcW(R\xa0\x8f}\x00.\x00.\
\x00.\x08\x00\x00\x00\x00\x06\x00\x00\x00\x0aLoad\
ing...\x07\x00\x00\x00\x06T_Jir\
a\x01\x03\x00\x00\x00\x04f\xf4Y\x1a\x08\x00\x00\x00\x00\
\x06\x00\x00\x00\x04More\x07\x00\x00\x00\x06T_\
Jira\x01\x03\x00\x00\x00\x0ab\x11v\x84\x8f\xc7\
n\xe4Vh\x08\x00\x00\x00\x00\x06\x00\x00\x00\x0aMy\
 Filters\x07\x00\x00\x00\x06T_J\
ira\x01\x03\x00\x00\x00\x0c\x8f\xd8l\xa1g\x09\x8b\
\xc4\x8b\xba0\x02\x08\x00\x00\x00\x00\x06\x00\x00\x00\x10N\
o comments yet.\x07\
\x00\x00\x00\x06T_Jira\x01\x03\x00\x00\x00\x0e\
f\x82e\xe0[\xf9\x8b\xddS\x86S\xf20\x02\x08\x00\
\x00\x00\x00\x06\x00\x00\x00\x1cNo conve\
rsation history \
yet.\x07\x00\x00\x00\x06T_Jira\x01\
\x03\x00\x00\x00\x1e_SRM\x8d&S\xf7l\xa1g\
\x09b~R0e6\x85\xcfv\x84\x8f\xc7n\xe4V\
h0\x02\x08\x00\x00\x00\x00\x06\x00\x00\x001No \
favourite filter\
s were found for\
 this account.\x07\x00\
\x00\x00\x06T_Jira\x01\x03\x00\x00\x00\x0ag\
*\x90\x09b\xe9\x95\xee\x98\x98\x08\x00\x00\x00\x00\x06\x00\
\x00\x00\x11No issue sele\
cted\x07\x00\x00\x00\x06T_Jira\x01\
\x03\x00\x00\x00\x18_SRM~\xd3g\x9c\x96\xc6N\
-l\xa1g\x09S\xefu(\x90\x09\x98y\x08\x00\x00\
\x00\x00\x06\x00\x00\x00 No option\
s in current res\
ult set\x07\x00\x00\x00\x06T_Ji\
ra\x01\x03\x00\x00\x00\x06N\x0d\x96PR6\x08\x00\
\x00\x00\x00\x06\x00\x00\x00\x0bNot limi\
ted\x07\x00\x00\x00\x06T_Jira\x01\x03\
\x00\x00\x00d\x8f\x93Qe\x00 \x00J\x00i\x00r\
\x00a\x00 \x8f\xc7n\xe4\x8b\xedS\xe5\xff\x0cO\x8b\
Y\x82\xff\x1a\x00p\x00r\x00o\x00j\x00e\x00c\
\x00t\x00 \x00=\x00 \x00T\x00V\x00 \x00O\
\x00R\x00D\x00E\x00R\x00 \x00B\x00Y\x00 \
\x00c\x00r\x00e\x00a\x00t\x00e\x00d\x00 \
\x00D\x00E\x00S\x00C\x08\x00\x00\x00\x00\x06\x00\x00\
\x00DPaste a Jira f\
ilter, for examp\
le: project = TV\
 ORDER BY create\
d DESC\x07\x00\x00\x00\x06T_Jir\
a\x01\x03\x00\x00\x00\x04\x98\x84\x89\xc8\x08\x00\x00\x00\x00\
\x06\x00\x00\x00\x07Preview\x07\x00\x00\x00\
\x06T_Jira\x01\x03\x00\x00\x00\x06O\x18Q\
H~\xa7\x08\x00\x00\x00\x00\x06\x00\x00\x00\x0aPri\
orities\x07\x00\x00\x00\x06T_Ji\
ra\x01\x03\x00\x00\x00\x06O\x18QH~\xa7\x08\x00\
\x00\x00\x00\x06\x00\x00\x00\x08Priority\
\x07\x00\x00\x00\x06T_Jira\x01\x03\x00\x00\x00\
\x04\x98yv\xee\x08\x00\x00\x00\x00\x06\x00\x00\x00\x08P\
rojects\x07\x00\x00\x00\x06T_Ji\
ra\x01\x03\x00\x00\x00\x04_\xebcw\x08\x00\x00\x00\
\x00\x06\x00\x00\x00\x05Quick\x07\x00\x00\x00\x06\
T_Jira\x01\x03\x00\x00\x00\x0c_\x85mK\
\x95\xee\x98\x98R\x06\x8b\xca\x08\x00\x00\x00\x00\x06\x00\x00\
\x00\x15Ready-for-test\
 triage\x07\x00\x00\x00\x06T_Ji\
ra\x01\x03\x00\x00\x00\x08g\x00\x8f\xd1O\x1a\x8b\xdd\
\x08\x00\x00\x00\x00\x06\x00\x00\x00\x0fRecent\
 Sessions\x07\x00\x00\x00\x06T_\
Jira\x01\x03\x00\x00\x00\x08R7e\xb0~\xd3\
g\x9c\x08\x00\x00\x00\x00\x06\x00\x00\x00\x0fRefr\
esh Results\x07\x00\x00\x00\x06\
T_Jira\x01\x03\x00\x00\x00\x06b\xa5TJ\
N\xba\x08\x00\x00\x00\x00\x06\x00\x00\x00\x08Repo\
rter\x07\x00\x00\x00\x06T_Jira\x01\
\x03\x00\x00\x00\x08\x91\xcde\xb0S\xd1\x90\x01\x08\x00\x00\
\x00\x00\x06\x00\x00\x00\x06Resend\x07\x00\x00\
\x00\x06T_Jira\x01\x03\x00\x00\x00\x08\x89\xe3\
Q\xb3~\xd3g\x9c\x08\x00\x00\x00\x00\x06\x00\x00\x00\x0a\
Resolution\x07\x00\x00\x00\x06T\
_Jira\x01\x03\x00\x00\x00\x08h\xc0}\x22\x83\
\x03V\xf4\x08\x00\x00\x00\x00\x06\x00\x00\x00\x0cSea\
rch Scope\x07\x00\x00\x00\x06T_\
Jira\x01\x03\x00\x00\x00\x0c_SRM\x90\x09\
N-\x95\xee\x98\x98\x08\x00\x00\x00\x00\x06\x00\x00\x00\x0e\
Selected Issue\x07\x00\
\x00\x00\x06T_Jira\x01\x03\x00\x00\x00&g\
\xe5w\x0bg,ThR\x06\x91M~\xd9b\x11v\
\x84\x95\xee\x98\x98\xff\x0c^vc\x07Q\xfa\x96;X\
^\x98y0\x02\x08\x00\x00\x00\x00\x06\x00\x00\x00@S\
how the issues a\
ssigned to me th\
is week and poin\
t out blockers.\x07\
\x00\x00\x00\x06T_Jira\x01\x03\x00\x00\x00@\
_SRMv{_Uu(b7\xff\x1a\x00%\
\x0010\x02\x00L\x00D\x00A\x00P\x00 Q\xed\
cnO\x1av\xf4c\xa5Y\x0du(N\x8e\x00 \
\x00J\x00i\x00r\x00a\x00 \x8b\xbf\x95\xee0\x02\
\x08\x00\x00\x00\x00\x06\x00\x00\x00FSigned\
 in as %1. LDAP \
credentials are \
reused directly \
for Jira access.\
\x07\x00\x00\x00\x06T_Jira\x01\x03\x00\x00\x00\
4\x00S\x00m\x00a\x00r\x00t\x00T\x00e\x00\
s\x00t\x00 \x00A\x00I\x00 S\xef\x80\xfdQ\
\xfa\x95\x190\x02\x8b\xf7h8[\xf9\x91\xcd\x89\x81O\
\xe1`o0\x02\x08\x00\x00\x00\x00\x06\x00\x00\x00=S\
martTest AI can \
make mistakes. V\
erify important \
information.\x07\x00\x00\x00\
\x06T_Jira\x01\x03\x00\x00\x00\x04gen\
\x90\x08\x00\x00\x00\x00\x06\x00\x00\x00\x07Sourc\
es\x07\x00\x00\x00\x06T_Jira\x01\x03\x00\
\x00\x00\x16\x00S\x00p\x00r\x00i\x00n\x00t\x00\
 \x98\xce\x96i[\xa1g\xe5\x08\x00\x00\x00\x00\x06\x00\
\x00\x00\x12Sprint risk r\
eview\x07\x00\x00\x00\x06T_Jira\
\x01\x03\x00\x00\x00\x04r\xb6`\x01\x08\x00\x00\x00\x00\x06\
\x00\x00\x00\x06Status\x07\x00\x00\x00\x06T\
_Jira\x01\x03\x00\x00\x00\x04r\xb6`\x01\x08\
\x00\x00\x00\x00\x06\x00\x00\x00\x08Statuse\
s\x07\x00\x00\x00\x06T_Jira\x01\x03\x00\x00\
\x00\x0a~\xd3g\x84S\x16~\xd3g\x9c\x08\x00\x00\x00\
\x00\x06\x00\x00\x00\x12Structured\
 Results\x07\x00\x00\x00\x06T_J\
ira\x01\x03\x00\x00\x00\x0e^\xfa\x8b\xaeN\x0bN\
\x00keR\xa8O\x5c\x08\x00\x00\x00\x00\x06\x00\x00\x00\
\x16Suggested Next \
Actions\x07\x00\x00\x00\x06T_Ji\
ra\x01\x03\x00\x00\x00\x08c\xa8\x83Pc\xd0\x95\xee\
\x08\x00\x00\x00\x00\x06\x00\x00\x00\x11Sugges\
ted Queries\x07\x00\x00\x00\x06\
T_Jira\x01\x03\x00\x00\x00\x0c`\x1d\x80\x03\
N-\x00.\x00.\x00.\x08\x00\x00\x00\x00\x06\x00\x00\
\x00\x0bThinking...\x07\x00\x00\
\x00\x06T_Jira\x01\x03\x00\x00\x00\x08e\xf6\
\x95\xf4\x83\x03V\xf4\x08\x00\x00\x00\x00\x06\x00\x00\x00\x0b\
Time Window\x07\x00\x00\x00\x06\
T_Jira\x01\x03\x00\x00\x00\x04|{W\x8b\
\x08\x00\x00\x00\x00\x06\x00\x00\x00\x04Type\x07\x00\
\x00\x00\x06T_Jira\x01\x03\x00\x00\x00\x0cO\
\x7fu(_SRM\x95\xee\x98\x98\x08\x00\x00\x00\x00\
\x06\x00\x00\x00\x12Use Selecte\
d Issue\x07\x00\x00\x00\x06T_Ji\
ra\x01\x03\x00\x00\x00\x04\x8b\xed\x97\xf3\x08\x00\x00\x00\
\x00\x06\x00\x00\x00\x05Voice\x07\x00\x00\x00\x06\
T_Jira\x01\x03\x00\x00\x00\x06{I_\x85\
N-\x08\x00\x00\x00\x00\x06\x00\x00\x00\x07Wait\
ing\x07\x00\x00\x00\x06T_Jira\x01\x03\
\x00\x00\x00ZXkQ\x99T\x0e\xff\x0c\x00S\x00m\
\x00a\x00r\x00t\x00T\x00e\x00s\x00t\x00 \
\x5c\x06v\xf4c\xa5O\x7fu(\x8f\xd9ga\x00 \
\x00J\x00Q\x00L\xff\x0c^v\x8d\xf3\x8f\xc7N\x0b\
e\xb9v\x84^8u(\x00 \x00J\x00i\x00r\
\x00a\x00 \x8f\xc7n\xe4gaN\xf60\x02\x08\x00\
\x00\x00\x00\x06\x00\x00\x00dWhen thi\
s field is fille\
d, SmartTest use\
s this JQL direc\
tly and skips th\
e common Jira fi\
lters below.\x07\x00\x00\x00\
\x06T_Jira\x01\x03\x00\x00\x00\x14\x00W\x00\
i \x11\x00F\x00i\x00 \x7f:\x96wR\x06g\
\x90\x08\x00\x00\x00\x00\x06\x00\x00\x00\x15Wi-Fi\
 defect analysis\
\x07\x00\x00\x00\x06T_Jira\x01\x03\x00\x00\x00\
\x08mAz\x0b\x98\x84\x8b\xbe\x08\x00\x00\x00\x00\x06\x00\
\x00\x00\x0fWorkflow Pres\
et\x07\x00\x00\x00\x06T_Jira\x01\x03\x00\
\x00\x004\x00|\x00 f\xf4e\xb0N\x8e\x00 \x00\
%\x001\x00 \x00|\x00 \x00%\x002\x00 g\
a\x8b\xc4\x8b\xba\x00 \x00|\x00 \x00%\x003\x00\
 N*\x94\xfec\xa5\x08\x00\x00\x00\x00\x06\x00\x00\x00\
%| Updated %1 | \
%2 comments | %3\
 links\x07\x00\x00\x00\x06T_Jir\
a\x01\x03\x00\x00\x00\x06~\xbfW\x8bV\xfe\x08\x00\x00\
\x00\x00\x06\x00\x00\x00\x0aLine Char\
t\x07\x00\x00\x00\x0bT_LineChar\
t\x01\x03\x00\x00\x00\x04QsN\x8e\x08\x00\x00\x00\x00\
\x06\x00\x00\x00\x05About\x07\x00\x00\x00\x06T\
_Menu\x01\x03\x00\x00\x00\x04Y\x0d\x90\x09\x08\
\x00\x00\x00\x00\x06\x00\x00\x00\x05Check\x07\x00\
\x00\x00\x06T_Menu\x01\x03\x00\x00\x00\x04Y\
\x0dR6\x08\x00\x00\x00\x00\x06\x00\x00\x00\x04Cop\
y\x07\x00\x00\x00\x06T_Menu\x01\x03\x00\x00\
\x00\x04RjR\x07\x08\x00\x00\x00\x00\x06\x00\x00\x00\x03\
Cut\x07\x00\x00\x00\x06T_Menu\x01\x03\
\x00\x00\x00\x08N\x0dS\xefd\xcdO\x5c\x08\x00\x00\x00\
\x00\x06\x00\x00\x00\x07Disable\x07\x00\x00\
\x00\x06T_Menu\x01\x03\x00\x00\x00\x06\x00D\
\x00O\x00C\x08\x00\x00\x00\x00\x06\x00\x00\x00\x03Do\
c\x07\x00\x00\x00\x06T_Menu\x01\x03\x00\x00\
\x00\x04\x7f\x16\x8f\x91\x08\x00\x00\x00\x00\x06\x00\x00\x00\x04\
Edit\x07\x00\x00\x00\x06T_Menu\x01\
\x03\x00\x00\x00\x04e\x87N\xf6\x08\x00\x00\x00\x00\x06\x00\
\x00\x00\x04File\x07\x00\x00\x00\x06T_Me\
nu\x01\x03\x00\x00\x00\x04^.R\xa9\x08\x00\x00\x00\
\x00\x06\x00\x00\x00\x04Help\x07\x00\x00\x00\x06T\
_Menu\x01\x03\x00\x00\x00\x04\x83\xdcSU\x08\
\x00\x00\x00\x00\x06\x00\x00\x00\x04Menu\x07\x00\x00\
\x00\x06T_Menu\x01\x03\x00\x00\x00\x06\x83\xdc\
SUh\x0f\x08\x00\x00\x00\x00\x06\x00\x00\x00\x07Me\
nuBar\x07\x00\x00\x00\x06T_Menu\
\x01\x03\x00\x00\x00\x0ae\xb0^\xfa\x00.\x00.\x00.\
\x08\x00\x00\x00\x00\x06\x00\x00\x00\x06New...\
\x07\x00\x00\x00\x06T_Menu\x01\x03\x00\x00\x00\
\x0abS_\x00\x00.\x00.\x00.\x08\x00\x00\x00\x00\
\x06\x00\x00\x00\x07Open...\x07\x00\x00\x00\
\x06T_Menu\x01\x03\x00\x00\x00\x06\x00P\x00\
D\x00F\x08\x00\x00\x00\x00\x06\x00\x00\x00\x03PDF\
\x07\x00\x00\x00\x06T_Menu\x01\x03\x00\x00\x00\
\x04|\x98\x8d4\x08\x00\x00\x00\x00\x06\x00\x00\x00\x05P\
aste\x07\x00\x00\x00\x06T_Menu\x01\
\x03\x00\x00\x00\x04\x90\x00Q\xfa\x08\x00\x00\x00\x00\x06\x00\
\x00\x00\x04Quit\x07\x00\x00\x00\x06T_Me\
nu\x01\x03\x00\x00\x00\x04O\xdd[X\x08\x00\x00\x00\
\x00\x06\x00\x00\x00\x04Save\x07\x00\x00\x00\x06T\
_Menu\x01\x03\x00\x00\x00\x0cS\xe6[XN\
:\x00.\x00.\x00.\x08\x00\x00\x00\x00\x06\x00\x00\x00\
\x0aSave As...\x07\x00\x00\x00\x06\
T_Menu\x01\x03\x00\x00\x00\x04d\x1c}\x22\
\x08\x00\x00\x00\x00\x06\x00\x00\x00\x06Search\
\x07\x00\x00\x00\x06T_Menu\x01\x03\x00\x00\x00\
\x0cbS_\x00\x83\xdcSU_9hF\x08\x00\x00\
\x00\x00\x06\x00\x00\x00\x0fShow Menu\
 Popup\x07\x00\x00\x00\x06T_Men\
u\x01\x03\x00\x00\x01\x14\x00&\x00l\x00t\x00;\x00\
f\x00o\x00n\x00t\x00 \x00c\x00o\x00l\x00\
o\x00r\x00=\x00&\x00a\x00p\x00o\x00s\x00\
;\x00r\x00e\x00d\x00&\x00a\x00p\x00o\x00\
s\x00;\x00&\x00g\x00t\x00;\x00S\x00i\x00\
n\x00g\x00l\x00e\x00I\x00n\x00s\x00t\x00\
a\x00n\x00c\x00e\x00&\x00l\x00t\x00;\x00\
/\x00f\x00o\x00n\x00t\x00&\x00g\x00t\x00\
;\x00 \x00m\x00o\x00d\x00e\x00 \x00w\x00\
i\x00n\x00d\x00o\x00w\xff\x0c\x00I\x00f\x00\
 \x00t\x00h\x00e\x00 \x00w\x00i\x00n\x00\
d\x00o\x00w\x00 \x00e\x00x\x00i\x00s\x00\
t\x00s\x00,\x00 \x00d\x00e\x00s\x00t\x00\
r\x00o\x00y\x00 \x00t\x00h\x00e\x00 \x00\
w\x00i\x00n\x00d\x00o\x00w\x00 \x00a\x00\
n\x00d\x00 \x00c\x00r\x00e\x00a\x00t\x00\
e\x00 \x00a\x00 \x00n\x00e\x00w\x00 \x00\
w\x00i\x00n\x00d\x00o\x00w\x08\x00\x00\x00\x00\
\x06\x00\x00\x00v<font color\
='red'>SingleIns\
tance</font> mod\
e window\xef\xbc\x8cIf th\
e window exists,\
 destroy the win\
dow and create a\
 new window\x07\x00\x00\x00\x0d\
T_MultiWindow\x01\x03\x00\
\x00\x00\xe6\x00&\x00l\x00t\x00;\x00f\x00o\x00\
n\x00t\x00 \x00c\x00o\x00l\x00o\x00r\x00\
=\x00&\x00a\x00p\x00o\x00s\x00;\x00r\x00\
e\x00d\x00&\x00a\x00p\x00o\x00s\x00;\x00\
&\x00g\x00t\x00;\x00S\x00i\x00n\x00g\x00\
l\x00e\x00T\x00a\x00s\x00k\x00&\x00l\x00\
t\x00;\x00/\x00f\x00o\x00n\x00t\x00&\x00\
g\x00t\x00;\x00 \x00m\x00o\x00d\x00e\x00\
 \x00w\x00i\x00n\x00d\x00o\x00w\xff\x0c\x00\
I\x00f\x00 \x00a\x00 \x00w\x00i\x00n\x00\
d\x00o\x00w\x00 \x00e\x00x\x00i\x00s\x00\
t\x00s\x00,\x00 \x00t\x00h\x00i\x00s\x00\
 \x00a\x00c\x00t\x00i\x00v\x00a\x00t\x00\
e\x00s\x00 \x00t\x00h\x00e\x00 \x00w\x00\
i\x00n\x00d\x00o\x00w\x08\x00\x00\x00\x00\x06\x00\
\x00\x00_<font color='\
red'>SingleTask<\
/font> mode wind\
ow\xef\xbc\x8cIf a window\
 exists, this ac\
tivates the wind\
ow\x07\x00\x00\x00\x0dT_MultiWi\
ndow\x01\x03\x00\x00\x00n\x00<\x00f\x00o\
\x00n\x00t\x00 \x00c\x00o\x00l\x00o\x00r\
\x00=\x00'\x00r\x00e\x00d\x00'\x00>\x00S\
\x00t\x00a\x00n\x00d\x00a\x00r\x00d\x00<\
\x00/\x00f\x00o\x00n\x00t\x00>\x00 Y\xaf\
 3}!~\xd0i@_[\x95\x1b\x5c~v!\
Z\x06\xff\xe0QXm|l,W\xb1[\xe4p\xd8\
g\xca~\xd0i@_[\x08\x00\x00\x00\x00\x06\x00\x00\
\x00R<font color='r\
ed'>Standard</fo\
nt> mode window\xef\
\xbc\x8ca new window i\
s created every \
time\x07\x00\x00\x00\x0dT_Multi\
Window\x01\x03\x00\x00\x00\x08R\x1b^\xfa\
z\x97S\xe3\x08\x00\x00\x00\x00\x06\x00\x00\x00\x0dCr\
eate Window\x07\x00\x00\x00\x0d\
T_MultiWindow\x01\x03\x00\
\x00\x000R\x1b^\xfaN\x00N*z\x97S\xe3\xff\
\x0c^vd:^&S\xc2epu(b7T\
\x0d\xff\x1a\x00z\x00h\x00u\x00z\x00i\x00c\x00\
h\x00u\x08\x00\x00\x00\x00\x06\x00\x00\x005Cre\
ate a window wit\
h the parameter \
username: zhuzic\
hu\x07\x00\x00\x00\x0dT_MultiWi\
ndow\x01\x03\x00\x00\x00\x1cR\x1b^\xfaN\x00\
N*z\x97S\xe3\xff\x0cN\x0dd:^&N\xfb\
OUS\xc2ep\x08\x00\x00\x00\x00\x06\x00\x00\x001\
Create the windo\
w without carryi\
ng any parameter\
s\x07\x00\x00\x00\x0dT_MultiWin\
dow\x01\x03\x00\x00\x00J\x00L\x00o\x00g\x00\
i\x00n\x00 \x00W\x00i\x00n\x00d\x00o\x00\
w\x00 \x00R\x00e\x00t\x00u\x00r\x00n\x00\
e\x00d\x00 \x00P\x00a\x00s\x00s\x00w\x00\
o\x00r\x00d\x00 \x00-\x00 \x00&\x00g\x00\
t\x00;\x08\x00\x00\x00\x00\x06\x00\x00\x00\x22Log\
in Window Return\
ed Password - >\x07\
\x00\x00\x00\x0dT_MultiWindo\
w\x01\x03\x00\x00\x00\x06Y\x1az\x97S\xe3\x08\x00\x00\
\x00\x00\x06\x00\x00\x00\x0bMultiWind\
ow\x07\x00\x00\x00\x0dT_MultiWi\
ndow\x01\x03\x00\x00\x00\x04R\x06\x98u\x08\x00\
\x00\x00\x00\x06\x00\x00\x00\x0aPaginati\
on\x07\x00\x00\x00\x0cT_Paginat\
ion\x01\x03\x00\x00\x00\x04\x99|V\xfe\x08\x00\x00\
\x00\x00\x06\x00\x00\x00\x09Pie Chart\
\x07\x00\x00\x00\x0aT_PieChart\x01\
\x03\x00\x00\x00\x04b@g\x09\x08\x00\x00\x00\x00\x06\x00\
\x00\x00\x03All\x07\x00\x00\x00\x07T_Piv\
ot\x01\x03\x00\x00\x00\x14b@g\x09u5[P\
\x90\xaeN\xf6\x90\xfdW(\x8f\xd9\x91\xcc\x08\x00\x00\x00\
\x00\x06\x00\x00\x00\x13All emails\
 go here.\x07\x00\x00\x00\x07T_\
Pivot\x01\x03\x00\x00\x00\x04h\x07\x8b\xb0\x08\
\x00\x00\x00\x00\x06\x00\x00\x00\x07Flagged\
\x07\x00\x00\x00\x07T_Pivot\x01\x03\x00\x00\
\x00\x14h\x07\x8b\xb0u5[P\x90\xaeN\xf6\x90\xfd\
W(\x8f\xd9\x91\xcc\x08\x00\x00\x00\x00\x06\x00\x00\x00\x17\
Flagged emails g\
o here.\x07\x00\x00\x00\x07T_Pi\
vot\x01\x03\x00\x00\x00\x04\x8ft\x8fl\x08\x00\x00\
\x00\x00\x06\x00\x00\x00\x05Pivot\x07\x00\x00\x00\
\x07T_Pivot\x01\x03\x00\x00\x00\x04g*\
\x8b\xfb\x08\x00\x00\x00\x00\x06\x00\x00\x00\x06Unre\
ad\x07\x00\x00\x00\x07T_Pivot\x01\x03\
\x00\x00\x00\x14g*\x8b\xfbu5[P\x90\xaeN\xf6\
\x90\xfdW(\x8f\xd9\x91\xcc\x08\x00\x00\x00\x00\x06\x00\x00\
\x00\x16Unread emails \
go here.\x07\x00\x00\x00\x07T_P\
ivot\x01\x03\x00\x00\x00\x04}'`%\x08\x00\
\x00\x00\x00\x06\x00\x00\x00\x06Urgent\x07\x00\
\x00\x00\x07T_Pivot\x01\x03\x00\x00\x00\x14\
}'`%u5[P\x90\xaeN\xf6\x90\xfdW(\
\x8f\xd9\x91\xcc\x08\x00\x00\x00\x00\x06\x00\x00\x00\x16Ur\
gent emails go h\
ere.\x07\x00\x00\x00\x07T_Pivot\
\x01\x03\x00\x00\x00\x0cg\x81WPh\x07S:W\xdf\
V\xfe\x08\x00\x00\x00\x00\x06\x00\x00\x00\x10Pola\
r Area Chart\x07\x00\x00\x00\
\x10T_PolarAreaChar\
t\x01\x03\x00\x00\x00\x06\x8f\xdb^\xa6ga\x08\x00\x00\
\x00\x00\x06\x00\x00\x00\x08Progress\x07\
\x00\x00\x00\x0aT_Progress\x01\x03\
\x00\x00\x00\x06N\x8c~\xf4x\x01\x08\x00\x00\x00\x00\x06\
\x00\x00\x00\x06QRCode\x07\x00\x00\x00\x08T\
_QRCode\x01\x03\x00\x00\x00\x06\x96\xf7\x8f\
\xbeV\xfe\x08\x00\x00\x00\x00\x06\x00\x00\x00\x0bRad\
ar Chart\x07\x00\x00\x00\x0cT_R\
adarChart\x01\x03\x00\x00\x00\x04y\
\x81u(\x08\x00\x00\x00\x00\x06\x00\x00\x00\x08Dis\
abled\x07\x00\x00\x00\x0dT_Radi\
oButton\x01\x03\x00\x00\x00\x02]\xe6\x08\
\x00\x00\x00\x00\x06\x00\x00\x00\x04Left\x07\x00\x00\
\x00\x0dT_RadioButton\x01\
\x03\x00\x00\x00\x08SU\x90\x09c\x09\x94\xae\x08\x00\x00\
\x00\x00\x06\x00\x00\x00\x0bRadioButt\
on\x07\x00\x00\x00\x0dT_RadioBu\
tton\x01\x03\x00\x00\x00\x02S\xf3\x08\x00\x00\x00\
\x00\x06\x00\x00\x00\x05Right\x07\x00\x00\x00\x0d\
T_RadioButton\x01\x03\x00\
\x00\x00\x08\x8b\xc4~\xa7c\xa7R6\x08\x00\x00\x00\x00\
\x06\x00\x00\x00\x0dRatingContr\
ol\x07\x00\x00\x00\x0fT_RatingC\
ontrol\x01\x03\x00\x00\x00\x04w\xe9_b\
\x08\x00\x00\x00\x00\x06\x00\x00\x00\x09Rectan\
gle\x07\x00\x00\x00\x0bT_Rectan\
gle\x01\x03\x00\x00\x00\x0e[\xfcQ\xfa\x00 \x00\
H\x00T\x00M\x00L\x08\x00\x00\x00\x00\x06\x00\x00\x00\
\x0bExport HTML\x07\x00\x00\x00\
\x08T_Report\x01\x03\x00\x00\x00\x0eb\
\xa5TJR\xa0\x8f}Y1\x8d%0\x02\x08\x00\x00\
\x00\x00\x06\x00\x00\x00\x16Failed to\
 load report.\x07\x00\x00\
\x00\x08T_Report\x01\x03\x00\x00\x00\x0e\
kcW(R\xa0\x8f}\x00.\x00.\x00.\x08\x00\
\x00\x00\x00\x06\x00\x00\x00\x0aLoading.\
..\x07\x00\x00\x00\x08T_Report\x01\
\x03\x00\x00\x00\x0ae\xe0\x00 \x00D\x00U\x00T\x08\
\x00\x00\x00\x00\x06\x00\x00\x00\x06No DUT\x07\
\x00\x00\x00\x08T_Report\x01\x03\x00\x00\
\x00\x0eW(mO\x89\xc8VhN-bS_\x00\
\x08\x00\x00\x00\x00\x06\x00\x00\x00\x0fOpen i\
n browser\x07\x00\x00\x00\x08T_\
Report\x01\x03\x00\x00\x00\x0ebS_\x00\
b\xa5TJe\x87N\xf6Y9\x08\x00\x00\x00\x00\x06\
\x00\x00\x00\x12Open report \
folder\x07\x00\x00\x00\x08T_Rep\
ort\x01\x03\x00\x00\x00\x04\x5c1~\xea\x08\x00\x00\
\x00\x00\x06\x00\x00\x00\x05Ready\x07\x00\x00\x00\
\x08T_Report\x01\x03\x00\x00\x00\x04R\
7e\xb0\x08\x00\x00\x00\x00\x06\x00\x00\x00\x07Ref\
resh\x07\x00\x00\x00\x08T_Repor\
t\x01\x03\x00\x00\x00\x08\x91\xcde\xb0R\xa0\x8f}\x08\
\x00\x00\x00\x00\x06\x00\x00\x00\x06Reload\x07\
\x00\x00\x00\x08T_Report\x01\x03\x00\x00\
\x00\x04b\xa5TJ\x08\x00\x00\x00\x00\x06\x00\x00\x00\x06\
Report\x07\x00\x00\x00\x08T_Rep\
ort\x01\x03\x00\x00\x00\x1a\x8f\xd0\x88LmK\x8b\
\xd5N\xe5u\x1fb\x10{,N\x00N\xfdb\xa5T\
J0\x02\x08\x00\x00\x00\x00\x06\x00\x00\x00(Run\
 a test to gener\
ate the first re\
port.\x07\x00\x00\x00\x08T_Repo\
rt\x01\x03\x00\x00\x00\x08\x8f\xd0\x88L\x8b\xb0_U\
\x08\x00\x00\x00\x00\x06\x00\x00\x00\x04Runs\x07\x00\
\x00\x00\x08T_Report\x01\x03\x00\x00\x00\
&`;ep\x00 \x00%\x001\x00 \x00 \x90\
\x1a\x8f\xc7\x00 \x00%\x002\x00 \x00 Y1\x8d\
%\x00 \x00%\x003\x08\x00\x00\x00\x00\x06\x00\x00\x00\
\x1eTotal %1  Passe\
d %2  Failed %3\x07\
\x00\x00\x00\x08T_Report\x01\x03\x00\x00\
\x00\x08g*w\xe5e\xf6\x95\xf4\x08\x00\x00\x00\x00\x06\
\x00\x00\x00\x0cUnknown time\
\x07\x00\x00\x00\x08T_Report\x01\x03\x00\
\x00\x00\x04e6\x8dw\x08\x00\x00\x00\x00\x06\x00\x00\x00\
\x08Collapse\x07\x00\x00\x00\x05T_\
Run\x01\x03\x00\x00\x00\x0c\x00D\x00U\x00T\x00\
 \x8f\xdb^\xa6\x08\x00\x00\x00\x00\x06\x00\x00\x00\x0cD\
UT Progress\x07\x00\x00\x00\x05\
T_Run\x01\x03\x00\x00\x00\x04\x5cU_\x00\x08\
\x00\x00\x00\x00\x06\x00\x00\x00\x06Expand\x07\
\x00\x00\x00\x05T_Run\x01\x03\x00\x00\x00\x0aY\
1\x8d%\x00 \x00%\x001\x08\x00\x00\x00\x00\x06\x00\
\x00\x00\x09Failed %1\x07\x00\x00\x00\
\x05T_Run\x01\x03\x00\x00\x00\x08\x96\x90\x85\xcf\
e\xe5_\xd7\x08\x00\x00\x00\x00\x06\x00\x00\x00\x09Hi\
de logs\x07\x00\x00\x00\x05T_Ru\
n\x01\x03\x00\x00\x00\x0ce\xe5_\xd7\xff\x08\x00%\x00\
1\xff\x09\x08\x00\x00\x00\x00\x06\x00\x00\x00\x09Log\
s (%1)\x07\x00\x00\x00\x05T_Run\
\x01\x03\x00\x00\x00\x0ae\xe0\x00 \x00D\x00U\x00T\
\x08\x00\x00\x00\x00\x06\x00\x00\x00\x06No DUT\
\x07\x00\x00\x00\x05T_Run\x01\x03\x00\x00\x00\x04\
xn[\x9a\x08\x00\x00\x00\x00\x06\x00\x00\x00\x02OK\
\x07\x00\x00\x00\x05T_Run\x01\x03\x00\x00\x00\x0a\
\x90\x1a\x8f\xc7\x00 \x00%\x001\x08\x00\x00\x00\x00\x06\
\x00\x00\x00\x09Passed %1\x07\x00\x00\
\x00\x05T_Run\x01\x03\x00\x00\x00\x08_\xc5X\
kS\xc2ep\x08\x00\x00\x00\x00\x06\x00\x00\x00\x13R\
equired Paramete\
rs\x07\x00\x00\x00\x05T_Run\x01\x03\x00\x00\
\x00\x04\x8f\xd0\x88L\x08\x00\x00\x00\x00\x06\x00\x00\x00\x03\
Run\x07\x00\x00\x00\x05T_Run\x01\x03\x00\
\x00\x00\x0c\x8f\xd0\x88LN-\x00 \x00%\x001\x08\
\x00\x00\x00\x00\x06\x00\x00\x00\x0aRunning\
 %1\x07\x00\x00\x00\x05T_Run\x01\x03\x00\
\x00\x00\x08f>y:e\xe5_\xd7\x08\x00\x00\x00\x00\
\x06\x00\x00\x00\x09Show logs\x07\x00\
\x00\x00\x05T_Run\x01\x03\x00\x00\x00\x04_\x00\
Y\xcb\x08\x00\x00\x00\x00\x06\x00\x00\x00\x05Star\
t\x07\x00\x00\x00\x05T_Run\x01\x03\x00\x00\x00\
\x08Qh\x90\xe8P\x5ckb\x08\x00\x00\x00\x00\x06\x00\
\x00\x00\x08Stop All\x07\x00\x00\x00\x05\
T_Run\x01\x03\x00\x00\x00\x0a`;ep\x00\
 \x00%\x001\x08\x00\x00\x00\x00\x06\x00\x00\x00\x08T\
otal %1\x07\x00\x00\x00\x05T_Ru\
n\x01\x03\x00\x00\x00\x04u(O\x8b\x08\x00\x00\x00\x00\
\x06\x00\x00\x00\x04case\x07\x00\x00\x00\x05T_\
Run\x01\x03\x00\x00\x00\x04ke\x9a\xa4\x08\x00\x00\
\x00\x00\x06\x00\x00\x00\x04step\x07\x00\x00\x00\x05\
T_Run\x01\x03\x00\x00\x00\x06ecp\xb9V\
\xfe\x08\x00\x00\x00\x00\x06\x00\x00\x00\x0dScatt\
er Chart\x07\x00\x00\x00\x0eT_S\
catterChart\x01\x03\x00\x00\x00\
\x04\x81\xeaR\xa8\x08\x00\x00\x00\x00\x06\x00\x00\x00\x04A\
uto\x07\x00\x00\x00\x0aT_Settin\
gs\x01\x03\x00\x00\x00\x04S\xd6m\x88\x08\x00\x00\x00\
\x00\x06\x00\x00\x00\x06Cancel\x07\x00\x00\x00\
\x0aT_Settings\x01\x03\x00\x00\x00\
\x08h\xc0g\xe5f\xf4e\xb0\x08\x00\x00\x00\x00\x06\x00\
\x00\x00\x11Check for Upd\
ates\x07\x00\x00\x00\x0aT_Setti\
ngs\x01\x03\x00\x00\x00\x04}'Q\xd1\x08\x00\x00\
\x00\x00\x06\x00\x00\x00\x07Compact\x07\x00\
\x00\x00\x0aT_Settings\x01\x03\x00\
\x00\x00\x08_SRMrHg,\x08\x00\x00\x00\x00\
\x06\x00\x00\x00\x0fCurrent Ver\
sion\x07\x00\x00\x00\x0aT_Setti\
ngs\x01\x03\x00\x00\x00\x04m\xf1\x82r\x08\x00\x00\
\x00\x00\x06\x00\x00\x00\x04Dark\x07\x00\x00\x00\x0a\
T_Settings\x01\x03\x00\x00\x00\x08\
Y\x1c\x95\xf4j!_\x0f\x08\x00\x00\x00\x00\x06\x00\x00\
\x00\x09Dark Mode\x07\x00\x00\x00\x0a\
T_Settings\x01\x03\x00\x00\x00\x0c\
l\x89mx_\x0f^\x94u(h\x0f\x08\x00\x00\x00\
\x00\x06\x00\x00\x00\x13Fits AppBa\
r Windows\x07\x00\x00\x00\x0aT_\
Settings\x01\x03\x00\x00\x00\x08S\xcb\
`\xc5c\xd0y:\x08\x00\x00\x00\x00\x06\x00\x00\x00\x11\
Friendly Reminde\
r\x07\x00\x00\x00\x0aT_Settings\
\x01\x03\x00\x00\x00\x04\x8b\xed\x8a\x00\x08\x00\x00\x00\x00\x06\
\x00\x00\x00\x08Language\x07\x00\x00\x00\
\x0aT_Settings\x01\x03\x00\x00\x00\
\x04mE\x82r\x08\x00\x00\x00\x00\x06\x00\x00\x00\x05L\
ight\x07\x00\x00\x00\x0aT_Setti\
ngs\x01\x03\x00\x00\x00\x04g\x81{\x80\x08\x00\x00\
\x00\x00\x06\x00\x00\x00\x07Minimal\x07\x00\
\x00\x00\x0aT_Settings\x01\x03\x00\
\x00\x00\x08[\xfc\x82*\x89\xc6V\xfe\x08\x00\x00\x00\x00\
\x06\x00\x00\x00\x1cNavigation \
View Display Mod\
e\x07\x00\x00\x00\x0aT_Settings\
\x01\x03\x00\x00\x00\x04xn[\x9a\x08\x00\x00\x00\x00\x06\
\x00\x00\x00\x02OK\x07\x00\x00\x00\x0aT_Set\
tings\x01\x03\x00\x00\x00\x04bS_\x00\x08\
\x00\x00\x00\x00\x06\x00\x00\x00\x04Open\x07\x00\x00\
\x00\x0aT_Settings\x01\x03\x00\x00\
\x00\x04\x8b\xbe\x7fn\x08\x00\x00\x00\x00\x06\x00\x00\x00\x08\
Settings\x07\x00\x00\x00\x0aT_S\
ettings\x01\x03\x00\x00\x00\x08\x8d\xdf\x96\
\x8f|\xfb~\xdf\x08\x00\x00\x00\x00\x06\x00\x00\x00\x06S\
ystem\x07\x00\x00\x00\x0aT_Sett\
ings\x01\x03\x00\x00\x00*kdd\xcdO\x5c\
\x97\x00\x89\x81\x91\xcdT/z\x0b^\x8fbM\x80\xfd\
u\x1feH\xff\x0cf/T&\x91\xcde\xb0T/\
R\xa8\xff\x1f\x08\x00\x00\x00\x00\x06\x00\x00\x00NTh\
is action requir\
es a restart of \
the program to t\
ake effect, is i\
t restarted?\x07\x00\x00\x00\
\x0aT_Settings\x01\x03\x00\x00\x00\
\x0eO\x7fu(|\xfb~\xdf^\x94u(h\x0f\x08\
\x00\x00\x00\x00\x06\x00\x00\x00\x11Use Sys\
tem AppBar\x07\x00\x00\x00\x0aT\
_Settings\x01\x03\x00\x00\x00\x04b\
\xbd\x5cI\x08\x00\x00\x00\x00\x06\x00\x00\x00\x05She\
et\x07\x00\x00\x00\x07T_Sheet\x01\x03\
\x00\x00\x00.N\x00N\x9bQ\x85[\xb9\x00.\x00.\
\x00.\x00\x0aN\x00N\x9bQ\x85[\xb9\x00.\x00.\
\x00.\x00\x0aN\x00N\x9bQ\x85[\xb9\x00.\x00.\
\x00.\x08\x00\x00\x00\x00\x06\x00\x00\x002Some\
 contents...\x0aSom\
e contents...\x0aSo\
me contents...\x07\x00\
\x00\x00\x07T_Sheet\x01\x03\x00\x00\x00\x04\
h\x07\x98\x98\x08\x00\x00\x00\x00\x06\x00\x00\x00\x05Ti\
tle\x07\x00\x00\x00\x07T_Sheet\x01\
\x03\x00\x00\x00\x02N\x0b\x08\x00\x00\x00\x00\x06\x00\x00\x00\
\x06bottom\x07\x00\x00\x00\x07T_Sh\
eet\x01\x03\x00\x00\x00\x02]\xe6\x08\x00\x00\x00\x00\
\x06\x00\x00\x00\x04left\x07\x00\x00\x00\x07T_\
Sheet\x01\x03\x00\x00\x00\x02S\xf3\x08\x00\x00\
\x00\x00\x06\x00\x00\x00\x05right\x07\x00\x00\x00\
\x07T_Sheet\x01\x03\x00\x00\x00\x02N\x0a\
\x08\x00\x00\x00\x00\x06\x00\x00\x00\x03top\x07\x00\x00\
\x00\x07T_Sheet\x01\x03\x00\x00\x00\x0c_\
\xebcw\x95.\x90\x09b\xe9Vh\x08\x00\x00\x00\x00\
\x06\x00\x00\x00\x0eShortcutPic\
ker\x07\x00\x00\x00\x10T_Shortc\
utPicker\x01\x03\x00\x00\x00\x04n\xd1\
WW\x08\x00\x00\x00\x00\x06\x00\x00\x00\x06Slid\
er\x07\x00\x00\x00\x08T_Slider\x01\
\x03\x00\x00\x00\x08b\xc6R\x06^\x03\x5c@\x08\x00\x00\
\x00\x00\x06\x00\x00\x00\x0bSplitLayo\
ut\x07\x00\x00\x00\x0dT_SplitLa\
yout\x01\x03\x00\x00\x00\x0ap\x11^\x03mA\
^\x03\x5c@\x08\x00\x00\x00\x00\x06\x00\x00\x00\x0fSt\
aggeredLayout\x07\x00\x00\
\x00\x11T_StaggeredLay\
out\x01\x03\x00\x00\x00\x08r\xb6`\x01^\x03\x5c\
@\x08\x00\x00\x00\x00\x06\x00\x00\x00\x0cStatu\
sLayout\x07\x00\x00\x00\x0eT_St\
atusLayout\x01\x03\x00\x00\x00\x06\
e\x87hc\x00 \x08\x00\x00\x00\x00\x06\x00\x00\x00\x09\
Document \x07\x00\x00\x00\x09T_\
TabView\x01\x03\x00\x00\x00\x06\x90\x09\x98\
ySa\x08\x00\x00\x00\x00\x06\x00\x00\x00\x07Tab\
View\x07\x00\x00\x00\x09T_TabVi\
ew\x01\x03\x00\x00\x00\x0a\x00<m\x93ZAz\xf4\
i$\x08\x00\x00\x00\x00\x06\x00\x00\x00\x09<Pre\
vious\x07\x00\x00\x00\x0bT_Tabl\
eView\x01\x03\x00\x00\x00\x0cm\xfbR\xa0N\
\x00\x88Lepcn\x08\x00\x00\x00\x00\x06\x00\x00\x00\
\x11Add a row of Da\
ta\x07\x00\x00\x00\x0bT_TableVi\
ew\x01\x03\x00\x00\x00\x04W0W@\x08\x00\x00\x00\
\x00\x06\x00\x00\x00\x07Address\x07\x00\x00\
\x00\x0bT_TableView\x01\x03\x00\
\x00\x00\x04^t\x9f\x84\x08\x00\x00\x00\x00\x06\x00\x00\x00\
\x03Age\x07\x00\x00\x00\x0bT_Table\
View\x01\x03\x00\x00\x00\x04Y4P\xcf\x08\x00\
\x00\x00\x00\x06\x00\x00\x00\x06Avatar\x07\x00\
\x00\x00\x0bT_TableView\x01\x03\
\x00\x00\x00\x04S\xd6m\x88\x08\x00\x00\x00\x00\x06\x00\x00\
\x00\x06Cancel\x07\x00\x00\x00\x0bT_T\
ableView\x01\x03\x00\x00\x00\x08n\x05\
\x96db@g\x09\x08\x00\x00\x00\x00\x06\x00\x00\x00\x09\
Clear All\x07\x00\x00\x00\x0bT_\
TableView\x01\x03\x00\x00\x00\x04R\
 \x96d\x08\x00\x00\x00\x00\x06\x00\x00\x00\x06Del\
ete\x07\x00\x00\x00\x0bT_TableV\
iew\x01\x03\x00\x00\x00\x08R \x96d\x90\x09N\
-\x08\x00\x00\x00\x00\x06\x00\x00\x00\x10Delet\
e Selection\x07\x00\x00\x00\x0b\
T_TableView\x01\x03\x00\x00\x00\
\x04\x7f\x16\x8f\x91\x08\x00\x00\x00\x00\x06\x00\x00\x00\x04E\
dit\x07\x00\x00\x00\x0bT_TableV\
iew\x01\x03\x00\x00\x00\x08\x95\x7f[W{&N\
2\x08\x00\x00\x00\x00\x06\x00\x00\x00\x0bLong \
String\x07\x00\x00\x00\x0bT_Tab\
leView\x01\x03\x00\x00\x00\x08O\xeee9\
R\x17T\x0d\x08\x00\x00\x00\x00\x06\x00\x00\x00\x16Mo\
dify the column \
name\x07\x00\x00\x00\x0bT_Table\
View\x01\x03\x00\x00\x00\x04T\x0dy\xf0\x08\x00\
\x00\x00\x00\x06\x00\x00\x00\x04Name\x07\x00\x00\x00\
\x0bT_TableView\x01\x03\x00\x00\
\x00\x10\x00N\x00e\x00x\x00t\x00&\x00g\x00t\
\x00;\x08\x00\x00\x00\x00\x06\x00\x00\x00\x05Next\
>\x07\x00\x00\x00\x0bT_TableVie\
w\x01\x03\x00\x00\x00\x04f5y\xf0\x08\x00\x00\x00\x00\
\x06\x00\x00\x00\x08Nickname\x07\x00\x00\
\x00\x0bT_TableView\x01\x03\x00\
\x00\x00\x04xn[\x9a\x08\x00\x00\x00\x00\x06\x00\x00\x00\
\x02OK\x07\x00\x00\x00\x0bT_TableV\
iew\x01\x03\x00\x00\x00\x04d\xcdO\x5c\x08\x00\x00\
\x00\x00\x06\x00\x00\x00\x07Options\x07\x00\
\x00\x00\x0bT_TableView\x01\x03\
\x00\x00\x00\x04d\x1c}\x22\x08\x00\x00\x00\x00\x06\x00\x00\
\x00\x06Search\x07\x00\x00\x00\x0bT_T\
ableView\x01\x03\x00\x00\x00\x04Qh\
\x90\x09\x08\x00\x00\x00\x00\x06\x00\x00\x00\x0aSele\
ct All\x07\x00\x00\x00\x0bT_Tab\
leView\x01\x03\x00\x00\x00\x04\x88hh<\
\x08\x00\x00\x00\x00\x06\x00\x00\x00\x09TableV\
iew\x07\x00\x00\x00\x0bT_TableV\
iew\x01\x03\x00\x00\x00\x08m\xfbR\xa0z\xef[\
P\x08\x00\x00\x00\x00\x06\x00\x00\x00\x0cAdd t\
erminal\x07\x00\x00\x00\x0cT_Te\
stConfig\x01\x03\x00\x00\x00\x10u(\
O\x8bS\xc2ep\xff\x08\x00%\x001\xff\x09\x08\x00\
\x00\x00\x00\x06\x00\x00\x00\x14Case Par\
ameters (%1)\x07\x00\x00\x00\
\x0cT_TestConfig\x01\x03\x00\
\x00\x00\x12W(\x00 \x00D\x00U\x00T\x00 N\
\x0b\x91M\x7fn\x08\x00\x00\x00\x00\x06\x00\x00\x00\x15C\
onfigured under \
DUT.\x07\x00\x00\x00\x0cT_TestC\
onfig\x01\x03\x00\x00\x00\x06\x00D\x00U\x00\
T\x08\x00\x00\x00\x00\x06\x00\x00\x00\x03DUT\x07\x00\
\x00\x00\x0cT_TestConfig\x01\
\x03\x00\x00\x00\x0c\x00D\x00U\x00T\x00 ~\xf4^\
\xa6\x08\x00\x00\x00\x00\x06\x00\x00\x00\x0aDUT s\
coped\x07\x00\x00\x00\x0cT_Test\
Config\x01\x03\x00\x00\x00\x04y\x81u(\
\x08\x00\x00\x00\x00\x06\x00\x00\x00\x08Disabl\
ed\x07\x00\x00\x00\x0cT_TestCon\
fig\x01\x03\x00\x00\x00\x08R\xa8`\x01S\xc2e\
p\x08\x00\x00\x00\x00\x06\x00\x00\x00\x07Dynam\
ic\x07\x00\x00\x00\x0cT_TestCon\
fig\x01\x03\x00\x00\x00\x04T/u(\x08\x00\x00\
\x00\x00\x06\x00\x00\x00\x07Enabled\x07\x00\
\x00\x00\x0cT_TestConfig\x01\
\x03\x00\x00\x00\x04\x96jmK\x08\x00\x00\x00\x00\x06\x00\
\x00\x00\x03Env\x07\x00\x00\x00\x0cT_Tes\
tConfig\x01\x03\x00\x00\x00\x10c\x09e\
\x87N\xf6\x8f\xc7n\xe4\x00.\x00.\x00.\x08\x00\x00\
\x00\x00\x06\x00\x00\x00\x11Filter by\
 file...\x07\x00\x00\x00\x0cT_T\
estConfig\x01\x03\x00\x00\x00\x0ae\
\xe0\x00 \x00D\x00U\x00T\x08\x00\x00\x00\x00\x06\x00\
\x00\x00\x06No DUT\x07\x00\x00\x00\x0cT_\
TestConfig\x01\x03\x00\x00\x00\x1a\
\x8f\xd9N*u(O\x8bN\x0d\x97\x00\x89\x81S\xef\
\x91M\x7fnS\xc2ep0\x02\x08\x00\x00\x00\x00\x06\
\x00\x00\x006No configura\
ble parameters a\
re required for \
this case.\x07\x00\x00\x00\x0cT\
_TestConfig\x01\x03\x00\x00\x00\
&_SRM\x00 \x00D\x00U\x00T\x00 g\
*b~R0]\xf2\x91M[\xf9v\x84\x84\xddr\
Y\x8b\xbeY\x070\x02\x08\x00\x00\x00\x00\x06\x00\x00\x00\
8No connected Bl\
uetooth devices \
found on the cur\
rent DUT.\x07\x00\x00\x00\x0cT_\
TestConfig\x01\x03\x00\x00\x00\x04\
xn[\x9a\x08\x00\x00\x00\x00\x06\x00\x00\x00\x02OK\
\x07\x00\x00\x00\x0cT_TestConfi\
g\x01\x03\x00\x00\x00\x08c\x09S\x8by\xd2ep\x08\
\x00\x00\x00\x00\x06\x00\x00\x00\x0dPress s\
econds\x07\x00\x00\x00\x0cT_Tes\
tConfig\x01\x03\x00\x00\x00\x04R7e\
\xb0\x08\x00\x00\x00\x00\x06\x00\x00\x00\x07Refre\
sh\x07\x00\x00\x00\x0cT_TestCon\
fig\x01\x03\x00\x00\x00\x08R \x96dz\xef[\
P\x08\x00\x00\x00\x00\x06\x00\x00\x00\x0fRemov\
e terminal\x07\x00\x00\x00\x0cT\
_TestConfig\x01\x03\x00\x00\x00\
\x08_\xc5XkS\xc2ep\x08\x00\x00\x00\x00\x06\x00\
\x00\x00\x13Required Para\
meters\x07\x00\x00\x00\x0cT_Tes\
tConfig\x01\x03\x00\x00\x00\x04\x8f\xd0\x88\
L\x08\x00\x00\x00\x00\x06\x00\x00\x00\x03Run\x07\x00\
\x00\x00\x0cT_TestConfig\x01\
\x03\x00\x00\x004\x8b\xf7\x90\x09b\xe9N\x00N*b\
\x16Y\x1aN*mK\x8b\xd5e\x87N\xf6\xff\x0cN\
\xe5g\xe5w\x0bk\xcfN*u(O\x8bb@\x97\
\x00v\x84S\xc2ep0\x02\x08\x00\x00\x00\x00\x06\x00\
\x00\x00OSelect one or\
 more test files\
 to inspect the \
required paramet\
ers for each cas\
e.\x07\x00\x00\x00\x0cT_TestCon\
fig\x01\x03\x00\x00\x00\x0e]\xf2\x90\x09b\xe9\xff\
\x08\x00%\x001\xff\x09\x08\x00\x00\x00\x00\x06\x00\x00\x00\
\x0dSelected (%1)\x07\x00\
\x00\x00\x0cT_TestConfig\x01\
\x03\x00\x00\x00\x04_\x00Y\xcb\x08\x00\x00\x00\x00\x06\x00\
\x00\x00\x05Start\x07\x00\x00\x00\x0cT_T\
estConfig\x01\x03\x00\x00\x00\x04P\
\x5ckb\x08\x00\x00\x00\x00\x06\x00\x00\x00\x04Sto\
p\x07\x00\x00\x00\x0cT_TestConf\
ig\x01\x03\x00\x00\x00\x04z\xef[P\x08\x00\x00\x00\
\x00\x06\x00\x00\x00\x08Terminal\x07\x00\
\x00\x00\x0cT_TestConfig\x01\
\x03\x00\x00\x00\x04mK\x8b\xd5\x08\x00\x00\x00\x00\x06\x00\
\x00\x00\x04Test\x07\x00\x00\x00\x0cT_Te\
stConfig\x01\x03\x00\x00\x00\x08mK\
\x8b\xd5u(O\x8b\x08\x00\x00\x00\x00\x06\x00\x00\x00\x0a\
Test Cases\x07\x00\x00\x00\x0cT\
_TestConfig\x01\x03\x00\x00\x00\
\x04|{W\x8b\x08\x00\x00\x00\x00\x06\x00\x00\x00\x04T\
ype\x07\x00\x00\x00\x0cT_TestCo\
nfig\x01\x03\x00\x00\x00\x08c\xa5~\xbfj!\
_\x0f\x08\x00\x00\x00\x00\x06\x00\x00\x00\x0bWiri\
ng mode\x07\x00\x00\x00\x0cT_Te\
stConfig\x01\x03\x00\x00\x00\x04e\x87\
g,\x08\x00\x00\x00\x00\x06\x00\x00\x00\x04Text\
\x07\x00\x00\x00\x06T_Text\x01\x03\x00\x00\x00\
\x16\x8f\xd9f/N\x00N*S\xefN\xe5Y\x0dR\
6v\x84e\x87g,\x08\x00\x00\x00\x00\x06\x00\x00\x00\
!This is a text \
that can be copi\
ed\x07\x00\x00\x00\x06T_Text\x01\x03\x00\
\x00\x00\x0a\x81\xeaR\xa8^\xfa\x8b\xaehF\x08\x00\x00\
\x00\x00\x06\x00\x00\x00\x0eAutoSugge\
stBox\x07\x00\x00\x00\x09T_Text\
Box\x01\x03\x00\x00\x00\x04y\x81u(\x08\x00\x00\
\x00\x00\x06\x00\x00\x00\x08Disabled\x07\
\x00\x00\x00\x09T_TextBox\x01\x03\x00\
\x00\x00\x0aY\x1a\x88L\x8f\x93QehF\x08\x00\x00\
\x00\x00\x06\x00\x00\x00\x14Multi-lin\
e Input Box\x07\x00\x00\x00\x09\
T_TextBox\x01\x03\x00\x00\x00\x0e\x8b\
\xf7\x8f\x93Qe`\xa8v\x84[\xc6x\x01\x08\x00\x00\
\x00\x00\x06\x00\x00\x00\x1aPlease en\
ter your passwor\
d\x07\x00\x00\x00\x09T_TextBox\x01\
\x03\x00\x00\x00\x0aSU\x88L\x8f\x93QehF\x08\
\x00\x00\x00\x00\x06\x00\x00\x00\x15Single-\
line Input Box\x07\x00\
\x00\x00\x09T_TextBox\x01\x03\x00\x00\
\x00\x06e\x87g,hF\x08\x00\x00\x00\x00\x06\x00\x00\
\x00\x07TextBox\x07\x00\x00\x00\x09T_\
TextBox\x01\x03\x00\x00\x00\x0e\x81\xea[\
\x9aNIN;\x98\x98\x98\x9c\x82r\x08\x00\x00\x00\x00\
\x06\x00\x00\x00\x19Customize t\
he Theme Color\x07\x00\
\x00\x00\x07T_Theme\x01\x03\x00\x00\x00\x08\
Y\x1c\x95\xf4j!_\x0f\x08\x00\x00\x00\x00\x06\x00\x00\
\x00\x09Dark Mode\x07\x00\x00\x00\x07\
T_Theme\x01\x03\x00\x00\x00\x10\x00N\x00\
a\x00t\x00i\x00v\x00ee\x87g,\x08\x00\x00\
\x00\x00\x06\x00\x00\x00\x0bNative Te\
xt\x07\x00\x00\x00\x07T_Theme\x01\x03\
\x00\x00\x00\x08_\x00T/R\xa8u;\x08\x00\x00\x00\
\x00\x06\x00\x00\x00\x0eOpen Anima\
tion\x07\x00\x00\x00\x07T_Theme\
\x01\x03\x00\x00\x00\x04N;\x98\x98\x08\x00\x00\x00\x00\x06\
\x00\x00\x00\x05Theme\x07\x00\x00\x00\x07T_\
Theme\x01\x03\x00\x00\x00\x08N;\x98\x98\x98\
\x9c\x82r\x08\x00\x00\x00\x00\x06\x00\x00\x00\x0cThe\
me colors\x07\x00\x00\x00\x07T_\
Theme\x01\x03\x00\x00\x00\x04N\x0aSH\x08\
\x00\x00\x00\x00\x06\x00\x00\x00\x02AM\x07\x00\x00\x00\x0c\
T_TimePicker\x01\x03\x00\x00\
\x00\x04S\xd6m\x88\x08\x00\x00\x00\x00\x06\x00\x00\x00\x06\
Cancel\x07\x00\x00\x00\x0cT_Tim\
ePicker\x01\x03\x00\x00\x00\x02e\xf6\x08\
\x00\x00\x00\x00\x06\x00\x00\x00\x04Hour\x07\x00\x00\
\x00\x0cT_TimePicker\x01\x03\
\x00\x00\x00\x02R\x06\x08\x00\x00\x00\x00\x06\x00\x00\x00\x06\
Minute\x07\x00\x00\x00\x0cT_Tim\
ePicker\x01\x03\x00\x00\x00\x04xn[\
\x9a\x08\x00\x00\x00\x00\x06\x00\x00\x00\x02OK\x07\x00\x00\
\x00\x0cT_TimePicker\x01\x03\
\x00\x00\x00\x04N\x0bSH\x08\x00\x00\x00\x00\x06\x00\x00\
\x00\x02PM\x07\x00\x00\x00\x0cT_TimeP\
icker\x01\x03\x00\x00\x00\x0ae\xf6\x95\xf4\x90\
\x09b\xe9Vh\x08\x00\x00\x00\x00\x06\x00\x00\x00\x0aT\
imePicker\x07\x00\x00\x00\x0cT_\
TimePicker\x01\x03\x00\x00\x00\x06\
e\xf6\x95\xf4\x8ft\x08\x00\x00\x00\x00\x06\x00\x00\x00\x08\
Timeline\x07\x00\x00\x00\x0aT_T\
imeline\x01\x03\x00\x00\x00\x04y\x81u\
(\x08\x00\x00\x00\x00\x06\x00\x00\x00\x08Disab\
led\x07\x00\x00\x00\x0eT_Toggle\
Switch\x01\x03\x00\x00\x00\x02]\xe6\x08\x00\
\x00\x00\x00\x06\x00\x00\x00\x04Left\x07\x00\x00\x00\
\x0eT_ToggleSwitch\x01\
\x03\x00\x00\x00\x02S\xf3\x08\x00\x00\x00\x00\x06\x00\x00\x00\
\x05Right\x07\x00\x00\x00\x0eT_Tog\
gleSwitch\x01\x03\x00\x00\x00\x08R\
\x07cb_\x00Qs\x08\x00\x00\x00\x00\x06\x00\x00\x00\
\x0cToggleSwitch\x07\x00\x00\
\x00\x0eT_ToggleSwitch\
\x01\x03\x00\x00\x00(~\xd9N\x00N*\x00B\x00u\
\x00t\x00t\x00o\x00nm\xfbR\xa0\x00T\x00o\
\x00o\x00l\x00t\x00i\x00peHg\x9c\x08\x00\
\x00\x00\x00\x06\x00\x00\x00 Add a To\
oltip pop-up to \
a Button\x07\x00\x00\x00\x09T_T\
ooltip\x01\x03\x00\x00\x00\x08p\xb9Q\xfb\
c\x09\x94\xae\x08\x00\x00\x00\x00\x06\x00\x00\x00\x0cCl\
ick Button\x07\x00\x00\x00\x09T\
_Tooltip\x01\x03\x00\x00\x00\x0cp\xb9\
Q\xfbV\xfeh\x07c\x09\x94\xae\x08\x00\x00\x00\x00\x06\
\x00\x00\x00\x10Click IconBu\
tton\x07\x00\x00\x00\x09T_Toolt\
ip\x01\x03\x00\x00\x00\x04R \x96d\x08\x00\x00\x00\
\x00\x06\x00\x00\x00\x06Delete\x07\x00\x00\x00\
\x09T_Tooltip\x01\x03\x00\x00\x00 \
\x9f h\x07`\xacP\x5cN\x0dR\xa8\xff\x0c_9\
Q\xfa\x00T\x00o\x00o\x00l\x00t\x00i\x00p\
\x08\x00\x00\x00\x00\x06\x00\x00\x00 Hover \
over Tultip and \
it pops up\x07\x00\x00\x00\x09T\
_Tooltip\x01\x03\x00\x00\x00>\x00F\
\x00l\x00u\x00I\x00c\x00o\x00n\x00B\x00u\
\x00t\x00t\x00o\x00nv\x84\x00t\x00e\x00x\
\x00t\x5c^`'\x81\xea^&\x00T\x00o\x00o\
\x00l\x00t\x00i\x00peHg\x9c\x08\x00\x00\x00\
\x00\x06\x00\x00\x00MText prope\
rties of FluIcon\
Button support t\
he Tooltip pop-u\
p window by defa\
ult\x07\x00\x00\x00\x09T_Toolti\
p\x01\x03\x00\x00\x00\x08]\xe5Qwc\xd0y:\x08\
\x00\x00\x00\x00\x06\x00\x00\x00\x07Tooltip\
\x07\x00\x00\x00\x09T_Tooltip\x01\x03\
\x00\x00\x00\x08_\x00Y\xcbn8\x89\xc8\x08\x00\x00\x00\
\x00\x06\x00\x00\x00\x0aBegin Tour\
\x07\x00\x00\x00\x06T_Tour\x01\x03\x00\x00\x00\
\x10p\xb9Q\xfbg\xe5w\x0bQvN\xd6d\xcdO\
\x5c\x08\x00\x00\x00\x00\x06\x00\x00\x00\x1bClick\
 to see other ac\
tions.\x07\x00\x00\x00\x06T_Tou\
r\x01\x03\x00\x00\x00\x04f\xf4Y\x1a\x08\x00\x00\x00\x00\
\x06\x00\x00\x00\x04More\x07\x00\x00\x00\x06T_\
Tour\x01\x03\x00\x00\x00\x08QvN\xd6d\xcd\
O\x5c\x08\x00\x00\x00\x00\x06\x00\x00\x00\x0dOthe\
r Actions\x07\x00\x00\x00\x06T_\
Tour\x01\x03\x00\x00\x00\x12b\x8aO`v\x84\
e\x87N\xf6e>W(\x8f\xd9\x91\xcc\x08\x00\x00\x00\
\x00\x06\x00\x00\x00\x14Put your f\
iles here.\x07\x00\x00\x00\x06T\
_Tour\x01\x03\x00\x00\x00\x04O\xdd[X\x08\
\x00\x00\x00\x00\x06\x00\x00\x00\x04Save\x07\x00\x00\
\x00\x06T_Tour\x01\x03\x00\x00\x00\x08O\xdd\
[Xf\xf4e9\x08\x00\x00\x00\x00\x06\x00\x00\x00\x12\
Save your change\
s.\x07\x00\x00\x00\x06T_Tour\x01\x03\x00\
\x00\x00\x04n8\x89\xc8\x08\x00\x00\x00\x00\x06\x00\x00\x00\
\x04Tour\x07\x00\x00\x00\x06T_Tour\
\x01\x03\x00\x00\x00\x04N\x0aO \x08\x00\x00\x00\x00\x06\
\x00\x00\x00\x06Upload\x07\x00\x00\x00\x06T\
_Tour\x01\x03\x00\x00\x00\x08N\x0aO e\
\x87N\xf6\x08\x00\x00\x00\x00\x06\x00\x00\x00\x0bUpl\
oad File\x07\x00\x00\x00\x06T_T\
our\x01\x03\x00\x00\x00\x04W0W@\x08\x00\x00\
\x00\x00\x06\x00\x00\x00\x07Address\x07\x00\
\x00\x00\x0aT_TreeView\x01\x03\x00\
\x00\x00\x04Y4P\xcf\x08\x00\x00\x00\x00\x06\x00\x00\x00\
\x06Avatar\x07\x00\x00\x00\x0aT_Tr\
eeView\x01\x03\x00\x00\x00\x04T\x0dy\xf0\
\x08\x00\x00\x00\x00\x06\x00\x00\x00\x04Name\x07\x00\
\x00\x00\x0aT_TreeView\x01\x03\x00\
\x00\x00\x04h\x07\x98\x98\x08\x00\x00\x00\x00\x06\x00\x00\x00\
\x05Title\x07\x00\x00\x00\x0aT_Tre\
eView\x01\x03\x00\x00\x00\x02h\x11\x08\x00\x00\
\x00\x00\x06\x00\x00\x00\x08TreeView\x07\
\x00\x00\x00\x0aT_TreeView\x01\x03\
\x00\x00\x00\x04[WOS\x08\x00\x00\x00\x00\x06\x00\x00\
\x00\x0aTypography\x07\x00\x00\x00\
\x0cT_Typography\x01\x03\x00\
\x00\x00\x04l4Sp\x08\x00\x00\x00\x00\x06\x00\x00\x00\
\x09Watermark\x07\x00\x00\x00\x0bT\
_Watermark\x01\x03\x00\x00\x00*\
\x94\x221$|,\x94\x83o\xc8X\xae\x93ep\xb6\
~[Y\xab \xac\x93\xcc0\xe7k\x91\x94)\xe1\xbd\
r#t\x81`\xe7\xe6,\x92\x86\x08\x00\x00\x00\x00\x06\
\x00\x00\x00)test.param.a\
c_onoff.bt_targe\
t.description\x07\x00\x00\
\x00\x0eTestPageBridge\
\x01\x03\x00\x00\x00\x0c\x94\x83o\xc8X\xae\x94)\xe1\xbd\
r#\x08\x00\x00\x00\x00\x06\x00\x00\x00#test\
.param.ac_onoff.\
bt_target.label\x07\
\x00\x00\x00\x0eTestPageBrid\
ge\x01\x03\x00\x00\x00 \x7f\x01\x04Eex\x93c\
1${\x02m\x93[,ex[\xf0\xe0F^F\
Z\x06!\x03f\x9f\x92\x86\x08\x00\x00\x00\x00\x06\x00\x00\
\x00+test.param.ac_\
onoff.cycle_coun\
t.description\x07\x00\x00\
\x00\x0eTestPageBridge\
\x01\x03\x00\x00\x00\x0c[\xf0\xe0F^FZ\x06!\x03\
f\x9f\x08\x00\x00\x00\x00\x06\x00\x00\x00%test\
.param.ac_onoff.\
cycle_count.labe\
l\x07\x00\x00\x00\x0eTestPageBr\
idge\x01\x03\x00\x00\x00B\x00D\x00U\x00T\
\x00 n\x1a\x04Eedm\x5c\x00?\x00W\x00i\
\x00-\x00F\x00i\x00 \x93ep\xb6~[Y\xab\
 \xac\x93\xcc0\xe7k\x91\x00 \x00p\x00i\x00n\
\x00g\x00 \x94)\xe1\xbdr#\x92\x86\x08\x00\x00\x00\
\x00\x06\x00\x00\x00+test.param\
.ac_onoff.ping_t\
arget.descriptio\
n\x07\x00\x00\x00\x0eTestPageBr\
idge\x01\x03\x00\x00\x00\x10\x00P\x00i\x00n\
\x00g\x00 \x94)\xe1\xbdr#\x08\x00\x00\x00\x00\x06\
\x00\x00\x00%test.param.a\
c_onoff.ping_tar\
get.label\x07\x00\x00\x00\x0eTe\
stPageBridge\x01\x03\x00\x00\
\x000Y\xe3_\xd4\xe0\xbc[\xf0\xe0F^Fm\x93\
\xe1`b7\x94\x22\x97[j\xd2m\xc7o\xc7[\xd4\
m\x93[,ex\x94(R\xed\xe7W\x93\xc1\x82,\
 \xac\x08\x00\x00\x00\x00\x06\x00\x00\x00-test\
.param.ac_onoff.\
power_off_sec.de\
scription\x07\x00\x00\x00\x0eTe\
stPageBridge\x01\x03\x00\x00\
\x00\x14m\x93[,ex\x93\xc3X\x15f\xb1\x95\x1b\
X\x22\xe7W\x95\x1b\x08\x00\x00\x00\x00\x06\x00\x00\x00'\
test.param.ac_on\
off.power_off_se\
c.label\x07\x00\x00\x00\x0eTest\
PageBridge\x01\x03\x00\x00\x00H\
Y\xe3_\xd4\xe0\xbc[\xf0\xe0F^F\x93Z^\xa4\
b\xf7\x93Tr\xb2W\xccm\x93[,ex\x93\xc3\
X\x15f\xb1\x94(R\xed\xe7W\x93\xc1\x82, \xac\
P\x9a_rmc\x8d\xe8edt\x90q\xb8f\x9f\
\x95\xabc\x91Vz\x92\x86\x08\x00\x00\x00\x00\x06\x00\x00\
\x002test.param.ac_\
onoff.power_off_\
step_sec.descrip\
tion\x07\x00\x00\x00\x0eTestPag\
eBridge\x01\x03\x00\x00\x00\x14m\x93[\
,exY\xdd0\xe9f\xb1\x95\x1bX\x22\xe7W\x95\
\x1b\x08\x00\x00\x00\x00\x06\x00\x00\x00,test.\
param.ac_onoff.p\
ower_off_step_se\
c.label\x07\x00\x00\x00\x0eTest\
PageBridge\x01\x03\x00\x00\x008\
\x7f\x01\x04Eex\x93c1${\x02\x94\x22\x97[\
`\x97\x95\x1b\x5c~X\xbdt\x1b\x5c~\xe5\xc5\x93\xcc\
0\xe7Pc\x93S]\x87t\xd1[\xf0Tok\x91\
~\xc9c\x93f\x9f\x92\x86\x08\x00\x00\x00\x00\x06\x00\x00\
\x001test.param.ac_\
onoff.power_on_w\
ait_sec.descript\
ion\x07\x00\x00\x00\x0eTestPage\
Bridge\x01\x03\x00\x00\x00\x1am\x93ZD\
ex~\xdbY\x0a}\xdf\x93\xc3X\x15f\xb1\x95\x1b\
X\x22\xe7W\x95\x1b\x08\x00\x00\x00\x00\x06\x00\x00\x00+\
test.param.ac_on\
off.power_on_wai\
t_sec.label\x07\x00\x00\x00\x0e\
TestPageBridge\x01\x03\
\x00\x00\x00NY\xe3_\xd4\xe0\xbc[\xf0\xe0F^F\
\x93Z^\xa4b\xf7\x93Tr\xb2W\xccm\x93ZD\
ex~\xdbY\x0a}\xdf\x93\xc3X\x15f\xb1\x94(\
R\xed\xe7W\x93\xc1\x82, \xacP\x9a_rmc\
\x8d\xe8edt\x90q\xb8f\x9f\x95\xabc\x91Vz\
\x92\x86\x08\x00\x00\x00\x00\x06\x00\x00\x006test\
.param.ac_onoff.\
power_on_wait_st\
ep_sec.descripti\
on\x07\x00\x00\x00\x0eTestPageB\
ridge\x01\x03\x00\x00\x00\x1am\x93ZDe\
x~\xdbY\x0a}\xdfY\xdd0\xe9f\xb1\x95\x1bX\
\x22\xe7W\x95\x1b\x08\x00\x00\x00\x00\x06\x00\x00\x000t\
est.param.ac_ono\
ff.power_on_wait\
_step_sec.label\x07\
\x00\x00\x00\x0eTestPageBrid\
ge\x01\x03\x00\x00\x00>\x93Y\xe2\x1e \xacY\x0c\
m0\x93\xcd\x00?\x00M\x00A\x00C\x95\x1bm\x97\
{\x09Y\xab \xac\x93\xcc0\xe6i\x02o\xc9\x00?\
\x00N\x00o\x00n\x00e\x00 \x93\xb4h+f\x80\
~\xcc`R \xac\x08\x00\x00\x00\x00\x06\x00\x00\x00,\
test.param.auto_\
reboot.bt_target\
.description\x07\x00\x00\x00\
\x0eTestPageBridge\x01\
\x03\x00\x00\x00\x0c\x94\x83o\xc8X\xae\x94)\xe1\xbdr\
#\x08\x00\x00\x00\x00\x06\x00\x00\x00&test.\
param.auto_reboo\
t.bt_target.labe\
l\x07\x00\x00\x00\x0eTestPageBr\
idge\x01\x03\x00\x00\x00\x0ci\x9bj?\xe1{\
\x00 \x002\x000\x08\x00\x00\x00\x00\x06\x00\x00\x00.\
test.param.auto_\
reboot.cycle_cou\
nt.description\x07\x00\
\x00\x00\x0eTestPageBridg\
e\x01\x03\x00\x00\x00\x0c[\xf0\xe0F^FZ\x06!\
\x03f\x9f\x08\x00\x00\x00\x00\x06\x00\x00\x00(tes\
t.param.auto_reb\
oot.cycle_count.\
label\x07\x00\x00\x00\x0eTestPa\
geBridge\x01\x03\x00\x00\x00\x0ei\x9b\
j?\xe1{\x00 \x001\x000\x000\x08\x00\x00\x00\
\x00\x06\x00\x00\x00/test.param\
.auto_reboot.int\
erval_sec.descri\
ption\x07\x00\x00\x00\x0eTestPa\
geBridge\x01\x03\x00\x00\x00\x0e\x95\xc2\
d\xaek\xa7\x95\x1bX\x22\xe7W\x95\x1b\x08\x00\x00\x00\
\x00\x06\x00\x00\x00)test.param\
.auto_reboot.int\
erval_sec.label\x07\
\x00\x00\x00\x0eTestPageBrid\
ge\x01\x03\x00\x00\x00\x1a\x93Y\xe2\x1e \xac\x00?\
\x00p\x00i\x00n\x00g\x00 \x94)\xe1\xbdr#\
\x92\x86\x08\x00\x00\x00\x00\x06\x00\x00\x00.test\
.param.auto_rebo\
ot.ping_target.d\
escription\x07\x00\x00\x00\x0eT\
estPageBridge\x01\x03\x00\
\x00\x00\x10\x00P\x00i\x00n\x00g\x00 \x94)\xe1\
\xbdr#\x08\x00\x00\x00\x00\x06\x00\x00\x00(tes\
t.param.auto_reb\
oot.ping_target.\
label\x07\x00\x00\x00\x0eTestPa\
geBridge\x01\x03\x00\x00\x004\x81\xea\
R\xa8c\x02\x8dwRM\x97\x00\x89\x81h!\x9a\x8c\
v\x84\x84\xddrY\x8b\xbeY\x07\xff\x0c\x00N\x00o\
\x00n\x00e\x00 \x88hy:N\x0dh!\x9a\x8c\
0\x02\x08\x00\x00\x00\x00\x06\x00\x00\x00-test\
.param.auto_susp\
end.bt_target.de\
scription\x07\x00\x00\x00\x0eTe\
stPageBridge\x01\x03\x00\x00\
\x00\x08\x84\xddrYv\xeeh\x07\x08\x00\x00\x00\x00\x06\
\x00\x00\x00'test.param.a\
uto_suspend.bt_t\
arget.label\x07\x00\x00\x00\x0e\
TestPageBridge\x01\x03\
\x00\x00\x00\x0c\x9e\xd8\x8b\xa4\x00 \x002\x0000\x02\
\x08\x00\x00\x00\x00\x06\x00\x00\x00/test.p\
aram.auto_suspen\
d.cycle_count.de\
scription\x07\x00\x00\x00\x0eTe\
stPageBridge\x01\x03\x00\x00\
\x00\x08_\xaas\xafk!ep\x08\x00\x00\x00\x00\x06\
\x00\x00\x00)test.param.a\
uto_suspend.cycl\
e_count.label\x07\x00\x00\
\x00\x0eTestPageBridge\
\x01\x03\x00\x00\x00\x0e\x9e\xd8\x8b\xa4\x00 \x001\x000\
\x0000\x02\x08\x00\x00\x00\x00\x06\x00\x00\x000te\
st.param.auto_su\
spend.interval_s\
ec.description\x07\x00\
\x00\x00\x0eTestPageBridg\
e\x01\x03\x00\x00\x00\x0a\x95\xf4\x96\x94\xff\x08y\xd2\xff\
\x09\x08\x00\x00\x00\x00\x06\x00\x00\x00*test.\
param.auto_suspe\
nd.interval_sec.\
label\x07\x00\x00\x00\x0eTestPa\
geBridge\x01\x03\x00\x00\x00\x1cS\xef\
\x90\x09v\x84\x00 \x00p\x00i\x00n\x00g\x00 \
h!\x9a\x8cv\xeeh\x070\x02\x08\x00\x00\x00\x00\x06\
\x00\x00\x00/test.param.a\
uto_suspend.ping\
_target.descript\
ion\x07\x00\x00\x00\x0eTestPage\
Bridge\x01\x03\x00\x00\x00\x0e\x00P\x00i\
\x00n\x00g\x00 v\xeeh\x07\x08\x00\x00\x00\x00\x06\
\x00\x00\x00)test.param.a\
uto_suspend.ping\
_target.label\x07\x00\x00\
\x00\x0eTestPageBridge\
\x01\x03\x00\x00\x00>\x8eGTm\xff^\x94)\xe1\xbd\
r#\x00 \x00M\x00A\x00C\x95\x1bm\x97{\x09\
Y\xab \xac\x93\xcc0\xe6i\x02o\xc9\x00?\x00N\
\x00o\x00n\x00e\x00 \x93\xb4h+f\x80~\xcc\
`R \xac\x08\x00\x00\x00\x00\x06\x00\x00\x00.te\
st.param.bt_onof\
f_scan.bt_target\
.description\x07\x00\x00\x00\
\x0eTestPageBridge\x01\
\x03\x00\x00\x00\x0c\x94\x83o\xc8X\xae\x94)\xe1\xbdr\
#\x08\x00\x00\x00\x00\x06\x00\x00\x00(test.\
param.bt_onoff_s\
can.bt_target.la\
bel\x07\x00\x00\x00\x0eTestPage\
Bridge\x01\x03\x00\x00\x00\x0ai\x9bj?\
\xe1{\x00 \x002\x08\x00\x00\x00\x00\x06\x00\x00\x000\
test.param.bt_on\
off_scan.cycle_c\
ount.description\
\x07\x00\x00\x00\x0eTestPageBri\
dge\x01\x03\x00\x00\x00\x0c[\xf0\xe0F^FZ\
\x06!\x03f\x9f\x08\x00\x00\x00\x00\x06\x00\x00\x00*t\
est.param.bt_ono\
ff_scan.cycle_co\
unt.label\x07\x00\x00\x00\x0eTe\
stPageBridge\x01\x03\x00\x00\
\x00,\x84\xddrYQs\x95\xedT\x0e{I_\x85\
v\x84y\xd2ep\xff\x0cq6T\x0eQ\x8dbg\
\x88LN\x0bN\x00k!_\x00T/0\x02\x08\x00\
\x00\x00\x00\x06\x00\x00\x001test.par\
am.bt_onoff_scan\
.off_wait_sec.de\
scription\x07\x00\x00\x00\x0eTe\
stPageBridge\x01\x03\x00\x00\
\x00\x0eQs\x95\xedT\x0e{I_\x85y\xd2ep\
\x08\x00\x00\x00\x00\x06\x00\x00\x00+test.p\
aram.bt_onoff_sc\
an.off_wait_sec.\
label\x07\x00\x00\x00\x0eTestPa\
geBridge\x01\x03\x00\x00\x006\x84\xdd\
rY_\x00T/T\x0e{I_\x85v\x84y\xd2\
ep\xff\x0cq6T\x0eQ\x8dbg\x88LV\xde\
\x8f\xdeh\xc0g\xe5b\x16N\x0bN\x00k!Qs\
\x95\xed0\x02\x08\x00\x00\x00\x00\x06\x00\x00\x000te\
st.param.bt_onof\
f_scan.on_wait_s\
ec.description\x07\x00\
\x00\x00\x0eTestPageBridg\
e\x01\x03\x00\x00\x00\x0e_\x00T/T\x0e{I_\
\x85y\xd2ep\x08\x00\x00\x00\x00\x06\x00\x00\x00*t\
est.param.bt_ono\
ff_scan.on_wait_\
sec.label\x07\x00\x00\x00\x0eTe\
stPageBridge\x01\x03\x00\x00\
\x00*\x95\xabY\x0bZ\xe8tUOxW\x8f\x93\xb9\
2!ytt\x87f\xe0k\x91\x00 \x00C\x00P\
\x00U\x00 h\xf0b Pc\x92\x86\x08\x00\x00\x00\
\x00\x06\x00\x00\x000test.param\
.cpu_frequency.f\
requencies.descr\
iption\x07\x00\x00\x00\x0eTestP\
ageBridge\x01\x03\x00\x00\x00\x0e\x00\
C\x00P\x00U\x00 h\xf0b Pc\x08\x00\x00\
\x00\x00\x06\x00\x00\x00*test.para\
m.cpu_frequency.\
frequencies.labe\
l\x07\x00\x00\x00\x0eTestPageBr\
idge\x01\x03\x00\x00\x004\x95\xb2]\x85\xe62\
\x93\xb5\x04F\xe5\x11\x00 \x00C\x00P\x00U\x00 \
h\xf0b Pc\x93RV\xe8]2[\xf0\xe0F\
^F\x94(R\xec\xe0\xbc\x93\xc1\x82, \xac\x08\x00\
\x00\x00\x00\x06\x00\x00\x00/test.par\
am.cpu_frequency\
.loop_count.desc\
ription\x07\x00\x00\x00\x0eTest\
PageBridge\x01\x03\x00\x00\x00\x0c\
[\xf0\xe0F^FZ\x06!\x03f\x9f\x08\x00\x00\x00\
\x00\x06\x00\x00\x00)test.param\
.cpu_frequency.l\
oop_count.label\x07\
\x00\x00\x00\x0eTestPageBrid\
ge\x01\x03\x00\x00\x00\x1e\x890d\xb3X\xa0\x95\xab\
Y\x0bZ\xe8\x94(R\xeb}\xdfZ4[-\xe1\x95\
o\xb6V\xe5 \xac\x08\x00\x00\x00\x00\x06\x00\x00\x00\x1a\
test.param.dut.d\
escription\x07\x00\x00\x00\x0eT\
estPageBridge\x01\x03\x00\
\x00\x00\x06\x00D\x00U\x00T\x08\x00\x00\x00\x00\x06\x00\
\x00\x00\x14test.param.du\
t.label\x07\x00\x00\x00\x0eTest\
PageBridge\x01\x03\x00\x00\x00\x0e\
i\x9bj?\xe1{\x00 \x001\x008\x000\x08\x00\
\x00\x00\x00\x06\x00\x00\x00)test.par\
am.emmc_rw.loop_\
count.descriptio\
n\x07\x00\x00\x00\x0eTestPageBr\
idge\x01\x03\x00\x00\x00\x0c[\xf0\xe0F^F\
Z\x06!\x03f\x9f\x08\x00\x00\x00\x00\x06\x00\x00\x00#\
test.param.emmc_\
rw.loop_count.la\
bel\x07\x00\x00\x00\x0eTestPage\
Bridge\x01\x03\x00\x00\x00\x14i\x9bj?\
\xe1{\x00 \x003\x000\x007\x002\x000\x000\
\x08\x00\x00\x00\x00\x06\x00\x00\x00*test.p\
aram.emmc_rw.min\
_free_kb.descrip\
tion\x07\x00\x00\x00\x0eTestPag\
eBridge\x01\x03\x00\x00\x00\x1c\x93\xc8 \
\xacpO_\xd3X\xbfmck\x11%\x16\x95\xc2\x8f\
\xbe}\x19\x00K\x00B\x95\x1b\x08\x00\x00\x00\x00\x06\x00\
\x00\x00$test.param.em\
mc_rw.min_free_k\
b.label\x07\x00\x00\x00\x0eTest\
PageBridge\x01\x03\x00\x00\x00\x22\
\x00r\x00a\x00n\x00d\x00o\x00m\x001\x00 \
\x00/\x00 \x00r\x00a\x00n\x00d\x00o\x00m\
\x002\x08\x00\x00\x00\x00\x06\x00\x00\x00-test\
.param.emmc_rw.s\
ource_profile.de\
scription\x07\x00\x00\x00\x0eTe\
stPageBridge\x01\x03\x00\x00\
\x00\x0e\x93\xc1rH]AZga0S\xa4\x7f\x03\
\x08\x00\x00\x00\x00\x06\x00\x00\x00'test.p\
aram.emmc_rw.sou\
rce_profile.labe\
l\x07\x00\x00\x00\x0eTestPageBr\
idge\x01\x03\x00\x00\x00\x12i\x9bj?\xe1{\
\x00 \x005\x001\x002\x000\x000\x08\x00\x00\x00\
\x00\x06\x00\x00\x00-test.param\
.emmc_rw.source_\
size_kb.descript\
ion\x07\x00\x00\x00\x0eTestPage\
Bridge\x01\x03\x00\x00\x00\x18\x93\xc1rH\
]AZga,0GpO_\xe5}\x19\x00K\
\x00B\x95\x1b\x08\x00\x00\x00\x00\x06\x00\x00\x00'te\
st.param.emmc_rw\
.source_size_kb.\
label\x07\x00\x00\x00\x0eTestPa\
geBridge\x01\x03\x00\x00\x00Ji\x9b\
j?\xe1{\x00 \x00/\x00d\x00a\x00t\x00a\
\x00/\x00l\x00o\x00c\x00a\x00l\x00/\x00t\
\x00m\x00p\x00/\x00s\x00m\x00a\x00r\x00t\
\x00t\x00e\x00s\x00t\x00/\x00e\x00m\x00m\
\x00c\x00_\x00r\x00w\x08\x00\x00\x00\x00\x06\x00\x00\
\x00'test.param.emm\
c_rw.work_dir.de\
scription\x07\x00\x00\x00\x0eTe\
stPageBridge\x01\x03\x00\x00\
\x00\x0c[\xb80\xe4}\x94\x94)\xe1\xbc}\x8d\x08\x00\
\x00\x00\x00\x06\x00\x00\x00!test.par\
am.emmc_rw.work_\
dir.label\x07\x00\x00\x00\x0eTe\
stPageBridge\x01\x03\x00\x00\
\x00,Y\xe3_\xce\x91\xdc\x93\xbe\xe1_e\x81\x93T\
1$}\x94\x93\xb5\x04F\xe5\x11\x93Z^\xa3k\x91\
~\xdbY\x0a}\xdf\x93\xc3X\x15h\xff\x92\x86\x08\x00\
\x00\x00\x00\x06\x00\x00\x00@test.par\
am.local_playbac\
k_stress.action_\
interval_sec.des\
cription\x07\x00\x00\x00\x0eTes\
tPageBridge\x01\x03\x00\x00\x00\
\x14\x93T1$}\x94\x95\xc2d\xaek\xa7\x95\x1bX\
\x22\xe7W\x95\x1b\x08\x00\x00\x00\x00\x06\x00\x00\x00:t\
est.param.local_\
playback_stress.\
action_interval_\
sec.label\x07\x00\x00\x00\x0eTe\
stPageBridge\x01\x03\x00\x00\
\x00\x5c\x95\xabl3~C\x00 \x00A\x00n\x00d\
\x00r\x00o\x00i\x00d\x00 o\xefc\x8d}\x8b\
\x93\xb8Y\x10emm\x5c[)k\x22\x93Yb&\
 \xacOz|\xb0\x00 \x00E\x00x\x00o\x00P\
\x00l\x00a\x00y\x00e\x00r\x00 \x94(R\xec\
c1\x93\xc0p\xacd7mcn\xbf \xac\x08\x00\
\x00\x00\x00\x06\x00\x00\x004test.par\
am.local_playbac\
k_stress.actions\
.description\x07\x00\x00\x00\
\x0eTestPageBridge\x01\
\x03\x00\x00\x00\x0c\x93X[+yt\x93T1$}\
\x94\x08\x00\x00\x00\x00\x06\x00\x00\x00.test.\
param.local_play\
back_stress.acti\
ons.label\x07\x00\x00\x00\x0eTe\
stPageBridge\x01\x03\x00\x00\
\x004\x95\xb2]\x85\xe62\x93\xb5\x04F\xe5\x11\x93\xb5\
 \xac\x95\xabY\x0bg\x83m`\x8d\xfab\xf0\x93T\
1$}\x94\x95\xb0]\x87u\x86\x94(R\xec\xe0\xbc\
\x93\xc1\x82, \xac\x08\x00\x00\x00\x00\x06\x00\x00\x007\
test.param.local\
_playback_stress\
.loop_count.desc\
ription\x07\x00\x00\x00\x0eTest\
PageBridge\x01\x03\x00\x00\x00\x0c\
[\xf0\xe0F^FZ\x06!\x03f\x9f\x08\x00\x00\x00\
\x00\x06\x00\x00\x001test.param\
.local_playback_\
stress.loop_coun\
t.label\x07\x00\x00\x00\x0eTest\
PageBridge\x01\x03\x00\x00\x00\x84\
\x93\xc8\xe0H \xacY\x0bZ\xe8\x93\xc2V\xe6k\x22\
\x93\xc3`\xf0~Mt\x1b\x5c~na\x93\xb5\xe0\xa3\
_?\x94(\x00?\x00D\x00U\x00T\x00 \x94)\
\xe1\xbc}\x8d\x92\x86P\x9e|\xaft\x81\x00?\x00/\
\x00s\x00t\x00o\x00r\x00a\x00g\x00e\x00/\
\x00*\x00/\x00M\x00o\x00v\x00i\x00e\x00s\
\x00 \x00/\x00s\x00t\x00o\x00r\x00a\x00g\
\x00e\x00/\x00*\x00/\x00V\x00i\x00d\x00e\
\x00o\x92\x86\x08\x00\x00\x00\x00\x06\x00\x00\x006te\
st.param.local_p\
layback_stress.m\
edia_dir.descrip\
tion\x07\x00\x00\x00\x0eTestPag\
eBridge\x01\x03\x00\x00\x00\x0co\xefc\
\x8d}\x8b\x94)\xe1\xbc}\x8d\x08\x00\x00\x00\x00\x06\x00\
\x00\x000test.param.lo\
cal_playback_str\
ess.media_dir.la\
bel\x07\x00\x00\x00\x0eTestPage\
Bridge\x01\x03\x00\x00\x00zm`\x00?\
\x00D\x00U\x00T\x00 \x93PTou\x86\x00 \
\x00M\x00o\x00v\x00i\x00e\x00s\x00 \x93\x5c\
\x00?\x00U\x00 \x94)\x00?\x00M\x00o\x00v\
\x00i\x00e\x00s\x00 \x94)\xe1\xbc}\x8d\x93Y\
b ^G\x94(R\xecg\x83m`\x8e\xb2 \xac\
P\x9a`\xce\x93T1%X\xa0\x94wQ\xb2v\xaf\
\x95\xabY\x0bZ\xe8m\x93 \xacm\x93\xe0Eg\x83\
m`\x8e\xb2 \xac\x08\x00\x00\x00\x00\x06\x00\x00\x008\
test.param.local\
_playback_stress\
.media_files.des\
cription\x07\x00\x00\x00\x0eTes\
tPageBridge\x01\x03\x00\x00\x00\
\x0c\x93\xbe\xe1_e\x81\x93\xc2V\xe6k\x22\x08\x00\x00\
\x00\x00\x06\x00\x00\x002test.para\
m.local_playback\
_stress.media_fi\
les.label\x07\x00\x00\x00\x0eTe\
stPageBridge\x01\x03\x00\x00\
\x00*Y\xe3_\xdau\x86[\xf0\xe0F^F\x93P\
TnX\xa6m\x94\x8f\xa8X\x8d\x95\xabY\x0bg\x83\
m`X\x150\x0ed4_\xcb \xac\x08\x00\x00\x00\
\x00\x06\x00\x00\x00<test.param\
.local_playback_\
stress.random_pl\
ayback.descripti\
on\x07\x00\x00\x00\x0eTestPageB\
ridge\x01\x03\x00\x00\x00\x0c\x95\xc5_\xd4n\
\x80\x93\xbe\xe1_e\x81\x08\x00\x00\x00\x00\x06\x00\x00\x00\
6test.param.loca\
l_playback_stres\
s.random_playbac\
k.label\x07\x00\x00\x00\x0eTest\
PageBridge\x01\x03\x00\x00\x00F\
Y\xe3_\xce\x91\xdco\xefc\x8d}\x8b\x93\xc2V\xe6\
k\x22t\xa7\x95\x0bc1\x93Z^\xaf}\x1d\x93Y\
b& \xacOx^\x07Z4[*Y\xe9mc\
n\xc3X\xa0\x94(R\xedt\xd1[\xf0Tni\x02\
\x95\xc2m\xec \xac\x08\x00\x00\x00\x00\x06\x00\x00\x00;\
test.param.local\
_playback_stress\
.start_wait_sec.\
description\x07\x00\x00\x00\x0e\
TestPageBridge\x01\x03\
\x00\x00\x00\x14t\xa7\x95\x0bc1~\xdbY\x0a}\xdf\
\x95\x1bX\x22\xe7W\x95\x1b\x08\x00\x00\x00\x00\x06\x00\x00\
\x005test.param.loc\
al_playback_stre\
ss.start_wait_se\
c.label\x07\x00\x00\x00\x0eTest\
PageBridge\x01\x03\x00\x00\x00\x12\
Y\xe3_\xce\x91\xdc\x94\x221$}\xe5\x94\x19\xe1\x02\
s\xdb\x08\x00\x00\x00\x00\x06\x00\x00\x00\x15test\
.param.scope.cas\
e\x07\x00\x00\x00\x0eTestPageBr\
idge\x01\x03\x00\x00\x00\x0c\x94\x221$}\xe5\
~\xeb\x8b\xf2p7\x08\x00\x00\x00\x00\x06\x00\x00\x00!\
test.param.scope\
.case_type_share\
d\x07\x00\x00\x00\x0eTestPageBr\
idge\x01\x03\x00\x00\x00\x06\x93O1%w,\
\x08\x00\x00\x00\x00\x06\x00\x00\x00\x1ftest.p\
aram.scope.globa\
l_context\x07\x00\x00\x00\x0eTe\
stPageBridge\x01\x03\x00\x00\
\x00\x0ai\x9bj?\xe1{\x00 \x002\x08\x00\x00\x00\
\x00\x06\x00\x00\x002test.param\
.wifi_onoff_scan\
.cycle_count.des\
cription\x07\x00\x00\x00\x0eTes\
tPageBridge\x01\x03\x00\x00\x00\
\x0c[\xf0\xe0F^FZ\x06!\x03f\x9f\x08\x00\x00\
\x00\x00\x06\x00\x00\x00,test.para\
m.wifi_onoff_sca\
n.cycle_count.la\
bel\x07\x00\x00\x00\x0eTestPage\
Bridge\x01\x03\x00\x00\x004\x00W\x00i\
\x00-\x00F\x00i\x00 Qs\x95\xedT\x0e{I\
_\x85v\x84y\xd2ep\xff\x0cq6T\x0eQ\x8d\
bg\x88LN\x0bN\x00k!_\x00T/0\x02\
\x08\x00\x00\x00\x00\x06\x00\x00\x003test.p\
aram.wifi_onoff_\
scan.off_wait_se\
c.description\x07\x00\x00\
\x00\x0eTestPageBridge\
\x01\x03\x00\x00\x00\x0eQs\x95\xedT\x0e{I_\x85\
y\xd2ep\x08\x00\x00\x00\x00\x06\x00\x00\x00-te\
st.param.wifi_on\
off_scan.off_wai\
t_sec.label\x07\x00\x00\x00\x0e\
TestPageBridge\x01\x03\
\x00\x00\x00>\x00W\x00i\x00-\x00F\x00i\x00 \
_\x00T/T\x0e{I_\x85v\x84y\xd2ep\
\xff\x0cq6T\x0eQ\x8dbg\x88LV\xde\x8f\xde\
h\xc0g\xe5b\x16N\x0bN\x00k!Qs\x95\xed\
0\x02\x08\x00\x00\x00\x00\x06\x00\x00\x002test\
.param.wifi_onof\
f_scan.on_wait_s\
ec.description\x07\x00\
\x00\x00\x0eTestPageBridg\
e\x01\x03\x00\x00\x00\x0e_\x00T/T\x0e{I_\
\x85y\xd2ep\x08\x00\x00\x00\x00\x06\x00\x00\x00,t\
est.param.wifi_o\
noff_scan.on_wai\
t_sec.label\x07\x00\x00\x00\x0e\
TestPageBridge\x01\x03\
\x00\x00\x00\x1e\x94\x221$|,\x93ep\xb6~[\
Y\xab \xac\x93\xcc0\xef}\x1d\x8eGTm\xff^\
\x92\x86\x08\x00\x00\x00\x00\x06\x00\x00\x002test\
.param.wifi_onof\
f_scan.ping_targ\
et.description\x07\x00\
\x00\x00\x0eTestPageBridg\
e\x01\x03\x00\x00\x00\x10\x00P\x00i\x00n\x00g\x00\
 \x94)\xe1\xbdr#\x08\x00\x00\x00\x00\x06\x00\x00\x00\
,test.param.wifi\
_onoff_scan.ping\
_target.label\x07\x00\x00\
\x00\x0eTestPageBridge\
\x01\x03\x00\x00\x00\x06i\x9bj?\xe1{\x08\x00\x00\x00\
\x00\x06\x00\x00\x00#test.schem\
a.case_type_defa\
ult.title\x07\x00\x00\x00\x0eTe\
stPageBridge\x01\x03\x00\x00\
\x00\x06\x93O1%w,\x08\x00\x00\x00\x00\x06\x00\x00\
\x00 test.schema.gl\
obal_context.tit\
le\x07\x00\x00\x00\x0eTestPageB\
ridge\x01\
\x00\x01`F\
<\
\xb8d\x18\xca\xef\x9c\x95\xcd!\x1c\xbf`\xa1\xbd\xdd\xa7\
\x00\x00\x00\x05en_USB\x00\x00\x19\x80\x00\x00\
\x04Y\x00\x00\x16\xc6\x00\x00\x04]\x00\x01\x11\xce\x00\x00\
\x05;\x00\x00\x00\xde\x00\x00\x05;\x00\x00P\x5c\x00\x00\
\x05;\x00\x00zD\x00\x00\x05;\x00\x00\xf3\xf7\x00\x00\
\x05;\x00\x00\xf9\x9b\x00\x00\x05;\x00\x01\x03\xec\x00\x00\
\x05;\x00\x01\x09?\x00\x00\x05;\x00\x01\x12\x88\x00\x00\
\x05M\x00\x01\x12\xaf\x00\x00G\xd5\x00\x00\xff\xe6\x00\x00\
H,\x00\x00\xe9(\x00\x00I\xa4\x00\x01\x05\xf4\x00\x00\
I\xb7\x00\x00/\xe0\x00\x00J\xc4\x00\x00\x5c\x90\x00\x00\
J\xc4\x00\x00\xdf<\x00\x00KS\x00\x00\xdf\x90\x00\x00\
LV\x00\x01\x07\x02\x00\x00O\x5c\x00\x005\xaf\x00\x00\
Sg\x00\x00<;\x00\x00Sg\x00\x00\xb2P\x00\x00\
T\x86\x00\x00\xe0\xdd\x00\x00Y\xbe\x00\x00%f\x00\x00\
Y\xbe\x00\x00\xf4\x9f\x00\x00Y\xbe\x00\x01\x0a\x8c\x00\x00\
{`\x00\x00\xfd7\x00\x00\xd9X\x00\x00o\xfc\x00\x00\
\xe9X\x00\x00pQ\x00\x01=\x22\x00\x01\x18\x1c\x00\x01\
\xc4\xde\x00\x00e\xc7\x00\x03\x9bn\x00\x00\xc4:\x00\x04\
\x8c\xaf\x00\x00\xf6R\x00\x04\xa3\x00\x00\x00\x1a\xa3\x00\x04\
\xa3\x00\x00\x00q\xad\x00\x04\xa6y\x00\x00\x5ca\x00\x04\
\xa6y\x00\x00\xc9\xdd\x00\x04\xa6y\x00\x00\xdf\x15\x00\x04\
\xa8\x8b\x00\x00\xf7\x80\x00\x04\xbb\x04\x00\x00\x5c\xbc\x00\x04\
\xbb\x04\x00\x00\xdf\xb4\x00\x04\xbb\x04\x00\x01\x010\x00\x04\
\xd0%\x00\x00\x5c\xeb\x00\x04\xd0%\x00\x00\xdf\xdb\x00\x04\
\xd6\x8d\x00\x00\x1cg\x00\x04\xec0\x00\x00]\x1a\x00\x04\
\xec0\x00\x00\xe0\x02\x00\x04\xef\xd8\x00\x003\x8f\x00\x04\
\xef\xd8\x00\x00\xb0\xb2\x00\x04\xf65\x00\x00\x1c\xcf\x00\x04\
\xf6\xc2\x00\x01\x12(\x00\x05\x04\xcf\x00\x00\xbc\xf0\x00\x05\
\x10\x81\x00\x00\x1d\xd6\x00\x05\x10\x81\x00\x00\xcc\xd1\x00\x05\
+\xd4\x00\x00q\x14\x00\x05+\xd4\x00\x00\xec\xae\x00\x05\
+\xd4\x00\x01\x14\x80\x00\x05<U\x00\x00\x1ex\x00\x05\
<U\x00\x00\xe0)\x00\x05F\x85\x00\x00\xcf\x9b\x00\x05\
F\x85\x00\x01\x18\xc1\x00\x05H5\x00\x00\x0f\x9a\x00\x05\
H5\x00\x01\x03Y\x00\x05H5\x00\x01\x1a\xee\x00\x05\
L\xf4\x00\x00P1\x00\x05f\xbe\x00\x00>\x91\x00\x05\
f\xbe\x00\x00\xf9\xc0\x00\x05\x8c\x04\x00\x00\x06X\x00\x05\
\x8c\x04\x00\x00Q\x1c\x00\x05\x8c\x04\x00\x00^\xcb\x00\x05\
\x8c\x04\x00\x00\xe1+\x00\x05\x98\xc5\x00\x00^\xfa\x00\x05\
\x98\xc5\x00\x00\xe1R\x00\x05\x98\xc5\x00\x01\x19\x81\x00\x05\
\x9cS\x00\x00\xf1\xaf\x00\x05\xa8\x9b\x00\x00E\xa2\x00\x05\
\xab`\x00\x01\x0c<\x00\x05\xac\xa4\x00\x00(\x0e\x00\x05\
\xac\xa4\x00\x01\x0c\xa2\x00\x05\xac\xf4\x00\x00(<\x00\x05\
\xac\xf4\x00\x01\x0d}\x00\x05\xb6\xc2\x00\x00+E\x00\x05\
\xb6\xc2\x00\x01\x19\xf9\x00\x05\xc0e\x00\x00\xdb>\x00\x05\
\xc0e\x00\x01\x0d\x0e\x00\x06\x98\x95\x00\x00\xf5\xbc\x00\x07\
+\xd4\x00\x00\xfc\xe4\x00\x07\xaa\xc0\x00\x00\xf5\xe2\x00\x09\
fN\x00\x00k\x88\x00\x1d\x0b!\x00\x00\x01\xcf\x00+\
.\x01\x00\x00\xf3,\x00<+\xf5\x00\x00*\x8e\x00<\
+\xf5\x00\x01\x14\x0e\x00>D\x8e\x00\x01\x15\xa6\x00G\
\x96\xc4\x00\x00\x00\x00\x00G\x96\xc4\x00\x00M0\x00G\
\x96\xc4\x00\x00\x5c/\x00G\x96\xc4\x00\x00\xde\xc1\x00H\
\x12b\x00\x00\x18\xb5\x00Hz\xd5\x00\x00\x18\x04\x00H\
z\xd5\x00\x00`\xaa\x00H\xe7>\x00\x00Q\xcd\x00I\
\xe8\x94\x00\x00\x1a8\x00I\xeb\x9b\x00\x00\xde\xeb\x00J\
6\x95\x00\x00\xc8\x0f\x00J\xb9\xb7\x00\x00\x1b\x8e\x00J\
\xb9\xb7\x00\x00u\x06\x00L\x99b\x00\x003a\x00M\
8\xd2\x00\x00\x1d\x9f\x00M8\xd2\x00\x00\xbd\x1a\x00M\
\xc9\xbe\x00\x00\x1f\x8e\x00M\xc9\xbe\x00\x00\xe8\xaf\x00O\
\xa6S\x00\x00\x1d=\x00O\xa6S\x00\x00\xbbn\x00P\
7\xd5\x00\x00\x1dn\x00P7\xd5\x00\x00\xbc4\x00P\
FE\x00\x00O\xfa\x00PFE\x00\x00z\x0f\x00P\
\xf28\x00\x00|\x87\x00R\xfd\xf4\x00\x00\xf8\xc6\x00S\
]\xfe\x00\x00J\xb5\x00S^\xa4\x00\x00S1\x00T\
\xcf~\x00\x01\x03\x85\x00U\xa1r\x00\x00E\xcd\x00V\
\x8a\xa5\x00\x00^\x99\x00V\x8a\xa5\x00\x00\xe1\x01\x00V\
\xae\xc2\x00\x00\x1f]\x00W\x0dd\x00\x00 \xcd\x00W\
\x0dd\x00\x00\xea4\x00Wg\xc3\x00\x00!P\x00X\
\xb7\xb9\x00\x00?j\x00X\xb7\xb9\x00\x00`$\x00X\
\xb7\xb9\x00\x00\xb6.\x00X\xb7\xb9\x00\x00\xf0^\x00X\
\xbf\x9b\x00\x00\xd4\x1e\x00X\xc9\xc4\x00\x00@\x18\x00X\
\xfd\xf4\x00\x00q?\x00X\xfd\xf4\x00\x00\xee\x03\x00X\
\xfd\xf4\x00\x01\x14\xaf\x00Y\xeb\xc4\x00\x00%\xda\x00Y\
\xeb\xc4\x00\x00\xfb\xae\x00Z\xa8\x94\x00\x00\xf5/\x00Z\
\xa8\x94\x00\x01\x0c\x0c\x00Z\xb6\x99\x00\x00Et\x00Z\
\xcaq\x00\x00\x06|\x00Z\xcar\x00\x00\x06\xa3\x00Z\
\xcas\x00\x00\x06\xca\x00Z\xcat\x00\x00\x06\xf1\x00Z\
\xcau\x00\x00\x07\x18\x00Z\xcav\x00\x00\x07?\x00Z\
\xcaw\x00\x00\x07f\x00Z\xcax\x00\x00\x07\x8d\x00Z\
\xec5\x00\x00)\xe6\x00Z\xec5\x00\x01\x11c\x00[\
\x0b%\x00\x00\xfc\x8b\x00[\x0b%\x00\x01\x1b\x19\x00]\
_\x95\x00\x00\xdb\xb6\x00^\xc4/\x00\x00\xc1\xa3\x00d\
\xbbE\x00\x01FL\x00k\x02\xa4\x00\x00\x1f\xce\x00p\
\xe9\x18\x00\x01\x13\x15\x00x\xfd\xf4\x00\x00\xfd\x0c\x00\x8b\
\xb1>\x00\x00\x14\xa5\x00\x91N\xbe\x00\x00A\x1a\x00\x91\
O\xce\x00\x01.^\x00\x92\x9b\xb7\x00\x00]I\x00\x97\
\x96\x04\x00\x00f!\x00\x97\x96\x04\x00\x00p\xdd\x00\x97\
\x96\x04\x00\x00\xab\x0b\x00\x97\x96\x04\x00\x00\xect\x00\x97\
\x96\x04\x00\x01\x06]\x00\x97\x96\x04\x00\x01\x0ej\x00\x97\
\x96\x04\x00\x01\x14E\x00\x9e\xa3\x85\x00\x00\xb8\x14\x00\xa3\
I\xae\x00\x0062\x00\xa4\x1d\xc4\x00\x00\xcc\xf8\x00\xa6\
\xba\xee\x00\x01B^\x00\xb1\x86\xae\x00\x00\xf1\x1a\x00\xb8\
\xff\x9e\x00\x01E\x06\x00\xc2p\x92\x00\x00\x0by\x00\xc2\
p\x92\x00\x00N\xd4\x00\xc2p\x92\x00\x00y\x84\x00\xc2\
p\x92\x00\x00\xf8=\x00\xc8\xean\x00\x00wh\x00\xd5\
\xf4\xce\x00\x01,P\x00\xe0-\x85\x00\x00\xe4\xe2\x00\xf4\
\xe2\xc5\x00\x00\xbf\xc0\x00\xf5t\xe4\x00\x00&\xce\x00\xf5\
t\xe4\x00\x00\xfe\x1d\x01\x04BC\x00\x01\x18\xe8\x01\x09\
\xf9\xce\x00\x01\x07,\x01\x11u\xec\x00\x01\x1f\xde\x01\x17\
b\xde\x00\x00\xd7*\x01\x1a\xd9\x9e\x00\x01C\xa0\x01$\
\x97Y\x00\x00q\xd4\x010\x97^\x00\x00\xcf\xfb\x01E\
\x8a\x94\x00\x00\xc89\x01J\xd8\xdd\x00\x00\x09\x0f\x01L\
\x05\x03\x00\x00\xf6\xae\x01_\xef\xd9\x00\x00\x04\x9b\x01a\
\x91%\x00\x00mT\x01t(\x9e\x00\x00hU\x01~\
(8\x00\x01\x0e\x22\x01\x97\x1a\x0c\x00\x014\xc4\x01\xa0\
'\x9e\x00\x01+^\x01\xabj\x0e\x00\x01<t\x01\xb2\
vu\x00\x00tM\x01\xbeq^\x00\x00\xda\xc6\x01\xc4\
\x04`\x00\x00\xe1\xdf\x01\xc6\xdaU\x00\x00\x04C\x01\xcb\
Q\x02\x00\x003\x1e\x01\xcf\x90N\x00\x01%\x90\x01\xd6\
:~\x00\x01\x15(\x01\xe7\xbc\xfe\x00\x00gM\x01\xfa\
od\x00\x00K\x16\x01\xfe\x1b\xe9\x00\x00\xc9\x86\x02\x1c\
\xdbE\x00\x00c\x17\x02\x22w>\x00\x012\xb8\x02+\
k\x17\x00\x00zg\x02+\xa7\xfe\x00\x00\x01\x04\x02P\
&\x0e\x00\x0188\x02\x83:\xc7\x00\x00\xc5-\x02\x83\
\x89>\x00\x01)\xb4\x02\x89r\x84\x00\x00T/\x02\xa0\
\x12\xc9\x00\x01\x0b\xc4\x02\xa6\xa5T\x00\x00\xb2\xf5\x02\xb7\
l\xc4\x00\x00>Q\x02\xb7l\xc4\x00\x00\xd2,\x02\xbc\
]\xbe\x00\x00\xfb\xd9\x02\xbf\x12\xd3\x00\x00\xba\xea\x02\xc2\
\xde\xbc\x00\x01\x22\x96\x02\xd5\xca$\x00\x00\xd1c\x02\xd6\
b\x8c\x00\x011\xa8\x02\xdbc\x98\x00\x00\xbea\x02\xdd\
\xee]\x00\x00Ui\x02\xe0!\xec\x00\x01!W\x02\xe8\
\xfe<\x00\x017\xad\x02\xe9DI\x00\x00u\xd2\x02\xee\
\xbd\xbc\x00\x00$c\x02\xee\xbd\xbc\x00\x00\xee4\x02\xf5\
i.\x00\x00\xc7a\x03\x05\xcb\x17\x00\x00\x1c-\x03\x05\
\xcb\x17\x00\x00\xa9s\x03\x0c\x0f3\x00\x009M\x03\x22\
\x88\xde\x00\x00X\x9f\x03'+]\x00\x001e\x03B\
5E\x00\x00\xba\x1e\x03D\x95R\x00\x00\xad\xb8\x03L\
}\xde\x00\x00\xe7\xb5\x03L\xf5\xe3\x00\x01\x11\x8e\x03N\
Xe\x00\x00\xd4H\x03Qqn\x00\x00k\x0a\x03W\
\xb0\x17\x00\x00g\x1a\x03W\xb0\x17\x00\x00\xce\xc3\x03d\
\xe8l\x00\x01(\x82\x03f\xc5\xf7\x00\x01\x02r\x03v\
\x11.\x00\x01\x1d\x1c\x03\x7f\x83\xfe\x00\x01:\xd6\x03\x82\
\x8d\x04\x00\x00'\x1d\x03\x82\x8d\x04\x00\x00\xfep\x03\x86\
\x96\xb5\x00\x00\xf9(\x03\x8aT\xa0\x00\x00\xab\xaa\x03\x8a\
\x9e\xe4\x00\x00<c\x03\x90\x0e#\x00\x00(\xa1\x03\x97\
i\x93\x00\x00\xc8\xc3\x03\xa6\xbf\x14\x00\x00\xbb\x99\x03\xa7\
\x01\xa1\x00\x00S\xcb\x03\xabb\x5c\x00\x012{\x03\xbb\
\xc2X\x00\x01\x0e\xa0\x03\xc4\xc2^\x00\x00$ \x03\xc4\
\xc2^\x00\x00\xed\xc0\x03\xc5\x98\xd2\x00\x00\xe0P\x03\xc6\
#c\x00\x009\x90\x03\xcf\xec\xdc\x00\x01@*\x03\xd2\
a\xb4\x00\x00\x18\xfe\x03\xd2a\xb4\x00\x00c_\x03\xd5\
\x88d\x00\x00\xb1\xc6\x03\xe0\xd1\x1f\x00\x00u\x92\x03\xe1\
\x1cN\x00\x00\xc5\xd8\x03\xec\xb8.\x00\x01\x05\x94\x03\xee\
\xf6\xe3\x00\x00U$\x03\xf5 \x09\x00\x00c\xa5\x04\x05\
\x03,\x00\x00\xf8\xf4\x04\x07\xa4\xe2\x00\x00x|\x04\x11\
\x92\x14\x00\x00#\xdd\x04\x11\x92\x14\x00\x00\xec2\x04\x17\
\x05\x1e\x00\x00;d\x04\x1ap|\x00\x01)R\x04\x1e\
\x98Y\x00\x00\xbdM\x04!u.\x00\x01'\x22\x04#\
\xe0r\x00\x00l\x94\x04+\xf1\xb5\x00\x00Y\x5c\x044\
#N\x00\x00B\xd0\x048\xcd.\x00\x00\xcb\x9c\x04:\
\xa1\xb1\x00\x00\x00/\x04>\x9a\x94\x00\x01@\xee\x04@\
zG\x00\x00x \x04B:u\x00\x00\xc0J\x04I\
\xa0\x14\x00\x00\x185\x04I\xa0\x14\x00\x00b\x92\x04L\
\x84C\x00\x00\xdax\x04TU\xbe\x00\x00w\xca\x04l\
VG\x00\x00\xd9\x19\x04\x84\x0e\x83\x00\x00\xc3h\x04\x84\
7\xfc\x00\x00\xabB\x04\x8c\x8a\x82\x00\x01\x00\x0f\x04\x8c\
\x8a\x82\x00\x01\x1a\xbd\x04\x8f+\xcc\x00\x010u\x04\x8f\
5\xdd\x00\x002,\x04\x97\xd1\x93\x00\x00\xae\xb4\x04\x98\
I\xbc\x00\x00\x0ev\x04\x98I\xbc\x00\x00M\xfb\x04\x98\
I\xbc\x00\x00v\xf2\x04\x98I\xbc\x00\x00\xf6}\x04\x98\
I\xbc\x00\x01\x00A\x04\x98I\xbc\x00\x01\x11\xf5\x04\x99\
n\x95\x00\x00\x0e9\x04\x99n\x95\x00\x00t\xd8\x04\xa3\
i\xb4\x00\x000\xbd\x04\xa5A\xb4\x00\x0044\x04\xa8\
\xb8\xa5\x00\x00\x0e\xb3\x04\xac,\xa5\x00\x01\x00\xae\x04\xac\
,\xa5\x00\x01\x166\x04\xaf\x83W\x00\x00\x1b\xbf\x04\xaf\
\x83W\x00\x00yU\x04\xb2\x80>\x00\x013t\x04\xb4\
\x09$\x00\x00C\xcd\x04\xb4\x09$\x00\x00L9\x04\xb5\
\x10\xd1\x00\x00\xb3m\x04\xb7\x9b\x10\x00\x00{7\x04\xbe\
\x0a\x0e\x00\x00\xc9M\x04\xc6v>\x00\x00j\xcb\x04\xc9\
L\xa5\x00\x01\x0d;\x04\xcc\xcf\x22\x00\x00\xcc\x98\x04\xcf\
hD\x00\x00\xf3\x00\x04\xd0P\x98\x00\x00N\xa3\x04\xd9\
+\xbe\x00\x00X'\x04\xf6\xb1\xc9\x00\x00\x0f\xd1\x04\xf7\
\x8b0\x00\x00\xaa\x8b\x04\xfc\x89\xc7\x00\x00\xe2'\x05\x01\
\x0e\xd1\x00\x00\xf4\xc2\x05\x08\x9e\xb9\x00\x00\x11\x09\x05\x08\
\xde4\x00\x00\x18r\x05\x0a\xab\xc3\x00\x00\xcck\x05\x18\
\x12b\x00\x00b\xcc\x05\x1fV\xe5\x00\x00/@\x05'\
\x8c3\x00\x009\x1c\x05'\x8c3\x00\x00\xce`\x05(\
\x8a\xee\x00\x00\xca\xa9\x05)\x06\xc4\x00\x00\x1e\x04\x05/\
1\xce\x00\x01$\xa2\x051\x8c\xa2\x00\x00\x10\x5c\x051\
\x8c\xa2\x00\x00\x1c\xfd\x055\xe6\xc4\x00\x00J\xe4\x05;\
\xb0\xbd\x00\x00<\x97\x05;\xb0\xbd\x00\x00\xb3@\x05<\
[!\x00\x00g\x95\x05<[\x22\x00\x00g\xc5\x05<\
[#\x00\x00g\xf5\x05<[$\x00\x00h%\x05>\
\x1b\xfe\x00\x00|\xeb\x05@\x5c\xa5\x00\x01\x12U\x05E\
\x84\xce\x00\x00\xf74\x05F\x81S\x00\x00\xd4\xea\x05K\
\xe0\xd4\x00\x00\xc9\x17\x05L\xa1\x0e\x00\x00^,\x05L\
\xa1\x0e\x00\x00\xe0\x80\x05QI\xa4\x00\x00T\xf1\x05Q\
I\xa4\x00\x00\xef\x92\x05QI\xa4\x00\x00\xf3\xcb\x05Q\
I\xa4\x00\x01\x07\x80\x05T\x06\x8e\x00\x01A\x92\x05^\
\x95\xfc\x00\x01\x1c\xb6\x05_\xa3>\x00\x008@\x05a\
\xb6%\x00\x00\xafe\x05c*C\x00\x00,*\x05c\
*C\x00\x00\xc3\x0b\x05f\xa5\xa5\x00\x00#\xa9\x05f\
\xa5\xa5\x00\x00\xec\x03\x05f\xc2\xbc\x00\x00\x1f)\x05f\
\xc2\xbc\x00\x00\xe8\x80\x05i\xf9S\x00\x00\xdd\xf9\x05k\
Z#\x00\x00\x10\x9c\x05l\xd9s\x00\x00\xd4\xa2\x05m\
=\xc3\x00\x00\xb1{\x05y\xe6$\x00\x00\x11\xfe\x05|\
Y\xd3\x00\x00\xe7\x00\x05\x85J\x17\x00\x00F\x07\x05\x85\
J\x17\x00\x00\xdb\x02\x05\x87\x0e\xf7\x00\x00HT\x05\x8c\
5t\x00\x00`L\x05\x8c5t\x00\x00\xf0\xbc\x05\x8c\
v\x94\x00\x00%2\x05\x8cv\x94\x00\x00\xf0\xeb\x05\x8c\
\x9cD\x00\x00\xd5e\x05\x8c\xcf\xc7\x00\x00\xb7u\x05\x90\
]\xbe\x00\x01\x19\xa8\x05\x90_\xc2\x00\x00_\xde\x05\x90\
_\xc2\x00\x00\xef\xc1\x05\x91\x04\xc3\x00\x00\xf4L\x05\x91\
\x04\xc3\x00\x01\x0a2\x05\x92\x11\xe7\x00\x01\x11\x17\x05\x9b\
\x88\x98\x00\x00Q\x9c\x05\x9b\x88\x98\x00\x00\xe1\xb2\x05\x9b\
\x88\x98\x00\x01\x04G\x05\x9c\x14\x90\x00\x00R\xdf\x05\xa2\
\xb2\xf5\x00\x00\xc2\xd2\x05\xa2\xfa\xc2\x00\x00&W\x05\xa2\
\xfa\xc2\x00\x00\xfd\xab\x05\xa5\xd5\x0c\x00\x01\x1e\xc8\x05\xa6\
\xc8\x95\x00\x00\x0a\xe3\x05\xaa\x8b\xc3\x00\x00\xd9j\x05\xae\
\x10S\x00\x00\xc5\x9f\x05\xb0\xaa\xbd\x00\x00\xfa\x22\x05\xb8\
\x83\xc4\x00\x00\xb9\xb2\x05\xc1\xcd\xd4\x00\x00\xbd\xef\x05\xc5\
5t\x00\x00{\xd2\x05\xc5\x8bt\x00\x00\xea_\x05\xc6\
\xe7\x9e\x00\x00A\xd5\x05\xc75t\x00\x01\x1a \x05\xc8\
1n\x00\x00.2\x05\xc8\xdcT\x00\x00\xea\xeb\x05\xd9\
\x1b\x5c\x00\x01$\x1b\x05\xdb\x16\x0c\x00\x016\x9a\x05\xe2\
\xf6\xd7\x00\x00P\x81\x05\xe4h\xf5\x00\x00Z\xab\x05\xe8\
~\x8e\x00\x00\x15\xea\x05\xedF\x89\x00\x00+\xad\x05\xed\
F\x89\x00\x01\x1b~\x05\xf0\xad5\x00\x00\x06\x06\x05\xf5\
7\xe4\x00\x00`\xd5\x05\xf6\x01<\x00\x01&\xbe\x05\xf6\
4^\x00\x00\xd6O\x05\xf8\xec\xd7\x00\x01\x02\xb6\x06\x06\
N\x92\x00\x00&\x0b\x06\x06N\x92\x00\x00\xfd\x5c\x06\x07\
\x9e>\x00\x00\x13u\x06\x1b5\x89\x00\x003\xba\x06%\
\x15.\x00\x01\x0a\xb6\x062\x835\x00\x00\xf2\x90\x069\
$\xfe\x00\x00\xd5\x92\x069=\xc8\x00\x00\x1b\x14\x069\
=\xc8\x00\x00s\x8c\x06C\xc1\x13\x00\x001.\x06C\
\xc1\x13\x00\x00\xc8\x90\x06K\x923\x00\x00\xca\x04\x06L\
%c\x00\x01\x0c\xcf\x06Z~\x13\x00\x00\xaa\xd4\x06c\
\x8b\x83\x00\x00\xb8\xc2\x06l\x11^\x00\x00^a\x06l\
\x11^\x00\x00\xe0\xad\x06n\x94\xbe\x00\x019\x8a\x06{\
\x06\x03\x00\x01\x04\x12\x06\x95\xd6\xc3\x00\x00>\xf6\x06\x95\
\xd6\xc3\x00\x00\xd3\x7f\x06\x96\xbb]\x00\x00\xfc\xb6\x06\x97\
\x8c\x13\x00\x00\xf4\xfa\x06\x9c}\xc4\x00\x004\xef\x06\xa7\
\xe71\x00\x00\xf5\x8a\x06\xa9\xaeC\x00\x00\xd9\xca\x06\xb1\
F\xae\x00\x01>\x1e\x06\xc4g\xb1\x00\x00\xff^\x06\xe4\
/\x8e\x00\x01\x07\xb3\x06\xf33\xde\x00\x00-\x8f\x06\xf8\
Z\x0e\x00\x00\x0a\x19\x06\xfb\xce>\x00\x00\x12\xd5\x06\xfd\
\xb2\x9d\x00\x00U\xcf\x07\x00P\x15\x00\x00qm\x07\x0b\
Z^\x00\x01\x08v\x07\x0c\xacs\x00\x005o\x07\x0c\
\xacs\x00\x00\xcc/\x07\x0e\x91\xc8\x00\x01\x13\x90\x07\x1b\
\xb1\xf7\x00\x00\xe3\xa7\x07\x1d\x88\x89\x00\x00\x02\x10\x07&\
\x02\xa2\x00\x00\x1a\xd1\x07&\x02\xa2\x00\x00sI\x076\
:\xc4\x00\x01AD\x076\xdc\xce\x00\x00\xb0\xd9\x078\
\xbdu\x00\x01\x1aM\x07I\xbed\x00\x00 \x90\x07I\
\xbed\x00\x00\xe8\xee\x07L\xd8\xd4\x00\x00\x1e8\x07L\
\xd8\xd4\x00\x00y\xd4\x07L\xd8\xd4\x00\x00\xde\x83\x07M\
\xd9\xce\x00\x00_)\x07M\xd9\xce\x00\x00\xe1y\x07O\
\x1fY\x00\x00dM\x07Z\xc6g\x00\x00\xaf\x08\x07_\
mn\x00\x00\xb9=\x07eu\xd5\x00\x00\xce\x8d\x07|\
n.\x00\x00!\x81\x07\x82\xc6\x00\x00\x00\xb5\xb0\x07\x8c\
\xcf\x97\x00\x00\xd3O\x07\x8f#\xd4\x00\x00\xb7\xa2\x07\x92\
\x93\xa7\x00\x00n\xba\x07\x9al\x14\x00\x00\x12h\x07\x9a\
l\x14\x00\x00J3\x07\x9e\xfc\xd4\x00\x01\x06\x1e\x07\xaa\
\x02\xb3\x00\x00\x16\xee\x07\xaa\x02\xb3\x00\x00`w\x07\xab\
\x8c\xe3\x00\x00\xff\xb1\x07\xab\x8c\xe3\x00\x01\x1a\x89\x07\xad\
\xac\x83\x00\x00\xb9\xe5\x07\xaeP\x9c\x00\x01/]\x07\xb9\
\xa7\xbc\x00\x01C0\x07\xc5\x85?\x00\x00u1\x07\xc7\
\x86s\x00\x00\xf7\xe5\x07\xc7\xe0\xac\x00\x01E\x93\x07\xea\
\xed\x9c\x00\x01,\xb5\x07\xf4\xaa\x0e\x00\x00:\x13\x07\xf8\
t\xa7\x00\x00\xbar\x08\x0d{~\x00\x015*\x08\x17\
@\xf5\x00\x00\xe6?\x08%\xc6\xdc\x00\x01D\x99\x08,\
N\x12\x00\x00\xaaT\x08;}\xf5\x00\x00m\x15\x08;\
\xb3'\x00\x00\xb2t\x08Fk~\x00\x01\x18U\x08N\
\xb2\xf5\x00\x00\xf8\x8f\x08U\xc7\xa7\x00\x00\xbe\xe8\x08[\
\xde\xce\x00\x01-\x18\x08\x96\xcd,\x00\x00\x19\xfe\x08\x96\
\xcd,\x00\x00n\x83\x08\x98\xb5\x7f\x00\x00M^\x08\x9c\
\xd1\xde\x00\x00\xcd\x85\x08\xa5\x11T\x00\x01\x0d\xa4\x08\xb4\
wL\x00\x01=\xad\x08\xb4\xea\xe3\x00\x00\xab\xfc\x08\xba\
\xcaw\x00\x00+s\x08\xba\xcaw\x00\x01\x1bG\x08\xbd\
\x8c\xc8\x00\x00m\xd2\x08\xbd\x8c\xc8\x00\x00\xf0\x8a\x08\xbd\
\x8c\xc8\x00\x01\x09\xae\x08\xbf8\xdc\x00\x01+\xe5\x08\xcc\
\xc7\xb3\x00\x00\xff#\x08\xcd\x03\xb3\x00\x00P\xe5\x08\xcf\
\xbf\xbf\x00\x00\xfaS\x08\xd0\x91\x0c\x00\x01%\xf5\x08\xd5\
\x8f%\x00\x00Ni\x08\xd5\x8f%\x00\x00\xf7\xab\x08\xd5\
\x8f%\x00\x01\x10]\x08\xe70\xae\x00\x00c\xf0\x08\xe7\
\x9e\xbe\x00\x01*\x82\x08\xf2R>\x00\x00e%\x08\xff\
\xeb\x1c\x00\x01\x09\xe4\x09\x06\x95\xc9\x00\x00\xd3\xb8\x09\x09\
\xa3\xdc\x00\x01\x04\xf2\x09\x0a\xfd\xdc\x00\x002\xe7\x09\x0b\
!N\x00\x00\x0d\xcb\x09\x0c\x0f3\x00\x009\xd0\x09\x0e\
\x89\xd3\x00\x005/\x09\x0e\x89\xd3\x00\x00\xb1?\x09\x0f\
\x0e\xf8\x00\x00F\xd9\x09\x13Y\x13\x00\x00\xddW\x09#\
\xbe\x85\x00\x00\xc6\xcb\x09(0|\x00\x00\xee\xba\x09*\
\x95\xb7\x00\x00'\xd1\x09*\x95\xb7\x00\x01\x04\xb7\x095\
\xa1\xf4\x00\x00/\x0c\x09=h|\x00\x013\x1a\x09=\
\xf2\x83\x00\x00\x0b\xcc\x09Mg\xfe\x00\x00\xcam\x09R\
Wt\x00\x00\xc7\x19\x09UE\xde\x00\x000\x08\x09U\
E\xde\x00\x00\xc6\x1a\x09^\x89\xd3\x00\x00#o\x09^\
\x89\xd3\x00\x00\xeb\xcc\x09`\xbf\xc3\x00\x00?3\x09`\
\xbf\xc3\x00\x00\xd3\xeb\x09lM\x88\x00\x00\x1c\x95\x09l\
M\x88\x00\x00\xabs\x09o;L\x00\x019\x1d\x09r\
\x95\xc4\x00\x00&\x8b\x09r\x95\xc4\x00\x00\xfd\xda\x09t\
;W\x00\x00\xc1\xeb\x09z\x80N\x00\x00\xae\x0f\x09}\
k\xce\x00\x00V\xe0\x09\x87\xa9\xa1\x00\x00\x19\xc7\x09\x87\
\xa9\xa1\x00\x00la\x09\x93\xf1~\x00\x00O&\x09\x9c\
\x96|\x00\x01*\x1d\x09\x9f\x92~\x00\x00f\x9f\x09\xa6\
0\xe9\x00\x01\x057\x09\xb2u\x95\x00\x00\xdbe\x09\xc2\
\x8bU\x00\x00\xf2O\x09\xcb:7\x00\x00\xa9\xaa\x09\xcb\
\xb6\x13\x00\x00\x19D\x09\xcb\xb6\x13\x00\x00d\xf2\x09\xd1\
\x0e\xc5\x00\x00N,\x09\xdc\xf5^\x00\x00\xaf\xda\x09\xf5\
\x1aS\x00\x00\xf1\xd8\x0a\x06\x9c \x00\x00\xbb\xf7\x0a\x07\
\xe9r\x00\x00\x0cZ\x0a\x09\xc4\x07\x00\x00\xac\x86\x0a\x0e\
l\xae\x00\x01\x1f&\x0a\x11\xd0I\x00\x00\xbb,\x0a!\
\xeb_\x00\x00vr\x0a.\xfbn\x00\x00\x07\xb4\x0a8\
\xf34\x00\x00\xba\xae\x0aca\xc9\x00\x00f\xe4\x0ad\
g\xe4\x00\x00\xf7\x00\x0aj1\xf2\x00\x00*N\x0aj\
1\xf2\x00\x01\x12\xd6\x0akIb\x00\x00\x1bN\x0ak\
Ib\x00\x00s\xc3\x0al\x89\x93\x00\x00\xd8\xe9\x0aw\
{\x13\x00\x00\xf3a\x0aw\xcf\x97\x00\x00'\x9a\x0aw\
\xcf\x97\x00\x00\xfe\xf0\x0a{\x05\x95\x00\x00\xd6\x0a\x0a\x80\
\x9c\xbc\x00\x01<\x03\x0a\x88\x05N\x00\x014R\x0a\x89\
\x0el\x00\x01\x1d\xa4\x0a\x8b\xccc\x00\x00E=\x0a\x8b\
\xccc\x00\x00\xd9\x97\x0a\x8d\x10\xf4\x00\x00\xbc_\x0a\x9a\
 4\x00\x00FG\x0a\x9b4\x01\x00\x00\xf4\x17\x0a\x9f\
\xe05\x00\x00.\xd5\x0a\x9f\xe05\x00\x00\xc5l\x0a\xa3\
\xa0\xf4\x00\x00 #\x0a\xa7w\xd8\x00\x00|8\x0a\xa8\
\x16\x95\x00\x00$\xac\x0a\xa8\x16\x95\x00\x00\xee\x7f\x0a\xae\
\xae\x82\x00\x00F\x84\x0a\xc4\x0e0\x00\x00\xfe\xb7\x0a\xc8\
c\xc9\x00\x00\xc2\x99\x0a\xc8\xc7\xc5\x00\x00'c\x0a\xc9\
e\x0b\x00\x00+\xed\x0a\xc9e\x0b\x00\x01\x1b\xbd\x0a\xcf\
\x898\x00\x00(j\x0a\xcf\x898\x00\x01\x0f\xc3\x0a\xde\
:>\x00\x00\xeb\x19\x0a\xe0\x0e\x91\x00\x00Jh\x0a\xeb\
F\x09\x00\x00t\x95\x0a\xec@\x17\x00\x00*\x17\x0a\xf1\
r\x0e\x00\x00\x08?\x0a\xf8\xed~\x00\x01\x10\xd1\x0b\x01\
\xb6~\x00\x00_\xa7\x0b\x01\xb6~\x00\x00\xcfb\x0b\x01\
\xb6~\x00\x00\xefW\x0b\x08\x16\x04\x00\x00 \xfe\x0b\x08\
\x16\x04\x00\x00\xebw\x0b\x09ye\x00\x00\xdf`\x0b\x09\
\xd8\xe3\x00\x00O\xab\x0b\x0bS1\x00\x00h\xa0\x0b\x0b\
S1\x00\x00\xec\xdc\x0b\x0bS2\x00\x00h\xe8\x0b\x0b\
S2\x00\x00\xed(\x0b\x0bS3\x00\x00i0\x0b\x0b\
S3\x00\x00\xedt\x0b)\x1cs\x00\x00\xaf\x9e\x0b.\
\xads\x00\x000\xee\x0b>jl\x00\x01'\x9b\x0bL\
\xe7\xee\x00\x00ey\x0bL\xe7\xee\x00\x01\x15\xe8\x0bP\
\x9f\x85\x00\x00t\x02\x0bQ\xf9g\x00\x00Z\xfe\x0bV\
c\xde\x00\x00\x17%\x0b_J\x83\x00\x00\xd2h\x0bb\
C\x8c\x00\x00\xf5X\x0bc?\x18\x00\x01\x0ff\x0bf\
;P\x00\x00+\x0e\x0bf;P\x00\x01\x17\xe9\x0bu\
\x83\xd2\x00\x00\xf0\x0b\x0bv\xd3>\x00\x00\xe9\xd3\x0b\x84\
\x0e\x0c\x00\x01\x00s\x0b\x87\xfe\x94\x00\x01\x16\xe4\x0b\x8a\
>~\x00\x00\x0e\xf0\x0b\xa3\xdc\x0c\x00\x01\x04y\x0b\xaf\
&^\x00\x00\xc3\x9b\x0b\xbd\xc1\xfe\x00\x01!\xd2\x0b\xc1\
\x1e\x1d\x00\x00\x09\x85\x0b\xc8Mp\x00\x00L\xd5\x0b\xc9\
}\xce\x00\x010\xe0\x0b\xc9\x7f\x09\x00\x00W\x85\x0b\xcd\
a|\x00\x013\xdd\x0b\xcd\xe4,\x00\x00\xb2\x0b\x0b\xd7\
7\x15\x00\x00QG\x0b\xd7\xe1~\x00\x017\x00\x0b\xdc\
\x8aB\x00\x00\xb3\xd3\x0b\xdf@\xae\x00\x01 J\x0b\xdf\
\x8b2\x00\x01\x0f\xf6\x0b\xf4\x14\xb5\x00\x01@\xa6\x0b\xf8\
\x09.\x00\x00fW\x0b\xfd\x0f\xce\x00\x00,\x8b\x0b\xfd\
\xac-\x00\x00VV\x0c\x04\x83\xb3\x00\x01\x06\x96\x0c\x05\
f\xe1\x00\x00\xb3\x9d\x0c\x05\x90\xeb\x00\x00>\xbc\x0c!\
'\xf4\x00\x01\x10\x94\x0c0.\x8c\x00\x01%'\x0cG\
\x92\xf4\x00\x01\x06\xcc\x0cS\x1eN\x00\x00\xdc\x10\x0cW\
\xcc\x8e\x00\x00@}\x0c[\xf7.\x00\x01'\xfc\x0c\x5c\
\xa0~\x00\x00Bc\x0ca<\x0d\x00\x007M\x0ce\
A4\x00\x00G\xbc\x0ceA4\x00\x00\xdd\xb1\x0ck\
\x1b\xcc\x00\x01A\xf9\x0cv\x9fB\x00\x00?\xe1\x0cv\
\x9fB\x00\x00\xd52\x0c\x81J\xf3\x00\x00\xc2]\x0c\x8f\
\xcat\x00\x00G\x85\x0c\x94\x01\xdc\x00\x01\x0ci\x0c\x94\
}\x1e\x00\x012\x08\x0c\xa694\x00\x00@F\x0c\xa6\
rw\x00\x007\xc6\x0c\xad(\xfe\x00\x00\xd0F\x0c\xb0\
\xf3\x9e\x00\x01?<\x0c\xb2\x07\xbe\x00\x00d\x98\x0c\xb8\
o\xe0\x00\x01\x16f\x0c\xbb\x01s\x00\x00\x12\x9d\x0c\xbb\
\x01s\x00\x00\xf9\xeb\x0c\xbf;5\x00\x01\x02\xf7\x0c\xc5\
\xb0n\x00\x00\xd8\x17\x0c\xd6i\x9e\x00\x00ix\x0c\xf9\
b\x99\x00\x00kR\x0d\x05o>\x00\x01(\xec\x0d\x06\
\xe7\xd3\x00\x00<\xc8\x0d\x06\xe7\xd3\x00\x00\xcf\xc2\x0d \
1\xc5\x00\x00\xcd7\x0d \xbcS\x00\x00\xb4i\x0d'\
\xdd\xf4\x00\x00\xe9\xa2\x0d)\x14\xa3\x00\x00\xda\x1b\x0d<\
\xe3\x0c\x00\x00\x0b\x16\x0d=&\xed\x00\x00\x0c\x0d\x0d>\
\x1f\xf4\x00\x00?\x98\x0d?\x22\xd5\x00\x00\xae{\x0d`\
Z\xa3\x00\x00i\xc3\x0db\xac\x0e\x00\x00\xee\xf8\x0dk\
\xc9\x0e\x00\x01\x19*\x0dp6\x8e\x00\x01/\xc8\x0dq\
\x8d\xfc\x00\x01:n\x0dz\xa2\x94\x00\x007\xfd\x0dz\
\xa2\x94\x00\x00\xce!\x0d\x80\xb0\x17\x00\x00\xdb\xe0\x0d\x89\
P\x17\x00\x00\xc1p\x0d\xac\x88\x14\x00\x00\xb6X\x0d\xbf\
\xb4>\x00\x005\xd7\x0d\xc4\xe9\xd3\x00\x00\xf2\xc2\x0d\xcb\
tE\x00\x00\x00y\x0d\xce[\xec\x00\x01>\xc5\x0d\xd1\
R\x04\x00\x00%\x91\x0d\xd1R\x04\x00\x00\xf6\x08\x0d\xd1\
\xeb\xcb\x00\x00\xb5)\x0d\xdfv.\x00\x00\x0d:\x0d\xe6\
\xb7\x14\x00\x00n\x05\x0d\xf1\x10\xe2\x00\x00$\xe9\x0d\xfe\
1\x0e\x00\x00\xea\x8d\x0e\x19[\xfe\x00\x01\x00\xe0\x0e#\
m\x91\x00\x00K\xec\x0e$\xd7\x84\x00\x00K~\x0e$\
\xd7\x84\x00\x01\x0e\xfa\x0e%RZ\x00\x00Lw\x0e/\
\x08\xdb\x00\x00[\xec\x0e7\x01\x93\x00\x01\x09f\x0e>\
\xe7\xbe\x00\x00=\x9f\x0e>\xe7\xbe\x00\x00\xd0\xb5\x0eA\
\x8c\xbe\x00\x01\x1b\xf8\x0eQ\xf0\xf4\x00\x00_j\x0eR\
\x8eI\x00\x00H\x08\x0eR\xfbi\x00\x00\xf3\x96\x0ep\
j^\x00\x00=\x05\x0eys\xc2\x00\x00\x0f6\x0e\x83\
\xf2\xce\x00\x00\xe9M\x0e\x88\x81\xee\x00\x00x\xdb\x0e\x8c\
\x8a\xc7\x00\x00\x1e\xa6\x0e\x8c\x8a\xc7\x00\x00\xe8=\x0e\x9a\
\xccN\x00\x01\x1e\x02\x0e\x9c\x8f\x0e\x00\x00D\x0a\x0e\xb7\
\xf2\x95\x00\x00w!\x0e\xb9\xfd\xf8\x00\x00\x1ai\x0e\xb9\
\xfd\xf8\x00\x00p\xa6\x0e\xbd\x86U\x00\x00\xbf3\x0e\xc4\
\x09N\x00\x015\xfe\x0e\xc6\x06\x1e\x00\x01#\x0e\x0e\xcd\
A\xb5\x00\x01E\xf8\x0e\xce\xe2\xb7\x00\x00\xaa\x02\x0e\xde\
|t\x00\x00\xd1\xb1\x0e\xe9 ~\x00\x01&V\x0e\xfd\
\xec\xe4\x00\x004\x00\x0f\x00{\xee\x00\x00r\xd6\x0f\x0a\
\xb6\xd9\x00\x00\xcb\xff\x0f\x12d<\x00\x015\x94\x0f\x19\
\xd4\xb8\x00\x00*\xc8\x0f\x19\xd4\xb8\x00\x01\x14\xe1\x0f:\
~\xae\x00\x00;\xc8\x0f:~\xae\x00\x00\xce\xf3\x0fC\
\xef\xd2\x00\x00\x19{\x0fC\xef\xd2\x00\x00l\x12\x0fR\
\x83\xd1\x00\x01\x01\x5c\x0fU\xc1W\x00\x00\xe5\xf6\x0fV\
z~\x00\x00\x22\x96\x0fX\x82\x05\x00\x00\x10\x04\x0fd\
\xc3\x8c\x00\x01-\xf0\x0fhN\x02\x00\x00\x1b\xf3\x0fh\
N\x02\x00\x00|\x01\x0fi.\x11\x00\x00\xc2'\x0fp\
\xea\x95\x00\x00\xc0\xdd\x0f\x85?y\x00\x00\x11\x91\x0f\x86\
\x81\x08\x00\x00\xb8n\x0f\x93[\x1d\x00\x00H\xee\x0f\x95\
k\xf7\x00\x00z\xcf\x0f\xa2Cu\x00\x01\x03\xb4\x0f\xb3\
X\x03\x00\x00T\xae\x0f\xc1Y~\x00\x00k\xcd\x0f\xc2\
.\xf5\x00\x00\xd5\xcb\x0f\xc3\xbc\x80\x00\x00\xb7\x09\x0f\xd1\
t\x22\x00\x00\xfb\x5c\x0f\xdd\xe8\x9e\x00\x00\x1e\xe9\x0f\xef\
\x85\x0e\x00\x00,\xf5\x0f\xf4\xe2t\x00\x00\xac5\x0f\xf8\
\x83\xfc\x00\x01*\xfc\x0f\xfd\x89\x14\x00\x00\xac\xfei\x00\
\x01F\x9b\x03\x00\x00\x00\x0a\x00A\x00b\x00o\x00u\
\x00t\x08\x00\x00\x00\x00\x06\x00\x00\x00\x05Abou\
t\x07\x00\x00\x00\x0bAboutWindo\
w\x01\x03\x00\x00\x00\x1c\x00B\x00u\x00i\x00l\x00\
d\x00 \x00t\x00i\x00m\x00e\x00:\x00 \x00\
%\x001\x08\x00\x00\x00\x00\x06\x00\x00\x00\x0eBui\
ld time: %1\x07\x00\x00\x00\x0b\
AboutWindow\x01\x03\x00\x00\x00\
.\x00B\x00u\x00i\x00l\x00d\x00 \x00t\x00\
i\x00m\x00e\x00:\x00 \x00u\x00n\x00a\x00\
v\x00a\x00i\x00l\x00a\x00b\x00l\x00e\x08\
\x00\x00\x00\x00\x06\x00\x00\x00\x17Build t\
ime: unavailable\
\x07\x00\x00\x00\x0bAboutWindow\
\x01\x03\x00\x00\x00\x04\x00O\x00K\x08\x00\x00\x00\x00\x06\
\x00\x00\x00\x02OK\x07\x00\x00\x00\x0bAbout\
Window\x01\x03\x00\x00\x00r\x00U\x00p\
\x00d\x00a\x00t\x00e\x00 \x00c\x00h\x00e\
\x00c\x00k\x00s\x00 \x00a\x00n\x00d\x00 \
\x00e\x00x\x00t\x00e\x00r\x00n\x00a\x00l\
\x00 \x00l\x00i\x00n\x00k\x00s\x00 \x00a\
\x00r\x00e\x00 \x00d\x00i\x00s\x00a\x00b\
\x00l\x00e\x00d\x00 \x00b\x00y\x00 \x00d\
\x00e\x00f\x00a\x00u\x00l\x00t\x00.\x08\x00\
\x00\x00\x00\x06\x00\x00\x009Update c\
hecks and extern\
al links are dis\
abled by default\
.\x07\x00\x00\x00\x0bAboutWindo\
w\x01\x03\x00\x00\x00\x16\x00V\x00e\x00r\x00s\x00\
i\x00o\x00n\x00:\x00 \x00%\x001\x08\x00\x00\
\x00\x00\x06\x00\x00\x00\x0bVersion: \
%1\x07\x00\x00\x00\x0bAboutWind\
ow\x01\x03\x00\x00\x01\xf4\x001\x00.\x00 \x00F\
\x00i\x00x\x00e\x00d\x00 \x00r\x00e\x00p\
\x00o\x00r\x00t\x00 \x00e\x00x\x00p\x00o\
\x00r\x00t\x00 \x00n\x00o\x00t\x00 \x00r\
\x00e\x00s\x00p\x00o\x00n\x00d\x00i\x00n\
\x00g\x00.\x00\x0a\x002\x00.\x00 \x00F\x00i\
\x00x\x00e\x00d\x00 \x00m\x00i\x00s\x00s\
\x00i\x00n\x00g\x00 \x00r\x00e\x00p\x00o\
\x00r\x00t\x00 \x00d\x00e\x00t\x00a\x00i\
\x00l\x00s\x00.\x00\x0a\x003\x00.\x00 \x00F\
\x00i\x00x\x00e\x00d\x00 \x00r\x00e\x00b\
\x00o\x00o\x00t\x00 \x00a\x00n\x00d\x00 \
\x00s\x00u\x00s\x00p\x00e\x00n\x00d\x00 \
\x00f\x00a\x00i\x00l\x00u\x00r\x00e\x00s\
\x00 \x00o\x00n\x00 \x00r\x00e\x00p\x00e\
\x00a\x00t\x00e\x00d\x00 \x00r\x00u\x00n\
\x00s\x00.\x00\x0a\x004\x00.\x00 \x00F\x00i\
\x00x\x00e\x00d\x00 \x00l\x00o\x00c\x00a\
\x00l\x00 \x00p\x00l\x00a\x00y\x00b\x00a\
\x00c\x00k\x00 \x00e\x00r\x00r\x00o\x00r\
\x00s\x00 \x00a\x00f\x00t\x00e\x00r\x00 \
\x00c\x00h\x00a\x00n\x00g\x00i\x00n\x00g\
\x00 \x00U\x00S\x00B\x00 \x00s\x00t\x00o\
\x00r\x00a\x00g\x00e\x00.\x00\x0a\x005\x00.\
\x00 \x00F\x00i\x00x\x00e\x00d\x00 \x00C\
\x00P\x00U\x00 \x00f\x00r\x00e\x00q\x00u\
\x00e\x00n\x00c\x00y\x00 \x00w\x00r\x00i\
\x00t\x00e\x00 \x00f\x00a\x00i\x00l\x00u\
\x00r\x00e\x00s\x00 \x00b\x00e\x00i\x00n\
\x00g\x00 \x00r\x00e\x00p\x00o\x00r\x00t\
\x00e\x00d\x00 \x00a\x00s\x00 \x00s\x00u\
\x00c\x00c\x00e\x00s\x00s\x00.\x08\x00\x00\x00\
\x00\x06\x00\x00\x00\x1fabout.rele\
ase.v1_1_0.fixes\
.body\x07\x00\x00\x00\x0bAboutW\
indow\x01\x03\x00\x00\x00\x18\x00v\x001\x00\
.\x001\x00.\x000\x00 \x00F\x00i\x00x\x00\
e\x00s\x08\x00\x00\x00\x00\x06\x00\x00\x00 abo\
ut.release.v1_1_\
0.fixes.title\x07\x00\x00\
\x00\x0bAboutWindow\x01\x03\x00\
\x00\x01.\x001\x00.\x00 \x00A\x00d\x00d\x00\
e\x00d\x00 \x00i\x00n\x00t\x00e\x00r\x00\
v\x00a\x00l\x00 \x00s\x00e\x00t\x00t\x00\
i\x00n\x00g\x00s\x00 \x00f\x00o\x00r\x00\
 \x00W\x00i\x00-\x00F\x00i\x00/\x00B\x00\
l\x00u\x00e\x00t\x00o\x00o\x00t\x00h\x00\
 \x00o\x00n\x00-\x00o\x00f\x00f\x00 \x00\
c\x00a\x00s\x00e\x00s\x00.\x00\x0a\x002\x00\
.\x00 \x00A\x00d\x00d\x00e\x00d\x00 \x00\
l\x00o\x00g\x00 \x00c\x00o\x00l\x00o\x00\
r\x00 \x00a\x00s\x00s\x00i\x00g\x00n\x00\
m\x00e\x00n\x00t\x00 \x00b\x00y\x00 \x00\
d\x00o\x00m\x00a\x00i\x00n\x00 \x00a\x00\
n\x00d\x00 \x00l\x00e\x00v\x00e\x00l\x00\
.\x00\x0a\x003\x00.\x00 \x00C\x00h\x00a\x00\
n\x00g\x00e\x00d\x00 \x00t\x00e\x00s\x00\
t\x00 \x00r\x00e\x00p\x00o\x00r\x00t\x00\
s\x00 \x00t\x00o\x00 \x00H\x00T\x00M\x00\
L\x00 \x00f\x00o\x00r\x00m\x00a\x00t\x00\
.\x08\x00\x00\x00\x00\x06\x00\x00\x00\x1dabout\
.release.v1_1_0.\
new.body\x07\x00\x00\x00\x0bAbo\
utWindow\x01\x03\x00\x00\x00\x14\x00v\
\x001\x00.\x001\x00.\x000\x00 \x00N\x00e\
\x00w\x08\x00\x00\x00\x00\x06\x00\x00\x00\x1eabou\
t.release.v1_1_0\
.new.title\x07\x00\x00\x00\x0bA\
boutWindow\x01\x03\x00\x00\x00\x08\
\x00Q\x00u\x00i\x00t\x08\x00\x00\x00\x00\x06\x00\x00\
\x00\x04Quit\x07\x00\x00\x00\x03App\x01\x03\
\x00\x00\x00\x0a\x00T\x00e\x00s\x00t\x001\x08\x00\
\x00\x00\x00\x06\x00\x00\x00\x05Test1\x07\x00\x00\
\x00\x03App\x01\x03\x00\x00\x00\x0a\x00T\x00e\x00\
s\x00t\x002\x08\x00\x00\x00\x00\x06\x00\x00\x00\x05T\
est2\x07\x00\x00\x00\x03App\x01\x03\x00\x00\
\x00\x0a\x00T\x00e\x00s\x00t\x003\x08\x00\x00\x00\
\x00\x06\x00\x00\x00\x05Test3\x07\x00\x00\x00\x03\
App\x01\x03\x00\x00\x00\x0a\x00T\x00e\x00s\x00\
t\x004\x08\x00\x00\x00\x00\x06\x00\x00\x00\x05Tes\
t4\x07\x00\x00\x00\x03App\x01\x03\x00\x00\x00\x0a\
\x00T\x00e\x00s\x00t\x005\x08\x00\x00\x00\x00\x06\
\x00\x00\x00\x05Test5\x07\x00\x00\x00\x03Ap\
p\x01\x03\x00\x00\x00\x0a\x00T\x00e\x00s\x00t\x00\
6\x08\x00\x00\x00\x00\x06\x00\x00\x00\x05Test6\
\x07\x00\x00\x00\x03App\x01\x03\x00\x00\x00\x0a\x00T\
\x00e\x00s\x00t\x007\x08\x00\x00\x00\x00\x06\x00\x00\
\x00\x05Test7\x07\x00\x00\x00\x03App\x01\
\x03\x00\x00\x00\x0a\x00T\x00e\x00s\x00t\x008\x08\
\x00\x00\x00\x00\x06\x00\x00\x00\x05Test8\x07\x00\
\x00\x00\x03App\x01\x03\x00\x00\x00H\x00A\x00c\
\x00c\x00o\x00u\x00n\x00t\x00 \x00o\x00r\
\x00 \x00p\x00a\x00s\x00s\x00w\x00o\x00r\
\x00d\x00 \x00c\x00a\x00n\x00n\x00o\x00t\
\x00 \x00b\x00e\x00 \x00e\x00m\x00p\x00t\
\x00y\x00.\x08\x00\x00\x00\x00\x06\x00\x00\x00$Ac\
count or passwor\
d cannot be empt\
y.\x07\x00\x00\x00\x0aAuthBridg\
e\x01\x03\x00\x00\x00v\x00L\x00D\x00A\x00P\x00\
 \x00s\x00i\x00g\x00n\x00-\x00i\x00n\x00\
 \x00f\x00a\x00i\x00l\x00e\x00d\x00.\x00\
 \x00P\x00l\x00e\x00a\x00s\x00e\x00 \x00\
c\x00h\x00e\x00c\x00k\x00 \x00y\x00o\x00\
u\x00r\x00 \x00a\x00c\x00c\x00o\x00u\x00\
n\x00t\x00 \x00o\x00r\x00 \x00p\x00a\x00\
s\x00s\x00w\x00o\x00r\x00d\x00.\x08\x00\x00\
\x00\x00\x06\x00\x00\x00;LDAP sign\
-in failed. Plea\
se check your ac\
count or passwor\
d.\x07\x00\x00\x00\x0aAuthBridg\
e\x01\x03\x00\x00\x00:\x00L\x00D\x00A\x00P\x00\
 \x00s\x00i\x00g\x00n\x00-\x00i\x00n\x00\
 \x00f\x00a\x00i\x00l\x00e\x00d\x00.\x00\
 \x00{\x00d\x00e\x00t\x00a\x00i\x00l\x00\
}\x08\x00\x00\x00\x00\x06\x00\x00\x00\x1dLDAP \
sign-in failed. \
{detail}\x07\x00\x00\x00\x0aAut\
hBridge\x01\x03\x00\x00\x00N\x00S\x00\
i\x00g\x00n\x00-\x00i\x00n\x00 \x00s\x00\
u\x00c\x00c\x00e\x00s\x00s\x00f\x00u\x00\
l\x00.\x00 \x00W\x00e\x00l\x00c\x00o\x00\
m\x00e\x00,\x00 \x00{\x00u\x00s\x00e\x00\
r\x00n\x00a\x00m\x00e\x00}\x08\x00\x00\x00\x00\
\x06\x00\x00\x00'Sign-in suc\
cessful. Welcome\
, {username}\x07\x00\x00\x00\
\x0aAuthBridge\x01\x03\x00\x00\x00\
r\x00l\x00d\x00a\x00p\x003\x00 \x00i\x00\
s\x00 \x00n\x00o\x00t\x00 \x00i\x00n\x00\
s\x00t\x00a\x00l\x00l\x00e\x00d\x00 \x00\
i\x00n\x00 \x00t\x00h\x00e\x00 \x00c\x00\
u\x00r\x00r\x00e\x00n\x00t\x00 \x00P\x00\
y\x00t\x00h\x00o\x00n\x00 \x00e\x00n\x00\
v\x00i\x00r\x00o\x00n\x00m\x00e\x00n\x00\
t\x00.\x08\x00\x00\x00\x00\x06\x00\x00\x009lda\
p3 is not instal\
led in the curre\
nt Python enviro\
nment.\x07\x00\x00\x00\x0aAuthB\
ridge\x01\x03\x00\x00\x00\x0c\x00S\x00o\x00\
u\x00r\x00c\x00e\x08\x00\x00\x00\x00\x06\x00\x00\x00\
\x06Source\x07\x00\x00\x00\x0cCode\
Expander\x01\x03\x00\x00\x00,\x00T\
\x00h\x00e\x00 \x00C\x00o\x00p\x00y\x00 \
\x00i\x00s\x00 \x00S\x00u\x00c\x00c\x00e\
\x00s\x00s\x00f\x00u\x00l\x08\x00\x00\x00\x00\x06\
\x00\x00\x00\x16The Copy is \
Successful\x07\x00\x00\x00\x0cC\
odeExpander\x01\x03\x00\x00\x00\
\x22\x00F\x00r\x00i\x00e\x00n\x00d\x00l\x00\
y\x00 \x00R\x00e\x00m\x00i\x00n\x00d\x00\
e\x00r\x08\x00\x00\x00\x00\x06\x00\x00\x00\x11Fri\
endly Reminder\x07\x00\
\x00\x00\x0bCrashWindow\x01\x03\
\x00\x00\x00\x16\x00R\x00e\x00p\x00o\x00r\x00t\
\x00 \x00L\x00o\x00g\x00s\x08\x00\x00\x00\x00\x06\
\x00\x00\x00\x0bReport Logs\x07\
\x00\x00\x00\x0bCrashWindow\x01\
\x03\x00\x00\x00\x1e\x00R\x00e\x00s\x00t\x00a\x00\
r\x00t\x00 \x00P\x00r\x00o\x00g\x00r\x00\
a\x00m\x08\x00\x00\x00\x00\x06\x00\x00\x00\x0fRes\
tart Program\x07\x00\x00\x00\
\x0bCrashWindow\x01\x03\x00\x00\
\x00\x80\x00W\x00e\x00 \x00a\x00p\x00o\x00l\
\x00o\x00g\x00i\x00z\x00e\x00 \x00f\x00o\
\x00r\x00 \x00t\x00h\x00e\x00 \x00i\x00n\
\x00c\x00o\x00n\x00v\x00e\x00n\x00i\x00e\
\x00n\x00c\x00e\x00 \x00c\x00a\x00u\x00s\
\x00e\x00d\x00 \x00b\x00y\x00 \x00a\x00n\
\x00 \x00u\x00n\x00e\x00x\x00p\x00e\x00c\
\x00t\x00e\x00d\x00 \x00e\x00r\x00r\x00o\
\x00r\x08\x00\x00\x00\x00\x06\x00\x00\x00@We a\
pologize for the\
 inconvenience c\
aused by an unex\
pected error\x07\x00\x00\x00\
\x0bCrashWindow\x01\x03\x00\x00\
\x00L\x00K\x00P\x00I\x00 \x00v\x00i\x00d\
\x00e\x00o\x00 \x00a\x00n\x00a\x00l\x00y\
\x00s\x00i\x00s\x00 \x00i\x00s\x00 \x00a\
\x00l\x00r\x00e\x00a\x00d\x00y\x00 \x00r\
\x00u\x00n\x00n\x00i\x00n\x00g\x00.\x08\x00\
\x00\x00\x00\x06\x00\x00\x00%KPI vide\
o loading is alr\
eady running.\x07\x00\x00\
\x00\x0bDebugBridge\x01\x03\x00\
\x00\x004\x00S\x00e\x00l\x00e\x00c\x00t\x00\
 \x00a\x00 \x00v\x00i\x00d\x00e\x00o\x00\
 \x00f\x00i\x00l\x00e\x00 \x00f\x00i\x00\
r\x00s\x00t\x00.\x08\x00\x00\x00\x00\x06\x00\x00\x00\
\x1aSelect a video \
file first.\x07\x00\x00\x00\x0b\
DebugBridge\x01\x03\x00\x00\x00\
\x0c\x00B\x00r\x00o\x00w\x00s\x00e\x08\x00\x00\
\x00\x00\x06\x00\x00\x00\x06Browse\x07\x00\x00\
\x00\x16FluentInitiali\
zrWindow\x01\x03\x00\x00\x00\x0c\x00C\
\x00a\x00n\x00c\x00e\x00l\x08\x00\x00\x00\x00\x06\
\x00\x00\x00\x06Cancel\x07\x00\x00\x00\x16F\
luentInitializrW\
indow\x01\x03\x00\x00\x00\x0c\x00C\x00r\x00\
e\x00a\x00t\x00e\x08\x00\x00\x00\x00\x06\x00\x00\x00\
\x06Create\x07\x00\x00\x00\x16Flue\
ntInitializrWind\
ow\x01\x03\x00\x00\x00\x12\x00C\x00r\x00e\x00a\
\x00t\x00e\x00 \x00I\x00n\x08\x00\x00\x00\x00\x06\
\x00\x00\x00\x09Create In\x07\x00\x00\
\x00\x16FluentInitiali\
zrWindow\x01\x03\x00\x00\x00&\x00F\
\x00l\x00u\x00e\x00n\x00t\x00U\x00I\x00 \
\x00I\x00n\x00i\x00t\x00i\x00a\x00l\x00i\
\x00z\x00r\x08\x00\x00\x00\x00\x06\x00\x00\x00\x13Fl\
uentUI Initializ\
r\x07\x00\x00\x00\x16FluentInit\
ializrWindow\x01\x03\x00\x00\
\x00\x08\x00N\x00a\x00m\x00e\x08\x00\x00\x00\x00\x06\
\x00\x00\x00\x04Name\x07\x00\x00\x00\x16Flu\
entInitializrWin\
dow\x01\x03\x00\x00\x00\x0c\x00H\x00o\x00t\x00\
k\x00e\x00y\x08\x00\x00\x00\x00\x06\x00\x00\x00\x06H\
otkey\x07\x00\x00\x00\x0cHotkey\
Window\x01\x03\x00\x00\x00$\x00D\x00r\
\x00a\x00g\x00 \x00i\x00n\x00 \x00a\x00 \
\x00q\x00m\x00l\x00 \x00f\x00i\x00l\x00e\
\x08\x00\x00\x00\x00\x06\x00\x00\x00\x12Drag i\
n a qml file\x07\x00\x00\x00\
\x0dHotloadWindow\x01\x03\
\x00\x00\x00\x14\x00H\x00o\x00t\x00 \x00L\x00o\
\x00a\x00d\x00e\x00r\x08\x00\x00\x00\x00\x06\x00\x00\
\x00\x0aHot Loader\x07\x00\x00\x00\
\x0dHotloadWindow\x01\x03\
\x00\x00\x000\x00%\x001\x00 \x00f\x00o\x00l\
\x00d\x00e\x00r\x00 \x00a\x00l\x00r\x00e\
\x00a\x00d\x00y\x00 \x00e\x00x\x00i\x00s\
\x00t\x00s\x08\x00\x00\x00\x00\x06\x00\x00\x00\x18%1\
 folder already \
exists\x07\x00\x00\x00\x10Initi\
alizrHelper\x01\x03\x00\x00\x00\
B\x00T\x00h\x00e\x00 \x00c\x00r\x00e\x00\
a\x00t\x00i\x00o\x00n\x00 \x00p\x00a\x00\
t\x00h\x00 \x00c\x00a\x00n\x00n\x00o\x00\
t\x00 \x00b\x00e\x00 \x00e\x00m\x00p\x00\
t\x00y\x08\x00\x00\x00\x00\x06\x00\x00\x00!The\
 creation path c\
annot be empty\x07\x00\
\x00\x00\x10InitializrHel\
per\x01\x03\x00\x00\x000\x00T\x00h\x00e\x00\
 \x00n\x00a\x00m\x00e\x00 \x00c\x00a\x00\
n\x00n\x00o\x00t\x00 \x00b\x00e\x00 \x00\
e\x00m\x00p\x00t\x00y\x08\x00\x00\x00\x00\x06\x00\
\x00\x00\x18The name cann\
ot be empty\x07\x00\x00\x00\x10\
InitializrHelper\
\x01\x03\x00\x00\x00.\x00T\x00h\x00e\x00 \x00p\
\x00a\x00t\x00h\x00 \x00d\x00o\x00e\x00s\
\x00 \x00n\x00o\x00t\x00 \x00e\x00x\x00i\
\x00s\x00t\x08\x00\x00\x00\x00\x06\x00\x00\x00\x17Th\
e path does not \
exist\x07\x00\x00\x00\x10Initia\
lizrHelper\x01\x03\x00\x00\x00\x0e\
\x00A\x00c\x00c\x00o\x00u\x00n\x00t\x08\x00\
\x00\x00\x00\x06\x00\x00\x00\x07Account\x07\
\x00\x00\x00\x0bItemsFooter\x01\
\x03\x00\x00\x00\x10\x00S\x00e\x00t\x00t\x00i\x00\
n\x00g\x00s\x08\x00\x00\x00\x00\x06\x00\x00\x00\x08S\
ettings\x07\x00\x00\x00\x0bItem\
sFooter\x01\x03\x00\x00\x00T\x00A\x00\
 \x00c\x00o\x00n\x00t\x00r\x00o\x00l\x00\
 \x00t\x00h\x00a\x00t\x00 \x00a\x00 \x00\
u\x00s\x00e\x00r\x00 \x00c\x00a\x00n\x00\
 \x00s\x00e\x00l\x00e\x00c\x00t\x00 \x00\
o\x00r\x00 \x00c\x00l\x00e\x00a\x00r\x00\
.\x08\x00\x00\x00\x00\x06\x00\x00\x00*A con\
trol that a user\
 can select or c\
lear.\x07\x00\x00\x00\x0dItemsO\
riginal\x01\x03\x00\x00\x00\xb4\x00A\x00\
 \x00c\x00o\x00n\x00t\x00r\x00o\x00l\x00\
 \x00t\x00h\x00a\x00t\x00 \x00d\x00i\x00\
s\x00p\x00l\x00a\x00y\x00s\x00 \x00a\x00\
 \x00c\x00o\x00l\x00l\x00e\x00c\x00t\x00\
i\x00o\x00n\x00 \x00o\x00f\x00 \x00t\x00\
a\x00b\x00s\x00 \x00t\x00h\x00a\x00t\x00\
c\x00a\x00n\x00 \x00b\x00e\x00 \x00u\x00\
s\x00e\x00d\x00 \x00t\x00o\x00 \x00d\x00\
i\x00s\x00p\x00l\x00a\x00y\x00 \x00s\x00\
e\x00v\x00e\x00r\x00a\x00l\x00 \x00d\x00\
o\x00c\x00u\x00m\x00e\x00n\x00t\x00s\x00\
.\x08\x00\x00\x00\x00\x06\x00\x00\x00ZA con\
trol that displa\
ys a collection \
of tabs thatcan \
be used to displ\
ay several docum\
ents.\x07\x00\x00\x00\x0dItemsO\
riginal\x01\x03\x00\x00\x00\xc2\x00A\x00\
 \x00c\x00o\x00n\x00t\x00r\x00o\x00l\x00\
 \x00t\x00h\x00a\x00t\x00 \x00l\x00e\x00\
t\x00s\x00 \x00t\x00h\x00e\x00 \x00u\x00\
s\x00e\x00r\x00 \x00s\x00e\x00l\x00e\x00\
c\x00t\x00 \x00f\x00r\x00o\x00m\x00 \x00\
a\x00 \x00r\x00a\x00n\x00g\x00e\x00o\x00\
f\x00 \x00v\x00a\x00l\x00u\x00e\x00s\x00\
 \x00b\x00y\x00 \x00m\x00o\x00v\x00i\x00\
n\x00g\x00 \x00a\x00 \x00T\x00h\x00u\x00\
m\x00b\x00 \x00c\x00o\x00n\x00t\x00r\x00\
o\x00l\x00 \x00a\x00l\x00o\x00n\x00g\x00\
 \x00a\x00t\x00r\x00a\x00c\x00k\x00.\x08\
\x00\x00\x00\x00\x06\x00\x00\x00aA contr\
ol that lets the\
 user select fro\
m a rangeof valu\
es by moving a T\
humb control alo\
ng atrack.\x07\x00\x00\x00\x0dI\
temsOriginal\x01\x03\x00\x00\
\x00|\x00A\x00 \x00c\x00o\x00n\x00t\x00r\
\x00o\x00l\x00 \x00t\x00h\x00a\x00t\x00 \
\x00r\x00e\x00s\x00p\x00o\x00n\x00d\x00s\
\x00 \x00t\x00o\x00 \x00u\x00s\x00e\x00r\
\x00 \x00i\x00n\x00p\x00u\x00t\x00 \x00a\
\x00n\x00d\x00 \x00r\x00a\x00i\x00s\x00e\
\x00s\x00a\x00 \x00C\x00l\x00i\x00c\x00k\
\x00 \x00e\x00v\x00e\x00n\x00t\x00.\x08\x00\
\x00\x00\x00\x06\x00\x00\x00>A contro\
l that responds \
to user input an\
d raisesa Click \
event.\x07\x00\x00\x00\x0dItems\
Original\x01\x03\x00\x00\x00\x04\x00A\
\x00I\x08\x00\x00\x00\x00\x06\x00\x00\x00\x02AI\x07\x00\
\x00\x00\x0dItemsOriginal\
\x01\x03\x00\x00\x00\x0e\x00A\x00c\x00r\x00y\x00l\
\x00i\x00c\x08\x00\x00\x00\x00\x06\x00\x00\x00\x07Ac\
rylic\x07\x00\x00\x00\x0dItemsO\
riginal\x01\x03\x00\x00\x00~\x00A\x00\
n\x00 \x00i\x00n\x00l\x00i\x00n\x00e\x00\
 \x00m\x00e\x00s\x00s\x00a\x00g\x00e\x00\
 \x00t\x00o\x00 \x00d\x00i\x00s\x00p\x00\
l\x00a\x00y\x00 \x00a\x00p\x00p\x00-\x00\
w\x00i\x00d\x00e\x00 \x00s\x00t\x00a\x00\
t\x00u\x00s\x00c\x00h\x00a\x00n\x00g\x00\
e\x00 \x00i\x00n\x00f\x00o\x00r\x00m\x00\
a\x00t\x00i\x00o\x00n\x00.\x08\x00\x00\x00\x00\
\x06\x00\x00\x00?An inline m\
essage to displa\
y app-wide statu\
schange informat\
ion.\x07\x00\x00\x00\x0dItemsOr\
iginal\x01\x03\x00\x00\x00\x0a\x00B\x00a\
\x00d\x00g\x00e\x08\x00\x00\x00\x00\x06\x00\x00\x00\x05\
Badge\x07\x00\x00\x00\x0dItemsO\
riginal\x01\x03\x00\x00\x00\x12\x00B\x00\
a\x00r\x00 \x00C\x00h\x00a\x00r\x00t\x08\
\x00\x00\x00\x00\x06\x00\x00\x00\x09Bar Cha\
rt\x07\x00\x00\x00\x0dItemsOrig\
inal\x01\x03\x00\x00\x00\x16\x00B\x00a\x00s\
\x00i\x00c\x00 \x00I\x00n\x00p\x00u\x00t\
\x08\x00\x00\x00\x00\x06\x00\x00\x00\x0bBasic \
Input\x07\x00\x00\x00\x0dItemsO\
riginal\x01\x03\x00\x00\x00\x1a\x00B\x00\
r\x00e\x00a\x00d\x00c\x00r\x00u\x00m\x00\
b\x00B\x00a\x00r\x08\x00\x00\x00\x00\x06\x00\x00\x00\
\x0dBreadcrumbBar\x07\x00\
\x00\x00\x0dItemsOriginal\
\x01\x03\x00\x00\x00\x18\x00B\x00u\x00b\x00b\x00l\
\x00e\x00 \x00C\x00h\x00a\x00r\x00t\x08\x00\
\x00\x00\x00\x06\x00\x00\x00\x0cBubble C\
hart\x07\x00\x00\x00\x0dItemsOr\
iginal\x01\x03\x00\x00\x00\x0e\x00B\x00u\
\x00t\x00t\x00o\x00n\x00s\x08\x00\x00\x00\x00\x06\
\x00\x00\x00\x07Buttons\x07\x00\x00\x00\x0d\
ItemsOriginal\x01\x03\x00\
\x00\x00\x1c\x00C\x00a\x00l\x00e\x00n\x00d\x00\
a\x00r\x00P\x00i\x00c\x00k\x00e\x00r\x08\
\x00\x00\x00\x00\x06\x00\x00\x00\x0eCalenda\
rPicker\x07\x00\x00\x00\x0dItem\
sOriginal\x01\x03\x00\x00\x00\x0e\x00\
C\x00a\x00p\x00t\x00c\x00h\x00a\x08\x00\x00\
\x00\x00\x06\x00\x00\x00\x07Captcha\x07\x00\
\x00\x00\x0dItemsOriginal\
\x01\x03\x00\x00\x00\x10\x00C\x00a\x00r\x00o\x00u\
\x00s\x00e\x00l\x08\x00\x00\x00\x00\x06\x00\x00\x00\x08\
Carousel\x07\x00\x00\x00\x0dIte\
msOriginal\x01\x03\x00\x00\x00\x0a\
\x00C\x00h\x00a\x00r\x00t\x08\x00\x00\x00\x00\x06\
\x00\x00\x00\x05Chart\x07\x00\x00\x00\x0dIt\
emsOriginal\x01\x03\x00\x00\x00\
\x10\x00C\x00h\x00e\x00c\x00k\x00B\x00o\x00\
x\x08\x00\x00\x00\x00\x06\x00\x00\x00\x08Check\
Box\x07\x00\x00\x00\x0dItemsOri\
ginal\x01\x03\x00\x00\x00\x08\x00C\x00l\x00\
i\x00p\x08\x00\x00\x00\x00\x06\x00\x00\x00\x04Cli\
p\x07\x00\x00\x00\x0dItemsOrigi\
nal\x01\x03\x00\x00\x00\x16\x00C\x00o\x00l\x00\
o\x00r\x00P\x00i\x00c\x00k\x00e\x00r\x08\
\x00\x00\x00\x00\x06\x00\x00\x00\x0bColorPi\
cker\x07\x00\x00\x00\x0dItemsOr\
iginal\x01\x03\x00\x00\x00\x10\x00C\x00o\
\x00m\x00b\x00o\x00B\x00o\x00x\x08\x00\x00\x00\
\x00\x06\x00\x00\x00\x08ComboBox\x07\x00\
\x00\x00\x0dItemsOriginal\
\x01\x03\x00\x00\x00\x14\x00D\x00a\x00t\x00e\x00P\
\x00i\x00c\x00k\x00e\x00r\x08\x00\x00\x00\x00\x06\
\x00\x00\x00\x0aDatePicker\x07\x00\
\x00\x00\x0dItemsOriginal\
\x01\x03\x00\x00\x00\x0a\x00D\x00e\x00b\x00u\x00g\
\x08\x00\x00\x00\x00\x06\x00\x00\x00\x05Debug\x07\
\x00\x00\x00\x0dItemsOrigina\
l\x01\x03\x00\x00\x00\x0c\x00D\x00i\x00a\x00l\x00\
o\x00g\x08\x00\x00\x00\x00\x06\x00\x00\x00\x06Dia\
log\x07\x00\x00\x00\x0dItemsOri\
ginal\x01\x03\x00\x00\x00\x10\x00E\x00x\x00\
p\x00a\x00n\x00d\x00e\x00r\x08\x00\x00\x00\x00\
\x06\x00\x00\x00\x08Expander\x07\x00\x00\
\x00\x0dItemsOriginal\x01\
\x03\x00\x00\x00\x10\x00F\x00l\x00i\x00p\x00V\x00\
i\x00e\x00w\x08\x00\x00\x00\x00\x06\x00\x00\x00\x08F\
lipView\x07\x00\x00\x00\x0dItem\
sOriginal\x01\x03\x00\x00\x00\x08\x00\
F\x00o\x00r\x00m\x08\x00\x00\x00\x00\x06\x00\x00\x00\
\x04Form\x07\x00\x00\x00\x0dItemsO\
riginal\x01\x03\x00\x00\x00\x10\x00G\x00\
r\x00o\x00u\x00p\x00B\x00o\x00x\x08\x00\x00\
\x00\x00\x06\x00\x00\x00\x08GroupBox\x07\
\x00\x00\x00\x0dItemsOrigina\
l\x01\x03\x00\x00\x00\x08\x00H\x00o\x00m\x00e\x08\
\x00\x00\x00\x00\x06\x00\x00\x00\x04Home\x07\x00\x00\
\x00\x0dItemsOriginal\x01\
\x03\x00\x00\x00\x14\x00H\x00o\x00t\x00 \x00L\x00\
o\x00a\x00d\x00e\x00r\x08\x00\x00\x00\x00\x06\x00\
\x00\x00\x0aHot Loader\x07\x00\x00\
\x00\x0dItemsOriginal\x01\
\x03\x00\x00\x00\x0a\x00I\x00c\x00o\x00n\x00s\x08\
\x00\x00\x00\x00\x06\x00\x00\x00\x05Icons\x07\x00\
\x00\x00\x0dItemsOriginal\
\x01\x03\x00\x00\x00\x0a\x00I\x00m\x00a\x00g\x00e\
\x08\x00\x00\x00\x00\x06\x00\x00\x00\x05Image\x07\
\x00\x00\x00\x0dItemsOrigina\
l\x01\x03\x00\x00\x00\x0e\x00I\x00n\x00f\x00o\x00\
B\x00a\x00r\x08\x00\x00\x00\x00\x06\x00\x00\x00\x07I\
nfoBar\x07\x00\x00\x00\x0dItems\
Original\x01\x03\x00\x00\x00\x08\x00J\
\x00i\x00r\x00a\x08\x00\x00\x00\x00\x06\x00\x00\x00\x04\
Jira\x07\x00\x00\x00\x0dItemsOr\
iginal\x01\x03\x00\x00\x00\x0c\x00L\x00a\
\x00y\x00o\x00u\x00t\x08\x00\x00\x00\x00\x06\x00\x00\
\x00\x06Layout\x07\x00\x00\x00\x0dIte\
msOriginal\x01\x03\x00\x00\x00\x14\
\x00L\x00i\x00n\x00e\x00 \x00C\x00h\x00a\
\x00r\x00t\x08\x00\x00\x00\x00\x06\x00\x00\x00\x0aLi\
ne Chart\x07\x00\x00\x00\x0dIte\
msOriginal\x01\x03\x00\x00\x00\x08\
\x00M\x00e\x00n\x00u\x08\x00\x00\x00\x00\x06\x00\x00\
\x00\x04Menu\x07\x00\x00\x00\x0dItems\
Original\x01\x03\x00\x00\x00\x16\x00M\
\x00u\x00l\x00t\x00i\x00W\x00i\x00n\x00d\
\x00o\x00w\x08\x00\x00\x00\x00\x06\x00\x00\x00\x0bMu\
ltiWindow\x07\x00\x00\x00\x0dIt\
emsOriginal\x01\x03\x00\x00\x00\
\x14\x00N\x00a\x00v\x00i\x00g\x00a\x00t\x00\
i\x00o\x00n\x08\x00\x00\x00\x00\x06\x00\x00\x00\x0aN\
avigation\x07\x00\x00\x00\x0dIt\
emsOriginal\x01\x03\x00\x00\x00\
\x0c\x00O\x00p\x00e\x00n\x00G\x00L\x08\x00\x00\
\x00\x00\x06\x00\x00\x00\x06OpenGL\x07\x00\x00\
\x00\x0dItemsOriginal\x01\
\x03\x00\x00\x00\x0a\x00O\x00t\x00h\x00e\x00r\x08\
\x00\x00\x00\x00\x06\x00\x00\x00\x05Other\x07\x00\
\x00\x00\x0dItemsOriginal\
\x01\x03\x00\x00\x00\x14\x00P\x00a\x00g\x00i\x00n\
\x00a\x00t\x00i\x00o\x00n\x08\x00\x00\x00\x00\x06\
\x00\x00\x00\x0aPagination\x07\x00\
\x00\x00\x0dItemsOriginal\
\x01\x03\x00\x00\x00\x22\x00P\x00a\x00n\x00e\x00I\
\x00t\x00e\x00m\x00 \x00D\x00i\x00s\x00a\
\x00b\x00l\x00e\x00d\x08\x00\x00\x00\x00\x06\x00\x00\
\x00\x11PaneItem Disab\
led\x07\x00\x00\x00\x0dItemsOri\
ginal\x01\x03\x00\x00\x002\x00P\x00a\x00\
n\x00e\x00I\x00t\x00e\x00m\x00E\x00x\x00\
p\x00a\x00n\x00d\x00e\x00r\x00 \x00D\x00\
i\x00s\x00a\x00b\x00l\x00e\x00d\x08\x00\x00\
\x00\x00\x06\x00\x00\x00\x19PaneItemE\
xpander Disabled\
\x07\x00\x00\x00\x0dItemsOrigin\
al\x01\x03\x00\x00\x00\x12\x00P\x00i\x00e\x00 \
\x00C\x00h\x00a\x00r\x00t\x08\x00\x00\x00\x00\x06\
\x00\x00\x00\x09Pie Chart\x07\x00\x00\
\x00\x0dItemsOriginal\x01\
\x03\x00\x00\x00\x0a\x00P\x00i\x00v\x00o\x00t\x08\
\x00\x00\x00\x00\x06\x00\x00\x00\x05Pivot\x07\x00\
\x00\x00\x0dItemsOriginal\
\x01\x03\x00\x00\x00 \x00P\x00o\x00l\x00a\x00r\
\x00 \x00A\x00r\x00e\x00a\x00 \x00C\x00h\
\x00a\x00r\x00t\x08\x00\x00\x00\x00\x06\x00\x00\x00\x10\
Polar Area Chart\
\x07\x00\x00\x00\x0dItemsOrigin\
al\x01\x03\x00\x00\x00\x0a\x00P\x00o\x00p\x00u\
\x00s\x08\x00\x00\x00\x00\x06\x00\x00\x00\x05Popu\
s\x07\x00\x00\x00\x0dItemsOrigi\
nal\x01\x03\x00\x00\x00\xa2\x00P\x00r\x00e\x00\
s\x00e\x00n\x00t\x00s\x00 \x00a\x00 \x00\
c\x00o\x00l\x00l\x00e\x00c\x00t\x00i\x00\
o\x00n\x00 \x00o\x00f\x00 \x00i\x00t\x00\
e\x00m\x00s\x00 \x00t\x00h\x00a\x00t\x00\
 \x00t\x00h\x00e\x00 \x00u\x00s\x00e\x00\
r\x00 \x00c\x00a\x00n\x00f\x00l\x00i\x00\
p\x00 \x00t\x00h\x00r\x00o\x00u\x00g\x00\
h\x00,\x00 \x00o\x00n\x00e\x00 \x00i\x00\
t\x00e\x00m\x00 \x00a\x00t\x00 \x00a\x00\
 \x00t\x00i\x00m\x00e\x00.\x08\x00\x00\x00\x00\
\x06\x00\x00\x00QPresents a \
collection of it\
ems that the use\
r canflip throug\
h, one item at a\
 time.\x07\x00\x00\x00\x0dItems\
Original\x01\x03\x00\x00\x00z\x00P\
\x00r\x00e\x00s\x00e\x00n\x00t\x00s\x00 \
\x00i\x00n\x00f\x00o\x00r\x00m\x00a\x00t\
\x00i\x00o\x00n\x00 \x00f\x00r\x00o\x00m\
\x00 \x00d\x00i\x00f\x00f\x00e\x00r\x00e\
\x00n\x00t\x00 \x00s\x00o\x00u\x00r\x00c\
\x00e\x00s\x00 \x00i\x00n\x00 \x00a\x00 \
\x00t\x00a\x00b\x00b\x00e\x00d\x00 \x00v\
\x00i\x00e\x00w\x00.\x08\x00\x00\x00\x00\x06\x00\x00\
\x00=Presents infor\
mation from diff\
erent sources in\
 a tabbed view.\x07\
\x00\x00\x00\x0dItemsOrigina\
l\x01\x03\x00\x00\x00\x10\x00P\x00r\x00o\x00g\x00\
r\x00e\x00s\x00s\x08\x00\x00\x00\x00\x06\x00\x00\x00\
\x08Progress\x07\x00\x00\x00\x0dIt\
emsOriginal\x01\x03\x00\x00\x00\
\x0c\x00Q\x00R\x00C\x00o\x00d\x00e\x08\x00\x00\
\x00\x00\x06\x00\x00\x00\x06QRCode\x07\x00\x00\
\x00\x0dItemsOriginal\x01\
\x03\x00\x00\x00\x16\x00R\x00a\x00d\x00a\x00r\x00\
 \x00C\x00h\x00a\x00r\x00t\x08\x00\x00\x00\x00\
\x06\x00\x00\x00\x0bRadar Chart\
\x07\x00\x00\x00\x0dItemsOrigin\
al\x01\x03\x00\x00\x00\x16\x00R\x00a\x00d\x00i\
\x00o\x00B\x00u\x00t\x00t\x00o\x00n\x08\x00\
\x00\x00\x00\x06\x00\x00\x00\x0bRadioBut\
ton\x07\x00\x00\x00\x0dItemsOri\
ginal\x01\x03\x00\x00\x00\x1a\x00R\x00a\x00\
t\x00i\x00n\x00g\x00C\x00o\x00n\x00t\x00\
r\x00o\x00l\x08\x00\x00\x00\x00\x06\x00\x00\x00\x0dR\
atingControl\x07\x00\x00\x00\
\x0dItemsOriginal\x01\x03\
\x00\x00\x00\x12\x00R\x00e\x00c\x00t\x00a\x00n\
\x00g\x00l\x00e\x08\x00\x00\x00\x00\x06\x00\x00\x00\x09\
Rectangle\x07\x00\x00\x00\x0dIt\
emsOriginal\x01\x03\x00\x00\x00\
\x1a\x00R\x00e\x00m\x00o\x00t\x00e\x00 \x00\
L\x00o\x00a\x00d\x00e\x00r\x08\x00\x00\x00\x00\
\x06\x00\x00\x00\x0dRemote Load\
er\x07\x00\x00\x00\x0dItemsOrig\
inal\x01\x03\x00\x00\x00\x0c\x00R\x00e\x00p\
\x00o\x00r\x00t\x08\x00\x00\x00\x00\x06\x00\x00\x00\x06\
Report\x07\x00\x00\x00\x0dItems\
Original\x01\x03\x00\x00\x00\x06\x00R\
\x00u\x00n\x08\x00\x00\x00\x00\x06\x00\x00\x00\x03Ru\
n\x07\x00\x00\x00\x0dItemsOrigi\
nal\x01\x03\x00\x00\x00\x1a\x00S\x00c\x00a\x00\
t\x00t\x00e\x00r\x00 \x00C\x00h\x00a\x00\
r\x00t\x08\x00\x00\x00\x00\x06\x00\x00\x00\x0dSca\
tter Chart\x07\x00\x00\x00\x0dI\
temsOriginal\x01\x03\x00\x00\
\x00\x0a\x00S\x00h\x00e\x00e\x00t\x08\x00\x00\x00\
\x00\x06\x00\x00\x00\x05Sheet\x07\x00\x00\x00\x0d\
ItemsOriginal\x01\x03\x00\
\x00\x00\x1c\x00S\x00h\x00o\x00r\x00t\x00c\x00\
u\x00t\x00P\x00i\x00c\x00k\x00e\x00r\x08\
\x00\x00\x00\x00\x06\x00\x00\x00\x0eShortcu\
tPicker\x07\x00\x00\x00\x0dItem\
sOriginal\x01\x03\x00\x00\x00\x0c\x00\
S\x00l\x00i\x00d\x00e\x00r\x08\x00\x00\x00\x00\
\x06\x00\x00\x00\x06Slider\x07\x00\x00\x00\x0d\
ItemsOriginal\x01\x03\x00\
\x00\x00\x16\x00S\x00p\x00l\x00i\x00t\x00L\x00\
a\x00y\x00o\x00u\x00t\x08\x00\x00\x00\x00\x06\x00\
\x00\x00\x0bSplitLayout\x07\x00\
\x00\x00\x0dItemsOriginal\
\x01\x03\x00\x00\x00\x1e\x00S\x00t\x00a\x00g\x00g\
\x00e\x00r\x00e\x00d\x00L\x00a\x00y\x00o\
\x00u\x00t\x08\x00\x00\x00\x00\x06\x00\x00\x00\x0fSt\
aggeredLayout\x07\x00\x00\
\x00\x0dItemsOriginal\x01\
\x03\x00\x00\x00\x18\x00S\x00t\x00a\x00t\x00u\x00\
s\x00L\x00a\x00y\x00o\x00u\x00t\x08\x00\x00\
\x00\x00\x06\x00\x00\x00\x0cStatusLay\
out\x07\x00\x00\x00\x0dItemsOri\
ginal\x01\x03\x00\x00\x00\x0e\x00S\x00u\x00\
r\x00f\x00a\x00c\x00e\x08\x00\x00\x00\x00\x06\x00\
\x00\x00\x07Surface\x07\x00\x00\x00\x0dI\
temsOriginal\x01\x03\x00\x00\
\x00\x0e\x00T\x00a\x00b\x00V\x00i\x00e\x00w\
\x08\x00\x00\x00\x00\x06\x00\x00\x00\x07TabVie\
w\x07\x00\x00\x00\x0dItemsOrigi\
nal\x01\x03\x00\x00\x00\x12\x00T\x00a\x00b\x00\
l\x00e\x00V\x00i\x00e\x00w\x08\x00\x00\x00\x00\
\x06\x00\x00\x00\x09TableView\x07\x00\
\x00\x00\x0dItemsOriginal\
\x01\x03\x00\x00\x00\x08\x00T\x00e\x00s\x00t\x08\x00\
\x00\x00\x00\x06\x00\x00\x00\x04Test\x07\x00\x00\x00\
\x0dItemsOriginal\x01\x03\
\x00\x00\x00\x08\x00T\x00e\x00x\x00t\x08\x00\x00\x00\
\x00\x06\x00\x00\x00\x04Text\x07\x00\x00\x00\x0dI\
temsOriginal\x01\x03\x00\x00\
\x00\x0e\x00T\x00e\x00x\x00t\x00B\x00o\x00x\
\x08\x00\x00\x00\x00\x06\x00\x00\x00\x07TextBo\
x\x07\x00\x00\x00\x0dItemsOrigi\
nal\x01\x03\x00\x00\x00\xc2\x00T\x00h\x00e\x00\
 \x00T\x00a\x00b\x00l\x00e\x00V\x00i\x00\
e\x00w\x00 \x00c\x00o\x00n\x00t\x00r\x00\
o\x00l\x00 \x00p\x00r\x00o\x00v\x00i\x00\
d\x00e\x00s\x00 \x00a\x00 \x00f\x00l\x00\
e\x00x\x00i\x00b\x00l\x00e\x00 \x00w\x00\
a\x00y\x00 \x00t\x00o\x00 \x00d\x00i\x00\
s\x00p\x00l\x00a\x00y\x00 \x00a\x00 \x00\
c\x00o\x00l\x00l\x00e\x00c\x00t\x00i\x00\
o\x00n\x00 \x00o\x00f\x00 \x00d\x00a\x00\
t\x00a\x00 \x00i\x00n\x00 \x00r\x00o\x00\
w\x00s\x00 \x00a\x00n\x00d\x00 \x00c\x00\
o\x00l\x00u\x00m\x00n\x00s\x08\x00\x00\x00\x00\
\x06\x00\x00\x00aThe TableVi\
ew control provi\
des a flexible w\
ay to display a \
collection of da\
ta in rows and c\
olumns\x07\x00\x00\x00\x0dItems\
Original\x01\x03\x00\x00\x00\x0a\x00T\
\x00h\x00e\x00m\x00e\x08\x00\x00\x00\x00\x06\x00\x00\
\x00\x05Theme\x07\x00\x00\x00\x0dItem\
sOriginal\x01\x03\x00\x00\x00\x0e\x00\
T\x00h\x00e\x00m\x00i\x00n\x00g\x08\x00\x00\
\x00\x00\x06\x00\x00\x00\x07Theming\x07\x00\
\x00\x00\x0dItemsOriginal\
\x01\x03\x00\x00\x00\x14\x00T\x00i\x00m\x00e\x00P\
\x00i\x00c\x00k\x00e\x00r\x08\x00\x00\x00\x00\x06\
\x00\x00\x00\x0aTimePicker\x07\x00\
\x00\x00\x0dItemsOriginal\
\x01\x03\x00\x00\x00\x10\x00T\x00i\x00m\x00e\x00l\
\x00i\x00n\x00e\x08\x00\x00\x00\x00\x06\x00\x00\x00\x08\
Timeline\x07\x00\x00\x00\x0dIte\
msOriginal\x01\x03\x00\x00\x00\x18\
\x00T\x00o\x00g\x00g\x00l\x00e\x00S\x00w\
\x00i\x00t\x00c\x00h\x08\x00\x00\x00\x00\x06\x00\x00\
\x00\x0cToggleSwitch\x07\x00\
\x00\x00\x0dItemsOriginal\
\x01\x03\x00\x00\x00\x0e\x00T\x00o\x00o\x00l\x00t\
\x00i\x00p\x08\x00\x00\x00\x00\x06\x00\x00\x00\x07To\
oltip\x07\x00\x00\x00\x0dItemsO\
riginal\x01\x03\x00\x00\x00\x08\x00T\x00\
o\x00u\x00r\x08\x00\x00\x00\x00\x06\x00\x00\x00\x04T\
our\x07\x00\x00\x00\x0dItemsOri\
ginal\x01\x03\x00\x00\x00\x10\x00T\x00r\x00\
e\x00e\x00V\x00i\x00e\x00w\x08\x00\x00\x00\x00\
\x06\x00\x00\x00\x08TreeView\x07\x00\x00\
\x00\x0dItemsOriginal\x01\
\x03\x00\x00\x00\x14\x00T\x00y\x00p\x00o\x00g\x00\
r\x00a\x00p\x00h\x00y\x08\x00\x00\x00\x00\x06\x00\
\x00\x00\x0aTypography\x07\x00\x00\
\x00\x0dItemsOriginal\x01\
\x03\x00\x00\x00\x12\x00W\x00a\x00t\x00e\x00r\x00\
m\x00a\x00r\x00k\x08\x00\x00\x00\x00\x06\x00\x00\x00\
\x09Watermark\x07\x00\x00\x00\x0dI\
temsOriginal\x01\x03\x00\x00\
\x00,\x00A\x00l\x00l\x00 \x00S\x00u\x00p\
\x00p\x00o\x00r\x00t\x00e\x00d\x00 \x00P\
\x00r\x00o\x00j\x00e\x00c\x00t\x00s\x08\x00\
\x00\x00\x00\x06\x00\x00\x00\x16All Supp\
orted Projects\x07\x00\
\x00\x00\x0aJiraBridge\x01\x03\x00\
\x00\x002\x00A\x00n\x00a\x00l\x00y\x00z\x00\
i\x00n\x00g\x00 \x00J\x00i\x00r\x00a\x00\
 \x00r\x00e\x00q\x00u\x00e\x00s\x00t\x00\
.\x00.\x00.\x08\x00\x00\x00\x00\x06\x00\x00\x00\x19A\
nalyzing Jira re\
quest...\x07\x00\x00\x00\x0aJir\
aBridge\x01\x03\x00\x00\x00R\x00A\x00\
n\x00a\x00l\x00y\x00z\x00i\x00n\x00g\x00\
 \x00r\x00e\x00q\x00u\x00e\x00s\x00t\x00\
:\x00 \x00g\x00e\x00n\x00e\x00r\x00a\x00\
t\x00i\x00n\x00g\x00 \x00r\x00e\x00s\x00\
p\x00o\x00n\x00s\x00e\x00.\x00.\x00.\x08\
\x00\x00\x00\x00\x06\x00\x00\x00)Analyzi\
ng request: gene\
rating response.\
..\x07\x00\x00\x00\x0aJiraBridg\
e\x01\x03\x00\x00\x00X\x00A\x00n\x00a\x00l\x00\
y\x00z\x00i\x00n\x00g\x00 \x00r\x00e\x00\
q\x00u\x00e\x00s\x00t\x00:\x00 \x00p\x00\
r\x00e\x00p\x00a\x00r\x00i\x00n\x00g\x00\
 \x00s\x00e\x00a\x00r\x00c\x00h\x00 \x00\
s\x00c\x00o\x00p\x00e\x00.\x00.\x00.\x08\
\x00\x00\x00\x00\x06\x00\x00\x00,Analyzi\
ng request: prep\
aring search sco\
pe...\x07\x00\x00\x00\x0aJiraBr\
idge\x01\x03\x00\x00\x00X\x00A\x00n\x00a\
\x00l\x00y\x00z\x00i\x00n\x00g\x00 \x00r\
\x00e\x00q\x00u\x00e\x00s\x00t\x00:\x00 \
\x00r\x00e\x00t\x00r\x00i\x00e\x00v\x00i\
\x00n\x00g\x00 \x00J\x00i\x00r\x00a\x00 \
\x00i\x00s\x00s\x00u\x00e\x00s\x00.\x00.\
\x00.\x08\x00\x00\x00\x00\x06\x00\x00\x00,Anal\
yzing request: r\
etrieving Jira i\
ssues...\x07\x00\x00\x00\x0aJir\
aBridge\x01\x03\x00\x00\x00\x10\x00A\x00\
s\x00s\x00i\x00g\x00n\x00e\x00e\x08\x00\x00\
\x00\x00\x06\x00\x00\x00\x08Assignee\x07\
\x00\x00\x00\x0aJiraBridge\x01\x03\
\x00\x00\x00\x0e\x00B\x00l\x00o\x00c\x00k\x00e\
\x00d\x08\x00\x00\x00\x00\x06\x00\x00\x00\x07Bloc\
ked\x07\x00\x00\x00\x0aJiraBrid\
ge\x01\x03\x00\x00\x00V\x00B\x00l\x00o\x00c\
\x00k\x00e\x00d\x00 \x00i\x00t\x00e\x00m\
\x00s\x00 \x00f\x00r\x00o\x00m\x00 \x00t\
\x00h\x00e\x00 \x00d\x00i\x00s\x00p\x00l\
\x00a\x00y\x00e\x00d\x00 \x00J\x00i\x00r\
\x00a\x00 \x00s\x00c\x00o\x00p\x00e\x08\x00\
\x00\x00\x00\x06\x00\x00\x00+Blocked \
items from the d\
isplayed Jira sc\
ope\x07\x00\x00\x00\x0aJiraBrid\
ge\x01\x03\x00\x00\x00\x06\x00B\x00u\x00g\x08\x00\
\x00\x00\x00\x06\x00\x00\x00\x03Bug\x07\x00\x00\x00\x0a\
JiraBridge\x01\x03\x00\x00\x00d\
\x00C\x00l\x00i\x00c\x00k\x00 \x00t\x00o\
\x00 \x00a\x00p\x00p\x00l\x00y\x00 \x00t\
\x00h\x00i\x00s\x00 \x00f\x00i\x00l\x00t\
\x00e\x00r\x00 \x00t\x00o\x00 \x00t\x00h\
\x00e\x00 \x00c\x00u\x00r\x00r\x00e\x00n\
\x00t\x00 \x00J\x00Q\x00L\x00 \x00b\x00o\
\x00x\x00.\x08\x00\x00\x00\x00\x06\x00\x00\x002Cl\
ick to apply thi\
s filter to the \
current JQL box.\
\x07\x00\x00\x00\x0aJiraBridge\x01\
\x03\x00\x00\x00\x0c\x00C\x00l\x00o\x00s\x00e\x00\
d\x08\x00\x00\x00\x00\x06\x00\x00\x00\x06Close\
d\x07\x00\x00\x00\x0aJiraBridge\
\x01\x03\x00\x00\x00\x16\x00C\x00l\x00o\x00s\x00e\
\x00d\x00 \x00B\x00u\x00g\x00s\x08\x00\x00\x00\
\x00\x06\x00\x00\x00\x0bClosed Bug\
s\x07\x00\x00\x00\x0aJiraBridge\
\x01\x03\x00\x00\x00\x10\x00C\x00o\x00m\x00m\x00e\
\x00n\x00t\x00s\x08\x00\x00\x00\x00\x06\x00\x00\x00\x08\
Comments\x07\x00\x00\x00\x0aJir\
aBridge\x01\x03\x00\x00\x00p\x00C\x00\
o\x00n\x00n\x00e\x00c\x00t\x00e\x00d\x00\
 \x00t\x00o\x00 \x00{\x00b\x00a\x00s\x00\
e\x00_\x00u\x00r\x00l\x00}\x00 \x00|\x00\
 \x00a\x00n\x00a\x00l\x00y\x00z\x00e\x00\
d\x00 \x00{\x00r\x00e\x00t\x00u\x00r\x00\
n\x00e\x00d\x00}\x00 \x00o\x00f\x00 \x00\
{\x00t\x00o\x00t\x00a\x00l\x00}\x08\x00\x00\
\x00\x00\x06\x00\x00\x008Connected\
 to {base_url} |\
 analyzed {retur\
ned} of {total}\x07\
\x00\x00\x00\x0aJiraBridge\x01\x03\
\x00\x00\x00h\x00C\x00o\x00n\x00n\x00e\x00c\
\x00t\x00e\x00d\x00 \x00t\x00o\x00 \x00{\
\x00b\x00a\x00s\x00e\x00_\x00u\x00r\x00l\
\x00}\x00 \x00|\x00 \x00l\x00o\x00a\x00d\
\x00e\x00d\x00 \x00{\x00l\x00o\x00a\x00d\
\x00e\x00d\x00}\x00 \x00o\x00f\x00 \x00{\
\x00t\x00o\x00t\x00a\x00l\x00}\x08\x00\x00\x00\
\x00\x06\x00\x00\x004Connected \
to {base_url} | \
loaded {loaded} \
of {total}\x07\x00\x00\x00\x0aJ\
iraBridge\x01\x03\x00\x00\x00\x10\x00\
C\x00r\x00i\x00t\x00i\x00c\x00a\x00l\x08\
\x00\x00\x00\x00\x06\x00\x00\x00\x08Critica\
l\x07\x00\x00\x00\x0aJiraBridge\
\x01\x03\x00\x00\x00\x18\x00C\x00u\x00r\x00r\x00e\
\x00n\x00t\x00 \x00u\x00s\x00e\x00r\x08\x00\
\x00\x00\x00\x06\x00\x00\x00\x0cCurrent \
user\x07\x00\x00\x00\x0aJiraBri\
dge\x01\x03\x00\x00\x00\x0a\x00E\x00r\x00r\x00\
o\x00r\x08\x00\x00\x00\x00\x06\x00\x00\x00\x05Err\
or\x07\x00\x00\x00\x0aJiraBridg\
e\x01\x03\x00\x00\x00\x08\x00H\x00i\x00g\x00h\x08\
\x00\x00\x00\x00\x06\x00\x00\x00\x04High\x07\x00\x00\
\x00\x0aJiraBridge\x01\x03\x00\x00\
\x00\x1a\x00H\x00i\x00g\x00h\x00 \x00P\x00r\
\x00i\x00o\x00r\x00i\x00t\x00y\x08\x00\x00\x00\
\x00\x06\x00\x00\x00\x0dHigh Prior\
ity\x07\x00\x00\x00\x0aJiraBrid\
ge\x01\x03\x00\x00\x00\x0e\x00H\x00i\x00g\x00h\
\x00e\x00s\x00t\x08\x00\x00\x00\x00\x06\x00\x00\x00\x07\
Highest\x07\x00\x00\x00\x0aJira\
Bridge\x01\x03\x00\x00\x00h\x00H\x00i\
\x00g\x00h\x00e\x00s\x00t\x00,\x00 \x00c\
\x00r\x00i\x00t\x00i\x00c\x00a\x00l\x00,\
\x00 \x00o\x00r\x00 \x00h\x00i\x00g\x00h\
\x00 \x00i\x00n\x00 \x00t\x00h\x00e\x00 \
\x00c\x00u\x00r\x00r\x00e\x00n\x00t\x00 \
\x00r\x00e\x00s\x00u\x00l\x00t\x00 \x00s\
\x00e\x00t\x08\x00\x00\x00\x00\x06\x00\x00\x004Hi\
ghest, critical,\
 or high in the \
current result s\
et\x07\x00\x00\x00\x0aJiraBridg\
e\x01\x03\x00\x00\x00\x16\x00I\x00m\x00p\x00r\x00\
o\x00v\x00e\x00m\x00e\x00n\x00t\x08\x00\x00\
\x00\x00\x06\x00\x00\x00\x0bImproveme\
nt\x07\x00\x00\x00\x0aJiraBridg\
e\x01\x03\x00\x00\x00\x16\x00I\x00n\x00 \x00P\x00\
r\x00o\x00g\x00r\x00e\x00s\x00s\x08\x00\x00\
\x00\x00\x06\x00\x00\x00\x0bIn Progre\
ss\x07\x00\x00\x00\x0aJiraBridg\
e\x01\x03\x00\x00\x00\x16\x00I\x00s\x00s\x00u\x00\
e\x00 \x00T\x00y\x00p\x00e\x00s\x08\x00\x00\
\x00\x00\x06\x00\x00\x00\x0bIssue Typ\
es\x07\x00\x00\x00\x0aJiraBridg\
e\x01\x03\x00\x00\x00\x06\x00J\x00Q\x00L\x08\x00\x00\
\x00\x00\x06\x00\x00\x00\x03JQL\x07\x00\x00\x00\x0aJ\
iraBridge\x01\x03\x00\x00\x00(\x00\
J\x00i\x00r\x00a\x00 \x00A\x00I\x00 \x00\
C\x00o\x00n\x00v\x00e\x00r\x00s\x00a\x00\
t\x00i\x00o\x00n\x08\x00\x00\x00\x00\x06\x00\x00\x00\
\x14Jira AI Convers\
ation\x07\x00\x00\x00\x0aJiraBr\
idge\x01\x03\x00\x00\x00\xa8\x00J\x00i\x00r\
\x00a\x00 \x00r\x00e\x00q\x00u\x00e\x00s\
\x00t\x00 \x00f\x00a\x00i\x00l\x00e\x00d\
\x00.\x00 \x00C\x00h\x00e\x00c\x00k\x00 \
\x00t\x00h\x00e\x00 \x00c\x00o\x00n\x00n\
\x00e\x00c\x00t\x00i\x00o\x00n\x00 \x00m\
\x00e\x00s\x00s\x00a\x00g\x00e\x00 \x00a\
\x00b\x00o\x00v\x00e\x00 \x00a\x00n\x00d\
\x00 \x00s\x00i\x00g\x00n\x00 \x00i\x00n\
\x00 \x00a\x00g\x00a\x00i\x00n\x00 \x00i\
\x00f\x00 \x00n\x00e\x00e\x00d\x00e\x00d\
\x00.\x08\x00\x00\x00\x00\x06\x00\x00\x00TJira\
 request failed.\
 Check the conne\
ction message ab\
ove and sign in \
again if needed.\
\x07\x00\x00\x00\x0aJiraBridge\x01\
\x03\x00\x00\x00<\x00J\x00i\x00r\x00a\x00 \x00\
r\x00e\x00q\x00u\x00e\x00s\x00t\x00 \x00\
f\x00a\x00i\x00l\x00e\x00d\x00:\x00 \x00\
{\x00m\x00e\x00s\x00s\x00a\x00g\x00e\x00\
}\x08\x00\x00\x00\x00\x06\x00\x00\x00\x1eJira \
request failed: \
{message}\x07\x00\x00\x00\x0aJi\
raBridge\x01\x03\x00\x00\x00\x10\x00J\
\x00u\x00s\x00t\x00 \x00n\x00o\x00w\x08\x00\
\x00\x00\x00\x06\x00\x00\x00\x08Just now\
\x07\x00\x00\x00\x0aJiraBridge\x01\
\x03\x00\x00\x00\x18\x00K\x00e\x00y\x00w\x00o\x00\
r\x00d\x00 \x00t\x00e\x00x\x00t\x08\x00\x00\
\x00\x00\x06\x00\x00\x00\x0cKeyword t\
ext\x07\x00\x00\x00\x0aJiraBrid\
ge\x01\x03\x00\x00\x00~\x00L\x00D\x00A\x00P\
\x00 \x00s\x00e\x00s\x00s\x00i\x00o\x00n\
\x00 \x00i\x00s\x00 \x00m\x00i\x00s\x00s\
\x00i\x00n\x00g\x00 \x00J\x00i\x00r\x00a\
\x00 \x00c\x00r\x00e\x00d\x00e\x00n\x00t\
\x00i\x00a\x00l\x00s\x00.\x00 \x00P\x00l\
\x00e\x00a\x00s\x00e\x00 \x00s\x00i\x00g\
\x00n\x00 \x00i\x00n\x00 \x00a\x00g\x00a\
\x00i\x00n\x00.\x08\x00\x00\x00\x00\x06\x00\x00\x00?\
LDAP session is \
missing Jira cre\
dentials. Please\
 sign in again.\x07\
\x00\x00\x00\x0aJiraBridge\x01\x03\
\x00\x00\x00\x0c\x00L\x00a\x00b\x00e\x00l\x00s\
\x08\x00\x00\x00\x00\x06\x00\x00\x00\x06Labels\
\x07\x00\x00\x00\x0aJiraBridge\x01\
\x03\x00\x00\x00\x18\x00L\x00a\x00s\x00t\x00 \x00\
3\x000\x00 \x00D\x00a\x00y\x00s\x08\x00\x00\
\x00\x00\x06\x00\x00\x00\x0cLast 30 D\
ays\x07\x00\x00\x00\x0aJiraBrid\
ge\x01\x03\x00\x00\x00\x16\x00L\x00a\x00s\x00t\
\x00 \x007\x00 \x00D\x00a\x00y\x00s\x08\x00\
\x00\x00\x00\x06\x00\x00\x00\x0bLast 7 D\
ays\x07\x00\x00\x00\x0aJiraBrid\
ge\x01\x03\x00\x00\x00\x18\x00L\x00a\x00s\x00t\
\x00 \x009\x000\x00 \x00D\x00a\x00y\x00s\
\x08\x00\x00\x00\x00\x06\x00\x00\x00\x0cLast 9\
0 Days\x07\x00\x00\x00\x0aJiraB\
ridge\x01\x03\x00\x00\x00\xcc\x00L\x00o\x00\
a\x00d\x00e\x00d\x00 \x00{\x00l\x00o\x00\
a\x00d\x00e\x00d\x00}\x00 \x00o\x00f\x00\
 \x00{\x00t\x00o\x00t\x00a\x00l\x00}\x00\
 \x00i\x00s\x00s\x00u\x00e\x00s\x00 \x00\
f\x00o\x00r\x00 \x00b\x00r\x00o\x00w\x00\
s\x00i\x00n\x00g\x00.\x00 \x00S\x00e\x00\
l\x00e\x00c\x00t\x00 \x00a\x00n\x00 \x00\
i\x00s\x00s\x00u\x00e\x00 \x00o\x00r\x00\
 \x00a\x00s\x00k\x00 \x00a\x00 \x00q\x00\
u\x00e\x00s\x00t\x00i\x00o\x00n\x00 \x00\
f\x00o\x00r\x00 \x00d\x00e\x00e\x00p\x00\
e\x00r\x00 \x00a\x00n\x00a\x00l\x00y\x00\
s\x00i\x00s\x00.\x08\x00\x00\x00\x00\x06\x00\x00\x00\
fLoaded {loaded}\
 of {total} issu\
es for browsing.\
 Select an issue\
 or ask a questi\
on for deeper an\
alysis.\x07\x00\x00\x00\x0aJira\
Bridge\x01\x03\x00\x00\x00.\x00L\x00o\
\x00a\x00d\x00i\x00n\x00g\x00 \x00J\x00i\
\x00r\x00a\x00 \x00r\x00e\x00s\x00u\x00l\
\x00t\x00s\x00.\x00.\x00.\x08\x00\x00\x00\x00\x06\
\x00\x00\x00\x17Loading Jira\
 results...\x07\x00\x00\x00\x0a\
JiraBridge\x01\x03\x00\x00\x008\
\x00L\x00o\x00a\x00d\x00i\x00n\x00g\x00 \
\x00y\x00o\x00u\x00r\x00 \x00J\x00i\x00r\
\x00a\x00 \x00f\x00i\x00l\x00t\x00e\x00r\
\x00s\x00.\x00.\x00.\x08\x00\x00\x00\x00\x06\x00\x00\
\x00\x1cLoading your J\
ira filters...\x07\x00\
\x00\x00\x0aJiraBridge\x01\x03\x00\
\x00\x00\x06\x00L\x00o\x00w\x08\x00\x00\x00\x00\x06\x00\
\x00\x00\x03Low\x07\x00\x00\x00\x0aJiraB\
ridge\x01\x03\x00\x00\x00\x0e\x00M\x00a\x00\
t\x00c\x00h\x00e\x00d\x08\x00\x00\x00\x00\x06\x00\
\x00\x00\x07Matched\x07\x00\x00\x00\x0aJ\
iraBridge\x01\x03\x00\x00\x00\x0c\x00\
M\x00e\x00d\x00i\x00u\x00m\x08\x00\x00\x00\x00\
\x06\x00\x00\x00\x06Medium\x07\x00\x00\x00\x0a\
JiraBridge\x01\x03\x00\x00\x00\x14\
\x00M\x00y\x00 \x00F\x00i\x00l\x00t\x00e\
\x00r\x00s\x08\x00\x00\x00\x00\x06\x00\x00\x00\x0aMy\
 Filters\x07\x00\x00\x00\x0aJir\
aBridge\x01\x03\x00\x00\x00R\x00N\x00\
o\x00 \x00J\x00i\x00r\x00a\x00 \x00i\x00\
s\x00s\x00u\x00e\x00s\x00 \x00m\x00a\x00\
t\x00c\x00h\x00e\x00d\x00 \x00t\x00h\x00\
e\x00 \x00c\x00u\x00r\x00r\x00e\x00n\x00\
t\x00 \x00s\x00c\x00o\x00p\x00e\x00.\x08\
\x00\x00\x00\x00\x06\x00\x00\x00)No Jira\
 issues matched \
the current scop\
e.\x07\x00\x00\x00\x0aJiraBridg\
e\x01\x03\x00\x00\x00b\x00N\x00o\x00 \x00f\x00\
a\x00v\x00o\x00u\x00r\x00i\x00t\x00e\x00\
 \x00f\x00i\x00l\x00t\x00e\x00r\x00s\x00\
 \x00w\x00e\x00r\x00e\x00 \x00f\x00o\x00\
u\x00n\x00d\x00 \x00f\x00o\x00r\x00 \x00\
t\x00h\x00i\x00s\x00 \x00a\x00c\x00c\x00\
o\x00u\x00n\x00t\x00.\x08\x00\x00\x00\x00\x06\x00\
\x00\x001No favourite \
filters were fou\
nd for this acco\
unt.\x07\x00\x00\x00\x0aJiraBri\
dge\x01\x03\x00\x00\x00\x16\x00N\x00o\x00t\x00\
 \x00l\x00i\x00m\x00i\x00t\x00e\x00d\x08\
\x00\x00\x00\x00\x06\x00\x00\x00\x0bNot lim\
ited\x07\x00\x00\x00\x0aJiraBri\
dge\x01\x03\x00\x00\x00\x08\x00O\x00p\x00e\x00\
n\x08\x00\x00\x00\x00\x06\x00\x00\x00\x04Open\x07\
\x00\x00\x00\x0aJiraBridge\x01\x03\
\x00\x00\x00\x12\x00O\x00p\x00e\x00n\x00 \x00W\
\x00o\x00r\x00k\x08\x00\x00\x00\x00\x06\x00\x00\x00\x09\
Open Work\x07\x00\x00\x00\x0aJi\
raBridge\x01\x03\x00\x00\x00\x14\x00P\
\x00r\x00i\x00o\x00r\x00i\x00t\x00i\x00e\
\x00s\x08\x00\x00\x00\x00\x06\x00\x00\x00\x0aPrio\
rities\x07\x00\x00\x00\x0aJiraB\
ridge\x01\x03\x00\x00\x00\x10\x00P\x00r\x00\
o\x00j\x00e\x00c\x00t\x00s\x08\x00\x00\x00\x00\
\x06\x00\x00\x00\x08Projects\x07\x00\x00\
\x00\x0aJiraBridge\x01\x03\x00\x00\
\x00\x0a\x00R\x00e\x00a\x00d\x00y\x08\x00\x00\x00\
\x00\x06\x00\x00\x00\x05Ready\x07\x00\x00\x00\x0a\
JiraBridge\x01\x03\x00\x00\x00\x1c\
\x00R\x00e\x00a\x00d\x00y\x00 \x00f\x00o\
\x00r\x00 \x00T\x00e\x00s\x00t\x08\x00\x00\x00\
\x00\x06\x00\x00\x00\x0eReady for \
Test\x07\x00\x00\x00\x0aJiraBri\
dge\x01\x03\x00\x00\x00\x10\x00R\x00e\x00p\x00\
o\x00r\x00t\x00e\x00r\x08\x00\x00\x00\x00\x06\x00\
\x00\x00\x08Reporter\x07\x00\x00\x00\x0a\
JiraBridge\x01\x03\x00\x00\x00\x0a\
\x00R\x00e\x00s\x00e\x00t\x08\x00\x00\x00\x00\x06\
\x00\x00\x00\x05Reset\x07\x00\x00\x00\x0aJi\
raBridge\x01\x03\x00\x00\x00\x10\x00R\
\x00e\x00s\x00o\x00l\x00v\x00e\x00d\x08\x00\
\x00\x00\x00\x06\x00\x00\x00\x08Resolved\
\x07\x00\x00\x00\x0aJiraBridge\x01\
\x03\x00\x00\x00T\x00R\x00u\x00n\x00 \x00a\x00\
 \x00J\x00i\x00r\x00a\x00 \x00q\x00u\x00\
e\x00r\x00y\x00 \x00t\x00o\x00 \x00g\x00\
e\x00t\x00 \x00a\x00 \x00l\x00i\x00v\x00\
e\x00 \x00A\x00I\x00 \x00s\x00u\x00m\x00\
m\x00a\x00r\x00y\x00.\x08\x00\x00\x00\x00\x06\x00\
\x00\x00*Run a Jira qu\
ery to get a liv\
e AI summary.\x07\x00\x00\
\x00\x0aJiraBridge\x01\x03\x00\x00\
\x00h\x00S\x00e\x00s\x00s\x00i\x00o\x00n\
\x00 \x00c\x00l\x00e\x00a\x00r\x00e\x00d\
\x00.\x00 \x00A\x00s\x00k\x00 \x00a\x00 \
\x00n\x00e\x00w\x00 \x00J\x00i\x00r\x00a\
\x00 \x00q\x00u\x00e\x00s\x00t\x00i\x00o\
\x00n\x00 \x00w\x00h\x00e\x00n\x00 \x00r\
\x00e\x00a\x00d\x00y\x00.\x08\x00\x00\x00\x00\x06\
\x00\x00\x004Session clea\
red. Ask a new J\
ira question whe\
n ready.\x07\x00\x00\x00\x0aJir\
aBridge\x01\x03\x00\x00\x00J\x00S\x00\
i\x00g\x00n\x00 \x00i\x00n\x00 \x00a\x00\
g\x00a\x00i\x00n\x00 \x00t\x00o\x00 \x00\
r\x00e\x00s\x00t\x00o\x00r\x00e\x00 \x00\
J\x00i\x00r\x00a\x00 \x00a\x00c\x00c\x00\
e\x00s\x00s\x00.\x08\x00\x00\x00\x00\x06\x00\x00\x00\
%Sign in again t\
o restore Jira a\
ccess.\x07\x00\x00\x00\x0aJiraB\
ridge\x01\x03\x00\x00\x004\x00S\x00i\x00\
g\x00n\x00 \x00i\x00n\x00 \x00t\x00o\x00\
 \x00l\x00o\x00a\x00d\x00 \x00J\x00i\x00\
r\x00a\x00 \x00d\x00a\x00t\x00a\x00.\x08\
\x00\x00\x00\x00\x06\x00\x00\x00\x1aSign in\
 to load Jira da\
ta.\x07\x00\x00\x00\x0aJiraBrid\
ge\x01\x03\x00\x00\x00\x94\x00S\x00i\x00g\x00n\
\x00 \x00i\x00n\x00 \x00w\x00i\x00t\x00h\
\x00 \x00L\x00D\x00A\x00P\x00 \x00f\x00i\
\x00r\x00s\x00t\x00,\x00 \x00t\x00h\x00e\
\x00n\x00 \x00J\x00i\x00r\x00a\x00 \x00r\
\x00e\x00s\x00u\x00l\x00t\x00s\x00 \x00a\
\x00n\x00d\x00 \x00A\x00I\x00 \x00a\x00n\
\x00a\x00l\x00y\x00s\x00i\x00s\x00 \x00w\
\x00i\x00l\x00l\x00 \x00l\x00o\x00a\x00d\
\x00 \x00h\x00e\x00r\x00e\x00.\x08\x00\x00\x00\
\x00\x06\x00\x00\x00JSign in wi\
th LDAP first, t\
hen Jira results\
 and AI analysis\
 will load here.\
\x07\x00\x00\x00\x0aJiraBridge\x01\
\x03\x00\x00\x00\x14\x00S\x00i\x00g\x00n\x00e\x00\
d\x00 \x00o\x00u\x00t\x08\x00\x00\x00\x00\x06\x00\
\x00\x00\x0aSigned out\x07\x00\x00\
\x00\x0aJiraBridge\x01\x03\x00\x00\
\x00\xb8\x00S\x00i\x00g\x00n\x00e\x00d\x00-\
\x00i\x00n\x00 \x00J\x00i\x00r\x00a\x00 \
\x00a\x00c\x00c\x00e\x00s\x00s\x00 \x00i\
\x00s\x00 \x00r\x00e\x00a\x00d\x00y\x00.\
\x00 \x00A\x00s\x00k\x00 \x00i\x00n\x00 \
\x00n\x00a\x00t\x00u\x00r\x00a\x00l\x00 \
\x00l\x00a\x00n\x00g\x00u\x00a\x00g\x00e\
\x00 \x00t\x00o\x00 \x00s\x00e\x00a\x00r\
\x00c\x00h\x00 \x00i\x00s\x00s\x00u\x00e\
\x00s\x00 \x00a\x00n\x00d\x00 \x00s\x00u\
\x00m\x00m\x00a\x00r\x00i\x00z\x00e\x00 \
\x00r\x00i\x00s\x00k\x00.\x08\x00\x00\x00\x00\x06\
\x00\x00\x00\x5cSigned-in Ji\
ra access is rea\
dy. Ask in natur\
al language to s\
earch issues and\
 summarize risk.\
\x07\x00\x00\x00\x0aJiraBridge\x01\
\x03\x00\x00\x00\x10\x00S\x00t\x00a\x00t\x00u\x00\
s\x00e\x00s\x08\x00\x00\x00\x00\x06\x00\x00\x00\x08S\
tatuses\x07\x00\x00\x00\x0aJira\
Bridge\x01\x03\x00\x00\x00\x0a\x00S\x00t\
\x00o\x00r\x00y\x08\x00\x00\x00\x00\x06\x00\x00\x00\x05\
Story\x07\x00\x00\x00\x0aJiraBr\
idge\x01\x03\x00\x00\x00\x08\x00T\x00a\x00s\
\x00k\x08\x00\x00\x00\x00\x06\x00\x00\x00\x04Task\
\x07\x00\x00\x00\x0aJiraBridge\x01\
\x03\x00\x00\x00\x12\x00T\x00h\x00i\x00s\x00 \x00\
Y\x00e\x00a\x00r\x08\x00\x00\x00\x00\x06\x00\x00\x00\
\x09This Year\x07\x00\x00\x00\x0aJ\
iraBridge\x01\x03\x00\x00\x00\x16\x00\
T\x00i\x00m\x00e\x00 \x00W\x00i\x00n\x00\
d\x00o\x00w\x08\x00\x00\x00\x00\x06\x00\x00\x00\x0bT\
ime Window\x07\x00\x00\x00\x0aJ\
iraBridge\x01\x03\x00\x00\x00\x14\x00\
U\x00n\x00a\x00s\x00s\x00i\x00g\x00n\x00\
e\x00d\x08\x00\x00\x00\x00\x06\x00\x00\x00\x0aUna\
ssigned\x07\x00\x00\x00\x0aJira\
Bridge\x01\x03\x00\x00\x00$\x00U\x00n\
\x00k\x00n\x00o\x00w\x00n\x00 \x00J\x00i\
\x00r\x00a\x00 \x00e\x00r\x00r\x00o\x00r\
\x08\x00\x00\x00\x00\x06\x00\x00\x00\x12Unknow\
n Jira error\x07\x00\x00\x00\
\x0aJiraBridge\x01\x03\x00\x00\x00\
^\x00U\x00s\x00e\x00f\x00u\x00l\x00 \x00\
c\x00a\x00n\x00d\x00i\x00d\x00a\x00t\x00\
e\x00s\x00 \x00f\x00o\x00r\x00 \x00t\x00\
h\x00e\x00 \x00n\x00e\x00x\x00t\x00 \x00\
r\x00e\x00g\x00r\x00e\x00s\x00s\x00i\x00\
o\x00n\x00 \x00b\x00a\x00t\x00c\x00h\x08\
\x00\x00\x00\x00\x06\x00\x00\x00/Useful \
candidates for t\
he next regressi\
on batch\x07\x00\x00\x00\x0aJir\
aBridge\x01\x03\x00\x00\x00\x10\x00V\x00\
e\x00r\x00i\x00f\x00i\x00e\x00d\x08\x00\x00\
\x00\x00\x06\x00\x00\x00\x08Verified\x07\
\x00\x00\x00\x0aJiraBridge\x01\x03\
\x00\x00\x00\x1e\x00W\x00o\x00r\x00k\x00f\x00l\
\x00o\x00w\x00 \x00P\x00r\x00e\x00s\x00e\
\x00t\x08\x00\x00\x00\x00\x06\x00\x00\x00\x0fWork\
flow Preset\x07\x00\x00\x00\x0a\
JiraBridge\x01\x03\x00\x00\x00\x1e\
\x00W\x00o\x00r\x00k\x00s\x00p\x00a\x00c\
\x00e\x00 \x00r\x00e\x00a\x00d\x00y\x08\x00\
\x00\x00\x00\x06\x00\x00\x00\x0fWorkspac\
e ready\x07\x00\x00\x00\x0aJira\
Bridge\x01\x03\x00\x00\x00R\x00{\x00d\
\x00i\x00s\x00p\x00l\x00a\x00y\x00e\x00d\
\x00}\x00 \x00d\x00i\x00s\x00p\x00l\x00a\
\x00y\x00e\x00d\x00 \x00i\x00n\x00 \x00t\
\x00h\x00e\x00 \x00c\x00u\x00r\x00r\x00e\
\x00n\x00t\x00 \x00v\x00i\x00e\x00w\x08\x00\
\x00\x00\x00\x06\x00\x00\x00){display\
ed} displayed in\
 the current vie\
w\x07\x00\x00\x00\x0aJiraBridge\
\x01\x03\x00\x00\x00\xc4\x00{\x00t\x00o\x00t\x00a\
\x00l\x00}\x00 \x00J\x00i\x00r\x00a\x00 \
\x00i\x00s\x00s\x00u\x00e\x00s\x00 \x00m\
\x00a\x00t\x00c\x00h\x00e\x00d\x00 \x00t\
\x00h\x00e\x00 \x00c\x00u\x00r\x00r\x00e\
\x00n\x00t\x00 \x00s\x00c\x00o\x00p\x00e\
\x00.\x00 \x00T\x00o\x00p\x00 \x00i\x00s\
\x00s\x00u\x00e\x00:\x00 \x00{\x00k\x00e\
\x00y\x00}\x00 \x00(\x00{\x00s\x00t\x00a\
\x00t\x00u\x00s\x00}\x00,\x00 \x00{\x00p\
\x00r\x00i\x00o\x00r\x00i\x00t\x00y\x00}\
\x00)\x00 \x00-\x00 \x00{\x00s\x00u\x00m\
\x00m\x00a\x00r\x00y\x00}\x08\x00\x00\x00\x00\x06\
\x00\x00\x00b{total} Jira\
 issues matched \
the current scop\
e. Top issue: {k\
ey} ({status}, {\
priority}) - {su\
mmary}\x07\x00\x00\x00\x0aJiraB\
ridge\x01\x03\x00\x00\x00\x0e\x00A\x00c\x00\
c\x00o\x00u\x00n\x00t\x08\x00\x00\x00\x00\x06\x00\
\x00\x00\x07Account\x07\x00\x00\x00\x0bL\
oginWindow\x01\x03\x00\x00\x00\x1e\
\x00L\x00D\x00A\x00P\x00 \x00S\x00e\x00r\
\x00v\x00e\x00r\x00:\x00 \x00%\x001\x08\x00\
\x00\x00\x00\x06\x00\x00\x00\x0fLDAP Ser\
ver: %1\x07\x00\x00\x00\x0bLogi\
nWindow\x01\x03\x00\x00\x00\x0a\x00L\x00\
o\x00g\x00i\x00n\x08\x00\x00\x00\x00\x06\x00\x00\x00\
\x05Login\x07\x00\x00\x00\x0bLogin\
Window\x01\x03\x00\x00\x00\x0c\x00L\x00o\
\x00g\x00o\x00u\x00t\x08\x00\x00\x00\x00\x06\x00\x00\
\x00\x06Logout\x07\x00\x00\x00\x0bLog\
inWindow\x01\x03\x00\x00\x000\x00P\
\x00l\x00e\x00a\x00s\x00e\x00 \x00e\x00n\
\x00t\x00e\x00r\x00 \x00t\x00h\x00e\x00 \
\x00a\x00c\x00c\x00o\x00u\x00n\x00t\x08\x00\
\x00\x00\x00\x06\x00\x00\x00\x18Please e\
nter the account\
\x07\x00\x00\x00\x0bLoginWindow\
\x01\x03\x00\x00\x004\x00P\x00l\x00e\x00a\x00s\
\x00e\x00 \x00e\x00n\x00t\x00e\x00r\x00 \
\x00y\x00o\x00u\x00r\x00 \x00p\x00a\x00s\
\x00s\x00w\x00o\x00r\x00d\x08\x00\x00\x00\x00\x06\
\x00\x00\x00\x1aPlease enter\
 your password\x07\x00\
\x00\x00\x0bLoginWindow\x01\x03\
\x00\x00\x00\x1e\x00S\x00i\x00g\x00n\x00e\x00d\
\x00 \x00i\x00n\x00 \x00a\x00s\x00 \x00%\
\x001\x08\x00\x00\x00\x00\x06\x00\x00\x00\x0fSign\
ed in as %1\x07\x00\x00\x00\x0b\
LoginWindow\x01\x03\x00\x00\x00\
\x14\x00S\x00i\x00g\x00n\x00e\x00d\x00 \x00\
o\x00u\x00t\x08\x00\x00\x00\x00\x06\x00\x00\x00\x0aS\
igned out\x07\x00\x00\x00\x0bLo\
ginWindow\x01\x03\x00\x00\x00*\x00\
 \x00\x0a\x00\x0a\x00U\x00p\x00d\x00a\x00t\x00\
e\x00d\x00 \x00c\x00o\x00n\x00t\x00e\x00\
n\x00t\x00:\x00 \x00\x0a\x08\x00\x00\x00\x00\x06\x00\
\x00\x00\x15 \x0a\x0aUpdated co\
ntent: \x0a\x07\x00\x00\x00\x0aMai\
nWindow\x01\x03\x00\x00\x00(\x00 \x00\
-\x00-\x00 \x00C\x00u\x00r\x00r\x00e\x00\
n\x00t\x00 \x00v\x00e\x00r\x00s\x00i\x00\
o\x00n\x00 \x08\x00\x00\x00\x00\x06\x00\x00\x00\x14 \
-- Current versi\
on \x07\x00\x00\x00\x0aMainWind\
ow\x01\x03\x00\x00\x00\x0a\x00A\x00b\x00o\x00u\
\x00t\x08\x00\x00\x00\x00\x06\x00\x00\x00\x05Abou\
t\x07\x00\x00\x00\x0aMainWindow\
\x01\x03\x00\x00\x00T\x00A\x00r\x00e\x00 \x00y\
\x00o\x00u\x00 \x00s\x00u\x00r\x00e\x00 \
\x00y\x00o\x00u\x00 \x00w\x00a\x00n\x00t\
\x00 \x00t\x00o\x00 \x00e\x00x\x00i\x00t\
\x00 \x00t\x00h\x00e\x00 \x00p\x00r\x00o\
\x00g\x00r\x00a\x00m\x00?\x08\x00\x00\x00\x00\x06\
\x00\x00\x00*Are you sure\
 you want to exi\
t the program?\x07\x00\
\x00\x00\x0aMainWindow\x01\x03\x00\
\x00\x00\x0c\x00C\x00a\x00n\x00c\x00e\x00l\x08\
\x00\x00\x00\x00\x06\x00\x00\x00\x06Cancel\x07\
\x00\x00\x00\x0aMainWindow\x01\x03\
\x00\x00\x00\x14\x00C\x00l\x00i\x00c\x00k\x00 \
\x00T\x00i\x00m\x00e\x08\x00\x00\x00\x00\x06\x00\x00\
\x00\x0aClick Time\x07\x00\x00\x00\
\x0aMainWindow\x01\x03\x00\x00\x00\
\x12\x00D\x00a\x00r\x00k\x00 \x00M\x00o\x00\
d\x00e\x08\x00\x00\x00\x00\x06\x00\x00\x00\x09Dar\
k Mode\x07\x00\x00\x00\x0aMainW\
indow\x01\x03\x00\x00\x00\x0c\x00F\x00i\x00\
n\x00i\x00s\x00h\x08\x00\x00\x00\x00\x06\x00\x00\x00\
\x06Finish\x07\x00\x00\x00\x0aMain\
Window\x01\x03\x00\x00\x00\x22\x00F\x00r\
\x00i\x00e\x00n\x00d\x00l\x00y\x00 \x00R\
\x00e\x00m\x00i\x00n\x00d\x00e\x00r\x08\x00\
\x00\x00\x00\x06\x00\x00\x00\x11Friendly\
 Reminder\x07\x00\x00\x00\x0aMa\
inWindow\x01\x03\x00\x00\x00D\x00H\
\x00e\x00r\x00e\x00 \x00y\x00o\x00u\x00 \
\x00c\x00a\x00n\x00 \x00s\x00w\x00i\x00t\
\x00c\x00h\x00 \x00t\x00o\x00 \x00n\x00i\
\x00g\x00h\x00t\x00 \x00m\x00o\x00d\x00e\
\x00.\x08\x00\x00\x00\x00\x06\x00\x00\x00\x22Here\
 you can switch \
to night mode.\x07\x00\
\x00\x00\x0aMainWindow\x01\x03\x00\
\x00\x00 \x00H\x00i\x00d\x00e\x00 \x00E\x00\
a\x00s\x00t\x00e\x00r\x00 \x00e\x00g\x00\
g\x00s\x08\x00\x00\x00\x00\x06\x00\x00\x00\x10Hid\
e Easter eggs\x07\x00\x00\
\x00\x0aMainWindow\x01\x03\x00\x00\
\x00\x10\x00M\x00i\x00n\x00i\x00m\x00i\x00z\
\x00e\x08\x00\x00\x00\x00\x06\x00\x00\x00\x08Mini\
mize\x07\x00\x00\x00\x0aMainWin\
dow\x01\x03\x00\x00\x00\x08\x00N\x00e\x00x\x00\
t\x08\x00\x00\x00\x00\x06\x00\x00\x00\x04Next\x07\
\x00\x00\x00\x0aMainWindow\x01\x03\
\x00\x00\x00\x04\x00O\x00K\x08\x00\x00\x00\x00\x06\x00\x00\
\x00\x02OK\x07\x00\x00\x00\x0aMainWin\
dow\x01\x03\x00\x00\x00.\x00O\x00p\x00e\x00\
n\x00 \x00i\x00n\x00 \x00S\x00e\x00p\x00\
a\x00r\x00a\x00t\x00e\x00 \x00W\x00i\x00\
n\x00d\x00o\x00w\x08\x00\x00\x00\x00\x06\x00\x00\x00\
\x17Open in Separat\
e Window\x07\x00\x00\x00\x0aMai\
nWindow\x01\x03\x00\x00\x00\x10\x00P\x00\
r\x00e\x00v\x00i\x00o\x00u\x00s\x08\x00\x00\
\x00\x00\x06\x00\x00\x00\x08Previous\x07\
\x00\x00\x00\x0aMainWindow\x01\x03\
\x00\x00\x00\x08\x00Q\x00u\x00i\x00t\x08\x00\x00\x00\
\x00\x06\x00\x00\x00\x04Quit\x07\x00\x00\x00\x0aM\
ainWindow\x01\x03\x00\x00\x00$\x00\
R\x00e\x00m\x00e\x00m\x00b\x00e\x00r\x00\
 \x00m\x00y\x00 \x00c\x00h\x00o\x00i\x00\
c\x00e\x08\x00\x00\x00\x00\x06\x00\x00\x00\x12Rem\
ember my choice\x07\
\x00\x00\x00\x0aMainWindow\x01\x03\
\x00\x00\x00\x0c\x00S\x00e\x00a\x00r\x00c\x00h\
\x08\x00\x00\x00\x00\x06\x00\x00\x00\x06Search\
\x07\x00\x00\x00\x0aMainWindow\x01\
\x03\x00\x00\x00\xa2\x00S\x00m\x00a\x00r\x00t\x00\
T\x00e\x00s\x00t\x00 \x00i\x00s\x00 \x00\
h\x00i\x00d\x00d\x00e\x00n\x00 \x00f\x00\
r\x00o\x00m\x00 \x00t\x00h\x00e\x00 \x00\
t\x00r\x00a\x00y\x00,\x00 \x00c\x00l\x00\
i\x00c\x00k\x00 \x00o\x00n\x00 \x00t\x00\
h\x00e\x00 \x00t\x00r\x00a\x00y\x00 \x00\
t\x00o\x00 \x00a\x00c\x00t\x00i\x00v\x00\
a\x00t\x00e\x00 \x00t\x00h\x00e\x00 \x00\
w\x00i\x00n\x00d\x00o\x00w\x00 \x00a\x00\
g\x00a\x00i\x00n\x08\x00\x00\x00\x00\x06\x00\x00\x00\
QSmartTest is hi\
dden from the tr\
ay, click on the\
 tray to activat\
e the window aga\
in\x07\x00\x00\x00\x0aMainWindo\
w\x01\x03\x00\x00\x00\x22\x00S\x00m\x00a\x00r\x00\
t\x00T\x00e\x00s\x00t\x00 \x00u\x00p\x00\
d\x00a\x00t\x00e\x00 \x08\x00\x00\x00\x00\x06\x00\
\x00\x00\x11SmartTest upd\
ate \x07\x00\x00\x00\x0aMainWin\
dow\x01\x03\x00\x00\x00R\x00T\x00h\x00e\x00\
 \x00c\x00u\x00r\x00r\x00e\x00n\x00t\x00\
 \x00v\x00e\x00r\x00s\x00i\x00o\x00n\x00\
 \x00i\x00s\x00 \x00a\x00l\x00r\x00e\x00\
a\x00d\x00y\x00 \x00t\x00h\x00e\x00 \x00\
l\x00a\x00t\x00e\x00s\x00t\x08\x00\x00\x00\x00\
\x06\x00\x00\x00)The current\
 version is alre\
ady the latest\x07\x00\
\x00\x00\x0aMainWindow\x01\x03\x00\
\x00\x00.\x00T\x00r\x00y\x00 \x00a\x00 \x00\
f\x00e\x00w\x00 \x00m\x00o\x00r\x00e\x00\
 \x00c\x00l\x00i\x00c\x00k\x00s\x00!\x00\
!\x08\x00\x00\x00\x00\x06\x00\x00\x00\x17Try a\
 few more clicks\
!!\x07\x00\x00\x00\x0aMainWindo\
w\x01\x03\x00\x00\x00@\x00U\x00p\x00d\x00a\x00\
t\x00e\x00 \x00s\x00e\x00r\x00v\x00i\x00\
c\x00e\x00 \x00i\x00s\x00 \x00n\x00o\x00\
t\x00 \x00c\x00o\x00n\x00f\x00i\x00g\x00\
u\x00r\x00e\x00d\x08\x00\x00\x00\x00\x06\x00\x00\x00\
 Update service \
is not configure\
d\x07\x00\x00\x00\x0aMainWindow\
\x01\x03\x00\x00\x00\x18\x00U\x00p\x00g\x00r\x00a\
\x00d\x00e\x00 \x00T\x00i\x00p\x00s\x08\x00\
\x00\x00\x00\x06\x00\x00\x00\x0cUpgrade \
Tips\x07\x00\x00\x00\x0aMainWin\
dow\x01\x03\x00\x00\x00\x0c\x00N\x00o\x00 \x00\
D\x00U\x00T\x08\x00\x00\x00\x00\x06\x00\x00\x00\x06N\
o DUT\x07\x00\x00\x00\x0cReport\
Bridge\x01\x03\x00\x00\x00\x18\x00{\x00c\
\x00o\x00u\x00n\x00t\x00}\x00 \x00D\x00U\
\x00T\x00s\x08\x00\x00\x00\x00\x06\x00\x00\x00\x0c{c\
ount} DUTs\x07\x00\x00\x00\x0cR\
eportBridge\x01\x03\x00\x00\x00\
.\x00{\x00c\x00o\x00u\x00n\x00t\x00}\x00\
 \x00D\x00U\x00T\x00s\x00:\x00 \x00{\x00\
s\x00e\x00r\x00i\x00a\x00l\x00s\x00}\x08\
\x00\x00\x00\x00\x06\x00\x00\x00\x17{count}\
 DUTs: {serials}\
\x07\x00\x00\x00\x0cReportBridg\
e\x01\x03\x00\x00\x00F\x00F\x00a\x00i\x00l\x00\
e\x00d\x00 \x00t\x00o\x00 \x00s\x00a\x00\
v\x00e\x00 \x00r\x00u\x00n\x00 \x00r\x00\
e\x00p\x00o\x00r\x00t\x00.\x00 \x00{\x00\
d\x00e\x00t\x00a\x00i\x00l\x00}\x08\x00\x00\
\x00\x00\x06\x00\x00\x00#Failed to\
 save run report\
. {detail}\x07\x00\x00\x00\x09R\
unBridge\x01\x03\x00\x00\x00H\x00F\
\x00a\x00i\x00l\x00e\x00d\x00 \x00t\x00o\
\x00 \x00s\x00t\x00a\x00r\x00t\x00 \x00p\
\x00y\x00t\x00e\x00s\x00t\x00 \x00r\x00u\
\x00n\x00.\x00 \x00{\x00d\x00e\x00t\x00a\
\x00i\x00l\x00}\x08\x00\x00\x00\x00\x06\x00\x00\x00$\
Failed to start \
pytest run. {det\
ail}\x07\x00\x00\x00\x09RunBrid\
ge\x01\x03\x00\x00\x00Z\x00F\x00i\x00x\x00 \
\x00r\x00e\x00q\x00u\x00i\x00r\x00e\x00d\
\x00 \x00t\x00e\x00s\x00t\x00 \x00p\x00a\
\x00r\x00a\x00m\x00e\x00t\x00e\x00r\x00s\
\x00 \x00b\x00e\x00f\x00o\x00r\x00e\x00 \
\x00s\x00t\x00a\x00r\x00t\x00i\x00n\x00g\
\x00.\x08\x00\x00\x00\x00\x06\x00\x00\x00-Fix \
required test pa\
rameters before \
starting.\x07\x00\x00\x00\x09Ru\
nBridge\x01\x03\x00\x00\x00X\x00M\x00\
i\x00s\x00s\x00i\x00n\x00g\x00 \x00r\x00\
e\x00q\x00u\x00i\x00r\x00e\x00d\x00 \x00\
p\x00a\x00r\x00a\x00m\x00e\x00t\x00e\x00\
r\x00:\x00 \x00{\x00p\x00a\x00r\x00a\x00\
m\x00}\x00 \x00(\x00{\x00c\x00a\x00s\x00\
e\x00}\x00)\x08\x00\x00\x00\x00\x06\x00\x00\x00,M\
issing required \
parameter: {para\
m} ({case})\x07\x00\x00\x00\x09\
RunBridge\x01\x03\x00\x00\x00<\x00\
N\x00o\x00 \x00s\x00e\x00l\x00e\x00c\x00\
t\x00e\x00d\x00 \x00t\x00e\x00s\x00t\x00\
 \x00c\x00a\x00s\x00e\x00s\x00 \x00t\x00\
o\x00 \x00r\x00u\x00n\x00.\x08\x00\x00\x00\x00\
\x06\x00\x00\x00\x1eNo selected\
 test cases to r\
un.\x07\x00\x00\x00\x09RunBridg\
e\x01\x03\x00\x00\x00j\x00S\x00e\x00l\x00e\x00\
c\x00t\x00 \x00a\x00 \x00D\x00U\x00T\x00\
 \x00b\x00e\x00f\x00o\x00r\x00e\x00 \x00\
s\x00t\x00a\x00r\x00t\x00i\x00n\x00g\x00\
 \x00t\x00h\x00e\x00 \x00s\x00e\x00l\x00\
e\x00c\x00t\x00e\x00d\x00 \x00t\x00e\x00\
s\x00t\x00 \x00c\x00a\x00s\x00e\x00s\x00\
.\x08\x00\x00\x00\x00\x06\x00\x00\x005Selec\
t a DUT before s\
tarting the sele\
cted test cases.\
\x07\x00\x00\x00\x09RunBridge\x01\x03\
\x00\x00\x00\xc4\x00I\x00'\x00m\x00 \x00a\x00 \
\x00S\x00i\x00n\x00g\x00l\x00e\x00I\x00n\
\x00s\x00t\x00a\x00n\x00c\x00e\x00 \x00w\
\x00i\x00n\x00d\x00o\x00w\x00,\x00 \x00a\
\x00n\x00d\x00 \x00i\x00f\x00 \x00I\x00 \
\x00e\x00x\x00i\x00s\x00t\x00,\x00 \x00I\
\x00'\x00l\x00l\x00 \x00d\x00e\x00s\x00t\
\x00r\x00o\x00y\x00 \x00t\x00h\x00e\x00 \
\x00p\x00r\x00e\x00v\x00i\x00o\x00u\x00s\
\x00 \x00w\x00i\x00n\x00d\x00o\x00w\x00 \
\x00a\x00n\x00d\x00 \x00c\x00r\x00e\x00a\
\x00t\x00e\x00 \x00a\x00 \x00n\x00e\x00w\
\x00 \x00o\x00n\x00e\x08\x00\x00\x00\x00\x06\x00\x00\
\x00bI'm a SingleIn\
stance window, a\
nd if I exist, I\
'll destroy the \
previous window \
and create a new\
 one\x07\x00\x00\x00\x14SingleI\
nstanceWindow\x01\x03\x00\
\x00\x00\x1c\x00S\x00i\x00n\x00g\x00l\x00e\x00\
I\x00n\x00s\x00t\x00a\x00n\x00c\x00e\x08\
\x00\x00\x00\x00\x06\x00\x00\x00\x0eSingleI\
nstance\x07\x00\x00\x00\x14Sing\
leInstanceWindow\
\x01\x03\x00\x00\x00\x86\x00I\x00'\x00m\x00 \x00a\
\x00 \x00S\x00i\x00n\x00g\x00l\x00e\x00T\
\x00a\x00s\x00k\x00 \x00m\x00o\x00d\x00e\
\x00 \x00w\x00i\x00n\x00d\x00o\x00w\x00,\
\x00 \x00a\x00n\x00d\x00 \x00i\x00f\x00 \
\x00I\x00 \x00e\x00x\x00i\x00s\x00t\x00,\
\x00 \x00I\x00 \x00a\x00c\x00t\x00i\x00v\
\x00a\x00t\x00e\x00 \x00t\x00h\x00e\x00 \
\x00w\x00i\x00n\x00d\x00o\x00w\x08\x00\x00\x00\
\x00\x06\x00\x00\x00CI'm a Sing\
leTask mode wind\
ow, and if I exi\
st, I activate t\
he window\x07\x00\x00\x00\x10Si\
ngleTaskWindow\x01\x03\
\x00\x00\x00\x14\x00S\x00i\x00n\x00g\x00l\x00e\
\x00T\x00a\x00s\x00k\x08\x00\x00\x00\x00\x06\x00\x00\
\x00\x0aSingleTask\x07\x00\x00\x00\
\x10SingleTaskWindo\
w\x01\x03\x00\x00\x00\x0a\x00A\x00b\x00o\x00u\x00\
t\x08\x00\x00\x00\x00\x06\x00\x00\x00\x05About\
\x07\x00\x00\x00\x0eStandardWin\
dow\x01\x03\x00\x00\x00\x08\x00C\x00o\x00p\x00\
y\x08\x00\x00\x00\x00\x06\x00\x00\x00\x04Copy\x07\
\x00\x00\x00\x0eStandardWind\
ow\x01\x03\x00\x00\x00\x06\x00C\x00u\x00t\x08\x00\
\x00\x00\x00\x06\x00\x00\x00\x03Cut\x07\x00\x00\x00\x0e\
StandardWindow\x01\x03\
\x00\x00\x00\x08\x00E\x00d\x00i\x00t\x08\x00\x00\x00\
\x00\x06\x00\x00\x00\x04Edit\x07\x00\x00\x00\x0eS\
tandardWindow\x01\x03\x00\
\x00\x00\x08\x00F\x00i\x00l\x00e\x08\x00\x00\x00\x00\
\x06\x00\x00\x00\x04File\x07\x00\x00\x00\x0eSt\
andardWindow\x01\x03\x00\x00\
\x00\x08\x00H\x00e\x00l\x00p\x08\x00\x00\x00\x00\x06\
\x00\x00\x00\x04Help\x07\x00\x00\x00\x0eSta\
ndardWindow\x01\x03\x00\x00\x00\
\x80\x00I\x00'\x00m\x00 \x00a\x00 \x00S\x00\
t\x00a\x00n\x00d\x00a\x00r\x00d\x00 \x00\
m\x00o\x00d\x00e\x00 \x00w\x00i\x00n\x00\
d\x00o\x00w\x00,\x00 \x00a\x00n\x00d\x00\
 \x00e\x00v\x00e\x00r\x00y\x00 \x00t\x00\
i\x00m\x00e\x00 \x00I\x00 \x00c\x00r\x00\
e\x00a\x00t\x00e\x00 \x00a\x00 \x00n\x00\
e\x00w\x00 \x00w\x00i\x00n\x00d\x00o\x00\
w\x08\x00\x00\x00\x00\x06\x00\x00\x00@I'm a\
 Standard mode w\
indow, and every\
 time I create a\
 new window\x07\x00\x00\x00\x0e\
StandardWindow\x01\x03\
\x00\x00\x00\x0c\x00N\x00e\x00w\x00.\x00.\x00.\
\x08\x00\x00\x00\x00\x06\x00\x00\x00\x06New...\
\x07\x00\x00\x00\x0eStandardWin\
dow\x01\x03\x00\x00\x00\x0e\x00O\x00p\x00e\x00\
n\x00.\x00.\x00.\x08\x00\x00\x00\x00\x06\x00\x00\x00\
\x07Open...\x07\x00\x00\x00\x0eSta\
ndardWindow\x01\x03\x00\x00\x00\
\x0a\x00P\x00a\x00s\x00t\x00e\x08\x00\x00\x00\x00\
\x06\x00\x00\x00\x05Paste\x07\x00\x00\x00\x0eS\
tandardWindow\x01\x03\x00\
\x00\x00\x08\x00Q\x00u\x00i\x00t\x08\x00\x00\x00\x00\
\x06\x00\x00\x00\x04Quit\x07\x00\x00\x00\x0eSt\
andardWindow\x01\x03\x00\x00\
\x00\x08\x00S\x00a\x00v\x00e\x08\x00\x00\x00\x00\x06\
\x00\x00\x00\x04Save\x07\x00\x00\x00\x0eSta\
ndardWindow\x01\x03\x00\x00\x00\
\x14\x00S\x00a\x00v\x00e\x00 \x00A\x00s\x00\
.\x00.\x00.\x08\x00\x00\x00\x00\x06\x00\x00\x00\x0aS\
ave As...\x07\x00\x00\x00\x0eSt\
andardWindow\x01\x03\x00\x00\
\x00\x18\x00A\x00I\x00 \x00A\x00s\x00s\x00i\
\x00s\x00t\x00a\x00n\x00t\x08\x00\x00\x00\x00\x06\
\x00\x00\x00\x0cAI Assistant\
\x07\x00\x00\x00\x04T_AI\x01\x03\x00\x00\x00\x14\x00\
L\x00o\x00a\x00d\x00i\x00n\x00g\x00.\x00\
.\x00.\x08\x00\x00\x00\x00\x06\x00\x00\x00\x0aLoa\
ding...\x07\x00\x00\x00\x04T_AI\
\x01\x03\x00\x00\x00\x1e\x00O\x00p\x00e\x00n\x00 \
\x00i\x00n\x00 \x00b\x00r\x00o\x00w\x00s\
\x00e\x00r\x08\x00\x00\x00\x00\x06\x00\x00\x00\x0fOp\
en in browser\x07\x00\x00\
\x00\x04T_AI\x01\x03\x00\x00\x00\x0a\x00R\x00e\
\x00a\x00d\x00y\x08\x00\x00\x00\x00\x06\x00\x00\x00\x05\
Ready\x07\x00\x00\x00\x04T_AI\x01\x03\
\x00\x00\x00\x0c\x00R\x00e\x00l\x00o\x00a\x00d\
\x08\x00\x00\x00\x00\x06\x00\x00\x00\x06Reload\
\x07\x00\x00\x00\x04T_AI\x01\x03\x00\x00\x00\x0e\x00\
A\x00c\x00r\x00y\x00l\x00i\x00c\x08\x00\x00\
\x00\x00\x06\x00\x00\x00\x07Acrylic\x07\x00\
\x00\x00\x09T_Acrylic\x01\x03\x00\x00\
\x00\x0a\x00B\x00a\x00d\x00g\x00e\x08\x00\x00\x00\
\x00\x06\x00\x00\x00\x05Badge\x07\x00\x00\x00\x07\
T_Badge\x01\x03\x00\x00\x01\x16\x00I\x00\
t\x00 \x00u\x00s\x00u\x00a\x00l\x00l\x00\
y\x00 \x00a\x00p\x00p\x00e\x00a\x00r\x00\
s\x00 \x00i\x00n\x00 \x00t\x00h\x00e\x00\
 \x00u\x00p\x00p\x00e\x00r\x00 \x00r\x00\
i\x00g\x00h\x00t\x00 \x00c\x00o\x00r\x00\
n\x00e\x00r\x00 \x00o\x00f\x00 \x00t\x00\
h\x00e\x00 \x00n\x00o\x00t\x00i\x00f\x00\
i\x00c\x00a\x00t\x00i\x00o\x00n\x00 \x00\
i\x00c\x00o\x00n\x00 \x00o\x00r\x00 \x00\
a\x00v\x00a\x00t\x00a\x00r\x00 \x00t\x00\
o\x00 \x00d\x00i\x00s\x00p\x00l\x00a\x00\
y\x00 \x00t\x00h\x00e\x00 \x00n\x00u\x00\
m\x00b\x00e\x00r\x00 \x00o\x00f\x00 \x00\
m\x00e\x00s\x00s\x00a\x00g\x00e\x00s\x00\
 \x00t\x00h\x00a\x00t\x00 \x00n\x00e\x00\
e\x00d\x00 \x00t\x00o\x00 \x00b\x00e\x00\
 \x00p\x00r\x00o\x00c\x00e\x00s\x00s\x00\
e\x00d\x08\x00\x00\x00\x00\x06\x00\x00\x00\x8bIt \
usually appears \
in the upper rig\
ht corner of the\
 notification ic\
on or avatar to \
display the numb\
er of messages t\
hat need to be p\
rocessed\x07\x00\x00\x00\x07T_B\
adge\x01\x03\x00\x00\x00\x12\x00B\x00a\x00r\
\x00 \x00C\x00h\x00a\x00r\x00t\x08\x00\x00\x00\
\x00\x06\x00\x00\x00\x09Bar Chart\x07\
\x00\x00\x00\x0aT_BarChart\x01\x03\
\x00\x00\x00\x1a\x00B\x00r\x00e\x00a\x00d\x00c\
\x00u\x00r\x00m\x00b\x00B\x00a\x00r\x08\x00\
\x00\x00\x00\x06\x00\x00\x00\x0dBreadcur\
mbBar\x07\x00\x00\x00\x0fT_Brea\
dcrumbBar\x01\x03\x00\x00\x00\x18\x00\
R\x00e\x00s\x00e\x00t\x00 \x00s\x00a\x00\
m\x00p\x00l\x00e\x08\x00\x00\x00\x00\x06\x00\x00\x00\
\x0cReset sample\x07\x00\x00\
\x00\x0fT_BreadcrumbBa\
r\x01\x03\x00\x00\x00\x18\x00B\x00u\x00b\x00b\x00\
l\x00e\x00 \x00C\x00h\x00a\x00r\x00t\x08\
\x00\x00\x00\x00\x06\x00\x00\x00\x0cBubble \
Chart\x07\x00\x00\x00\x0dT_Bubb\
leChart\x01\x03\x00\x00\x00\x1e\x00B\x00\
u\x00t\x00t\x00o\x00n\x00.\x00I\x00c\x00\
o\x00n\x00O\x00n\x00l\x00y\x08\x00\x00\x00\x00\
\x06\x00\x00\x00\x0fButton.Icon\
Only\x07\x00\x00\x00\x09T_Butto\
ns\x01\x03\x00\x00\x00*\x00B\x00u\x00t\x00t\
\x00o\x00n\x00.\x00T\x00e\x00x\x00t\x00B\
\x00e\x00s\x00i\x00d\x00e\x00I\x00c\x00o\
\x00n\x08\x00\x00\x00\x00\x06\x00\x00\x00\x15Butt\
on.TextBesideIco\
n\x07\x00\x00\x00\x09T_Buttons\x01\
\x03\x00\x00\x00\x1e\x00B\x00u\x00t\x00t\x00o\x00\
n\x00.\x00T\x00e\x00x\x00t\x00O\x00n\x00\
l\x00y\x08\x00\x00\x00\x00\x06\x00\x00\x00\x0fBut\
ton.TextOnly\x07\x00\x00\x00\
\x09T_Buttons\x01\x03\x00\x00\x00(\
\x00B\x00u\x00t\x00t\x00o\x00n\x00.\x00T\
\x00e\x00x\x00t\x00U\x00n\x00d\x00e\x00r\
\x00I\x00c\x00o\x00n\x08\x00\x00\x00\x00\x06\x00\x00\
\x00\x14Button.TextUnd\
erIcon\x07\x00\x00\x00\x09T_But\
tons\x01\x03\x00\x00\x00\x0e\x00B\x00u\x00t\
\x00t\x00o\x00n\x00s\x08\x00\x00\x00\x00\x06\x00\x00\
\x00\x07Buttons\x07\x00\x00\x00\x09T_\
Buttons\x01\x03\x00\x00\x00$\x00C\x00\
l\x00i\x00c\x00k\x00 \x00F\x00i\x00l\x00\
l\x00e\x00d\x00B\x00u\x00t\x00t\x00o\x00\
n\x08\x00\x00\x00\x00\x06\x00\x00\x00\x12Click\
 FilledButton\x07\x00\x00\
\x00\x09T_Buttons\x01\x03\x00\x00\x00\
 \x00C\x00l\x00i\x00c\x00k\x00 \x00I\x00\
c\x00o\x00n\x00B\x00u\x00t\x00t\x00o\x00\
n\x08\x00\x00\x00\x00\x06\x00\x00\x00\x10Click\
 IconButton\x07\x00\x00\x00\x09\
T_Buttons\x01\x03\x00\x00\x00(\x00\
C\x00l\x00i\x00c\x00k\x00 \x00S\x00t\x00\
a\x00n\x00d\x00a\x00r\x00d\x00B\x00u\x00\
t\x00t\x00o\x00n\x08\x00\x00\x00\x00\x06\x00\x00\x00\
\x14Click StandardB\
utton\x07\x00\x00\x00\x09T_Butt\
ons\x01\x03\x00\x00\x00\x10\x00D\x00i\x00s\x00\
a\x00b\x00l\x00e\x00d\x08\x00\x00\x00\x00\x06\x00\
\x00\x00\x08Disabled\x07\x00\x00\x00\x09\
T_Buttons\x01\x03\x00\x00\x00\x1c\x00\
D\x00r\x00o\x00p\x00D\x00o\x00w\x00n\x00\
B\x00u\x00t\x00t\x00o\x00n\x08\x00\x00\x00\x00\
\x06\x00\x00\x00\x0eDropDownBut\
ton\x07\x00\x00\x00\x09T_Button\
s\x01\x03\x00\x00\x00\x1a\x00F\x00i\x00l\x00l\x00\
e\x00d\x00 \x00B\x00u\x00t\x00t\x00o\x00\
n\x08\x00\x00\x00\x00\x06\x00\x00\x00\x0dFille\
d Button\x07\x00\x00\x00\x09T_B\
uttons\x01\x03\x00\x00\x00\x10\x00I\x00c\
\x00o\x00n\x00O\x00n\x00l\x00y\x08\x00\x00\x00\
\x00\x06\x00\x00\x00\x08IconOnly\x07\x00\
\x00\x00\x09T_Buttons\x01\x03\x00\x00\
\x00\x0e\x00L\x00o\x00a\x00d\x00i\x00n\x00g\
\x08\x00\x00\x00\x00\x06\x00\x00\x00\x07Loadin\
g\x07\x00\x00\x00\x09T_Buttons\x01\
\x03\x00\x00\x00\x1c\x00L\x00o\x00a\x00d\x00i\x00\
n\x00g\x00 \x00B\x00u\x00t\x00t\x00o\x00\
n\x08\x00\x00\x00\x00\x06\x00\x00\x00\x0eLoadi\
ng Button\x07\x00\x00\x00\x09T_\
Buttons\x01\x03\x00\x00\x00\x0c\x00M\x00\
e\x00n\x00u\x00_\x001\x08\x00\x00\x00\x00\x06\x00\
\x00\x00\x06Menu_1\x07\x00\x00\x00\x09T_\
Buttons\x01\x03\x00\x00\x00\x0c\x00M\x00\
e\x00n\x00u\x00_\x002\x08\x00\x00\x00\x00\x06\x00\
\x00\x00\x06Menu_2\x07\x00\x00\x00\x09T_\
Buttons\x01\x03\x00\x00\x00\x0c\x00M\x00\
e\x00n\x00u\x00_\x003\x08\x00\x00\x00\x00\x06\x00\
\x00\x00\x06Menu_3\x07\x00\x00\x00\x09T_\
Buttons\x01\x03\x00\x00\x00\x0c\x00M\x00\
e\x00n\x00u\x00_\x004\x08\x00\x00\x00\x00\x06\x00\
\x00\x00\x06Menu_4\x07\x00\x00\x00\x09T_\
Buttons\x01\x03\x00\x00\x00\x1e\x00P\x00\
r\x00o\x00g\x00r\x00e\x00s\x00s\x00 \x00\
B\x00u\x00t\x00t\x00o\x00n\x08\x00\x00\x00\x00\
\x06\x00\x00\x00\x0fProgress Bu\
tton\x07\x00\x00\x00\x09T_Butto\
ns\x01\x03\x00\x00\x00\x1c\x00R\x00a\x00d\x00i\
\x00o\x00 \x00B\x00u\x00t\x00t\x00o\x00n\
\x00_\x001\x08\x00\x00\x00\x00\x06\x00\x00\x00\x0eRa\
dio Button_1\x07\x00\x00\x00\
\x09T_Buttons\x01\x03\x00\x00\x00\x1c\
\x00R\x00a\x00d\x00i\x00o\x00 \x00B\x00u\
\x00t\x00t\x00o\x00n\x00_\x002\x08\x00\x00\x00\
\x00\x06\x00\x00\x00\x0eRadio Butt\
on_2\x07\x00\x00\x00\x09T_Butto\
ns\x01\x03\x00\x00\x00\x1c\x00R\x00a\x00d\x00i\
\x00o\x00 \x00B\x00u\x00t\x00t\x00o\x00n\
\x00_\x003\x08\x00\x00\x00\x00\x06\x00\x00\x00\x0eRa\
dio Button_3\x07\x00\x00\x00\
\x09T_Buttons\x01\x03\x00\x00\x00\x1e\
\x00S\x00t\x00a\x00n\x00d\x00a\x00r\x00d\
\x00 \x00B\x00u\x00t\x00t\x00o\x00n\x08\x00\
\x00\x00\x00\x06\x00\x00\x00\x0fStandard\
 Button\x07\x00\x00\x00\x09T_Bu\
ttons\x01\x03\x00\x00\x00\x9c\x00S\x00u\x00\
p\x00p\x00o\x00r\x00t\x00 \x00t\x00h\x00\
e\x00 \x00T\x00a\x00b\x00 \x00k\x00e\x00\
y\x00 \x00t\x00o\x00 \x00s\x00w\x00i\x00\
t\x00c\x00h\x00 \x00f\x00o\x00c\x00u\x00\
s\x00,\x00 \x00a\x00n\x00d\x00 \x00t\x00\
h\x00e\x00 \x00S\x00p\x00a\x00c\x00e\x00\
 \x00k\x00e\x00y\x00 \x00t\x00o\x00 \x00\
p\x00e\x00r\x00f\x00o\x00r\x00m\x00 \x00\
c\x00l\x00i\x00c\x00k\x00 \x00e\x00v\x00\
e\x00n\x00t\x00s\x08\x00\x00\x00\x00\x06\x00\x00\x00\
NSupport the Tab\
 key to switch f\
ocus, and the Sp\
ace key to perfo\
rm click events\x07\
\x00\x00\x00\x09T_Buttons\x01\x03\x00\
\x00\x00\x16\x00T\x00e\x00x\x00t\x00 \x00B\x00\
u\x00t\x00t\x00o\x00n\x08\x00\x00\x00\x00\x06\x00\
\x00\x00\x0bText Button\x07\x00\
\x00\x00\x09T_Buttons\x01\x03\x00\x00\
\x00\x1c\x00T\x00e\x00x\x00t\x00B\x00e\x00s\
\x00i\x00d\x00e\x00I\x00c\x00o\x00n\x08\x00\
\x00\x00\x00\x06\x00\x00\x00\x0eTextBesi\
deIcon\x07\x00\x00\x00\x09T_But\
tons\x01\x03\x00\x00\x00\x10\x00T\x00e\x00x\
\x00t\x00O\x00n\x00l\x00y\x08\x00\x00\x00\x00\x06\
\x00\x00\x00\x08TextOnly\x07\x00\x00\x00\
\x09T_Buttons\x01\x03\x00\x00\x00\x1a\
\x00T\x00e\x00x\x00t\x00U\x00n\x00d\x00e\
\x00r\x00I\x00c\x00o\x00n\x08\x00\x00\x00\x00\x06\
\x00\x00\x00\x0dTextUnderIco\
n\x07\x00\x00\x00\x09T_Buttons\x01\
\x03\x00\x00\x00\x1a\x00T\x00o\x00g\x00g\x00l\x00\
e\x00 \x00B\x00u\x00t\x00t\x00o\x00n\x08\
\x00\x00\x00\x00\x06\x00\x00\x00\x0dToggle \
Button\x07\x00\x00\x00\x09T_But\
tons\x01\x03\x00\x00\x00\x1c\x00C\x00a\x00l\
\x00e\x00n\x00d\x00a\x00r\x00P\x00i\x00c\
\x00k\x00e\x00r\x08\x00\x00\x00\x00\x06\x00\x00\x00\x0e\
CalendarPicker\x07\x00\
\x00\x00\x10T_CalendarPic\
ker\x01\x03\x00\x00\x00\x0e\x00C\x00a\x00p\x00\
t\x00c\x00h\x00a\x08\x00\x00\x00\x00\x06\x00\x00\x00\
\x07Captcha\x07\x00\x00\x00\x09T_C\
aptcha\x01\x03\x00\x00\x00B\x00E\x00r\
\x00r\x00o\x00r\x00 \x00v\x00a\x00l\x00i\
\x00d\x00a\x00t\x00i\x00o\x00n\x00,\x00 \
\x00p\x00l\x00e\x00a\x00s\x00e\x00 \x00r\
\x00e\x00-\x00e\x00n\x00t\x00e\x00r\x08\x00\
\x00\x00\x00\x06\x00\x00\x00!Error va\
lidation, please\
 re-enter\x07\x00\x00\x00\x09T_\
Captcha\x01\x03\x00\x00\x00\x16\x00I\x00\
g\x00n\x00o\x00r\x00e\x00 \x00C\x00a\x00\
s\x00e\x08\x00\x00\x00\x00\x06\x00\x00\x00\x0bIgn\
ore Case\x07\x00\x00\x00\x09T_C\
aptcha\x01\x03\x00\x00\x00@\x00P\x00l\
\x00e\x00a\x00s\x00e\x00 \x00e\x00n\x00t\
\x00e\x00r\x00 \x00a\x00 \x00v\x00e\x00r\
\x00i\x00f\x00i\x00c\x00a\x00t\x00i\x00o\
\x00n\x00 \x00c\x00o\x00d\x00e\x08\x00\x00\x00\
\x00\x06\x00\x00\x00 Please ent\
er a verificatio\
n code\x07\x00\x00\x00\x09T_Cap\
tcha\x01\x03\x00\x00\x00\x0e\x00R\x00e\x00f\
\x00r\x00e\x00s\x00h\x08\x00\x00\x00\x00\x06\x00\x00\
\x00\x07Refresh\x07\x00\x00\x00\x09T_\
Captcha\x01\x03\x00\x00\x00@\x00T\x00\
h\x00e\x00 \x00v\x00e\x00r\x00i\x00f\x00\
i\x00c\x00a\x00t\x00i\x00o\x00n\x00 \x00\
c\x00o\x00d\x00e\x00 \x00i\x00s\x00 \x00\
c\x00o\x00r\x00r\x00e\x00c\x00t\x08\x00\x00\
\x00\x00\x06\x00\x00\x00 The verif\
ication code is \
correct\x07\x00\x00\x00\x09T_Ca\
ptcha\x01\x03\x00\x00\x00\x10\x00C\x00a\x00\
r\x00o\x00u\x00s\x00e\x00l\x08\x00\x00\x00\x00\
\x06\x00\x00\x00\x08Carousel\x07\x00\x00\
\x00\x0aT_Carousel\x01\x03\x00\x00\
\x00\xc2\x00C\x00a\x00r\x00o\x00u\x00s\x00e\
\x00l\x00 \x00m\x00a\x00p\x00,\x00 \x00s\
\x00u\x00p\x00p\x00o\x00r\x00t\x00 \x00i\
\x00n\x00f\x00i\x00n\x00i\x00t\x00e\x00 \
\x00c\x00a\x00r\x00o\x00u\x00s\x00e\x00l\
\x00,\x00 \x00i\x00n\x00f\x00i\x00n\x00i\
\x00t\x00e\x00 \x00s\x00w\x00i\x00p\x00e\
\x00,\x00 \x00a\x00n\x00d\x00 \x00c\x00o\
\x00m\x00p\x00o\x00n\x00e\x00n\x00t\x00s\
\x00 \x00i\x00m\x00p\x00l\x00e\x00m\x00e\
\x00n\x00t\x00e\x00d\x00 \x00w\x00i\x00t\
\x00h\x00 \x00L\x00i\x00s\x00t\x00V\x00i\
\x00e\x00w\x08\x00\x00\x00\x00\x06\x00\x00\x00aCa\
rousel map, supp\
ort infinite car\
ousel, infinite \
swipe, and compo\
nents implemente\
d with ListView\x07\
\x00\x00\x00\x0aT_Carousel\x01\x03\
\x00\x00\x00$\x00A\x00 \x002\x00-\x00s\x00t\
\x00a\x00t\x00e\x00 \x00C\x00h\x00e\x00c\
\x00k\x00B\x00o\x00x\x08\x00\x00\x00\x00\x06\x00\x00\
\x00\x12A 2-state Chec\
kBox\x07\x00\x00\x00\x0aT_Check\
Box\x01\x03\x00\x00\x00$\x00A\x00 \x003\x00\
-\x00s\x00t\x00a\x00t\x00e\x00 \x00C\x00\
h\x00e\x00c\x00k\x00B\x00o\x00x\x08\x00\x00\
\x00\x00\x06\x00\x00\x00\x12A 3-state\
 CheckBox\x07\x00\x00\x00\x0aT_\
CheckBox\x01\x03\x00\x00\x00\x10\x00C\
\x00h\x00e\x00c\x00k\x00B\x00o\x00x\x08\x00\
\x00\x00\x00\x06\x00\x00\x00\x08CheckBox\
\x07\x00\x00\x00\x0aT_CheckBox\x01\
\x03\x00\x00\x00\x10\x00D\x00i\x00s\x00a\x00b\x00\
l\x00e\x00d\x08\x00\x00\x00\x00\x06\x00\x00\x00\x08D\
isabled\x07\x00\x00\x00\x0aT_Ch\
eckBox\x01\x03\x00\x00\x00\x08\x00L\x00e\
\x00f\x00t\x08\x00\x00\x00\x00\x06\x00\x00\x00\x04Le\
ft\x07\x00\x00\x00\x0aT_CheckBo\
x\x01\x03\x00\x00\x00\x0a\x00R\x00i\x00g\x00h\x00\
t\x08\x00\x00\x00\x00\x06\x00\x00\x00\x05Right\
\x07\x00\x00\x00\x0aT_CheckBox\x01\
\x03\x00\x00\x00\x16\x00T\x00h\x00r\x00e\x00e\x00\
 \x00S\x00t\x00a\x00t\x00e\x08\x00\x00\x00\x00\
\x06\x00\x00\x00\x0bThree State\
\x07\x00\x00\x00\x0aT_CheckBox\x01\
\x03\x00\x00\x00\x08\x00C\x00l\x00i\x00p\x08\x00\x00\
\x00\x00\x06\x00\x00\x00\x04Clip\x07\x00\x00\x00\x06\
T_Clip\x01\x03\x00\x00\x00\x9a\x00U\x00s\
\x00e\x00 \x00w\x00i\x00t\x00h\x00 \x00i\
\x00m\x00a\x00g\x00e\x00s\x00 \x00(\x00t\
\x00h\x00i\x00s\x00 \x00c\x00o\x00m\x00p\
\x00o\x00n\x00e\x00n\x00t\x00 \x00w\x00i\
\x00l\x00l\x00 \x00h\x00a\x00v\x00e\x00 \
\x00n\x00o\x00 \x00e\x00f\x00f\x00e\x00c\
\x00t\x00 \x00u\x00n\x00d\x00e\x00r\x00 \
\x00s\x00o\x00f\x00t\x00w\x00a\x00r\x00e\
\x00 \x00r\x00e\x00n\x00d\x00e\x00r\x00i\
\x00n\x00g\x00)\x08\x00\x00\x00\x00\x06\x00\x00\x00M\
Use with images \
(this component \
will have no eff\
ect under softwa\
re rendering)\x07\x00\x00\
\x00\x06T_Clip\x01\x03\x00\x00\x006\x00C\
\x00l\x00i\x00c\x00k\x00 \x00t\x00o\x00 \
\x00S\x00e\x00l\x00e\x00c\x00t\x00 \x00a\
\x00 \x00C\x00o\x00l\x00o\x00r\x00 \x00-\
\x00 \x00>\x08\x00\x00\x00\x00\x06\x00\x00\x00\x1bCl\
ick to Select a \
Color - >\x07\x00\x00\x00\x0dT_\
ColorPicker\x01\x03\x00\x00\x00\
\x16\x00C\x00o\x00l\x00o\x00r\x00P\x00i\x00\
c\x00k\x00e\x00r\x08\x00\x00\x00\x00\x06\x00\x00\x00\
\x0bColorPicker\x07\x00\x00\x00\
\x0dT_ColorPicker\x01\x03\
\x00\x00\x00\x10\x00C\x00o\x00m\x00b\x00o\x00B\
\x00o\x00x\x08\x00\x00\x00\x00\x06\x00\x00\x00\x08Co\
mboBox\x07\x00\x00\x00\x0aT_Com\
boBox\x01\x03\x00\x00\x00\x14\x00D\x00a\x00\
t\x00e\x00P\x00i\x00c\x00k\x00e\x00r\x08\
\x00\x00\x00\x00\x06\x00\x00\x00\x0aDatePic\
ker\x07\x00\x00\x00\x0cT_DatePi\
cker\x01\x03\x00\x00\x00\x1c\x00s\x00h\x00o\
\x00w\x00Y\x00e\x00a\x00r\x00=\x00f\x00a\
\x00l\x00s\x00e\x08\x00\x00\x00\x00\x06\x00\x00\x00\x0e\
showYear=false\x07\x00\
\x00\x00\x0cT_DatePicker\x01\
\x03\x00\x00\x00\x1a\x00s\x00h\x00o\x00w\x00Y\x00\
e\x00a\x00r\x00=\x00t\x00r\x00u\x00e\x08\
\x00\x00\x00\x00\x06\x00\x00\x00\x0dshowYea\
r=true\x07\x00\x00\x00\x0cT_Dat\
ePicker\x01\x03\x00\x00\x00\x1a\x00A\x00\
l\x00l\x00 \x00f\x00i\x00l\x00e\x00s\x00\
 \x00(\x00*\x00)\x08\x00\x00\x00\x00\x06\x00\x00\x00\
\x0dAll files (*)\x07\x00\
\x00\x00\x07T_Debug\x01\x03\x00\x00\x00\x0c\
\x00B\x00r\x00o\x00w\x00s\x00e\x08\x00\x00\x00\
\x00\x06\x00\x00\x00\x06Browse\x07\x00\x00\x00\
\x07T_Debug\x01\x03\x00\x00\x00\x0a\x00D\
\x00e\x00b\x00u\x00g\x08\x00\x00\x00\x00\x06\x00\x00\
\x00\x05Debug\x07\x00\x00\x00\x07T_De\
bug\x01\x03\x00\x00\x00.\x00S\x00e\x00l\x00\
e\x00c\x00t\x00 \x00a\x00 \x00r\x00e\x00\
c\x00o\x00r\x00d\x00e\x00d\x00 \x00v\x00\
i\x00d\x00e\x00o\x08\x00\x00\x00\x00\x06\x00\x00\x00\
\x17Select a record\
ed video\x07\x00\x00\x00\x07T_D\
ebug\x01\x03\x00\x00\x00\x18\x00S\x00e\x00l\
\x00e\x00c\x00t\x00 \x00v\x00i\x00d\x00e\
\x00o\x08\x00\x00\x00\x00\x06\x00\x00\x00\x0cSele\
ct video\x07\x00\x00\x00\x07T_D\
ebug\x01\x03\x00\x00\x00X\x00V\x00i\x00d\
\x00e\x00o\x00 \x00f\x00i\x00l\x00e\x00s\
\x00 \x00(\x00*\x00.\x00m\x00p\x004\x00 \
\x00*\x00.\x00m\x00o\x00v\x00 \x00*\x00.\
\x00m\x00k\x00v\x00 \x00*\x00.\x00a\x00v\
\x00i\x00 \x00*\x00.\x00w\x00e\x00b\x00m\
\x00)\x08\x00\x00\x00\x00\x06\x00\x00\x00,Vide\
o files (*.mp4 *\
.mov *.mkv *.avi\
 *.webm)\x07\x00\x00\x00\x07T_D\
ebug\x01\x03\x00\x00\x00B\x00A\x00r\x00e\
\x00 \x00y\x00o\x00u\x00 \x00s\x00u\x00r\
\x00e\x00 \x00y\x00o\x00u\x00 \x00w\x00a\
\x00n\x00t\x00 \x00t\x00o\x00 \x00o\x00p\
\x00t\x00 \x00o\x00u\x00t\x00?\x08\x00\x00\x00\
\x00\x06\x00\x00\x00!Are you su\
re you want to o\
pt out?\x07\x00\x00\x00\x08T_Di\
alog\x01\x03\x00\x00\x00\x0c\x00C\x00a\x00n\
\x00c\x00e\x00l\x08\x00\x00\x00\x00\x06\x00\x00\x00\x06\
Cancel\x07\x00\x00\x00\x08T_Dia\
log\x01\x03\x00\x00\x00\x1c\x00C\x00l\x00i\x00\
c\x00k\x00 \x00M\x00i\x00n\x00i\x00m\x00\
i\x00z\x00e\x08\x00\x00\x00\x00\x06\x00\x00\x00\x0eC\
lick Minimize\x07\x00\x00\
\x00\x08T_Dialog\x01\x03\x00\x00\x00.\
\x00C\x00l\x00i\x00c\x00k\x00 \x00t\x00h\
\x00e\x00 \x00C\x00a\x00n\x00c\x00e\x00l\
\x00 \x00B\x00u\x00t\x00t\x00o\x00n\x08\x00\
\x00\x00\x00\x06\x00\x00\x00\x17Click th\
e Cancel Button\x07\
\x00\x00\x00\x08T_Dialog\x01\x03\x00\x00\
\x00&\x00C\x00l\x00i\x00c\x00k\x00 \x00t\
\x00h\x00e\x00 \x00O\x00K\x00 \x00B\x00u\
\x00t\x00t\x00o\x00n\x08\x00\x00\x00\x00\x06\x00\x00\
\x00\x13Click the OK B\
utton\x07\x00\x00\x00\x08T_Dial\
og\x01\x03\x00\x00\x00*\x00C\x00u\x00s\x00t\
\x00o\x00m\x00 \x00C\x00o\x00n\x00t\x00e\
\x00n\x00t\x00 \x00D\x00i\x00a\x00l\x00o\
\x00g\x08\x00\x00\x00\x00\x06\x00\x00\x00\x15Cust\
om Content Dialo\
g\x07\x00\x00\x00\x08T_Dialog\x01\x03\
\x00\x00\x00,\x00C\x00u\x00s\x00t\x00o\x00m\
\x00 \x00C\x00o\x00n\x00t\x00e\x00n\x00t\
\x00 \x00D\x00i\x00a\x00l\x00o\x00g\x002\
\x08\x00\x00\x00\x00\x06\x00\x00\x00\x16Custom\
 Content Dialog2\
\x07\x00\x00\x00\x08T_Dialog\x01\x03\x00\
\x00\x00>\x00D\x00a\x00t\x00a\x00 \x00i\x00\
s\x00 \x00l\x00o\x00a\x00d\x00i\x00n\x00\
g\x00,\x00 \x00p\x00l\x00e\x00a\x00s\x00\
e\x00 \x00w\x00a\x00i\x00t\x00.\x00.\x00\
.\x08\x00\x00\x00\x00\x06\x00\x00\x00\x1fData \
is loading, plea\
se wait...\x07\x00\x00\x00\x08T\
_Dialog\x01\x03\x00\x00\x00\x0c\x00D\x00\
i\x00a\x00l\x00o\x00g\x08\x00\x00\x00\x00\x06\x00\
\x00\x00\x06Dialog\x07\x00\x00\x00\x08T_\
Dialog\x01\x03\x00\x00\x00\x22\x00F\x00r\
\x00i\x00e\x00n\x00d\x00l\x00y\x00 \x00R\
\x00e\x00m\x00i\x00n\x00d\x00e\x00r\x08\x00\
\x00\x00\x00\x06\x00\x00\x00\x11Friendly\
 Reminder\x07\x00\x00\x00\x08T_\
Dialog\x01\x03\x00\x00\x00\x14\x00L\x00i\
\x00n\x00e\x00 \x00C\x00h\x00a\x00r\x00t\
\x08\x00\x00\x00\x00\x06\x00\x00\x00\x0aLine C\
hart\x07\x00\x00\x00\x08T_Dialo\
g\x01\x03\x00\x00\x00\x10\x00M\x00i\x00n\x00i\x00\
m\x00i\x00z\x00e\x08\x00\x00\x00\x00\x06\x00\x00\x00\
\x08Minimize\x07\x00\x00\x00\x08T_\
Dialog\x01\x03\x00\x00\x00\x04\x00O\x00K\
\x08\x00\x00\x00\x00\x06\x00\x00\x00\x02OK\x07\x00\x00\x00\
\x08T_Dialog\x01\x03\x00\x00\x002\x00\
S\x00h\x00o\x00w\x00 \x00D\x00o\x00u\x00\
b\x00l\x00e\x00 \x00B\x00u\x00t\x00t\x00\
o\x00n\x00 \x00D\x00i\x00a\x00l\x00o\x00\
g\x08\x00\x00\x00\x00\x06\x00\x00\x00\x19Show \
Double Button Di\
alog\x07\x00\x00\x00\x08T_Dialo\
g\x01\x03\x00\x00\x002\x00S\x00h\x00o\x00w\x00\
 \x00T\x00r\x00i\x00p\x00l\x00e\x00 \x00\
B\x00u\x00t\x00t\x00o\x00n\x00 \x00D\x00\
i\x00a\x00l\x00o\x00g\x08\x00\x00\x00\x00\x06\x00\
\x00\x00\x19Show Triple B\
utton Dialog\x07\x00\x00\x00\
\x08T_Dialog\x01\x03\x00\x00\x00T\x00\
T\x00e\x00s\x00t\x00 \x00t\x00h\x00e\x00\
 \x00I\x00n\x00f\x00o\x00B\x00a\x00r\x00\
 \x00l\x00e\x00v\x00e\x00l\x00 \x00o\x00\
n\x00 \x00t\x00o\x00p\x00 \x00o\x00f\x00\
 \x00t\x00h\x00e\x00 \x00P\x00o\x00p\x00\
u\x00p\x08\x00\x00\x00\x00\x06\x00\x00\x00*Tes\
t the InfoBar le\
vel on top of th\
e Popup\x07\x00\x00\x00\x08T_Di\
alog\x01\x03\x00\x00\x00\x0c\x00U\x00n\x00l\
\x00o\x00a\x00d\x08\x00\x00\x00\x00\x06\x00\x00\x00\x06\
Unload\x07\x00\x00\x00\x08T_Dia\
log\x01\x03\x00\x00\x00\x10\x00E\x00x\x00p\x00\
a\x00n\x00d\x00e\x00r\x08\x00\x00\x00\x00\x06\x00\
\x00\x00\x08Expander\x07\x00\x00\x00\x0a\
T_Expander\x01\x03\x00\x00\x00 \
\x00O\x00p\x00e\x00n\x00 \x00a\x00 \x00r\
\x00a\x00d\x00i\x00o\x00 \x00b\x00o\x00x\
\x08\x00\x00\x00\x00\x06\x00\x00\x00\x10Open a\
 radio box\x07\x00\x00\x00\x0aT\
_Expander\x01\x03\x00\x00\x00.\x00\
O\x00p\x00e\x00n\x00 \x00a\x00 \x00s\x00\
l\x00i\x00d\x00i\x00n\x00g\x00 \x00t\x00\
e\x00x\x00t\x00 \x00b\x00o\x00x\x08\x00\x00\
\x00\x00\x06\x00\x00\x00\x17Open a sl\
iding text box\x07\x00\
\x00\x00\x0aT_Expander\x01\x03\x00\
\x00\x1d\x9a\x00P\x00e\x00r\x00m\x00i\x00t\x00\
 \x00m\x00e\x00 \x00t\x00o\x00 \x00o\x00\
b\x00s\x00e\x00r\x00v\x00e\x00:\x00 \x00\
t\x00h\x00e\x00 \x00l\x00a\x00t\x00e\x00\
 \x00e\x00m\x00p\x00e\x00r\x00o\x00r\x00\
 \x00w\x00a\x00s\x00 \x00t\x00a\x00k\x00\
e\x00n\x00 \x00f\x00r\x00o\x00m\x00 \x00\
u\x00s\x00 \x00b\x00e\x00f\x00o\x00r\x00\
e\x00 \x00h\x00e\x00 \x00c\x00o\x00u\x00\
l\x00d\x00 \x00f\x00i\x00n\x00i\x00s\x00\
h\x00 \x00h\x00i\x00s\x00 \x00l\x00i\x00\
f\x00e\x00`\x00s\x00 \x00w\x00o\x00r\x00\
k\x00,\x00 \x00t\x00h\x00e\x00 \x00r\x00\
e\x00s\x00t\x00o\x00r\x00a\x00t\x00i\x00\
o\x00n\x00 \x00o\x00f\x00 \x00H\x00a\x00\
n\x00.\x00 \x00T\x00o\x00d\x00a\x00y\x00\
,\x00 \x00t\x00h\x00e\x00 \x00e\x00m\x00\
p\x00i\x00r\x00e\x00 \x00i\x00s\x00 \x00\
s\x00t\x00i\x00l\x00l\x00 \x00d\x00i\x00\
v\x00i\x00d\x00e\x00d\x00 \x00i\x00n\x00\
 \x00t\x00h\x00r\x00e\x00e\x00,\x00 \x00\
a\x00n\x00d\x00 \x00o\x00u\x00r\x00 \x00\
v\x00e\x00r\x00y\x00 \x00s\x00u\x00r\x00\
v\x00i\x00v\x00a\x00l\x00 \x00i\x00s\x00\
 \x00t\x00h\x00r\x00e\x00a\x00t\x00e\x00\
n\x00e\x00d\x00.\x00 \x00Y\x00e\x00t\x00\
 \x00s\x00t\x00i\x00l\x00l\x00 \x00t\x00\
h\x00e\x00 \x00o\x00f\x00f\x00i\x00c\x00\
i\x00a\x00l\x00s\x00 \x00a\x00t\x00 \x00\
c\x00o\x00u\x00r\x00t\x00 \x00a\x00n\x00\
d\x00 \x00t\x00h\x00e\x00 \x00s\x00o\x00\
l\x00d\x00i\x00e\x00r\x00s\x00 \x00t\x00\
h\x00r\x00o\x00u\x00g\x00h\x00o\x00u\x00\
t\x00 \x00t\x00h\x00e\x00 \x00r\x00e\x00\
a\x00l\x00m\x00 \x00r\x00e\x00m\x00a\x00\
i\x00n\x00 \x00l\x00o\x00y\x00a\x00l\x00\
 \x00t\x00o\x00 \x00y\x00o\x00u\x00,\x00\
 \x00y\x00o\x00u\x00r\x00 \x00m\x00a\x00\
j\x00e\x00s\x00t\x00y\x00.\x00 \x00B\x00\
e\x00c\x00a\x00u\x00s\x00e\x00 \x00t\x00\
h\x00e\x00y\x00 \x00r\x00e\x00m\x00e\x00\
m\x00b\x00e\x00r\x00 \x00t\x00h\x00e\x00\
 \x00l\x00a\x00t\x00e\x00 \x00e\x00m\x00\
p\x00e\x00r\x00o\x00r\x00,\x00 \x00a\x00\
l\x00l\x00 \x00o\x00f\x00 \x00t\x00h\x00\
e\x00m\x00,\x00 \x00a\x00n\x00d\x00 \x00\
t\x00h\x00e\x00y\x00 \x00w\x00i\x00s\x00\
h\x00 \x00t\x00o\x00 \x00r\x00e\x00p\x00\
a\x00y\x00 \x00h\x00i\x00s\x00 \x00k\x00\
i\x00n\x00d\x00n\x00e\x00s\x00s\x00 \x00\
i\x00n\x00 \x00s\x00e\x00r\x00v\x00i\x00\
c\x00e\x00 \x00t\x00o\x00 \x00y\x00o\x00\
u\x00.\x00 \x00T\x00h\x00i\x00s\x00 \x00\
i\x00s\x00 \x00t\x00h\x00e\x00 \x00m\x00\
o\x00m\x00e\x00n\x00t\x00 \x00t\x00o\x00\
 \x00e\x00x\x00t\x00e\x00n\x00d\x00 \x00\
y\x00o\x00u\x00r\x00 \x00d\x00i\x00v\x00\
i\x00n\x00e\x00 \x00i\x00n\x00f\x00l\x00\
u\x00e\x00n\x00c\x00e\x00,\x00 \x00t\x00\
o\x00 \x00h\x00o\x00n\x00o\x00u\x00r\x00\
 \x00t\x00h\x00e\x00 \x00m\x00e\x00m\x00\
o\x00r\x00y\x00 \x00o\x00f\x00 \x00t\x00\
h\x00e\x00 \x00l\x00a\x00t\x00e\x00 \x00\
E\x00m\x00p\x00e\x00r\x00o\x00r\x00 \x00\
a\x00n\x00d\x00 \x00s\x00t\x00r\x00e\x00\
n\x00g\x00t\x00h\x00e\x00n\x00 \x00t\x00\
h\x00e\x00 \x00m\x00o\x00r\x00a\x00l\x00\
e\x00 \x00o\x00f\x00 \x00y\x00o\x00u\x00\
r\x00 \x00o\x00f\x00f\x00i\x00c\x00e\x00\
r\x00s\x00.\x00 \x00I\x00t\x00 \x00i\x00\
s\x00 \x00n\x00o\x00t\x00 \x00t\x00i\x00\
m\x00e\x00 \x00t\x00o\x00 \x00l\x00i\x00\
s\x00t\x00e\x00n\x00 \x00t\x00o\x00 \x00\
b\x00a\x00d\x00 \x00a\x00d\x00v\x00i\x00\
c\x00e\x00,\x00 \x00o\x00r\x00 \x00c\x00\
l\x00o\x00s\x00e\x00 \x00y\x00o\x00u\x00\
r\x00 \x00e\x00a\x00r\x00s\x00 \x00t\x00\
o\x00 \x00t\x00h\x00e\x00 \x00s\x00u\x00\
g\x00g\x00e\x00s\x00t\x00i\x00o\x00n\x00\
s\x00 \x00o\x00f\x00 \x00l\x00o\x00y\x00\
a\x00l\x00 \x00m\x00e\x00n\x00.\x00\x0a\x00\
T\x00h\x00e\x00 \x00c\x00o\x00u\x00r\x00\
t\x00 \x00a\x00n\x00d\x00 \x00t\x00h\x00\
e\x00 \x00a\x00d\x00m\x00i\x00n\x00i\x00\
s\x00t\x00r\x00a\x00t\x00i\x00o\x00n\x00\
 \x00a\x00r\x00e\x00 \x00a\x00s\x00 \x00\
o\x00n\x00e\x00.\x00 \x00B\x00o\x00t\x00\
h\x00 \x00m\x00u\x00s\x00t\x00 \x00b\x00\
e\x00 \x00j\x00u\x00d\x00g\x00e\x00d\x00\
 \x00b\x00y\x00 \x00o\x00n\x00e\x00 \x00\
s\x00t\x00a\x00n\x00d\x00a\x00r\x00d\x00\
.\x00 \x00T\x00h\x00o\x00s\x00e\x00 \x00\
w\x00h\x00o\x00 \x00a\x00r\x00e\x00 \x00\
l\x00o\x00y\x00a\x00l\x00 \x00a\x00n\x00\
d\x00 \x00g\x00o\x00o\x00d\x00 \x00m\x00\
u\x00s\x00t\x00 \x00g\x00e\x00t\x00 \x00\
w\x00h\x00a\x00t\x00 \x00t\x00h\x00e\x00\
y\x00 \x00d\x00e\x00s\x00e\x00r\x00v\x00\
e\x00,\x00 \x00b\x00u\x00t\x00 \x00s\x00\
o\x00 \x00m\x00u\x00s\x00t\x00 \x00t\x00\
h\x00e\x00 \x00e\x00v\x00i\x00l\x00-\x00\
d\x00o\x00e\x00r\x00s\x00 \x00w\x00h\x00\
o\x00 \x00b\x00r\x00e\x00a\x00k\x00 \x00\
t\x00h\x00e\x00 \x00l\x00a\x00w\x00.\x00\
 \x00T\x00h\x00i\x00s\x00 \x00w\x00i\x00\
l\x00l\x00 \x00d\x00e\x00m\x00o\x00n\x00\
s\x00t\x00r\x00a\x00t\x00e\x00 \x00t\x00\
h\x00e\x00 \x00j\x00u\x00s\x00t\x00i\x00\
c\x00e\x00 \x00o\x00f\x00 \x00y\x00o\x00\
u\x00r\x00 \x00r\x00u\x00l\x00e\x00.\x00\
 \x00T\x00h\x00e\x00r\x00e\x00 \x00c\x00\
a\x00n\x00n\x00o\x00t\x00 \x00b\x00e\x00\
 \x00o\x00n\x00e\x00 \x00l\x00a\x00w\x00\
 \x00f\x00o\x00r\x00 \x00t\x00h\x00e\x00\
 \x00c\x00o\x00u\x00r\x00t\x00 \x00a\x00\
n\x00d\x00 \x00a\x00n\x00o\x00t\x00h\x00\
e\x00r\x00 \x00f\x00o\x00r\x00 \x00t\x00\
h\x00e\x00 \x00a\x00d\x00m\x00i\x00n\x00\
i\x00s\x00t\x00r\x00a\x00t\x00i\x00o\x00\
n\x00.\x00\x0a\x00C\x00o\x00u\x00n\x00s\x00\
e\x00l\x00o\x00r\x00s\x00 \x00a\x00n\x00\
d\x00 \x00a\x00t\x00t\x00e\x00n\x00d\x00\
a\x00n\x00t\x00s\x00 \x00l\x00i\x00k\x00\
e\x00 \x00G\x00u\x00o\x00 \x00Y\x00o\x00\
u\x00z\x00h\x00i\x00,\x00 \x00F\x00e\x00\
i\x00 \x00Y\x00i\x00,\x00 \x00a\x00n\x00\
d\x00 \x00D\x00o\x00n\x00g\x00 \x00Y\x00\
u\x00n\x00 \x00a\x00r\x00e\x00 \x00a\x00\
l\x00l\x00 \x00r\x00e\x00l\x00i\x00a\x00\
b\x00l\x00e\x00 \x00m\x00e\x00n\x00,\x00\
 \x00l\x00o\x00y\x00a\x00l\x00 \x00o\x00\
f\x00 \x00p\x00u\x00r\x00p\x00o\x00s\x00\
e\x00 \x00a\x00n\x00d\x00 \x00p\x00u\x00\
r\x00e\x00 \x00i\x00n\x00 \x00m\x00o\x00\
t\x00i\x00v\x00e\x00.\x00 \x00T\x00h\x00\
e\x00 \x00l\x00a\x00t\x00e\x00 \x00E\x00\
m\x00p\x00e\x00r\x00o\x00r\x00 \x00s\x00\
e\x00l\x00e\x00c\x00t\x00e\x00d\x00 \x00\
t\x00h\x00e\x00m\x00 \x00f\x00o\x00r\x00\
 \x00o\x00f\x00f\x00i\x00c\x00e\x00 \x00\
s\x00o\x00 \x00t\x00h\x00a\x00t\x00 \x00\
t\x00h\x00e\x00y\x00 \x00w\x00o\x00u\x00\
l\x00d\x00 \x00s\x00e\x00r\x00v\x00e\x00\
 \x00y\x00o\x00u\x00 \x00a\x00f\x00t\x00\
e\x00r\x00 \x00h\x00i\x00s\x00 \x00d\x00\
e\x00a\x00t\x00h\x00.\x00T\x00h\x00e\x00\
s\x00e\x00 \x00a\x00r\x00e\x00 \x00t\x00\
h\x00e\x00 \x00m\x00e\x00n\x00 \x00w\x00\
h\x00o\x00 \x00s\x00h\x00o\x00u\x00l\x00\
d\x00 \x00b\x00e\x00 \x00c\x00o\x00n\x00\
s\x00u\x00l\x00t\x00e\x00d\x00 \x00o\x00\
n\x00 \x00a\x00l\x00l\x00 \x00p\x00a\x00\
l\x00a\x00c\x00e\x00 \x00a\x00f\x00f\x00\
a\x00i\x00r\x00s\x00.\x00 \x00X\x00i\x00\
a\x00n\x00g\x00 \x00C\x00h\x00o\x00n\x00\
g\x00 \x00h\x00a\x00s\x00 \x00p\x00r\x00\
o\x00v\x00e\x00d\x00 \x00h\x00i\x00m\x00\
s\x00e\x00l\x00f\x00 \x00a\x00 \x00f\x00\
i\x00n\x00e\x00 \x00g\x00e\x00n\x00e\x00\
r\x00a\x00l\x00 \x00i\x00n\x00 \x00b\x00\
a\x00t\x00t\x00l\x00e\x00,\x00 \x00a\x00\
n\x00d\x00 \x00t\x00h\x00e\x00 \x00l\x00\
a\x00t\x00e\x00 \x00E\x00m\x00p\x00e\x00\
r\x00o\x00r\x00 \x00b\x00e\x00l\x00i\x00\
e\x00v\x00e\x00d\x00 \x00i\x00n\x00 \x00\
h\x00i\x00m\x00.\x00 \x00T\x00h\x00a\x00\
t\x00 \x00i\x00s\x00 \x00w\x00h\x00y\x00\
 \x00t\x00h\x00e\x00 \x00a\x00s\x00s\x00\
e\x00m\x00b\x00l\x00y\x00 \x00h\x00a\x00\
s\x00 \x00r\x00e\x00c\x00o\x00m\x00m\x00\
e\x00n\x00d\x00e\x00d\x00 \x00h\x00i\x00\
m\x00 \x00f\x00o\x00r\x00 \x00o\x00v\x00\
e\x00r\x00a\x00l\x00l\x00 \x00c\x00o\x00\
m\x00m\x00a\x00n\x00d\x00.\x00 \x00I\x00\
t\x00 \x00w\x00i\x00l\x00l\x00 \x00k\x00\
e\x00e\x00p\x00 \x00t\x00h\x00e\x00 \x00\
t\x00r\x00o\x00o\x00p\x00s\x00 \x00h\x00\
a\x00p\x00p\x00y\x00 \x00i\x00f\x00 \x00\
h\x00e\x00 \x00i\x00s\x00 \x00c\x00o\x00\
n\x00s\x00u\x00l\x00t\x00e\x00d\x00 \x00\
o\x00n\x00 \x00a\x00l\x00l\x00 \x00m\x00\
i\x00l\x00i\x00t\x00a\x00r\x00y\x00 \x00\
m\x00a\x00t\x00t\x00e\x00r\x00s\x00.\x00\
\x0a\x00X\x00i\x00a\x00n\x00g\x00 \x00C\x00\
h\x00o\x00n\x00g\x00 \x00h\x00a\x00s\x00\
 \x00p\x00r\x00o\x00v\x00e\x00d\x00 \x00\
h\x00i\x00m\x00s\x00e\x00l\x00f\x00 \x00\
a\x00 \x00f\x00i\x00n\x00e\x00 \x00g\x00\
e\x00n\x00e\x00r\x00a\x00l\x00 \x00i\x00\
n\x00 \x00b\x00a\x00t\x00t\x00l\x00e\x00\
,\x00 \x00a\x00n\x00d\x00 \x00t\x00h\x00\
e\x00 \x00l\x00a\x00t\x00e\x00 \x00E\x00\
m\x00p\x00e\x00r\x00o\x00r\x00 \x00b\x00\
e\x00l\x00i\x00e\x00v\x00e\x00d\x00 \x00\
i\x00n\x00 \x00h\x00i\x00m\x00.\x00 \x00\
T\x00h\x00a\x00t\x00 \x00i\x00s\x00 \x00\
w\x00h\x00y\x00 \x00t\x00h\x00e\x00 \x00\
a\x00s\x00s\x00e\x00m\x00b\x00l\x00y\x00\
 \x00h\x00a\x00s\x00 \x00r\x00e\x00c\x00\
o\x00m\x00m\x00e\x00n\x00d\x00e\x00d\x00\
 \x00h\x00i\x00m\x00 \x00f\x00o\x00r\x00\
 \x00o\x00v\x00e\x00r\x00a\x00l\x00l\x00\
 \x00c\x00o\x00m\x00m\x00a\x00n\x00d\x00\
.\x00 \x00I\x00t\x00 \x00w\x00i\x00l\x00\
l\x00 \x00k\x00e\x00e\x00p\x00 \x00t\x00\
h\x00e\x00 \x00t\x00r\x00o\x00o\x00p\x00\
s\x00 \x00h\x00a\x00p\x00p\x00y\x00 \x00\
i\x00f\x00 \x00h\x00e\x00 \x00i\x00s\x00\
 \x00c\x00o\x00n\x00s\x00u\x00l\x00t\x00\
e\x00d\x00 \x00o\x00n\x00 \x00a\x00l\x00\
l\x00 \x00m\x00i\x00l\x00i\x00t\x00a\x00\
r\x00y\x00 \x00m\x00a\x00t\x00t\x00e\x00\
r\x00s\x00.\x00\x0a\x00T\x00h\x00e\x00 \x00\
e\x00m\x00p\x00e\x00r\x00o\x00r\x00s\x00\
 \x00o\x00f\x00 \x00t\x00h\x00e\x00 \x00\
W\x00e\x00s\x00t\x00e\x00r\x00n\x00 \x00\
H\x00a\x00n\x00 \x00c\x00h\x00o\x00s\x00\
e\x00 \x00t\x00h\x00e\x00i\x00r\x00 \x00\
c\x00o\x00u\x00r\x00t\x00i\x00e\x00r\x00\
s\x00 \x00w\x00i\x00s\x00e\x00l\x00y\x00\
,\x00 \x00a\x00n\x00d\x00 \x00t\x00h\x00\
e\x00i\x00r\x00 \x00d\x00y\x00n\x00a\x00\
s\x00t\x00y\x00 \x00f\x00l\x00o\x00u\x00\
r\x00i\x00s\x00h\x00e\x00d\x00.\x00 \x00\
T\x00h\x00e\x00 \x00e\x00m\x00p\x00e\x00\
r\x00o\x00r\x00s\x00 \x00o\x00f\x00 \x00\
t\x00h\x00e\x00 \x00E\x00a\x00s\x00t\x00\
e\x00r\x00n\x00 \x00H\x00a\x00n\x00 \x00\
c\x00h\x00o\x00s\x00e\x00 \x00p\x00o\x00\
o\x00r\x00l\x00y\x00,\x00 \x00a\x00n\x00\
d\x00 \x00t\x00h\x00e\x00y\x00 \x00d\x00\
o\x00o\x00m\x00e\x00d\x00 \x00t\x00h\x00\
e\x00 \x00e\x00m\x00p\x00i\x00r\x00e\x00\
 \x00t\x00o\x00 \x00r\x00u\x00i\x00n\x00\
.\x00 \x00W\x00h\x00e\x00n\x00e\x00v\x00\
e\x00r\x00 \x00t\x00h\x00e\x00 \x00l\x00\
a\x00t\x00e\x00 \x00E\x00m\x00p\x00e\x00\
r\x00o\x00r\x00 \x00d\x00i\x00s\x00c\x00\
u\x00s\x00s\x00e\x00d\x00 \x00t\x00h\x00\
i\x00s\x00 \x00p\x00r\x00o\x00b\x00l\x00\
e\x00m\x00 \x00w\x00i\x00t\x00h\x00 \x00\
m\x00e\x00,\x00 \x00h\x00e\x00 \x00l\x00\
a\x00m\x00e\x00n\x00t\x00e\x00d\x00 \x00\
t\x00h\x00e\x00 \x00f\x00a\x00i\x00l\x00\
i\x00n\x00g\x00s\x00 \x00o\x00f\x00 \x00\
E\x00m\x00p\x00e\x00r\x00o\x00r\x00s\x00\
 \x00H\x00u\x00a\x00n\x00 \x00a\x00n\x00\
d\x00 \x00L\x00i\x00n\x00g\x00.\x00 \x00\
A\x00d\x00v\x00i\x00s\x00o\x00r\x00s\x00\
 \x00l\x00i\x00k\x00e\x00 \x00G\x00u\x00\
o\x00 \x00Y\x00o\x00u\x00z\x00h\x00i\x00\
,\x00 \x00F\x00e\x00i\x00 \x00Y\x00i\x00\
,\x00 \x00C\x00h\x00e\x00n\x00 \x00Z\x00\
h\x00e\x00n\x00,\x00 \x00Z\x00h\x00a\x00\
n\x00g\x00 \x00Y\x00i\x00,\x00 \x00a\x00\
n\x00d\x00 \x00J\x00i\x00a\x00n\x00g\x00\
 \x00W\x00a\x00n\x00  \x13\x00 \x00t\x00\
h\x00e\x00s\x00e\x00 \x00a\x00r\x00e\x00\
 \x00a\x00l\x00l\x00 \x00m\x00e\x00n\x00\
 \x00o\x00f\x00 \x00g\x00r\x00e\x00a\x00\
t\x00 \x00i\x00n\x00t\x00e\x00g\x00r\x00\
i\x00t\x00y\x00 \x00a\x00n\x00d\x00 \x00\
d\x00e\x00v\x00o\x00t\x00i\x00o\x00n\x00\
.\x00 \x00I\x00 \x00e\x00n\x00c\x00o\x00\
u\x00r\x00a\x00g\x00e\x00 \x00y\x00o\x00\
u\x00 \x00t\x00o\x00 \x00t\x00r\x00u\x00\
s\x00t\x00 \x00t\x00h\x00e\x00m\x00,\x00\
 \x00y\x00o\x00u\x00r\x00 \x00m\x00a\x00\
j\x00e\x00s\x00t\x00y\x00,\x00 \x00i\x00\
f\x00 \x00t\x00h\x00e\x00 \x00h\x00o\x00\
u\x00s\x00e\x00 \x00o\x00f\x00 \x00H\x00\
a\x00n\x00 \x00i\x00s\x00 \x00t\x00o\x00\
 \x00r\x00i\x00s\x00e\x00 \x00a\x00g\x00\
a\x00i\x00n\x00.\x00\x0a\x00I\x00 \x00b\x00\
e\x00g\x00i\x00n\x00 \x00a\x00s\x00 \x00\
a\x00 \x00c\x00o\x00m\x00m\x00o\x00n\x00\
 \x00m\x00a\x00n\x00,\x00 \x00f\x00a\x00\
r\x00m\x00i\x00n\x00g\x00 \x00i\x00n\x00\
 \x00m\x00y\x00 \x00f\x00i\x00e\x00l\x00\
d\x00s\x00 \x00i\x00n\x00 \x00N\x00a\x00\
n\x00y\x00a\x00n\x00g\x00,\x00 \x00d\x00\
o\x00i\x00n\x00g\x00 \x00w\x00h\x00a\x00\
t\x00 \x00I\x00 \x00c\x00o\x00u\x00l\x00\
d\x00 \x00t\x00o\x00 \x00s\x00u\x00r\x00\
v\x00i\x00v\x00e\x00 \x00i\x00n\x00 \x00\
a\x00n\x00 \x00a\x00g\x00e\x00 \x00o\x00\
f\x00 \x00c\x00h\x00a\x00o\x00s\x00.\x00\
 \x00I\x00 \x00n\x00e\x00v\x00e\x00r\x00\
 \x00h\x00a\x00d\x00 \x00a\x00n\x00y\x00\
 \x00i\x00n\x00t\x00e\x00r\x00e\x00s\x00\
t\x00 \x00i\x00n\x00 \x00m\x00a\x00k\x00\
i\x00n\x00g\x00 \x00a\x00 \x00n\x00a\x00\
m\x00e\x00 \x00f\x00o\x00r\x00 \x00m\x00\
y\x00s\x00e\x00l\x00f\x00 \x00a\x00s\x00\
 \x00a\x00 \x00n\x00o\x00b\x00l\x00e\x00\
.\x00 \x00T\x00h\x00e\x00 \x00l\x00a\x00\
t\x00e\x00 \x00E\x00m\x00p\x00e\x00r\x00\
o\x00r\x00 \x00w\x00a\x00s\x00 \x00n\x00\
o\x00t\x00 \x00a\x00s\x00h\x00a\x00m\x00\
e\x00d\x00 \x00t\x00o\x00 \x00v\x00i\x00\
s\x00i\x00t\x00 \x00m\x00y\x00 \x00c\x00\
o\x00t\x00t\x00a\x00g\x00e\x00 \x00a\x00\
n\x00d\x00 \x00s\x00e\x00e\x00k\x00 \x00\
m\x00y\x00 \x00a\x00d\x00v\x00i\x00c\x00\
e\x00.\x00 \x00G\x00r\x00a\x00t\x00e\x00\
f\x00u\x00l\x00 \x00f\x00o\x00r\x00 \x00\
h\x00i\x00s\x00 \x00r\x00e\x00g\x00a\x00\
r\x00d\x00,\x00 \x00I\x00 \x00r\x00e\x00\
s\x00p\x00o\x00n\x00d\x00e\x00d\x00 \x00\
t\x00o\x00 \x00h\x00i\x00s\x00 \x00a\x00\
p\x00p\x00e\x00a\x00l\x00 \x00a\x00n\x00\
d\x00 \x00t\x00h\x00r\x00e\x00w\x00 \x00\
m\x00y\x00s\x00e\x00l\x00f\x00 \x00i\x00\
n\x00t\x00o\x00 \x00h\x00i\x00s\x00 \x00\
s\x00e\x00r\x00v\x00i\x00c\x00e\x00.\x00\
 \x00N\x00o\x00w\x00 \x00t\x00w\x00e\x00\
n\x00t\x00y\x00-\x00o\x00n\x00e\x00 \x00\
y\x00e\x00a\x00r\x00s\x00 \x00h\x00a\x00\
s\x00 \x00p\x00a\x00s\x00s\x00e\x00d\x00\
,\x00 \x00t\x00h\x00e\x00 \x00l\x00a\x00\
t\x00e\x00 \x00E\x00m\x00p\x00e\x00r\x00\
o\x00r\x00 \x00a\x00l\x00w\x00a\x00y\x00\
s\x00 \x00a\x00p\x00p\x00r\x00e\x00c\x00\
i\x00a\x00t\x00e\x00d\x00 \x00m\x00y\x00\
 \x00c\x00a\x00u\x00t\x00i\x00o\x00n\x00\
 \x00a\x00n\x00d\x00,\x00 \x00i\x00n\x00\
 \x00h\x00i\x00s\x00 \x00f\x00i\x00n\x00\
a\x00l\x00 \x00d\x00a\x00y\x00s\x00,\x00\
 \x00e\x00n\x00t\x00r\x00u\x00s\x00t\x00\
e\x00d\x00 \x00m\x00e\x00 \x00w\x00i\x00\
t\x00h\x00 \x00h\x00i\x00s\x00 \x00c\x00\
a\x00u\x00s\x00e\x00.\x00\x0a\x00S\x00i\x00\
n\x00c\x00e\x00 \x00t\x00h\x00a\x00t\x00\
 \x00m\x00o\x00m\x00e\x00n\x00t\x00,\x00\
 \x00I\x00 \x00h\x00a\x00v\x00e\x00 \x00\
b\x00e\x00e\x00n\x00 \x00t\x00o\x00r\x00\
m\x00e\x00n\x00t\x00e\x00d\x00 \x00d\x00\
a\x00y\x00 \x00a\x00n\x00d\x00 \x00n\x00\
i\x00g\x00h\x00t\x00 \x00b\x00y\x00 \x00\
t\x00h\x00e\x00 \x00f\x00e\x00a\x00r\x00\
 \x00t\x00h\x00a\x00t\x00 \x00I\x00 \x00\
m\x00i\x00g\x00h\x00t\x00 \x00l\x00e\x00\
t\x00 \x00h\x00i\x00m\x00 \x00d\x00o\x00\
w\x00n\x00.\x00 \x00T\x00h\x00a\x00t\x00\
 \x00i\x00s\x00 \x00w\x00h\x00y\x00 \x00\
I\x00 \x00c\x00r\x00o\x00s\x00s\x00e\x00\
d\x00 \x00t\x00h\x00e\x00 \x00L\x00u\x00\
 \x00r\x00i\x00v\x00e\x00r\x00 \x00a\x00\
t\x00 \x00t\x00h\x00e\x00 \x00h\x00e\x00\
i\x00g\x00h\x00t\x00 \x00o\x00f\x00 \x00\
s\x00u\x00m\x00m\x00e\x00r\x00,\x00 \x00\
a\x00n\x00d\x00 \x00e\x00n\x00t\x00e\x00\
r\x00e\x00d\x00 \x00t\x00h\x00e\x00 \x00\
w\x00a\x00s\x00t\x00e\x00l\x00a\x00n\x00\
d\x00s\x00 \x00b\x00e\x00y\x00o\x00n\x00\
d\x00.\x00 \x00N\x00o\x00w\x00 \x00t\x00\
h\x00e\x00 \x00s\x00o\x00u\x00t\x00h\x00\
 \x00h\x00a\x00s\x00 \x00b\x00e\x00e\x00\
n\x00 \x00s\x00u\x00b\x00d\x00u\x00e\x00\
d\x00,\x00 \x00a\x00n\x00d\x00 \x00o\x00\
u\x00r\x00 \x00f\x00o\x00r\x00c\x00e\x00\
s\x00 \x00a\x00r\x00e\x00 \x00f\x00u\x00\
l\x00l\x00y\x00 \x00a\x00r\x00m\x00e\x00\
d\x00.\x00I\x00 \x00s\x00h\x00o\x00u\x00\
l\x00d\x00 \x00l\x00e\x00a\x00d\x00 \x00\
o\x00u\x00r\x00 \x00s\x00o\x00l\x00d\x00\
i\x00e\x00r\x00s\x00 \x00t\x00o\x00 \x00\
c\x00o\x00n\x00q\x00u\x00e\x00r\x00 \x00\
t\x00h\x00e\x00 \x00n\x00o\x00r\x00t\x00\
h\x00e\x00r\x00n\x00 \x00h\x00e\x00a\x00\
r\x00t\x00l\x00a\x00n\x00d\x00 \x00a\x00\
n\x00d\x00 \x00a\x00t\x00t\x00e\x00m\x00\
p\x00t\x00 \x00t\x00o\x00 \x00r\x00e\x00\
m\x00o\x00v\x00e\x00 \x00t\x00h\x00e\x00\
 \x00h\x00a\x00t\x00e\x00f\x00u\x00l\x00\
 \x00t\x00r\x00a\x00i\x00t\x00o\x00r\x00\
s\x00,\x00 \x00r\x00e\x00s\x00t\x00o\x00\
r\x00e\x00 \x00t\x00h\x00e\x00 \x00h\x00\
o\x00u\x00s\x00e\x00 \x00o\x00f\x00 \x00\
H\x00a\x00n\x00,\x00 \x00a\x00n\x00d\x00\
 \x00r\x00e\x00t\x00u\x00r\x00n\x00 \x00\
i\x00t\x00 \x00t\x00o\x00 \x00t\x00h\x00\
e\x00 \x00f\x00o\x00r\x00m\x00e\x00r\x00\
 \x00c\x00a\x00p\x00i\x00t\x00a\x00l\x00\
.\x00T\x00h\x00i\x00s\x00 \x00t\x00h\x00\
e\x00 \x00w\x00a\x00y\x00 \x00I\x00 \x00\
m\x00e\x00a\x00n\x00 \x00t\x00o\x00 \x00\
h\x00o\x00n\x00o\x00r\x00 \x00m\x00y\x00\
 \x00d\x00e\x00b\x00t\x00 \x00t\x00o\x00\
 \x00t\x00h\x00e\x00 \x00l\x00a\x00t\x00\
e\x00 \x00E\x00m\x00p\x00e\x00r\x00o\x00\
r\x00 \x00a\x00n\x00d\x00 \x00f\x00u\x00\
l\x00f\x00i\x00l\x00l\x00 \x00m\x00y\x00\
 \x00d\x00u\x00t\x00y\x00 \x00t\x00o\x00\
 \x00y\x00o\x00u\x00.\x00 \x00G\x00u\x00\
o\x00 \x00Y\x00o\x00u\x00z\x00h\x00i\x00\
,\x00 \x00F\x00e\x00i\x00 \x00Y\x00i\x00\
,\x00 \x00a\x00n\x00d\x00 \x00D\x00o\x00\
n\x00g\x00 \x00Y\x00u\x00n\x00 \x00a\x00\
r\x00e\x00 \x00t\x00h\x00e\x00 \x00o\x00\
n\x00e\x00s\x00 \x00w\x00h\x00o\x00 \x00\
s\x00h\x00o\x00u\x00l\x00d\x00 \x00b\x00\
e\x00 \x00m\x00a\x00k\x00i\x00n\x00g\x00\
 \x00p\x00o\x00l\x00i\x00c\x00y\x00 \x00\
d\x00e\x00c\x00i\x00s\x00i\x00o\x00n\x00\
s\x00 \x00a\x00n\x00d\x00 \x00r\x00e\x00\
c\x00o\x00m\x00m\x00e\x00n\x00d\x00a\x00\
t\x00i\x00o\x00n\x00s\x00.\x00\x0a\x00M\x00\
y\x00 \x00o\x00n\x00l\x00y\x00 \x00d\x00\
e\x00s\x00i\x00r\x00e\x00 \x00i\x00s\x00\
 \x00t\x00o\x00 \x00b\x00e\x00 \x00p\x00\
e\x00r\x00m\x00i\x00t\x00t\x00e\x00d\x00\
 \x00t\x00o\x00 \x00d\x00r\x00i\x00v\x00\
e\x00 \x00o\x00u\x00t\x00 \x00t\x00h\x00\
e\x00 \x00t\x00r\x00a\x00i\x00t\x00o\x00\
r\x00s\x00 \x00a\x00n\x00d\x00 \x00r\x00\
e\x00s\x00t\x00o\x00r\x00e\x00 \x00t\x00\
h\x00e\x00 \x00H\x00a\x00n\x00.\x00 \x00\
I\x00f\x00 \x00I\x00 \x00s\x00h\x00o\x00\
u\x00l\x00d\x00 \x00l\x00e\x00t\x00 \x00\
y\x00o\x00u\x00 \x00d\x00o\x00w\x00n\x00\
,\x00 \x00p\x00u\x00n\x00i\x00s\x00h\x00\
 \x00m\x00y\x00 \x00o\x00f\x00f\x00e\x00\
n\x00s\x00e\x00 \x00a\x00n\x00d\x00 \x00\
r\x00e\x00p\x00o\x00r\x00t\x00 \x00i\x00\
t\x00 \x00t\x00o\x00 \x00t\x00h\x00e\x00\
 \x00s\x00p\x00i\x00r\x00i\x00t\x00 \x00\
o\x00f\x00 \x00t\x00h\x00e\x00 \x00l\x00\
a\x00t\x00e\x00 \x00E\x00m\x00p\x00e\x00\
r\x00o\x00r\x00.\x00 \x00I\x00f\x00 \x00\
t\x00h\x00o\x00s\x00e\x00 \x00t\x00h\x00\
r\x00e\x00e\x00 \x00a\x00d\x00v\x00i\x00\
s\x00o\x00r\x00s\x00 \x00s\x00h\x00o\x00\
u\x00l\x00d\x00 \x00f\x00a\x00i\x00l\x00\
 \x00i\x00n\x00 \x00t\x00h\x00e\x00i\x00\
r\x00 \x00d\x00u\x00t\x00i\x00e\x00s\x00\
,\x00 \x00t\x00h\x00e\x00n\x00 \x00t\x00\
h\x00e\x00y\x00 \x00s\x00h\x00o\x00u\x00\
l\x00d\x00 \x00b\x00e\x00 \x00p\x00u\x00\
n\x00i\x00s\x00h\x00e\x00d\x00 \x00f\x00\
o\x00r\x00 \x00t\x00h\x00e\x00i\x00r\x00\
 \x00n\x00e\x00g\x00l\x00i\x00g\x00e\x00\
n\x00c\x00e\x00.\x00Y\x00o\x00u\x00r\x00\
 \x00M\x00a\x00j\x00e\x00s\x00t\x00y\x00\
,\x00 \x00c\x00o\x00n\x00s\x00i\x00d\x00\
e\x00r\x00 \x00y\x00o\x00u\x00r\x00 \x00\
c\x00o\x00u\x00r\x00s\x00e\x00 \x00o\x00\
f\x00 \x00a\x00c\x00t\x00i\x00o\x00n\x00\
 \x00c\x00a\x00r\x00e\x00f\x00u\x00l\x00\
l\x00y\x00.\x00 \x00S\x00e\x00e\x00k\x00\
 \x00o\x00u\x00t\x00 \x00g\x00o\x00o\x00\
d\x00 \x00a\x00d\x00v\x00i\x00c\x00e\x00\
,\x00 \x00a\x00n\x00d\x00 \x00n\x00e\x00\
v\x00e\x00r\x00 \x00f\x00o\x00r\x00g\x00\
e\x00t\x00 \x00t\x00h\x00e\x00 \x00l\x00\
a\x00t\x00e\x00 \x00E\x00m\x00p\x00e\x00\
r\x00o\x00r\x00.\x00 \x00I\x00 \x00d\x00\
e\x00p\x00a\x00r\x00t\x00 \x00n\x00o\x00\
w\x00 \x00o\x00n\x00 \x00a\x00 \x00l\x00\
o\x00n\x00g\x00 \x00e\x00x\x00p\x00e\x00\
d\x00i\x00t\x00i\x00o\x00n\x00,\x00 \x00\
a\x00n\x00d\x00 \x00I\x00 \x00w\x00i\x00\
l\x00l\x00 \x00b\x00e\x00 \x00f\x00o\x00\
r\x00e\x00v\x00e\x00r\x00 \x00g\x00r\x00\
a\x00t\x00e\x00f\x00u\x00l\x00 \x00i\x00\
f\x00 \x00y\x00o\x00u\x00 \x00h\x00e\x00\
e\x00d\x00 \x00m\x00y\x00 \x00a\x00d\x00\
v\x00i\x00c\x00e\x00.\x00 \x00B\x00l\x00\
i\x00n\x00d\x00e\x00d\x00 \x00b\x00y\x00\
 \x00m\x00y\x00 \x00o\x00w\x00n\x00 \x00\
t\x00e\x00a\x00r\x00s\x00,\x00 \x00I\x00\
 \x00k\x00n\x00o\x00w\x00 \x00n\x00o\x00\
t\x00 \x00w\x00h\x00a\x00t\x00 \x00I\x00\
 \x00w\x00r\x00i\x00t\x00e\x00.\x08\x00\x00\
\x00\x00\x06\x00\x00\x0e\xcfPermit me\
 to observe: the\
 late emperor wa\
s taken from us \
before he could \
finish his life`\
s work, the rest\
oration of Han. \
Today, the empir\
e is still divid\
ed in three, and\
 our very surviv\
al is threatened\
. Yet still the \
officials at cou\
rt and the soldi\
ers throughout t\
he realm remain \
loyal to you, yo\
ur majesty. Beca\
use they remembe\
r the late emper\
or, all of them,\
 and they wish t\
o repay his kind\
ness in service \
to you. This is \
the moment to ex\
tend your divine\
 influence, to h\
onour the memory\
 of the late Emp\
eror and strengt\
hen the morale o\
f your officers.\
 It is not time \
to listen to bad\
 advice, or clos\
e your ears to t\
he suggestions o\
f loyal men.\x0aThe\
 court and the a\
dministration ar\
e as one. Both m\
ust be judged by\
 one standard. T\
hose who are loy\
al and good must\
 get what they d\
eserve, but so m\
ust the evil-doe\
rs who break the\
 law. This will \
demonstrate the \
justice of your \
rule. There cann\
ot be one law fo\
r the court and \
another for the \
administration.\x0a\
Counselors and a\
ttendants like G\
uo Youzhi, Fei Y\
i, and Dong Yun \
are all reliable\
 men, loyal of p\
urpose and pure \
in motive. The l\
ate Emperor sele\
cted them for of\
fice so that the\
y would serve yo\
u after his deat\
h.These are the \
men who should b\
e consulted on a\
ll palace affair\
s. Xiang Chong h\
as proved himsel\
f a fine general\
 in battle, and \
the late Emperor\
 believed in him\
. That is why th\
e assembly has r\
ecommended him f\
or overall comma\
nd. It will keep\
 the troops happ\
y if he is consu\
lted on all mili\
tary matters.\x0aXi\
ang Chong has pr\
oved himself a f\
ine general in b\
attle, and the l\
ate Emperor beli\
eved in him. Tha\
t is why the ass\
embly has recomm\
ended him for ov\
erall command. I\
t will keep the \
troops happy if \
he is consulted \
on all military \
matters.\x0aThe emp\
erors of the Wes\
tern Han chose t\
heir courtiers w\
isely, and their\
 dynasty flouris\
hed. The emperor\
s of the Eastern\
 Han chose poorl\
y, and they doom\
ed the empire to\
 ruin. Whenever \
the late Emperor\
 discussed this \
problem with me,\
 he lamented the\
 failings of Emp\
erors Huan and L\
ing. Advisors li\
ke Guo Youzhi, F\
ei Yi, Chen Zhen\
, Zhang Yi, and \
Jiang Wan \xe2\x80\x93 th\
ese are all men \
of great integri\
ty and devotion.\
 I encourage you\
 to trust them, \
your majesty, if\
 the house of Ha\
n is to rise aga\
in.\x0aI begin as a\
 common man, far\
ming in my field\
s in Nanyang, do\
ing what I could\
 to survive in a\
n age of chaos. \
I never had any \
interest in maki\
ng a name for my\
self as a noble.\
 The late Empero\
r was not ashame\
d to visit my co\
ttage and seek m\
y advice. Gratef\
ul for his regar\
d, I responded t\
o his appeal and\
 threw myself in\
to his service. \
Now twenty-one y\
ears has passed,\
 the late Empero\
r always appreci\
ated my caution \
and, in his fina\
l days, entruste\
d me with his ca\
use.\x0aSince that \
moment, I have b\
een tormented da\
y and night by t\
he fear that I m\
ight let him dow\
n. That is why I\
 crossed the Lu \
river at the hei\
ght of summer, a\
nd entered the w\
astelands beyond\
. Now the south \
has been subdued\
, and our forces\
 are fully armed\
.I should lead o\
ur soldiers to c\
onquer the north\
ern heartland an\
d attempt to rem\
ove the hateful \
traitors, restor\
e the house of H\
an, and return i\
t to the former \
capital.This the\
 way I mean to h\
onor my debt to \
the late Emperor\
 and fulfill my \
duty to you. Guo\
 Youzhi, Fei Yi,\
 and Dong Yun ar\
e the ones who s\
hould be making \
policy decisions\
 and recommendat\
ions.\x0aMy only de\
sire is to be pe\
rmitted to drive\
 out the traitor\
s and restore th\
e Han. If I shou\
ld let you down,\
 punish my offen\
se and report it\
 to the spirit o\
f the late Emper\
or. If those thr\
ee advisors shou\
ld fail in their\
 duties, then th\
ey should be pun\
ished for their \
negligence.Your \
Majesty, conside\
r your course of\
 action carefull\
y. Seek out good\
 advice, and nev\
er forget the la\
te Emperor. I de\
part now on a lo\
ng expedition, a\
nd I will be for\
ever grateful if\
 you heed my adv\
ice. Blinded by \
my own tears, I \
know not what I \
write.\x07\x00\x00\x00\x0aT_Exp\
ander\x01\x03\x00\x00\x00\x10\x00F\x00l\x00\
i\x00p\x00V\x00i\x00e\x00w\x08\x00\x00\x00\x00\
\x06\x00\x00\x00\x08FlipView\x07\x00\x00\
\x00\x0aT_FlipView\x01\x03\x00\x00\
\x00&\x00H\x00o\x00r\x00i\x00z\x00o\x00n\
\x00t\x00a\x00l\x00 \x00F\x00l\x00i\x00p\
\x00V\x00i\x00e\x00w\x08\x00\x00\x00\x00\x06\x00\x00\
\x00\x13Horizontal Fli\
pView\x07\x00\x00\x00\x0aT_Flip\
View\x01\x03\x00\x00\x00\x22\x00V\x00e\x00r\
\x00t\x00i\x00c\x00a\x00l\x00 \x00F\x00l\
\x00i\x00p\x00V\x00i\x00e\x00w\x08\x00\x00\x00\
\x00\x06\x00\x00\x00\x11Vertical F\
lipView\x07\x00\x00\x00\x0aT_Fl\
ipView\x01\x03\x00\x00\x00\x10\x00C\x00a\
\x00l\x00e\x00n\x00d\x00a\x00r\x08\x00\x00\x00\
\x00\x06\x00\x00\x00\x08Calendar\x07\x00\
\x00\x00\x0aT_GroupBox\x01\x03\x00\
\x00\x00\x1c\x00C\x00h\x00e\x00c\x00k\x00B\x00\
o\x00x\x00 \x00G\x00r\x00o\x00u\x00p\x08\
\x00\x00\x00\x00\x06\x00\x00\x00\x0eCheckBo\
x Group\x07\x00\x00\x00\x0aT_Gr\
oupBox\x01\x03\x00\x00\x00\x10\x00C\x00o\
\x00n\x00t\x00a\x00c\x00t\x00s\x08\x00\x00\x00\
\x00\x06\x00\x00\x00\x08Contacts\x07\x00\
\x00\x00\x0aT_GroupBox\x01\x03\x00\
\x00\x00\x10\x00D\x00i\x00s\x00a\x00b\x00l\x00\
e\x00d\x08\x00\x00\x00\x00\x06\x00\x00\x00\x08Dis\
abled\x07\x00\x00\x00\x0aT_Grou\
pBox\x01\x03\x00\x00\x00\x0c\x00E\x00-\x00m\
\x00a\x00i\x00l\x08\x00\x00\x00\x00\x06\x00\x00\x00\x06\
E-mail\x07\x00\x00\x00\x0aT_Gro\
upBox\x01\x03\x00\x00\x00\x10\x00G\x00r\x00\
o\x00u\x00p\x00B\x00o\x00x\x08\x00\x00\x00\x00\
\x06\x00\x00\x00\x08GroupBox\x07\x00\x00\
\x00\x0aT_GroupBox\x01\x03\x00\x00\
\x00\x22\x00R\x00a\x00d\x00i\x00o\x00B\x00u\
\x00t\x00t\x00o\x00n\x00 \x00G\x00r\x00o\
\x00u\x00p\x08\x00\x00\x00\x00\x06\x00\x00\x00\x11Ra\
dioButton Group\x07\
\x00\x00\x00\x0aT_GroupBox\x01\x03\
\x00\x00\x00\x14\x001\x004\x00 \x00r\x00e\x00a\
\x00d\x00e\x00r\x00s\x08\x00\x00\x00\x00\x06\x00\x00\
\x00\x0a14 readers\x07\x00\x00\x00\
\x06T_Home\x01\x03\x00\x00\x00$\x003\x00\
 \x00w\x00a\x00i\x00t\x00i\x00n\x00g\x00\
 \x00f\x00o\x00r\x00 \x00t\x00e\x00s\x00\
t\x08\x00\x00\x00\x00\x06\x00\x00\x00\x123 wai\
ting for test\x07\x00\x00\
\x00\x06T_Home\x01\x03\x00\x00\x00>\x00A\
\x00D\x00B\x00 \x00p\x00r\x00i\x00v\x00i\
\x00l\x00e\x00g\x00e\x00d\x00 \x00a\x00p\
\x00p\x00 \x00i\x00n\x00s\x00t\x00a\x00l\
\x00l\x00 \x00f\x00l\x00o\x00w\x08\x00\x00\x00\
\x00\x06\x00\x00\x00\x1fADB privil\
eged app install\
 flow\x07\x00\x00\x00\x06T_Home\
\x01\x03\x00\x00\x00j\x00A\x00u\x00t\x00o\x00 \
\x00r\x00e\x00b\x00o\x00o\x00t\x00 \x00c\
\x00a\x00s\x00e\x00 \x00l\x00o\x00s\x00e\
\x00s\x00 \x00c\x00l\x00i\x00e\x00n\x00t\
\x00 \x00s\x00t\x00a\x00t\x00u\x00s\x00 \
\x00a\x00f\x00t\x00e\x00r\x00 \x00D\x00U\
\x00T\x00 \x00r\x00e\x00b\x00o\x00o\x00t\
\x08\x00\x00\x00\x00\x06\x00\x00\x005Auto r\
eboot case loses\
 client status a\
fter DUT reboot\x07\
\x00\x00\x00\x06T_Home\x01\x03\x00\x00\x00(\
\x00B\x00i\x00n\x00g\x00 \x00d\x00a\x00i\
\x00l\x00y\x00 \x00w\x00a\x00l\x00l\x00p\
\x00a\x00p\x00e\x00r\x08\x00\x00\x00\x00\x06\x00\x00\
\x00\x14Bing daily wal\
lpaper\x07\x00\x00\x00\x06T_Hom\
e\x01\x03\x00\x00\x006\x00C\x00o\x00m\x00p\x00\
a\x00n\x00y\x00 \x00a\x00n\x00d\x00 \x00\
l\x00a\x00b\x00 \x00i\x00n\x00f\x00o\x00\
r\x00m\x00a\x00t\x00i\x00o\x00n\x08\x00\x00\
\x00\x00\x06\x00\x00\x00\x1bCompany a\
nd lab informati\
on\x07\x00\x00\x00\x06T_Home\x01\x03\x00\
\x00\x00\x14\x00C\x00o\x00n\x00f\x00l\x00u\x00\
e\x00n\x00c\x00e\x08\x00\x00\x00\x00\x06\x00\x00\x00\
\x0aConfluence\x07\x00\x00\x00\x06\
T_Home\x01\x03\x00\x00\x00&\x00C\x00o\
\x00n\x00f\x00l\x00u\x00e\x00n\x00c\x00e\
\x00 \x00H\x00o\x00t\x00s\x00p\x00o\x00t\
\x00s\x08\x00\x00\x00\x00\x06\x00\x00\x00\x13Conf\
luence Hotspots\x07\
\x00\x00\x00\x06T_Home\x01\x03\x00\x00\x00,\
\x00C\x00o\x00n\x00t\x00i\x00n\x00u\x00e\
\x00 \x00t\x00e\x00s\x00t\x00 \x00w\x00o\
\x00r\x00k\x00f\x00l\x00o\x00w\x08\x00\x00\x00\
\x00\x06\x00\x00\x00\x16Continue t\
est workflow\x07\x00\x00\x00\
\x06T_Home\x01\x03\x00\x00\x00\x14\x00D\x00\
U\x00T\x00 \x00O\x00n\x00l\x00i\x00n\x00\
e\x08\x00\x00\x00\x00\x06\x00\x00\x00\x0aDUT O\
nline\x07\x00\x00\x00\x06T_Home\
\x01\x03\x00\x00\x00\x16\x00F\x00a\x00i\x00l\x00e\
\x00d\x00 \x00R\x00u\x00n\x00s\x08\x00\x00\x00\
\x00\x06\x00\x00\x00\x0bFailed Run\
s\x07\x00\x00\x00\x06T_Home\x01\x03\x00\x00\
\x00~\x00F\x00o\x00c\x00u\x00s\x00e\x00d\
\x00 \x00v\x00i\x00e\x00w\x00 \x00f\x00o\
\x00r\x00 \x00t\x00e\x00s\x00t\x00s\x00,\
\x00 \x00i\x00s\x00s\x00u\x00e\x00s\x00,\
\x00 \x00k\x00n\x00o\x00w\x00l\x00e\x00d\
\x00g\x00e\x00 \x00a\x00n\x00d\x00 \x00i\
\x00n\x00t\x00e\x00r\x00n\x00a\x00l\x00 \
\x00s\x00i\x00g\x00n\x00a\x00l\x00s\x00.\
\x08\x00\x00\x00\x00\x06\x00\x00\x00?Focuse\
d view for tests\
, issues, knowle\
dge and internal\
 signals.\x07\x00\x00\x00\x06T_\
Home\x01\x03\x00\x00\x00\x08\x00H\x00i\x00g\
\x00h\x08\x00\x00\x00\x00\x06\x00\x00\x00\x04High\
\x07\x00\x00\x00\x06T_Home\x01\x03\x00\x00\x00\
2\x00I\x00P\x00T\x00V\x00 \x00d\x00a\x00\
i\x00l\x00y\x00 \x00b\x00u\x00i\x00l\x00\
d\x00 \x00i\x00s\x00 \x00g\x00r\x00e\x00\
e\x00n\x08\x00\x00\x00\x00\x06\x00\x00\x00\x19IPT\
V daily build is\
 green\x07\x00\x00\x00\x06T_Hom\
e\x01\x03\x00\x00\x00\x16\x00I\x00n\x00 \x00P\x00\
r\x00o\x00g\x00r\x00e\x00s\x00s\x08\x00\x00\
\x00\x00\x06\x00\x00\x00\x0bIn Progre\
ss\x07\x00\x00\x00\x06T_Home\x01\x03\x00\
\x00\x00 \x00I\x00n\x00t\x00e\x00r\x00n\x00\
a\x00l\x00 \x00S\x00i\x00g\x00n\x00a\x00\
l\x00s\x08\x00\x00\x00\x00\x06\x00\x00\x00\x10Int\
ernal Signals\x07\x00\x00\
\x00\x06T_Home\x01\x03\x00\x00\x00\x1c\x00I\
\x00n\x00t\x00r\x00a\x00n\x00e\x00t\x00 \
\x00f\x00i\x00r\x00s\x00t\x08\x00\x00\x00\x00\x06\
\x00\x00\x00\x0eIntranet fir\
st\x07\x00\x00\x00\x06T_Home\x01\x03\x00\
\x00\x00\x1c\x00J\x00e\x00n\x00k\x00i\x00n\x00\
s\x00 \x00s\x00i\x00g\x00n\x00a\x00l\x08\
\x00\x00\x00\x00\x06\x00\x00\x00\x0eJenkins\
 signal\x07\x00\x00\x00\x06T_Ho\
me\x01\x03\x00\x00\x00\x06\x00L\x00o\x00w\x08\x00\
\x00\x00\x00\x06\x00\x00\x00\x03Low\x07\x00\x00\x00\x06\
T_Home\x01\x03\x00\x00\x00D\x00M\x00C\
\x00P\x00 \x00c\x00o\x00n\x00n\x00e\x00c\
\x00t\x00o\x00r\x00 \x00h\x00e\x00a\x00l\
\x00t\x00h\x00 \x00c\x00h\x00e\x00c\x00k\
\x00 \x00p\x00e\x00n\x00d\x00i\x00n\x00g\
\x08\x00\x00\x00\x00\x06\x00\x00\x00\x22MCP co\
nnector health c\
heck pending\x07\x00\x00\x00\
\x06T_Home\x01\x03\x00\x00\x00 \x00M\x00\
C\x00P\x00 \x00r\x00e\x00a\x00d\x00y\x00\
 \x00l\x00a\x00y\x00o\x00u\x00t\x08\x00\x00\
\x00\x00\x06\x00\x00\x00\x10MCP ready\
 layout\x07\x00\x00\x00\x06T_Ho\
me\x01\x03\x00\x00\x00\x0c\x00M\x00e\x00d\x00i\
\x00u\x00m\x08\x00\x00\x00\x00\x06\x00\x00\x00\x06Me\
dium\x07\x00\x00\x00\x06T_Home\x01\
\x03\x00\x00\x00\x0e\x00M\x00y\x00 \x00J\x00i\x00\
r\x00a\x08\x00\x00\x00\x00\x06\x00\x00\x00\x07My \
Jira\x07\x00\x00\x00\x06T_Home\x01\
\x03\x00\x00\x00\x12\x00O\x00p\x00e\x00n\x00 \x00\
J\x00i\x00r\x00a\x08\x00\x00\x00\x00\x06\x00\x00\x00\
\x09Open Jira\x07\x00\x00\x00\x06T\
_Home\x01\x03\x00\x00\x00R\x00O\x00p\x00\
e\x00n\x00 \x00T\x00e\x00s\x00t\x00,\x00\
 \x00R\x00u\x00n\x00 \x00o\x00r\x00 \x00\
R\x00e\x00p\x00o\x00r\x00t\x00 \x00f\x00\
r\x00o\x00m\x00 \x00t\x00h\x00e\x00 \x00\
s\x00i\x00d\x00e\x00b\x00a\x00r\x08\x00\x00\
\x00\x00\x06\x00\x00\x00)Open Test\
, Run or Report \
from the sidebar\
\x07\x00\x00\x00\x06T_Home\x01\x03\x00\x00\x00\
n\x00P\x00a\x00c\x00k\x00a\x00g\x00e\x00\
d\x00 \x00r\x00u\x00n\x00n\x00e\x00r\x00\
 \x00c\x00a\x00n\x00n\x00o\x00t\x00 \x00\
l\x00o\x00c\x00a\x00t\x00e\x00 \x00A\x00\
n\x00d\x00r\x00o\x00i\x00d\x00 \x00s\x00\
i\x00g\x00n\x00i\x00n\x00g\x00 \x00r\x00\
e\x00s\x00o\x00u\x00r\x00c\x00e\x00s\x08\
\x00\x00\x00\x00\x06\x00\x00\x007Package\
d runner cannot \
locate Android s\
igning resources\
\x07\x00\x00\x00\x06T_Home\x01\x03\x00\x00\x00\
H\x00P\x00a\x00g\x00e\x00s\x00 \x00l\x00\
i\x00k\x00e\x00l\x00y\x00 \x00u\x00s\x00\
e\x00f\x00u\x00l\x00 \x00f\x00o\x00r\x00\
 \x00t\x00o\x00d\x00a\x00y\x00'\x00s\x00\
 \x00w\x00o\x00r\x00k\x08\x00\x00\x00\x00\x06\x00\
\x00\x00$Pages likely \
useful for today\
's work\x07\x00\x00\x00\x06T_Ho\
me\x01\x03\x00\x00\x00B\x00P\x00e\x00r\x00s\
\x00o\x00n\x00a\x00l\x00 \x00i\x00s\x00s\
\x00u\x00e\x00s\x00 \x00f\x00r\x00o\x00m\
\x00 \x00i\x00n\x00t\x00r\x00a\x00n\x00e\
\x00t\x00 \x00M\x00C\x00P\x08\x00\x00\x00\x00\x06\
\x00\x00\x00!Personal iss\
ues from intrane\
t MCP\x07\x00\x00\x00\x06T_Home\
\x01\x03\x00\x00\x00\x0a\x00R\x00e\x00a\x00d\x00y\
\x08\x00\x00\x00\x00\x06\x00\x00\x00\x05Ready\x07\
\x00\x00\x00\x06T_Home\x01\x03\x00\x00\x00d\
\x00R\x00e\x00p\x00o\x00r\x00t\x00 \x00l\
\x00o\x00g\x00s\x00 \x00s\x00h\x00o\x00u\
\x00l\x00d\x00 \x00p\x00r\x00e\x00s\x00e\
\x00r\x00v\x00e\x00 \x00s\x00c\x00r\x00o\
\x00l\x00l\x00a\x00b\x00l\x00e\x00 \x00f\
\x00u\x00l\x00l\x00 \x00o\x00u\x00t\x00p\
\x00u\x00t\x08\x00\x00\x00\x00\x06\x00\x00\x002Re\
port logs should\
 preserve scroll\
able full output\
\x07\x00\x00\x00\x06T_Home\x01\x03\x00\x00\x00\
6\x00R\x00e\x00s\x00e\x00r\x00v\x00e\x00\
d\x00 \x00f\x00o\x00r\x00 \x00C\x00o\x00\
n\x00f\x00l\x00u\x00e\x00n\x00c\x00e\x00\
 \x00M\x00C\x00P\x08\x00\x00\x00\x00\x06\x00\x00\x00\
\x1bReserved for Co\
nfluence MCP\x07\x00\x00\x00\
\x06T_Home\x01\x03\x00\x00\x00\x0c\x00R\x00\
e\x00v\x00i\x00e\x00w\x08\x00\x00\x00\x00\x06\x00\
\x00\x00\x06Review\x07\x00\x00\x00\x06T_\
Home\x01\x03\x00\x00\x00:\x00S\x006\x00 \
\x00U\x001\x00 \x00p\x00l\x00a\x00t\x00f\
\x00o\x00r\x00m\x00 \x00t\x00e\x00s\x00t\
\x00 \x00c\x00h\x00e\x00c\x00k\x00l\x00i\
\x00s\x00t\x08\x00\x00\x00\x00\x06\x00\x00\x00\x1dS6\
 U1 platform tes\
t checklist\x07\x00\x00\x00\x06\
T_Home\x01\x03\x00\x00\x00*\x00S\x00e\
\x00a\x00r\x00c\x00h\x00 \x00k\x00n\x00o\
\x00w\x00l\x00e\x00d\x00g\x00e\x00 \x00b\
\x00a\x00s\x00e\x08\x00\x00\x00\x00\x06\x00\x00\x00\x15\
Search knowledge\
 base\x07\x00\x00\x00\x06T_Home\
\x01\x03\x00\x00\x00&\x00S\x00m\x00a\x00r\x00t\
\x00T\x00e\x00s\x00t\x00 \x00W\x00o\x00r\
\x00k\x00b\x00e\x00n\x00c\x00h\x08\x00\x00\x00\
\x00\x06\x00\x00\x00\x13SmartTest \
Workbench\x07\x00\x00\x00\x06T_\
Home\x01\x03\x00\x00\x00@\x00S\x00m\x00a\
\x00r\x00t\x00T\x00e\x00s\x00t\x00 \x00p\
\x00a\x00c\x00k\x00a\x00g\x00e\x00d\x00 \
\x00r\x00u\x00n\x00t\x00i\x00m\x00e\x00 \
\x00n\x00o\x00t\x00e\x00s\x08\x00\x00\x00\x00\x06\
\x00\x00\x00 SmartTest pa\
ckaged runtime n\
otes\x07\x00\x00\x00\x06T_Home\x01\
\x03\x00\x00\x00<\x00T\x00w\x00o\x00 \x00D\x00\
U\x00T\x00s\x00 \x00n\x00e\x00e\x00d\x00\
 \x00U\x00S\x00B\x00 \x00r\x00e\x00c\x00\
o\x00n\x00n\x00e\x00c\x00t\x00i\x00o\x00\
n\x08\x00\x00\x00\x00\x06\x00\x00\x00\x1eTwo D\
UTs need USB rec\
onnection\x07\x00\x00\x00\x06T_\
Home\x01\x03\x00\x00\x00\x10\x00i\x00n\x00t\
\x00r\x00a\x00n\x00e\x00t\x08\x00\x00\x00\x00\x06\
\x00\x00\x00\x08intranet\x07\x00\x00\x00\
\x06T_Home\x01\x03\x00\x00\x00\x14\x00l\x00\
a\x00b\x00 \x00s\x00t\x00a\x00t\x00u\x00\
s\x08\x00\x00\x00\x00\x06\x00\x00\x00\x0alab s\
tatus\x07\x00\x00\x00\x06T_Home\
\x01\x03\x00\x00\x00&\x00l\x00a\x00t\x00e\x00s\
\x00t\x00 \x00d\x00e\x00v\x00i\x00c\x00e\
\x00 \x00a\x00l\x00i\x00v\x00e\x08\x00\x00\x00\
\x00\x06\x00\x00\x00\x13latest dev\
ice alive\x07\x00\x00\x00\x06T_\
Home\x01\x03\x00\x00\x00\x16\x00n\x00e\x00e\
\x00d\x00 \x00r\x00e\x00v\x00i\x00e\x00w\
\x08\x00\x00\x00\x00\x06\x00\x00\x00\x0bneed r\
eview\x07\x00\x00\x00\x06T_Home\
\x01\x03\x00\x00\x00\x16\x00n\x00e\x00w\x00 \x00c\
\x00o\x00m\x00m\x00e\x00n\x00t\x08\x00\x00\x00\
\x00\x06\x00\x00\x00\x0bnew commen\
t\x07\x00\x00\x00\x06T_Home\x01\x03\x00\x00\
\x00\x1a\x00n\x00e\x00w\x00 \x00h\x00o\x00t\
\x00 \x00p\x00a\x00g\x00e\x00s\x08\x00\x00\x00\
\x00\x06\x00\x00\x00\x0dnew hot pa\
ges\x07\x00\x00\x00\x06T_Home\x01\x03\
\x00\x00\x00\x1a\x00u\x00p\x00d\x00a\x00t\x00e\
\x00d\x00 \x00t\x00o\x00d\x00a\x00y\x08\x00\
\x00\x00\x00\x06\x00\x00\x00\x0dupdated \
today\x07\x00\x00\x00\x06T_Home\
\x01\x03\x00\x00\x00\x0a\x00I\x00c\x00o\x00n\x00s\
\x08\x00\x00\x00\x00\x06\x00\x00\x00\x05Icons\x07\
\x00\x00\x00\x07T_Icons\x01\x03\x00\x00\x00\
,\x00P\x00l\x00e\x00a\x00s\x00e\x00 \x00\
e\x00n\x00t\x00e\x00r\x00 \x00a\x00 \x00\
k\x00e\x00y\x00w\x00o\x00r\x00d\x08\x00\x00\
\x00\x00\x06\x00\x00\x00\x16Please en\
ter a keyword\x07\x00\x00\
\x00\x07T_Icons\x01\x03\x00\x00\x00\x16\x00\
Y\x00o\x00u\x00 \x00C\x00o\x00p\x00i\x00\
e\x00d\x00 \x08\x00\x00\x00\x00\x06\x00\x00\x00\x0bY\
ou Copied \x07\x00\x00\x00\x07T\
_Icons\x01\x03\x00\x00\x00\x0a\x00I\x00m\
\x00a\x00g\x00e\x08\x00\x00\x00\x00\x06\x00\x00\x00\x05\
Image\x07\x00\x00\x00\x07T_Imag\
e\x01\x03\x00\x00\x00N\x00T\x00h\x00e\x00 \x00\
i\x00m\x00a\x00g\x00e\x00 \x00f\x00a\x00\
i\x00l\x00e\x00d\x00 \x00t\x00o\x00 \x00\
l\x00o\x00a\x00d\x00,\x00 \x00p\x00l\x00\
e\x00a\x00s\x00e\x00 \x00r\x00e\x00l\x00\
o\x00a\x00d\x08\x00\x00\x00\x00\x06\x00\x00\x00'T\
he image failed \
to load, please \
reload\x07\x00\x00\x00\x07T_Ima\
ge\x01\x03\x00\x00\x00\x08\x00I\x00n\x00f\x00o\
\x08\x00\x00\x00\x00\x06\x00\x00\x00\x04Info\x07\x00\
\x00\x00\x09T_InfoBar\x01\x03\x00\x00\
\x00\x0e\x00I\x00n\x00f\x00o\x00B\x00a\x00r\
\x08\x00\x00\x00\x00\x06\x00\x00\x00\x07InfoBa\
r\x07\x00\x00\x00\x09T_InfoBar\x01\
\x03\x00\x00\x00X\x00I\x00n\x00f\x00o\x00B\x00\
a\x00r\x00 \x00t\x00h\x00a\x00t\x00 \x00\
n\x00e\x00e\x00d\x00s\x00 \x00t\x00o\x00\
 \x00b\x00e\x00 \x00t\x00u\x00r\x00n\x00\
e\x00d\x00 \x00o\x00f\x00f\x00 \x00m\x00\
a\x00n\x00u\x00a\x00l\x00l\x00y\x08\x00\x00\
\x00\x00\x06\x00\x00\x00,InfoBar t\
hat needs to be \
turned off manua\
lly\x07\x00\x00\x00\x09T_InfoBa\
r\x01\x03\x00\x00\x008\x00M\x00a\x00n\x00u\x00\
a\x00l\x00 \x00s\x00h\x00u\x00t\x00d\x00\
o\x00w\x00n\x00 \x00i\x00s\x00 \x00s\x00\
u\x00p\x00p\x00o\x00r\x00t\x00e\x00d\x08\
\x00\x00\x00\x00\x06\x00\x00\x00\x1cManual \
shutdown is supp\
orted\x07\x00\x00\x00\x09T_Info\
Bar\x01\x03\x00\x00\x00F\x00M\x00a\x00n\x00\
u\x00a\x00l\x00l\x00y\x00 \x00c\x00l\x00\
o\x00s\x00e\x00 \x00t\x00h\x00e\x00 \x00\
i\x00n\x00f\x00o\x00 \x00m\x00e\x00s\x00\
s\x00a\x00g\x00e\x00 \x00b\x00o\x00x\x08\
\x00\x00\x00\x00\x06\x00\x00\x00#Manuall\
y close the info\
 message box\x07\x00\x00\x00\
\x09T_InfoBar\x01\x03\x00\x00\x00\x1e\
\x00T\x00h\x00i\x00s\x00 \x00i\x00s\x00 \
\x00a\x00n\x00 \x00'\x00%\x001\x00'\x08\x00\
\x00\x00\x00\x06\x00\x00\x00\x0fThis is \
an '%1'\x07\x00\x00\x00\x09T_In\
foBar\x01\x03\x00\x00\x00J\x00T\x00h\x00\
i\x00s\x00 \x00i\x00s\x00 \x00a\x00n\x00\
 \x00I\x00n\x00f\x00o\x00B\x00a\x00r\x00\
 \x00i\x00n\x00 \x00t\x00h\x00e\x00 \x00\
E\x00r\x00r\x00o\x00r\x00 \x00S\x00t\x00\
y\x00l\x00e\x08\x00\x00\x00\x00\x06\x00\x00\x00%T\
his is an InfoBa\
r in the Error S\
tyle\x07\x00\x00\x00\x09T_InfoB\
ar\x01\x03\x00\x00\x00H\x00T\x00h\x00i\x00s\
\x00 \x00i\x00s\x00 \x00a\x00n\x00 \x00I\
\x00n\x00f\x00o\x00B\x00a\x00r\x00 \x00i\
\x00n\x00 \x00t\x00h\x00e\x00 \x00I\x00n\
\x00f\x00o\x00 \x00S\x00t\x00y\x00l\x00e\
\x08\x00\x00\x00\x00\x06\x00\x00\x00$This i\
s an InfoBar in \
the Info Style\x07\x00\
\x00\x00\x09T_InfoBar\x01\x03\x00\x00\
\x00N\x00T\x00h\x00i\x00s\x00 \x00i\x00s\
\x00 \x00a\x00n\x00 \x00I\x00n\x00f\x00o\
\x00B\x00a\x00r\x00 \x00i\x00n\x00 \x00t\
\x00h\x00e\x00 \x00S\x00u\x00c\x00c\x00e\
\x00s\x00s\x00 \x00S\x00t\x00y\x00l\x00e\
\x08\x00\x00\x00\x00\x06\x00\x00\x00'This i\
s an InfoBar in \
the Success Styl\
e\x07\x00\x00\x00\x09T_InfoBar\x01\
\x03\x00\x00\x00N\x00T\x00h\x00i\x00s\x00 \x00\
i\x00s\x00 \x00a\x00n\x00 \x00I\x00n\x00\
f\x00o\x00B\x00a\x00r\x00 \x00i\x00n\x00\
 \x00t\x00h\x00e\x00 \x00W\x00a\x00r\x00\
n\x00i\x00n\x00g\x00 \x00S\x00t\x00y\x00\
l\x00e\x08\x00\x00\x00\x00\x06\x00\x00\x00'Thi\
s is an InfoBar \
in the Warning S\
tyle\x07\x00\x00\x00\x09T_InfoB\
ar\x01\x03\x00\x00\x00\x0e\x00W\x00a\x00r\x00n\
\x00i\x00n\x00g\x08\x00\x00\x00\x00\x06\x00\x00\x00\x07\
Warning\x07\x00\x00\x00\x09T_In\
foBar\x01\x03\x00\x00\x00\x1c\x00c\x00l\x00\
e\x00a\x00r\x00 \x00a\x00l\x00l\x00 \x00\
i\x00n\x00f\x00o\x08\x00\x00\x00\x00\x06\x00\x00\x00\
\x0eclear all info\x07\
\x00\x00\x00\x09T_InfoBar\x01\x03\x00\
\x00\x00\x14\x00c\x00l\x00o\x00s\x00e\x00 \x00\
'\x00%\x001\x00'\x08\x00\x00\x00\x00\x06\x00\x00\x00\
\x0aclose '%1'\x07\x00\x00\x00\x09\
T_InfoBar\x01\x03\x00\x00\x00\x10\x00\
s\x00h\x00o\x00w\x00 \x00'\x00%\x001\x08\
\x00\x00\x00\x00\x06\x00\x00\x00\x08show '%\
1\x07\x00\x00\x00\x09T_InfoBar\x01\
\x03\x00\x00\x00\x16\x00%\x001\x00 \x00m\x00e\x00\
s\x00s\x00a\x00g\x00e\x00s\x08\x00\x00\x00\x00\
\x06\x00\x00\x00\x0b%1 messages\
\x07\x00\x00\x00\x06T_Jira\x01\x03\x00\x00\x00\
\x14\x00A\x00I\x00 \x00S\x00u\x00m\x00m\x00\
a\x00r\x00y\x08\x00\x00\x00\x00\x06\x00\x00\x00\x0aA\
I Summary\x07\x00\x00\x00\x06T_\
Jira\x01\x03\x00\x00\x00\x14\x00A\x00d\x00d\
\x00 \x00S\x00o\x00u\x00r\x00c\x00e\x08\x00\
\x00\x00\x00\x06\x00\x00\x00\x0aAdd Sour\
ce\x07\x00\x00\x00\x06T_Jira\x01\x03\x00\
\x00\x00,\x00A\x00l\x00l\x00 \x00S\x00u\x00\
p\x00p\x00o\x00r\x00t\x00e\x00d\x00 \x00\
P\x00r\x00o\x00j\x00e\x00c\x00t\x00s\x08\
\x00\x00\x00\x00\x06\x00\x00\x00\x16All Sup\
ported Projects\x07\
\x00\x00\x00\x06T_Jira\x01\x03\x00\x00\x00\x10\
\x00A\x00n\x00a\x00l\x00y\x00s\x00i\x00s\
\x08\x00\x00\x00\x00\x06\x00\x00\x00\x08Analys\
is\x07\x00\x00\x00\x06T_Jira\x01\x03\x00\
\x00\x00X\x00A\x00n\x00a\x00l\x00y\x00z\x00\
e\x00 \x00%\x001\x00 \x00a\x00n\x00d\x00\
 \x00t\x00e\x00l\x00l\x00 \x00m\x00e\x00\
 \x00t\x00h\x00e\x00 \x00r\x00i\x00s\x00\
k\x00 \x00f\x00o\x00r\x00 \x00t\x00e\x00\
s\x00t\x00i\x00n\x00g\x00.\x08\x00\x00\x00\x00\
\x06\x00\x00\x00,Analyze %1 \
and tell me the \
risk for testing\
.\x07\x00\x00\x00\x06T_Jira\x01\x03\x00\x00\
\x00\x90\x00A\x00n\x00a\x00l\x00y\x00z\x00e\
\x00 \x00o\x00p\x00e\x00n\x00 \x00b\x00u\
\x00g\x00s\x00 \x00r\x00e\x00l\x00a\x00t\
\x00e\x00d\x00 \x00t\x00o\x00 \x00W\x00i\
\x00-\x00F\x00i\x00 \x00s\x00t\x00a\x00b\
\x00i\x00l\x00i\x00t\x00y\x00 \x00a\x00n\
\x00d\x00 \x00s\x00u\x00m\x00m\x00a\x00r\
\x00i\x00z\x00e\x00 \x00t\x00h\x00e\x00 \
\x00h\x00o\x00t\x00s\x00p\x00o\x00t\x00s\
\x00.\x08\x00\x00\x00\x00\x06\x00\x00\x00HAnal\
yze open bugs re\
lated to Wi-Fi s\
tability and sum\
marize the hotsp\
ots.\x07\x00\x00\x00\x06T_Jira\x01\
\x03\x00\x00\x00\x18\x00A\x00s\x00k\x00 \x00a\x00\
n\x00y\x00t\x00h\x00i\x00n\x00g\x08\x00\x00\
\x00\x00\x06\x00\x00\x00\x0cAsk anyth\
ing\x07\x00\x00\x00\x06T_Jira\x01\x03\
\x00\x00\x00\x10\x00A\x00s\x00s\x00i\x00g\x00n\
\x00e\x00e\x08\x00\x00\x00\x00\x06\x00\x00\x00\x08As\
signee\x07\x00\x00\x00\x06T_Jir\
a\x01\x03\x00\x00\x00\x14\x00B\x00u\x00g\x00 \x00\
S\x00t\x00a\x00t\x00u\x00s\x08\x00\x00\x00\x00\
\x06\x00\x00\x00\x0aBug Status\x07\
\x00\x00\x00\x06T_Jira\x01\x03\x00\x00\x00\x1a\
\x00C\x00l\x00e\x00a\x00r\x00 \x00S\x00e\
\x00s\x00s\x00i\x00o\x00n\x08\x00\x00\x00\x00\x06\
\x00\x00\x00\x0dClear Sessio\
n\x07\x00\x00\x00\x06T_Jira\x01\x03\x00\x00\
\x00d\x00C\x00l\x00i\x00c\x00k\x00 \x00t\
\x00o\x00 \x00a\x00p\x00p\x00l\x00y\x00 \
\x00t\x00h\x00i\x00s\x00 \x00f\x00i\x00l\
\x00t\x00e\x00r\x00 \x00t\x00o\x00 \x00t\
\x00h\x00e\x00 \x00c\x00u\x00r\x00r\x00e\
\x00n\x00t\x00 \x00J\x00Q\x00L\x00 \x00b\
\x00o\x00x\x00.\x08\x00\x00\x00\x00\x06\x00\x00\x002\
Click to apply t\
his filter to th\
e current JQL bo\
x.\x07\x00\x00\x00\x06T_Jira\x01\x03\x00\
\x00\x00\x22\x00C\x00l\x00i\x00c\x00k\x00 \x00\
t\x00o\x00 \x00c\x00o\x00l\x00l\x00a\x00\
p\x00s\x00e\x08\x00\x00\x00\x00\x06\x00\x00\x00\x11C\
lick to collapse\
\x07\x00\x00\x00\x06T_Jira\x01\x03\x00\x00\x00\
\x1e\x00C\x00l\x00i\x00c\x00k\x00 \x00t\x00\
o\x00 \x00e\x00x\x00p\x00a\x00n\x00d\x08\
\x00\x00\x00\x00\x06\x00\x00\x00\x0fClick t\
o expand\x07\x00\x00\x00\x06T_J\
ira\x01\x03\x00\x00\x00b\x00C\x00l\x00i\x00\
c\x00k\x00 \x00t\x00o\x00 \x00p\x00l\x00\
a\x00c\x00e\x00 \x00t\x00h\x00i\x00s\x00\
 \x00p\x00r\x00o\x00m\x00p\x00t\x00 \x00\
i\x00n\x00t\x00o\x00 \x00t\x00h\x00e\x00\
 \x00A\x00I\x00 \x00i\x00n\x00p\x00u\x00\
t\x00 \x00b\x00o\x00x\x00.\x08\x00\x00\x00\x00\
\x06\x00\x00\x001Click to pl\
ace this prompt \
into the AI inpu\
t box.\x07\x00\x00\x00\x06T_Jir\
a\x01\x03\x00\x00\x00\x0a\x00C\x00l\x00o\x00s\x00\
e\x08\x00\x00\x00\x00\x06\x00\x00\x00\x05Close\
\x07\x00\x00\x00\x06T_Jira\x01\x03\x00\x00\x00\
(\x00C\x00l\x00u\x00s\x00t\x00e\x00r\x00\
 \x00b\x00y\x00 \x00c\x00o\x00m\x00p\x00\
o\x00n\x00e\x00n\x00t\x08\x00\x00\x00\x00\x06\x00\
\x00\x00\x14Cluster by co\
mponent\x07\x00\x00\x00\x06T_Ji\
ra\x01\x03\x00\x00\x00\x10\x00C\x00o\x00m\x00m\
\x00e\x00n\x00t\x00s\x08\x00\x00\x00\x00\x06\x00\x00\
\x00\x08Comments\x07\x00\x00\x00\x06T\
_Jira\x01\x03\x00\x00\x00&\x00C\x00o\x00\
m\x00m\x00o\x00n\x00 \x00J\x00i\x00r\x00\
a\x00 \x00F\x00i\x00l\x00t\x00e\x00r\x00\
s\x08\x00\x00\x00\x00\x06\x00\x00\x00\x13Commo\
n Jira Filters\x07\x00\
\x00\x00\x06T_Jira\x01\x03\x00\x00\x00\x12\x00\
C\x00o\x00n\x00n\x00e\x00c\x00t\x00e\x00\
d\x08\x00\x00\x00\x00\x06\x00\x00\x00\x09Conne\
cted\x07\x00\x00\x00\x06T_Jira\x01\
\x03\x00\x00\x00\x14\x00C\x00o\x00n\x00n\x00e\x00\
c\x00t\x00i\x00o\x00n\x08\x00\x00\x00\x00\x06\x00\
\x00\x00\x0aConnection\x07\x00\x00\
\x00\x06T_Jira\x01\x03\x00\x00\x00(\x00C\
\x00o\x00n\x00v\x00e\x00r\x00s\x00a\x00t\
\x00i\x00o\x00n\x00 \x00H\x00i\x00s\x00t\
\x00o\x00r\x00y\x08\x00\x00\x00\x00\x06\x00\x00\x00\x14\
Conversation His\
tory\x07\x00\x00\x00\x06T_Jira\x01\
\x03\x00\x00\x00\x08\x00C\x00o\x00p\x00y\x08\x00\x00\
\x00\x00\x06\x00\x00\x00\x04Copy\x07\x00\x00\x00\x06\
T_Jira\x01\x03\x00\x00\x004\x00C\x00r\
\x00i\x00t\x00i\x00c\x00a\x00l\x00 \x00a\
\x00n\x00d\x00 \x00b\x00l\x00o\x00c\x00k\
\x00e\x00d\x00 \x00i\x00t\x00e\x00m\x00s\
\x08\x00\x00\x00\x00\x06\x00\x00\x00\x1aCritic\
al and blocked i\
tems\x07\x00\x00\x00\x06T_Jira\x01\
\x03\x00\x00\x00\x16\x00D\x00e\x00s\x00c\x00r\x00\
i\x00p\x00t\x00i\x00o\x00n\x08\x00\x00\x00\x00\
\x06\x00\x00\x00\x0bDescription\
\x07\x00\x00\x00\x06T_Jira\x01\x03\x00\x00\x00\
\x90\x00F\x00i\x00n\x00d\x00 \x00h\x00i\x00\
g\x00h\x00-\x00p\x00r\x00i\x00o\x00r\x00\
i\x00t\x00y\x00 \x00J\x00i\x00r\x00a\x00\
 \x00t\x00i\x00c\x00k\x00e\x00t\x00s\x00\
 \x00t\x00h\x00a\x00t\x00 \x00m\x00a\x00\
y\x00 \x00a\x00f\x00f\x00e\x00c\x00t\x00\
 \x00t\x00h\x00e\x00 \x00n\x00e\x00x\x00\
t\x00 \x00r\x00e\x00g\x00r\x00e\x00s\x00\
s\x00i\x00o\x00n\x00 \x00r\x00u\x00n\x00\
.\x08\x00\x00\x00\x00\x06\x00\x00\x00HFind \
high-priority Ji\
ra tickets that \
may affect the n\
ext regression r\
un.\x07\x00\x00\x00\x06T_Jira\x01\x03\
\x00\x00\x000\x00F\x00o\x00c\x00u\x00s\x00 \
\x00o\x00n\x00 \x00n\x00e\x00x\x00t\x00 \
\x00r\x00e\x00g\x00r\x00e\x00s\x00s\x00i\
\x00o\x00n\x08\x00\x00\x00\x00\x06\x00\x00\x00\x18Fo\
cus on next regr\
ession\x07\x00\x00\x00\x06T_Jir\
a\x01\x03\x00\x00\x00\x0e\x00H\x00i\x00s\x00t\x00\
o\x00r\x00y\x08\x00\x00\x00\x00\x06\x00\x00\x00\x07H\
istory\x07\x00\x00\x00\x06T_Jir\
a\x01\x03\x00\x00\x00\x16\x00I\x00s\x00s\x00u\x00\
e\x00 \x00T\x00y\x00p\x00e\x00s\x08\x00\x00\
\x00\x00\x06\x00\x00\x00\x0bIssue Typ\
es\x07\x00\x00\x00\x06T_Jira\x01\x03\x00\
\x00\x00\x0c\x00I\x00s\x00s\x00u\x00e\x00s\x08\
\x00\x00\x00\x00\x06\x00\x00\x00\x06Issues\x07\
\x00\x00\x00\x06T_Jira\x01\x03\x00\x00\x00\x14\
\x00J\x00Q\x00L\x00 \x00F\x00i\x00l\x00t\
\x00e\x00r\x08\x00\x00\x00\x00\x06\x00\x00\x00\x0aJQ\
L Filter\x07\x00\x00\x00\x06T_J\
ira\x01\x03\x00\x00\x00\x08\x00J\x00i\x00r\x00\
a\x08\x00\x00\x00\x00\x06\x00\x00\x00\x04Jira\x07\
\x00\x00\x00\x06T_Jira\x01\x03\x00\x00\x00\x18\
\x00J\x00i\x00r\x00a\x00 \x00A\x00I\x00 \
\x00C\x00h\x00a\x00t\x08\x00\x00\x00\x00\x06\x00\x00\
\x00\x0cJira AI Chat\x07\x00\
\x00\x00\x06T_Jira\x01\x03\x00\x00\x00\x22\x00\
J\x00i\x00r\x00a\x00 \x00A\x00I\x00 \x00\
W\x00o\x00r\x00k\x00s\x00p\x00a\x00c\x00\
e\x08\x00\x00\x00\x00\x06\x00\x00\x00\x11Jira \
AI Workspace\x07\x00\x00\x00\
\x06T_Jira\x01\x03\x00\x00\x00V\x00J\x00\
i\x00r\x00a\x00 \x00M\x00C\x00P\x00 \x00\
i\x00s\x00 \x00e\x00n\x00a\x00b\x00l\x00\
e\x00d\x00 \x00b\x00y\x00 \x00d\x00e\x00\
f\x00a\x00u\x00l\x00t\x00 \x00f\x00o\x00\
r\x00 \x00J\x00i\x00r\x00a\x00 \x00A\x00\
I\x00.\x08\x00\x00\x00\x00\x06\x00\x00\x00+Jir\
a MCP is enabled\
 by default for \
Jira AI.\x07\x00\x00\x00\x06T_J\
ira\x01\x03\x00\x00\x00\x18\x00K\x00e\x00y\x00\
w\x00o\x00r\x00d\x00 \x00t\x00e\x00x\x00\
t\x08\x00\x00\x00\x00\x06\x00\x00\x00\x0cKeywo\
rd text\x07\x00\x00\x00\x06T_Ji\
ra\x01\x03\x00\x00\x00\x0c\x00L\x00a\x00b\x00e\
\x00l\x00s\x08\x00\x00\x00\x00\x06\x00\x00\x00\x06La\
bels\x07\x00\x00\x00\x06T_Jira\x01\
\x03\x00\x00\x00\x12\x00L\x00o\x00a\x00d\x00 \x00\
M\x00o\x00r\x00e\x08\x00\x00\x00\x00\x06\x00\x00\x00\
\x09Load More\x07\x00\x00\x00\x06T\
_Jira\x01\x03\x00\x00\x00\x0e\x00L\x00o\x00\
a\x00d\x00i\x00n\x00g\x08\x00\x00\x00\x00\x06\x00\
\x00\x00\x07Loading\x07\x00\x00\x00\x06T\
_Jira\x01\x03\x00\x00\x008\x00L\x00o\x00\
a\x00d\x00i\x00n\x00g\x00 \x00y\x00o\x00\
u\x00r\x00 \x00J\x00i\x00r\x00a\x00 \x00\
f\x00i\x00l\x00t\x00e\x00r\x00s\x00.\x00\
.\x00.\x08\x00\x00\x00\x00\x06\x00\x00\x00\x1cLoa\
ding your Jira f\
ilters...\x07\x00\x00\x00\x06T_\
Jira\x01\x03\x00\x00\x00\x14\x00L\x00o\x00a\
\x00d\x00i\x00n\x00g\x00.\x00.\x00.\x08\x00\
\x00\x00\x00\x06\x00\x00\x00\x0aLoading.\
..\x07\x00\x00\x00\x06T_Jira\x01\x03\x00\
\x00\x00\x08\x00M\x00o\x00r\x00e\x08\x00\x00\x00\x00\
\x06\x00\x00\x00\x04More\x07\x00\x00\x00\x06T_\
Jira\x01\x03\x00\x00\x00\x14\x00M\x00y\x00 \
\x00F\x00i\x00l\x00t\x00e\x00r\x00s\x08\x00\
\x00\x00\x00\x06\x00\x00\x00\x0aMy Filte\
rs\x07\x00\x00\x00\x06T_Jira\x01\x03\x00\
\x00\x00 \x00N\x00o\x00 \x00c\x00o\x00m\x00\
m\x00e\x00n\x00t\x00s\x00 \x00y\x00e\x00\
t\x00.\x08\x00\x00\x00\x00\x06\x00\x00\x00\x10No \
comments yet.\x07\x00\x00\
\x00\x06T_Jira\x01\x03\x00\x00\x008\x00N\
\x00o\x00 \x00c\x00o\x00n\x00v\x00e\x00r\
\x00s\x00a\x00t\x00i\x00o\x00n\x00 \x00h\
\x00i\x00s\x00t\x00o\x00r\x00y\x00 \x00y\
\x00e\x00t\x00.\x08\x00\x00\x00\x00\x06\x00\x00\x00\x1c\
No conversation \
history yet.\x07\x00\x00\x00\
\x06T_Jira\x01\x03\x00\x00\x00b\x00N\x00\
o\x00 \x00f\x00a\x00v\x00o\x00u\x00r\x00\
i\x00t\x00e\x00 \x00f\x00i\x00l\x00t\x00\
e\x00r\x00s\x00 \x00w\x00e\x00r\x00e\x00\
 \x00f\x00o\x00u\x00n\x00d\x00 \x00f\x00\
o\x00r\x00 \x00t\x00h\x00i\x00s\x00 \x00\
a\x00c\x00c\x00o\x00u\x00n\x00t\x00.\x08\
\x00\x00\x00\x00\x06\x00\x00\x001No favo\
urite filters we\
re found for thi\
s account.\x07\x00\x00\x00\x06T\
_Jira\x01\x03\x00\x00\x00\x22\x00N\x00o\x00\
 \x00i\x00s\x00s\x00u\x00e\x00 \x00s\x00\
e\x00l\x00e\x00c\x00t\x00e\x00d\x08\x00\x00\
\x00\x00\x06\x00\x00\x00\x11No issue \
selected\x07\x00\x00\x00\x06T_J\
ira\x01\x03\x00\x00\x00@\x00N\x00o\x00 \x00\
o\x00p\x00t\x00i\x00o\x00n\x00s\x00 \x00\
i\x00n\x00 \x00c\x00u\x00r\x00r\x00e\x00\
n\x00t\x00 \x00r\x00e\x00s\x00u\x00l\x00\
t\x00 \x00s\x00e\x00t\x08\x00\x00\x00\x00\x06\x00\
\x00\x00 No options in\
 current result \
set\x07\x00\x00\x00\x06T_Jira\x01\x03\
\x00\x00\x00\x16\x00N\x00o\x00t\x00 \x00l\x00i\
\x00m\x00i\x00t\x00e\x00d\x08\x00\x00\x00\x00\x06\
\x00\x00\x00\x0bNot limited\x07\
\x00\x00\x00\x06T_Jira\x01\x03\x00\x00\x00\x88\
\x00P\x00a\x00s\x00t\x00e\x00 \x00a\x00 \
\x00J\x00i\x00r\x00a\x00 \x00f\x00i\x00l\
\x00t\x00e\x00r\x00,\x00 \x00f\x00o\x00r\
\x00 \x00e\x00x\x00a\x00m\x00p\x00l\x00e\
\x00:\x00 \x00p\x00r\x00o\x00j\x00e\x00c\
\x00t\x00 \x00=\x00 \x00T\x00V\x00 \x00O\
\x00R\x00D\x00E\x00R\x00 \x00B\x00Y\x00 \
\x00c\x00r\x00e\x00a\x00t\x00e\x00d\x00 \
\x00D\x00E\x00S\x00C\x08\x00\x00\x00\x00\x06\x00\x00\
\x00DPaste a Jira f\
ilter, for examp\
le: project = TV\
 ORDER BY create\
d DESC\x07\x00\x00\x00\x06T_Jir\
a\x01\x03\x00\x00\x00\x0e\x00P\x00r\x00e\x00v\x00\
i\x00e\x00w\x08\x00\x00\x00\x00\x06\x00\x00\x00\x07P\
review\x07\x00\x00\x00\x06T_Jir\
a\x01\x03\x00\x00\x00\x14\x00P\x00r\x00i\x00o\x00\
r\x00i\x00t\x00i\x00e\x00s\x08\x00\x00\x00\x00\
\x06\x00\x00\x00\x0aPriorities\x07\
\x00\x00\x00\x06T_Jira\x01\x03\x00\x00\x00\x10\
\x00P\x00r\x00i\x00o\x00r\x00i\x00t\x00y\
\x08\x00\x00\x00\x00\x06\x00\x00\x00\x08Priori\
ty\x07\x00\x00\x00\x06T_Jira\x01\x03\x00\
\x00\x00\x10\x00P\x00r\x00o\x00j\x00e\x00c\x00\
t\x00s\x08\x00\x00\x00\x00\x06\x00\x00\x00\x08Pro\
jects\x07\x00\x00\x00\x06T_Jira\
\x01\x03\x00\x00\x00\x0a\x00Q\x00u\x00i\x00c\x00k\
\x08\x00\x00\x00\x00\x06\x00\x00\x00\x05Quick\x07\
\x00\x00\x00\x06T_Jira\x01\x03\x00\x00\x00*\
\x00R\x00e\x00a\x00d\x00y\x00-\x00f\x00o\
\x00r\x00-\x00t\x00e\x00s\x00t\x00 \x00t\
\x00r\x00i\x00a\x00g\x00e\x08\x00\x00\x00\x00\x06\
\x00\x00\x00\x15Ready-for-te\
st triage\x07\x00\x00\x00\x06T_\
Jira\x01\x03\x00\x00\x00\x1e\x00R\x00e\x00c\
\x00e\x00n\x00t\x00 \x00S\x00e\x00s\x00s\
\x00i\x00o\x00n\x00s\x08\x00\x00\x00\x00\x06\x00\x00\
\x00\x0fRecent Session\
s\x07\x00\x00\x00\x06T_Jira\x01\x03\x00\x00\
\x00\x1e\x00R\x00e\x00f\x00r\x00e\x00s\x00h\
\x00 \x00R\x00e\x00s\x00u\x00l\x00t\x00s\
\x08\x00\x00\x00\x00\x06\x00\x00\x00\x0fRefres\
h Results\x07\x00\x00\x00\x06T_\
Jira\x01\x03\x00\x00\x00\x10\x00R\x00e\x00p\
\x00o\x00r\x00t\x00e\x00r\x08\x00\x00\x00\x00\x06\
\x00\x00\x00\x08Reporter\x07\x00\x00\x00\
\x06T_Jira\x01\x03\x00\x00\x00\x0c\x00R\x00\
e\x00s\x00e\x00n\x00d\x08\x00\x00\x00\x00\x06\x00\
\x00\x00\x06Resend\x07\x00\x00\x00\x06T_\
Jira\x01\x03\x00\x00\x00\x14\x00R\x00e\x00s\
\x00o\x00l\x00u\x00t\x00i\x00o\x00n\x08\x00\
\x00\x00\x00\x06\x00\x00\x00\x0aResoluti\
on\x07\x00\x00\x00\x06T_Jira\x01\x03\x00\
\x00\x00\x18\x00S\x00e\x00a\x00r\x00c\x00h\x00\
 \x00S\x00c\x00o\x00p\x00e\x08\x00\x00\x00\x00\
\x06\x00\x00\x00\x0cSearch Scop\
e\x07\x00\x00\x00\x06T_Jira\x01\x03\x00\x00\
\x00\x1c\x00S\x00e\x00l\x00e\x00c\x00t\x00e\
\x00d\x00 \x00I\x00s\x00s\x00u\x00e\x08\x00\
\x00\x00\x00\x06\x00\x00\x00\x0eSelected\
 Issue\x07\x00\x00\x00\x06T_Jir\
a\x01\x03\x00\x00\x00\x80\x00S\x00h\x00o\x00w\x00\
 \x00t\x00h\x00e\x00 \x00i\x00s\x00s\x00\
u\x00e\x00s\x00 \x00a\x00s\x00s\x00i\x00\
g\x00n\x00e\x00d\x00 \x00t\x00o\x00 \x00\
m\x00e\x00 \x00t\x00h\x00i\x00s\x00 \x00\
w\x00e\x00e\x00k\x00 \x00a\x00n\x00d\x00\
 \x00p\x00o\x00i\x00n\x00t\x00 \x00o\x00\
u\x00t\x00 \x00b\x00l\x00o\x00c\x00k\x00\
e\x00r\x00s\x00.\x08\x00\x00\x00\x00\x06\x00\x00\x00\
@Show the issues\
 assigned to me \
this week and po\
int out blockers\
.\x07\x00\x00\x00\x06T_Jira\x01\x03\x00\x00\
\x00\x8c\x00S\x00i\x00g\x00n\x00e\x00d\x00 \
\x00i\x00n\x00 \x00a\x00s\x00 \x00%\x001\
\x00.\x00 \x00L\x00D\x00A\x00P\x00 \x00c\
\x00r\x00e\x00d\x00e\x00n\x00t\x00i\x00a\
\x00l\x00s\x00 \x00a\x00r\x00e\x00 \x00r\
\x00e\x00u\x00s\x00e\x00d\x00 \x00d\x00i\
\x00r\x00e\x00c\x00t\x00l\x00y\x00 \x00f\
\x00o\x00r\x00 \x00J\x00i\x00r\x00a\x00 \
\x00a\x00c\x00c\x00e\x00s\x00s\x00.\x08\x00\
\x00\x00\x00\x06\x00\x00\x00FSigned i\
n as %1. LDAP cr\
edentials are re\
used directly fo\
r Jira access.\x07\x00\
\x00\x00\x06T_Jira\x01\x03\x00\x00\x00z\x00\
S\x00m\x00a\x00r\x00t\x00T\x00e\x00s\x00\
t\x00 \x00A\x00I\x00 \x00c\x00a\x00n\x00\
 \x00m\x00a\x00k\x00e\x00 \x00m\x00i\x00\
s\x00t\x00a\x00k\x00e\x00s\x00.\x00 \x00\
V\x00e\x00r\x00i\x00f\x00y\x00 \x00i\x00\
m\x00p\x00o\x00r\x00t\x00a\x00n\x00t\x00\
 \x00i\x00n\x00f\x00o\x00r\x00m\x00a\x00\
t\x00i\x00o\x00n\x00.\x08\x00\x00\x00\x00\x06\x00\
\x00\x00=SmartTest AI \
can make mistake\
s. Verify import\
ant information.\
\x07\x00\x00\x00\x06T_Jira\x01\x03\x00\x00\x00\
\x0e\x00S\x00o\x00u\x00r\x00c\x00e\x00s\x08\
\x00\x00\x00\x00\x06\x00\x00\x00\x07Sources\
\x07\x00\x00\x00\x06T_Jira\x01\x03\x00\x00\x00\
$\x00S\x00p\x00r\x00i\x00n\x00t\x00 \x00\
r\x00i\x00s\x00k\x00 \x00r\x00e\x00v\x00\
i\x00e\x00w\x08\x00\x00\x00\x00\x06\x00\x00\x00\x12S\
print risk revie\
w\x07\x00\x00\x00\x06T_Jira\x01\x03\x00\x00\
\x00\x0c\x00S\x00t\x00a\x00t\x00u\x00s\x08\x00\
\x00\x00\x00\x06\x00\x00\x00\x06Status\x07\x00\
\x00\x00\x06T_Jira\x01\x03\x00\x00\x00\x10\x00\
S\x00t\x00a\x00t\x00u\x00s\x00e\x00s\x08\
\x00\x00\x00\x00\x06\x00\x00\x00\x08Statuse\
s\x07\x00\x00\x00\x06T_Jira\x01\x03\x00\x00\
\x00$\x00S\x00t\x00r\x00u\x00c\x00t\x00u\
\x00r\x00e\x00d\x00 \x00R\x00e\x00s\x00u\
\x00l\x00t\x00s\x08\x00\x00\x00\x00\x06\x00\x00\x00\x12\
Structured Resul\
ts\x07\x00\x00\x00\x06T_Jira\x01\x03\x00\
\x00\x00,\x00S\x00u\x00g\x00g\x00e\x00s\x00\
t\x00e\x00d\x00 \x00N\x00e\x00x\x00t\x00\
 \x00A\x00c\x00t\x00i\x00o\x00n\x00s\x08\
\x00\x00\x00\x00\x06\x00\x00\x00\x16Suggest\
ed Next Actions\x07\
\x00\x00\x00\x06T_Jira\x01\x03\x00\x00\x00\x22\
\x00S\x00u\x00g\x00g\x00e\x00s\x00t\x00e\
\x00d\x00 \x00Q\x00u\x00e\x00r\x00i\x00e\
\x00s\x08\x00\x00\x00\x00\x06\x00\x00\x00\x11Sugg\
ested Queries\x07\x00\x00\
\x00\x06T_Jira\x01\x03\x00\x00\x00\x16\x00T\
\x00h\x00i\x00n\x00k\x00i\x00n\x00g\x00.\
\x00.\x00.\x08\x00\x00\x00\x00\x06\x00\x00\x00\x0bTh\
inking...\x07\x00\x00\x00\x06T_\
Jira\x01\x03\x00\x00\x00\x16\x00T\x00i\x00m\
\x00e\x00 \x00W\x00i\x00n\x00d\x00o\x00w\
\x08\x00\x00\x00\x00\x06\x00\x00\x00\x0bTime W\
indow\x07\x00\x00\x00\x06T_Jira\
\x01\x03\x00\x00\x00\x08\x00T\x00y\x00p\x00e\x08\x00\
\x00\x00\x00\x06\x00\x00\x00\x04Type\x07\x00\x00\x00\
\x06T_Jira\x01\x03\x00\x00\x00$\x00U\x00\
s\x00e\x00 \x00S\x00e\x00l\x00e\x00c\x00\
t\x00e\x00d\x00 \x00I\x00s\x00s\x00u\x00\
e\x08\x00\x00\x00\x00\x06\x00\x00\x00\x12Use S\
elected Issue\x07\x00\x00\
\x00\x06T_Jira\x01\x03\x00\x00\x00\x0a\x00V\
\x00o\x00i\x00c\x00e\x08\x00\x00\x00\x00\x06\x00\x00\
\x00\x05Voice\x07\x00\x00\x00\x06T_Ji\
ra\x01\x03\x00\x00\x00\x0e\x00W\x00a\x00i\x00t\
\x00i\x00n\x00g\x08\x00\x00\x00\x00\x06\x00\x00\x00\x07\
Waiting\x07\x00\x00\x00\x06T_Ji\
ra\x01\x03\x00\x00\x00\xc8\x00W\x00h\x00e\x00n\
\x00 \x00t\x00h\x00i\x00s\x00 \x00f\x00i\
\x00e\x00l\x00d\x00 \x00i\x00s\x00 \x00f\
\x00i\x00l\x00l\x00e\x00d\x00,\x00 \x00S\
\x00m\x00a\x00r\x00t\x00T\x00e\x00s\x00t\
\x00 \x00u\x00s\x00e\x00s\x00 \x00t\x00h\
\x00i\x00s\x00 \x00J\x00Q\x00L\x00 \x00d\
\x00i\x00r\x00e\x00c\x00t\x00l\x00y\x00 \
\x00a\x00n\x00d\x00 \x00s\x00k\x00i\x00p\
\x00s\x00 \x00t\x00h\x00e\x00 \x00c\x00o\
\x00m\x00m\x00o\x00n\x00 \x00J\x00i\x00r\
\x00a\x00 \x00f\x00i\x00l\x00t\x00e\x00r\
\x00s\x00 \x00b\x00e\x00l\x00o\x00w\x00.\
\x08\x00\x00\x00\x00\x06\x00\x00\x00dWhen t\
his field is fil\
led, SmartTest u\
ses this JQL dir\
ectly and skips \
the common Jira \
filters below.\x07\x00\
\x00\x00\x06T_Jira\x01\x03\x00\x00\x00*\x00\
W\x00i\x00-\x00F\x00i\x00 \x00d\x00e\x00\
f\x00e\x00c\x00t\x00 \x00a\x00n\x00a\x00\
l\x00y\x00s\x00i\x00s\x08\x00\x00\x00\x00\x06\x00\
\x00\x00\x15Wi-Fi defect \
analysis\x07\x00\x00\x00\x06T_J\
ira\x01\x03\x00\x00\x00\x1e\x00W\x00o\x00r\x00\
k\x00f\x00l\x00o\x00w\x00 \x00P\x00r\x00\
e\x00s\x00e\x00t\x08\x00\x00\x00\x00\x06\x00\x00\x00\
\x0fWorkflow Preset\
\x07\x00\x00\x00\x06T_Jira\x01\x03\x00\x00\x00\
J\x00|\x00 \x00U\x00p\x00d\x00a\x00t\x00\
e\x00d\x00 \x00%\x001\x00 \x00|\x00 \x00\
%\x002\x00 \x00c\x00o\x00m\x00m\x00e\x00\
n\x00t\x00s\x00 \x00|\x00 \x00%\x003\x00\
 \x00l\x00i\x00n\x00k\x00s\x08\x00\x00\x00\x00\
\x06\x00\x00\x00%| Updated %\
1 | %2 comments \
| %3 links\x07\x00\x00\x00\x06T\
_Jira\x01\x03\x00\x00\x00\x14\x00L\x00i\x00\
n\x00e\x00 \x00C\x00h\x00a\x00r\x00t\x08\
\x00\x00\x00\x00\x06\x00\x00\x00\x0aLine Ch\
art\x07\x00\x00\x00\x0bT_LineCh\
art\x01\x03\x00\x00\x00\x0a\x00A\x00b\x00o\x00\
u\x00t\x08\x00\x00\x00\x00\x06\x00\x00\x00\x05Abo\
ut\x07\x00\x00\x00\x06T_Menu\x01\x03\x00\
\x00\x00\x0a\x00C\x00h\x00e\x00c\x00k\x08\x00\x00\
\x00\x00\x06\x00\x00\x00\x05Check\x07\x00\x00\x00\
\x06T_Menu\x01\x03\x00\x00\x00\x08\x00C\x00\
o\x00p\x00y\x08\x00\x00\x00\x00\x06\x00\x00\x00\x04C\
opy\x07\x00\x00\x00\x06T_Menu\x01\x03\
\x00\x00\x00\x06\x00C\x00u\x00t\x08\x00\x00\x00\x00\x06\
\x00\x00\x00\x03Cut\x07\x00\x00\x00\x06T_Me\
nu\x01\x03\x00\x00\x00\x0e\x00D\x00i\x00s\x00a\
\x00b\x00l\x00e\x08\x00\x00\x00\x00\x06\x00\x00\x00\x07\
Disable\x07\x00\x00\x00\x06T_Me\
nu\x01\x03\x00\x00\x00\x06\x00D\x00o\x00c\x08\x00\
\x00\x00\x00\x06\x00\x00\x00\x03Doc\x07\x00\x00\x00\x06\
T_Menu\x01\x03\x00\x00\x00\x08\x00E\x00d\
\x00i\x00t\x08\x00\x00\x00\x00\x06\x00\x00\x00\x04Ed\
it\x07\x00\x00\x00\x06T_Menu\x01\x03\x00\
\x00\x00\x08\x00F\x00i\x00l\x00e\x08\x00\x00\x00\x00\
\x06\x00\x00\x00\x04File\x07\x00\x00\x00\x06T_\
Menu\x01\x03\x00\x00\x00\x08\x00H\x00e\x00l\
\x00p\x08\x00\x00\x00\x00\x06\x00\x00\x00\x04Help\
\x07\x00\x00\x00\x06T_Menu\x01\x03\x00\x00\x00\
\x08\x00M\x00e\x00n\x00u\x08\x00\x00\x00\x00\x06\x00\
\x00\x00\x04Menu\x07\x00\x00\x00\x06T_Me\
nu\x01\x03\x00\x00\x00\x0e\x00M\x00e\x00n\x00u\
\x00B\x00a\x00r\x08\x00\x00\x00\x00\x06\x00\x00\x00\x07\
MenuBar\x07\x00\x00\x00\x06T_Me\
nu\x01\x03\x00\x00\x00\x0c\x00N\x00e\x00w\x00.\
\x00.\x00.\x08\x00\x00\x00\x00\x06\x00\x00\x00\x06Ne\
w...\x07\x00\x00\x00\x06T_Menu\x01\
\x03\x00\x00\x00\x0e\x00O\x00p\x00e\x00n\x00.\x00\
.\x00.\x08\x00\x00\x00\x00\x06\x00\x00\x00\x07Ope\
n...\x07\x00\x00\x00\x06T_Menu\x01\
\x03\x00\x00\x00\x06\x00P\x00D\x00F\x08\x00\x00\x00\x00\
\x06\x00\x00\x00\x03PDF\x07\x00\x00\x00\x06T_M\
enu\x01\x03\x00\x00\x00\x0a\x00P\x00a\x00s\x00\
t\x00e\x08\x00\x00\x00\x00\x06\x00\x00\x00\x05Pas\
te\x07\x00\x00\x00\x06T_Menu\x01\x03\x00\
\x00\x00\x08\x00Q\x00u\x00i\x00t\x08\x00\x00\x00\x00\
\x06\x00\x00\x00\x04Quit\x07\x00\x00\x00\x06T_\
Menu\x01\x03\x00\x00\x00\x08\x00S\x00a\x00v\
\x00e\x08\x00\x00\x00\x00\x06\x00\x00\x00\x04Save\
\x07\x00\x00\x00\x06T_Menu\x01\x03\x00\x00\x00\
\x14\x00S\x00a\x00v\x00e\x00 \x00A\x00s\x00\
.\x00.\x00.\x08\x00\x00\x00\x00\x06\x00\x00\x00\x0aS\
ave As...\x07\x00\x00\x00\x06T_\
Menu\x01\x03\x00\x00\x00\x0c\x00S\x00e\x00a\
\x00r\x00c\x00h\x08\x00\x00\x00\x00\x06\x00\x00\x00\x06\
Search\x07\x00\x00\x00\x06T_Men\
u\x01\x03\x00\x00\x00\x1e\x00S\x00h\x00o\x00w\x00\
 \x00M\x00e\x00n\x00u\x00 \x00P\x00o\x00\
p\x00u\x00p\x08\x00\x00\x00\x00\x06\x00\x00\x00\x0fS\
how Menu Popup\x07\x00\
\x00\x00\x06T_Menu\x01\x03\x00\x00\x00\xe8\x00\
<\x00f\x00o\x00n\x00t\x00 \x00c\x00o\x00\
l\x00o\x00r\x00=\x00'\x00r\x00e\x00d\x00\
'\x00>\x00S\x00i\x00n\x00g\x00l\x00e\x00\
I\x00n\x00s\x00t\x00a\x00n\x00c\x00e\x00\
<\x00/\x00f\x00o\x00n\x00t\x00>\x00 \x00\
m\x00o\x00d\x00e\x00 \x00w\x00i\x00n\x00\
d\x00o\x00w\xff\x0c\x00I\x00f\x00 \x00t\x00\
h\x00e\x00 \x00w\x00i\x00n\x00d\x00o\x00\
w\x00 \x00e\x00x\x00i\x00s\x00t\x00s\x00\
,\x00 \x00d\x00e\x00s\x00t\x00r\x00o\x00\
y\x00 \x00t\x00h\x00e\x00 \x00w\x00i\x00\
n\x00d\x00o\x00w\x00 \x00a\x00n\x00d\x00\
 \x00c\x00r\x00e\x00a\x00t\x00e\x00 \x00\
a\x00 \x00n\x00e\x00w\x00 \x00w\x00i\x00\
n\x00d\x00o\x00w\x08\x00\x00\x00\x00\x06\x00\x00\x00\
v<font color='re\
d'>SingleInstanc\
e</font> mode wi\
ndow\xef\xbc\x8cIf the wi\
ndow exists, des\
troy the window \
and create a new\
 window\x07\x00\x00\x00\x0dT_Mu\
ltiWindow\x01\x03\x00\x00\x00\xba\x00\
<\x00f\x00o\x00n\x00t\x00 \x00c\x00o\x00\
l\x00o\x00r\x00=\x00'\x00r\x00e\x00d\x00\
'\x00>\x00S\x00i\x00n\x00g\x00l\x00e\x00\
T\x00a\x00s\x00k\x00<\x00/\x00f\x00o\x00\
n\x00t\x00>\x00 \x00m\x00o\x00d\x00e\x00\
 \x00w\x00i\x00n\x00d\x00o\x00w\xff\x0c\x00\
I\x00f\x00 \x00a\x00 \x00w\x00i\x00n\x00\
d\x00o\x00w\x00 \x00e\x00x\x00i\x00s\x00\
t\x00s\x00,\x00 \x00t\x00h\x00i\x00s\x00\
 \x00a\x00c\x00t\x00i\x00v\x00a\x00t\x00\
e\x00s\x00 \x00t\x00h\x00e\x00 \x00w\x00\
i\x00n\x00d\x00o\x00w\x08\x00\x00\x00\x00\x06\x00\
\x00\x00_<font color='\
red'>SingleTask<\
/font> mode wind\
ow\xef\xbc\x8cIf a window\
 exists, this ac\
tivates the wind\
ow\x07\x00\x00\x00\x0dT_MultiWi\
ndow\x01\x03\x00\x00\x00\xa0\x00<\x00f\x00o\
\x00n\x00t\x00 \x00c\x00o\x00l\x00o\x00r\
\x00=\x00'\x00r\x00e\x00d\x00'\x00>\x00S\
\x00t\x00a\x00n\x00d\x00a\x00r\x00d\x00<\
\x00/\x00f\x00o\x00n\x00t\x00>\x00 \x00m\
\x00o\x00d\x00e\x00 \x00w\x00i\x00n\x00d\
\x00o\x00w\xff\x0c\x00a\x00 \x00n\x00e\x00w\
\x00 \x00w\x00i\x00n\x00d\x00o\x00w\x00 \
\x00i\x00s\x00 \x00c\x00r\x00e\x00a\x00t\
\x00e\x00d\x00 \x00e\x00v\x00e\x00r\x00y\
\x00 \x00t\x00i\x00m\x00e\x08\x00\x00\x00\x00\x06\
\x00\x00\x00R<font color=\
'red'>Standard</\
font> mode windo\
w\xef\xbc\x8ca new window\
 is created ever\
y time\x07\x00\x00\x00\x0dT_Mul\
tiWindow\x01\x03\x00\x00\x00\x1a\x00C\
\x00r\x00e\x00a\x00t\x00e\x00 \x00W\x00i\
\x00n\x00d\x00o\x00w\x08\x00\x00\x00\x00\x06\x00\x00\
\x00\x0dCreate Window\x07\
\x00\x00\x00\x0dT_MultiWindo\
w\x01\x03\x00\x00\x00j\x00C\x00r\x00e\x00a\x00\
t\x00e\x00 \x00a\x00 \x00w\x00i\x00n\x00\
d\x00o\x00w\x00 \x00w\x00i\x00t\x00h\x00\
 \x00t\x00h\x00e\x00 \x00p\x00a\x00r\x00\
a\x00m\x00e\x00t\x00e\x00r\x00 \x00u\x00\
s\x00e\x00r\x00n\x00a\x00m\x00e\x00:\x00\
 \x00z\x00h\x00u\x00z\x00i\x00c\x00h\x00\
u\x08\x00\x00\x00\x00\x06\x00\x00\x005Creat\
e a window with \
the parameter us\
ername: zhuzichu\
\x07\x00\x00\x00\x0dT_MultiWind\
ow\x01\x03\x00\x00\x00b\x00C\x00r\x00e\x00a\
\x00t\x00e\x00 \x00t\x00h\x00e\x00 \x00w\
\x00i\x00n\x00d\x00o\x00w\x00 \x00w\x00i\
\x00t\x00h\x00o\x00u\x00t\x00 \x00c\x00a\
\x00r\x00r\x00y\x00i\x00n\x00g\x00 \x00a\
\x00n\x00y\x00 \x00p\x00a\x00r\x00a\x00m\
\x00e\x00t\x00e\x00r\x00s\x08\x00\x00\x00\x00\x06\
\x00\x00\x001Create the w\
indow without ca\
rrying any param\
eters\x07\x00\x00\x00\x0dT_Mult\
iWindow\x01\x03\x00\x00\x00D\x00L\x00\
o\x00g\x00i\x00n\x00 \x00W\x00i\x00n\x00\
d\x00o\x00w\x00 \x00R\x00e\x00t\x00u\x00\
r\x00n\x00e\x00d\x00 \x00P\x00a\x00s\x00\
s\x00w\x00o\x00r\x00d\x00 \x00-\x00 \x00\
>\x08\x00\x00\x00\x00\x06\x00\x00\x00\x22Login\
 Window Returned\
 Password - >\x07\x00\x00\
\x00\x0dT_MultiWindow\x01\
\x03\x00\x00\x00\x16\x00M\x00u\x00l\x00t\x00i\x00\
W\x00i\x00n\x00d\x00o\x00w\x08\x00\x00\x00\x00\
\x06\x00\x00\x00\x0bMultiWindow\
\x07\x00\x00\x00\x0dT_MultiWind\
ow\x01\x03\x00\x00\x00\x0c\x00O\x00p\x00e\x00n\
\x00G\x00L\x08\x00\x00\x00\x00\x06\x00\x00\x00\x06Op\
enGL\x07\x00\x00\x00\x08T_OpenG\
L\x01\x03\x00\x00\x00\x14\x00P\x00a\x00g\x00i\x00\
n\x00a\x00t\x00i\x00o\x00n\x08\x00\x00\x00\x00\
\x06\x00\x00\x00\x0aPagination\x07\
\x00\x00\x00\x0cT_Pagination\
\x01\x03\x00\x00\x00\x12\x00P\x00i\x00e\x00 \x00C\
\x00h\x00a\x00r\x00t\x08\x00\x00\x00\x00\x06\x00\x00\
\x00\x09Pie Chart\x07\x00\x00\x00\x0a\
T_PieChart\x01\x03\x00\x00\x00\x06\
\x00A\x00l\x00l\x08\x00\x00\x00\x00\x06\x00\x00\x00\x03\
All\x07\x00\x00\x00\x07T_Pivot\x01\
\x03\x00\x00\x00&\x00A\x00l\x00l\x00 \x00e\x00\
m\x00a\x00i\x00l\x00s\x00 \x00g\x00o\x00\
 \x00h\x00e\x00r\x00e\x00.\x08\x00\x00\x00\x00\
\x06\x00\x00\x00\x13All emails \
go here.\x07\x00\x00\x00\x07T_P\
ivot\x01\x03\x00\x00\x00\x0e\x00F\x00l\x00a\
\x00g\x00g\x00e\x00d\x08\x00\x00\x00\x00\x06\x00\x00\
\x00\x07Flagged\x07\x00\x00\x00\x07T_\
Pivot\x01\x03\x00\x00\x00.\x00F\x00l\x00\
a\x00g\x00g\x00e\x00d\x00 \x00e\x00m\x00\
a\x00i\x00l\x00s\x00 \x00g\x00o\x00 \x00\
h\x00e\x00r\x00e\x00.\x08\x00\x00\x00\x00\x06\x00\
\x00\x00\x17Flagged email\
s go here.\x07\x00\x00\x00\x07T\
_Pivot\x01\x03\x00\x00\x00\x0a\x00P\x00i\
\x00v\x00o\x00t\x08\x00\x00\x00\x00\x06\x00\x00\x00\x05\
Pivot\x07\x00\x00\x00\x07T_Pivo\
t\x01\x03\x00\x00\x00\x0c\x00U\x00n\x00r\x00e\x00\
a\x00d\x08\x00\x00\x00\x00\x06\x00\x00\x00\x06Unr\
ead\x07\x00\x00\x00\x07T_Pivot\x01\
\x03\x00\x00\x00,\x00U\x00n\x00r\x00e\x00a\x00\
d\x00 \x00e\x00m\x00a\x00i\x00l\x00s\x00\
 \x00g\x00o\x00 \x00h\x00e\x00r\x00e\x00\
.\x08\x00\x00\x00\x00\x06\x00\x00\x00\x16Unrea\
d emails go here\
.\x07\x00\x00\x00\x07T_Pivot\x01\x03\x00\
\x00\x00\x0c\x00U\x00r\x00g\x00e\x00n\x00t\x08\
\x00\x00\x00\x00\x06\x00\x00\x00\x06Urgent\x07\
\x00\x00\x00\x07T_Pivot\x01\x03\x00\x00\x00\
,\x00U\x00r\x00g\x00e\x00n\x00t\x00 \x00\
e\x00m\x00a\x00i\x00l\x00s\x00 \x00g\x00\
o\x00 \x00h\x00e\x00r\x00e\x00.\x08\x00\x00\
\x00\x00\x06\x00\x00\x00\x16Urgent em\
ails go here.\x07\x00\x00\
\x00\x07T_Pivot\x01\x03\x00\x00\x00 \x00\
P\x00o\x00l\x00a\x00r\x00 \x00A\x00r\x00\
e\x00a\x00 \x00C\x00h\x00a\x00r\x00t\x08\
\x00\x00\x00\x00\x06\x00\x00\x00\x10Polar A\
rea Chart\x07\x00\x00\x00\x10T_\
PolarAreaChart\x01\x03\
\x00\x00\x00\x10\x00P\x00r\x00o\x00g\x00r\x00e\
\x00s\x00s\x08\x00\x00\x00\x00\x06\x00\x00\x00\x08Pr\
ogress\x07\x00\x00\x00\x0aT_Pro\
gress\x01\x03\x00\x00\x00\x0c\x00Q\x00R\x00\
C\x00o\x00d\x00e\x08\x00\x00\x00\x00\x06\x00\x00\x00\
\x06QRCode\x07\x00\x00\x00\x08T_QR\
Code\x01\x03\x00\x00\x00\x16\x00R\x00a\x00d\
\x00a\x00r\x00 \x00C\x00h\x00a\x00r\x00t\
\x08\x00\x00\x00\x00\x06\x00\x00\x00\x0bRadar \
Chart\x07\x00\x00\x00\x0cT_Rada\
rChart\x01\x03\x00\x00\x00\x10\x00D\x00i\
\x00s\x00a\x00b\x00l\x00e\x00d\x08\x00\x00\x00\
\x00\x06\x00\x00\x00\x08Disabled\x07\x00\
\x00\x00\x0dT_RadioButton\
\x01\x03\x00\x00\x00\x08\x00L\x00e\x00f\x00t\x08\x00\
\x00\x00\x00\x06\x00\x00\x00\x04Left\x07\x00\x00\x00\
\x0dT_RadioButton\x01\x03\
\x00\x00\x00\x1c\x00R\x00a\x00d\x00i\x00o\x00 \
\x00B\x00u\x00t\x00t\x00o\x00n\x00_\x001\
\x08\x00\x00\x00\x00\x06\x00\x00\x00\x0eRadio \
Button_1\x07\x00\x00\x00\x0dT_R\
adioButton\x01\x03\x00\x00\x00\x1c\
\x00R\x00a\x00d\x00i\x00o\x00 \x00B\x00u\
\x00t\x00t\x00o\x00n\x00_\x002\x08\x00\x00\x00\
\x00\x06\x00\x00\x00\x0eRadio Butt\
on_2\x07\x00\x00\x00\x0dT_Radio\
Button\x01\x03\x00\x00\x00\x1c\x00R\x00a\
\x00d\x00i\x00o\x00 \x00B\x00u\x00t\x00t\
\x00o\x00n\x00_\x003\x08\x00\x00\x00\x00\x06\x00\x00\
\x00\x0eRadio Button_3\
\x07\x00\x00\x00\x0dT_RadioButt\
on\x01\x03\x00\x00\x00\x16\x00R\x00a\x00d\x00i\
\x00o\x00B\x00u\x00t\x00t\x00o\x00n\x08\x00\
\x00\x00\x00\x06\x00\x00\x00\x0bRadioBut\
ton\x07\x00\x00\x00\x0dT_RadioB\
utton\x01\x03\x00\x00\x00\x0a\x00R\x00i\x00\
g\x00h\x00t\x08\x00\x00\x00\x00\x06\x00\x00\x00\x05R\
ight\x07\x00\x00\x00\x0dT_Radio\
Button\x01\x03\x00\x00\x00\x1a\x00R\x00a\
\x00t\x00i\x00n\x00g\x00C\x00o\x00n\x00t\
\x00r\x00o\x00l\x08\x00\x00\x00\x00\x06\x00\x00\x00\x0d\
RatingControl\x07\x00\x00\
\x00\x0fT_RatingContro\
l\x01\x03\x00\x00\x00\x12\x00R\x00e\x00c\x00t\x00\
a\x00n\x00g\x00l\x00e\x08\x00\x00\x00\x00\x06\x00\
\x00\x00\x09Rectangle\x07\x00\x00\x00\
\x0bT_Rectangle\x01\x03\x00\x00\
\x00\x16\x00E\x00x\x00p\x00o\x00r\x00t\x00 \
\x00H\x00T\x00M\x00L\x08\x00\x00\x00\x00\x06\x00\x00\
\x00\x0bExport HTML\x07\x00\x00\
\x00\x08T_Report\x01\x03\x00\x00\x00,\
\x00F\x00a\x00i\x00l\x00e\x00d\x00 \x00t\
\x00o\x00 \x00l\x00o\x00a\x00d\x00 \x00r\
\x00e\x00p\x00o\x00r\x00t\x00.\x08\x00\x00\x00\
\x00\x06\x00\x00\x00\x16Failed to \
load report.\x07\x00\x00\x00\
\x08T_Report\x01\x03\x00\x00\x00\x14\x00\
L\x00o\x00a\x00d\x00i\x00n\x00g\x00.\x00\
.\x00.\x08\x00\x00\x00\x00\x06\x00\x00\x00\x0aLoa\
ding...\x07\x00\x00\x00\x08T_Re\
port\x01\x03\x00\x00\x00\x0c\x00N\x00o\x00 \
\x00D\x00U\x00T\x08\x00\x00\x00\x00\x06\x00\x00\x00\x06\
No DUT\x07\x00\x00\x00\x08T_Rep\
ort\x01\x03\x00\x00\x00\x1e\x00O\x00p\x00e\x00\
n\x00 \x00i\x00n\x00 \x00b\x00r\x00o\x00\
w\x00s\x00e\x00r\x08\x00\x00\x00\x00\x06\x00\x00\x00\
\x0fOpen in browser\
\x07\x00\x00\x00\x08T_Report\x01\x03\x00\
\x00\x00$\x00O\x00p\x00e\x00n\x00 \x00r\x00\
e\x00p\x00o\x00r\x00t\x00 \x00f\x00o\x00\
l\x00d\x00e\x00r\x08\x00\x00\x00\x00\x06\x00\x00\x00\
\x12Open report fol\
der\x07\x00\x00\x00\x08T_Report\
\x01\x03\x00\x00\x00\x0a\x00R\x00e\x00a\x00d\x00y\
\x08\x00\x00\x00\x00\x06\x00\x00\x00\x05Ready\x07\
\x00\x00\x00\x08T_Report\x01\x03\x00\x00\
\x00\x0e\x00R\x00e\x00f\x00r\x00e\x00s\x00h\
\x08\x00\x00\x00\x00\x06\x00\x00\x00\x07Refres\
h\x07\x00\x00\x00\x08T_Report\x01\x03\
\x00\x00\x00\x0c\x00R\x00e\x00l\x00o\x00a\x00d\
\x08\x00\x00\x00\x00\x06\x00\x00\x00\x06Reload\
\x07\x00\x00\x00\x08T_Report\x01\x03\x00\
\x00\x00\x0c\x00R\x00e\x00p\x00o\x00r\x00t\x08\
\x00\x00\x00\x00\x06\x00\x00\x00\x06Report\x07\
\x00\x00\x00\x08T_Report\x01\x03\x00\x00\
\x00P\x00R\x00u\x00n\x00 \x00a\x00 \x00t\
\x00e\x00s\x00t\x00 \x00t\x00o\x00 \x00g\
\x00e\x00n\x00e\x00r\x00a\x00t\x00e\x00 \
\x00t\x00h\x00e\x00 \x00f\x00i\x00r\x00s\
\x00t\x00 \x00r\x00e\x00p\x00o\x00r\x00t\
\x00.\x08\x00\x00\x00\x00\x06\x00\x00\x00(Run \
a test to genera\
te the first rep\
ort.\x07\x00\x00\x00\x08T_Repor\
t\x01\x03\x00\x00\x00\x08\x00R\x00u\x00n\x00s\x08\
\x00\x00\x00\x00\x06\x00\x00\x00\x04Runs\x07\x00\x00\
\x00\x08T_Report\x01\x03\x00\x00\x00<\
\x00T\x00o\x00t\x00a\x00l\x00 \x00%\x001\
\x00 \x00 \x00P\x00a\x00s\x00s\x00e\x00d\
\x00 \x00%\x002\x00 \x00 \x00F\x00a\x00i\
\x00l\x00e\x00d\x00 \x00%\x003\x08\x00\x00\x00\
\x00\x06\x00\x00\x00\x1eTotal %1  \
Passed %2  Faile\
d %3\x07\x00\x00\x00\x08T_Repor\
t\x01\x03\x00\x00\x00\x18\x00U\x00n\x00k\x00n\x00\
o\x00w\x00n\x00 \x00t\x00i\x00m\x00e\x08\
\x00\x00\x00\x00\x06\x00\x00\x00\x0cUnknown\
 time\x07\x00\x00\x00\x08T_Repo\
rt\x01\x03\x00\x00\x00\x10\x00C\x00o\x00l\x00l\
\x00a\x00p\x00s\x00e\x08\x00\x00\x00\x00\x06\x00\x00\
\x00\x08Collapse\x07\x00\x00\x00\x05T\
_Run\x01\x03\x00\x00\x00\x18\x00D\x00U\x00T\
\x00 \x00P\x00r\x00o\x00g\x00r\x00e\x00s\
\x00s\x08\x00\x00\x00\x00\x06\x00\x00\x00\x0cDUT \
Progress\x07\x00\x00\x00\x05T_R\
un\x01\x03\x00\x00\x00\x0c\x00E\x00x\x00p\x00a\
\x00n\x00d\x08\x00\x00\x00\x00\x06\x00\x00\x00\x06Ex\
pand\x07\x00\x00\x00\x05T_Run\x01\x03\
\x00\x00\x00\x12\x00F\x00a\x00i\x00l\x00e\x00d\
\x00 \x00%\x001\x08\x00\x00\x00\x00\x06\x00\x00\x00\x09\
Failed %1\x07\x00\x00\x00\x05T_\
Run\x01\x03\x00\x00\x00\x12\x00H\x00i\x00d\x00\
e\x00 \x00l\x00o\x00g\x00s\x08\x00\x00\x00\x00\
\x06\x00\x00\x00\x09Hide logs\x07\x00\
\x00\x00\x05T_Run\x01\x03\x00\x00\x00\x12\x00L\
\x00o\x00g\x00s\x00 \x00(\x00%\x001\x00)\
\x08\x00\x00\x00\x00\x06\x00\x00\x00\x09Logs (\
%1)\x07\x00\x00\x00\x05T_Run\x01\x03\x00\
\x00\x00\x0c\x00N\x00o\x00 \x00D\x00U\x00T\x08\
\x00\x00\x00\x00\x06\x00\x00\x00\x06No DUT\x07\
\x00\x00\x00\x05T_Run\x01\x03\x00\x00\x00\x04\x00\
O\x00K\x08\x00\x00\x00\x00\x06\x00\x00\x00\x02OK\x07\
\x00\x00\x00\x05T_Run\x01\x03\x00\x00\x00\x12\x00\
P\x00a\x00s\x00s\x00e\x00d\x00 \x00%\x00\
1\x08\x00\x00\x00\x00\x06\x00\x00\x00\x09Passe\
d %1\x07\x00\x00\x00\x05T_Run\x01\x03\
\x00\x00\x00&\x00R\x00e\x00q\x00u\x00i\x00r\
\x00e\x00d\x00 \x00P\x00a\x00r\x00a\x00m\
\x00e\x00t\x00e\x00r\x00s\x08\x00\x00\x00\x00\x06\
\x00\x00\x00\x13Required Par\
ameters\x07\x00\x00\x00\x05T_Ru\
n\x01\x03\x00\x00\x00\x06\x00R\x00u\x00n\x08\x00\x00\
\x00\x00\x06\x00\x00\x00\x03Run\x07\x00\x00\x00\x05T\
_Run\x01\x03\x00\x00\x00\x14\x00R\x00u\x00n\
\x00n\x00i\x00n\x00g\x00 \x00%\x001\x08\x00\
\x00\x00\x00\x06\x00\x00\x00\x0aRunning \
%1\x07\x00\x00\x00\x05T_Run\x01\x03\x00\x00\
\x00\x12\x00S\x00h\x00o\x00w\x00 \x00l\x00o\
\x00g\x00s\x08\x00\x00\x00\x00\x06\x00\x00\x00\x09Sh\
ow logs\x07\x00\x00\x00\x05T_Ru\
n\x01\x03\x00\x00\x00\x0a\x00S\x00t\x00a\x00r\x00\
t\x08\x00\x00\x00\x00\x06\x00\x00\x00\x05Start\
\x07\x00\x00\x00\x05T_Run\x01\x03\x00\x00\x00\x10\
\x00S\x00t\x00o\x00p\x00 \x00A\x00l\x00l\
\x08\x00\x00\x00\x00\x06\x00\x00\x00\x08Stop A\
ll\x07\x00\x00\x00\x05T_Run\x01\x03\x00\x00\
\x00\x10\x00T\x00o\x00t\x00a\x00l\x00 \x00%\
\x001\x08\x00\x00\x00\x00\x06\x00\x00\x00\x08Tota\
l %1\x07\x00\x00\x00\x05T_Run\x01\x03\
\x00\x00\x00\x08\x00c\x00a\x00s\x00e\x08\x00\x00\x00\
\x00\x06\x00\x00\x00\x04case\x07\x00\x00\x00\x05T\
_Run\x01\x03\x00\x00\x00\x08\x00s\x00t\x00e\
\x00p\x08\x00\x00\x00\x00\x06\x00\x00\x00\x04step\
\x07\x00\x00\x00\x05T_Run\x01\x03\x00\x00\x00\x1a\
\x00S\x00c\x00a\x00t\x00t\x00e\x00r\x00 \
\x00C\x00h\x00a\x00r\x00t\x08\x00\x00\x00\x00\x06\
\x00\x00\x00\x0dScatter Char\
t\x07\x00\x00\x00\x0eT_ScatterC\
hart\x01\x03\x00\x00\x00\x08\x00A\x00u\x00t\
\x00o\x08\x00\x00\x00\x00\x06\x00\x00\x00\x04Auto\
\x07\x00\x00\x00\x0aT_Settings\x01\
\x03\x00\x00\x00\x0c\x00C\x00a\x00n\x00c\x00e\x00\
l\x08\x00\x00\x00\x00\x06\x00\x00\x00\x06Cance\
l\x07\x00\x00\x00\x0aT_Settings\
\x01\x03\x00\x00\x00\x22\x00C\x00h\x00e\x00c\x00k\
\x00 \x00f\x00o\x00r\x00 \x00U\x00p\x00d\
\x00a\x00t\x00e\x00s\x08\x00\x00\x00\x00\x06\x00\x00\
\x00\x11Check for Upda\
tes\x07\x00\x00\x00\x0aT_Settin\
gs\x01\x03\x00\x00\x00\x0e\x00C\x00o\x00m\x00p\
\x00a\x00c\x00t\x08\x00\x00\x00\x00\x06\x00\x00\x00\x07\
Compact\x07\x00\x00\x00\x0aT_Se\
ttings\x01\x03\x00\x00\x00\x1e\x00C\x00u\
\x00r\x00r\x00e\x00n\x00t\x00 \x00V\x00e\
\x00r\x00s\x00i\x00o\x00n\x08\x00\x00\x00\x00\x06\
\x00\x00\x00\x0fCurrent Vers\
ion\x07\x00\x00\x00\x0aT_Settin\
gs\x01\x03\x00\x00\x00\x08\x00D\x00a\x00r\x00k\
\x08\x00\x00\x00\x00\x06\x00\x00\x00\x04Dark\x07\x00\
\x00\x00\x0aT_Settings\x01\x03\x00\
\x00\x00\x12\x00D\x00a\x00r\x00k\x00 \x00M\x00\
o\x00d\x00e\x08\x00\x00\x00\x00\x06\x00\x00\x00\x09D\
ark Mode\x07\x00\x00\x00\x0aT_S\
ettings\x01\x03\x00\x00\x00&\x00F\x00\
i\x00t\x00s\x00 \x00A\x00p\x00p\x00B\x00\
a\x00r\x00 \x00W\x00i\x00n\x00d\x00o\x00\
w\x00s\x08\x00\x00\x00\x00\x06\x00\x00\x00\x13Fit\
s AppBar Windows\
\x07\x00\x00\x00\x0aT_Settings\x01\
\x03\x00\x00\x00\x22\x00F\x00r\x00i\x00e\x00n\x00\
d\x00l\x00y\x00 \x00R\x00e\x00m\x00i\x00\
n\x00d\x00e\x00r\x08\x00\x00\x00\x00\x06\x00\x00\x00\
\x11Friendly Remind\
er\x07\x00\x00\x00\x0aT_Setting\
s\x01\x03\x00\x00\x00\x10\x00L\x00a\x00n\x00g\x00\
u\x00a\x00g\x00e\x08\x00\x00\x00\x00\x06\x00\x00\x00\
\x08Language\x07\x00\x00\x00\x0aT_\
Settings\x01\x03\x00\x00\x00\x0a\x00L\
\x00i\x00g\x00h\x00t\x08\x00\x00\x00\x00\x06\x00\x00\
\x00\x05Light\x07\x00\x00\x00\x0aT_Se\
ttings\x01\x03\x00\x00\x00\x0e\x00M\x00i\
\x00n\x00i\x00m\x00a\x00l\x08\x00\x00\x00\x00\x06\
\x00\x00\x00\x07Minimal\x07\x00\x00\x00\x0a\
T_Settings\x01\x03\x00\x00\x008\
\x00N\x00a\x00v\x00i\x00g\x00a\x00t\x00i\
\x00o\x00n\x00 \x00V\x00i\x00e\x00w\x00 \
\x00D\x00i\x00s\x00p\x00l\x00a\x00y\x00 \
\x00M\x00o\x00d\x00e\x08\x00\x00\x00\x00\x06\x00\x00\
\x00\x1cNavigation Vie\
w Display Mode\x07\x00\
\x00\x00\x0aT_Settings\x01\x03\x00\
\x00\x00\x04\x00O\x00K\x08\x00\x00\x00\x00\x06\x00\x00\x00\
\x02OK\x07\x00\x00\x00\x0aT_Settin\
gs\x01\x03\x00\x00\x00\x08\x00O\x00p\x00e\x00n\
\x08\x00\x00\x00\x00\x06\x00\x00\x00\x04Open\x07\x00\
\x00\x00\x0aT_Settings\x01\x03\x00\
\x00\x00\x10\x00S\x00e\x00t\x00t\x00i\x00n\x00\
g\x00s\x08\x00\x00\x00\x00\x06\x00\x00\x00\x08Set\
tings\x07\x00\x00\x00\x0aT_Sett\
ings\x01\x03\x00\x00\x00\x0c\x00S\x00y\x00s\
\x00t\x00e\x00m\x08\x00\x00\x00\x00\x06\x00\x00\x00\x06\
System\x07\x00\x00\x00\x0aT_Set\
tings\x01\x03\x00\x00\x00\x9c\x00T\x00h\x00\
i\x00s\x00 \x00a\x00c\x00t\x00i\x00o\x00\
n\x00 \x00r\x00e\x00q\x00u\x00i\x00r\x00\
e\x00s\x00 \x00a\x00 \x00r\x00e\x00s\x00\
t\x00a\x00r\x00t\x00 \x00o\x00f\x00 \x00\
t\x00h\x00e\x00 \x00p\x00r\x00o\x00g\x00\
r\x00a\x00m\x00 \x00t\x00o\x00 \x00t\x00\
a\x00k\x00e\x00 \x00e\x00f\x00f\x00e\x00\
c\x00t\x00,\x00 \x00i\x00s\x00 \x00i\x00\
t\x00 \x00r\x00e\x00s\x00t\x00a\x00r\x00\
t\x00e\x00d\x00?\x08\x00\x00\x00\x00\x06\x00\x00\x00\
NThis action req\
uires a restart \
of the program t\
o take effect, i\
s it restarted?\x07\
\x00\x00\x00\x0aT_Settings\x01\x03\
\x00\x00\x00\x22\x00U\x00s\x00e\x00 \x00S\x00y\
\x00s\x00t\x00e\x00m\x00 \x00A\x00p\x00p\
\x00B\x00a\x00r\x08\x00\x00\x00\x00\x06\x00\x00\x00\x11\
Use System AppBa\
r\x07\x00\x00\x00\x0aT_Settings\
\x01\x03\x00\x00\x00\x0a\x00S\x00h\x00e\x00e\x00t\
\x08\x00\x00\x00\x00\x06\x00\x00\x00\x05Sheet\x07\
\x00\x00\x00\x07T_Sheet\x01\x03\x00\x00\x00\
d\x00S\x00o\x00m\x00e\x00 \x00c\x00o\x00\
n\x00t\x00e\x00n\x00t\x00s\x00.\x00.\x00\
.\x00\x0a\x00S\x00o\x00m\x00e\x00 \x00c\x00\
o\x00n\x00t\x00e\x00n\x00t\x00s\x00.\x00\
.\x00.\x00\x0a\x00S\x00o\x00m\x00e\x00 \x00\
c\x00o\x00n\x00t\x00e\x00n\x00t\x00s\x00\
.\x00.\x00.\x08\x00\x00\x00\x00\x06\x00\x00\x002S\
ome contents...\x0a\
Some contents...\
\x0aSome contents..\
.\x07\x00\x00\x00\x07T_Sheet\x01\x03\x00\
\x00\x00\x0a\x00T\x00i\x00t\x00l\x00e\x08\x00\x00\
\x00\x00\x06\x00\x00\x00\x05Title\x07\x00\x00\x00\
\x07T_Sheet\x01\x03\x00\x00\x00\x0c\x00b\
\x00o\x00t\x00t\x00o\x00m\x08\x00\x00\x00\x00\x06\
\x00\x00\x00\x06bottom\x07\x00\x00\x00\x07T\
_Sheet\x01\x03\x00\x00\x00\x08\x00l\x00e\
\x00f\x00t\x08\x00\x00\x00\x00\x06\x00\x00\x00\x04le\
ft\x07\x00\x00\x00\x07T_Sheet\x01\x03\
\x00\x00\x00\x0a\x00r\x00i\x00g\x00h\x00t\x08\x00\
\x00\x00\x00\x06\x00\x00\x00\x05right\x07\x00\x00\
\x00\x07T_Sheet\x01\x03\x00\x00\x00\x06\x00\
t\x00o\x00p\x08\x00\x00\x00\x00\x06\x00\x00\x00\x03t\
op\x07\x00\x00\x00\x07T_Sheet\x01\x03\
\x00\x00\x00\x1c\x00S\x00h\x00o\x00r\x00t\x00c\
\x00u\x00t\x00P\x00i\x00c\x00k\x00e\x00r\
\x08\x00\x00\x00\x00\x06\x00\x00\x00\x0eShortc\
utPicker\x07\x00\x00\x00\x10T_S\
hortcutPicker\x01\x03\x00\
\x00\x00\x0c\x00S\x00l\x00i\x00d\x00e\x00r\x08\
\x00\x00\x00\x00\x06\x00\x00\x00\x06Slider\x07\
\x00\x00\x00\x08T_Slider\x01\x03\x00\x00\
\x00\x16\x00S\x00p\x00l\x00i\x00t\x00L\x00a\
\x00y\x00o\x00u\x00t\x08\x00\x00\x00\x00\x06\x00\x00\
\x00\x0bSplitLayout\x07\x00\x00\
\x00\x0dT_SplitLayout\x01\
\x03\x00\x00\x00\x1e\x00S\x00t\x00a\x00g\x00g\x00\
e\x00r\x00e\x00d\x00L\x00a\x00y\x00o\x00\
u\x00t\x08\x00\x00\x00\x00\x06\x00\x00\x00\x0fSta\
ggeredLayout\x07\x00\x00\x00\
\x11T_StaggeredLayo\
ut\x01\x03\x00\x00\x00\x18\x00S\x00t\x00a\x00t\
\x00u\x00s\x00L\x00a\x00y\x00o\x00u\x00t\
\x08\x00\x00\x00\x00\x06\x00\x00\x00\x0cStatus\
Layout\x07\x00\x00\x00\x0eT_Sta\
tusLayout\x01\x03\x00\x00\x00\x12\x00\
D\x00o\x00c\x00u\x00m\x00e\x00n\x00t\x00\
 \x08\x00\x00\x00\x00\x06\x00\x00\x00\x09Docum\
ent \x07\x00\x00\x00\x09T_TabVi\
ew\x01\x03\x00\x00\x00\x0e\x00T\x00a\x00b\x00V\
\x00i\x00e\x00w\x08\x00\x00\x00\x00\x06\x00\x00\x00\x07\
TabView\x07\x00\x00\x00\x09T_Ta\
bView\x01\x03\x00\x00\x00\x12\x00<\x00P\x00\
r\x00e\x00v\x00i\x00o\x00u\x00s\x08\x00\x00\
\x00\x00\x06\x00\x00\x00\x09<Previous\
\x07\x00\x00\x00\x0bT_TableView\
\x01\x03\x00\x00\x00\x22\x00A\x00d\x00d\x00 \x00a\
\x00 \x00r\x00o\x00w\x00 \x00o\x00f\x00 \
\x00D\x00a\x00t\x00a\x08\x00\x00\x00\x00\x06\x00\x00\
\x00\x11Add a row of D\
ata\x07\x00\x00\x00\x0bT_TableV\
iew\x01\x03\x00\x00\x00\x0e\x00A\x00d\x00d\x00\
r\x00e\x00s\x00s\x08\x00\x00\x00\x00\x06\x00\x00\x00\
\x07Address\x07\x00\x00\x00\x0bT_T\
ableView\x01\x03\x00\x00\x00\x06\x00A\
\x00g\x00e\x08\x00\x00\x00\x00\x06\x00\x00\x00\x03Ag\
e\x07\x00\x00\x00\x0bT_TableVie\
w\x01\x03\x00\x00\x00\x0c\x00A\x00v\x00a\x00t\x00\
a\x00r\x08\x00\x00\x00\x00\x06\x00\x00\x00\x06Ava\
tar\x07\x00\x00\x00\x0bT_TableV\
iew\x01\x03\x00\x00\x00\x0c\x00C\x00a\x00n\x00\
c\x00e\x00l\x08\x00\x00\x00\x00\x06\x00\x00\x00\x06C\
ancel\x07\x00\x00\x00\x0bT_Tabl\
eView\x01\x03\x00\x00\x00\x12\x00C\x00l\x00\
e\x00a\x00r\x00 \x00A\x00l\x00l\x08\x00\x00\
\x00\x00\x06\x00\x00\x00\x09Clear All\
\x07\x00\x00\x00\x0bT_TableView\
\x01\x03\x00\x00\x00\x0c\x00D\x00e\x00l\x00e\x00t\
\x00e\x08\x00\x00\x00\x00\x06\x00\x00\x00\x06Dele\
te\x07\x00\x00\x00\x0bT_TableVi\
ew\x01\x03\x00\x00\x00 \x00D\x00e\x00l\x00e\
\x00t\x00e\x00 \x00S\x00e\x00l\x00e\x00c\
\x00t\x00i\x00o\x00n\x08\x00\x00\x00\x00\x06\x00\x00\
\x00\x10Delete Selecti\
on\x07\x00\x00\x00\x0bT_TableVi\
ew\x01\x03\x00\x00\x00\x08\x00E\x00d\x00i\x00t\
\x08\x00\x00\x00\x00\x06\x00\x00\x00\x04Edit\x07\x00\
\x00\x00\x0bT_TableView\x01\x03\
\x00\x00\x00\xa4\x00F\x00o\x00c\x00u\x00s\x00 \
\x00n\x00o\x00t\x00 \x00a\x00c\x00q\x00u\
\x00i\x00r\x00e\x00d\x00:\x00 \x00P\x00l\
\x00e\x00a\x00s\x00e\x00 \x00c\x00l\x00i\
\x00c\x00k\x00 \x00a\x00n\x00y\x00 \x00i\
\x00t\x00e\x00m\x00 \x00i\x00n\x00 \x00t\
\x00h\x00e\x00 \x00f\x00o\x00r\x00m\x00 \
\x00a\x00s\x00 \x00t\x00h\x00e\x00 \x00t\
\x00a\x00r\x00g\x00e\x00t\x00 \x00f\x00o\
\x00r\x00 \x00i\x00n\x00s\x00e\x00r\x00t\
\x00i\x00o\x00n\x00!\x08\x00\x00\x00\x00\x06\x00\x00\
\x00RFocus not acqu\
ired: Please cli\
ck any item in t\
he form as the t\
arget for insert\
ion!\x07\x00\x00\x00\x0bT_Table\
View\x01\x03\x00\x00\x00\x18\x00I\x00n\x00s\
\x00e\x00r\x00t\x00 \x00a\x00 \x00R\x00o\
\x00w\x08\x00\x00\x00\x00\x06\x00\x00\x00\x0cInse\
rt a Row\x07\x00\x00\x00\x0bT_T\
ableView\x01\x03\x00\x00\x00\x16\x00L\
\x00o\x00n\x00g\x00 \x00S\x00t\x00r\x00i\
\x00n\x00g\x08\x00\x00\x00\x00\x06\x00\x00\x00\x0bLo\
ng String\x07\x00\x00\x00\x0bT_\
TableView\x01\x03\x00\x00\x00,\x00\
M\x00o\x00d\x00i\x00f\x00y\x00 \x00t\x00\
h\x00e\x00 \x00c\x00o\x00l\x00u\x00m\x00\
n\x00 \x00n\x00a\x00m\x00e\x08\x00\x00\x00\x00\
\x06\x00\x00\x00\x16Modify the \
column name\x07\x00\x00\x00\x0b\
T_TableView\x01\x03\x00\x00\x00\
\x08\x00N\x00a\x00m\x00e\x08\x00\x00\x00\x00\x06\x00\
\x00\x00\x04Name\x07\x00\x00\x00\x0bT_Ta\
bleView\x01\x03\x00\x00\x00\x0a\x00N\x00\
e\x00x\x00t\x00>\x08\x00\x00\x00\x00\x06\x00\x00\x00\
\x05Next>\x07\x00\x00\x00\x0bT_Tab\
leView\x01\x03\x00\x00\x00\x10\x00N\x00i\
\x00c\x00k\x00n\x00a\x00m\x00e\x08\x00\x00\x00\
\x00\x06\x00\x00\x00\x08Nickname\x07\x00\
\x00\x00\x0bT_TableView\x01\x03\
\x00\x00\x00\x04\x00O\x00K\x08\x00\x00\x00\x00\x06\x00\x00\
\x00\x02OK\x07\x00\x00\x00\x0bT_Table\
View\x01\x03\x00\x00\x00\x0e\x00O\x00p\x00t\
\x00i\x00o\x00n\x00s\x08\x00\x00\x00\x00\x06\x00\x00\
\x00\x07Options\x07\x00\x00\x00\x0bT_\
TableView\x01\x03\x00\x00\x00\x0c\x00\
S\x00e\x00a\x00r\x00c\x00h\x08\x00\x00\x00\x00\
\x06\x00\x00\x00\x06Search\x07\x00\x00\x00\x0b\
T_TableView\x01\x03\x00\x00\x00\
\x14\x00S\x00e\x00l\x00e\x00c\x00t\x00 \x00\
A\x00l\x00l\x08\x00\x00\x00\x00\x06\x00\x00\x00\x0aS\
elect All\x07\x00\x00\x00\x0bT_\
TableView\x01\x03\x00\x00\x00\x12\x00\
T\x00a\x00b\x00l\x00e\x00V\x00i\x00e\x00\
w\x08\x00\x00\x00\x00\x06\x00\x00\x00\x09Table\
View\x07\x00\x00\x00\x0bT_Table\
View\x01\x03\x00\x00\x00\x18\x00A\x00d\x00d\
\x00 \x00t\x00e\x00r\x00m\x00i\x00n\x00a\
\x00l\x08\x00\x00\x00\x00\x06\x00\x00\x00\x0cAdd \
terminal\x07\x00\x00\x00\x0cT_T\
estConfig\x01\x03\x00\x00\x00(\x00\
C\x00a\x00s\x00e\x00 \x00P\x00a\x00r\x00\
a\x00m\x00e\x00t\x00e\x00r\x00s\x00 \x00\
(\x00%\x001\x00)\x08\x00\x00\x00\x00\x06\x00\x00\x00\
\x14Case Parameters\
 (%1)\x07\x00\x00\x00\x0cT_Test\
Config\x01\x03\x00\x00\x00*\x00C\x00o\
\x00n\x00f\x00i\x00g\x00u\x00r\x00e\x00d\
\x00 \x00u\x00n\x00d\x00e\x00r\x00 \x00D\
\x00U\x00T\x00.\x08\x00\x00\x00\x00\x06\x00\x00\x00\x15\
Configured under\
 DUT.\x07\x00\x00\x00\x0cT_Test\
Config\x01\x03\x00\x00\x00\x06\x00D\x00U\
\x00T\x08\x00\x00\x00\x00\x06\x00\x00\x00\x03DUT\x07\
\x00\x00\x00\x0cT_TestConfig\
\x01\x03\x00\x00\x00\x14\x00D\x00U\x00T\x00 \x00s\
\x00c\x00o\x00p\x00e\x00d\x08\x00\x00\x00\x00\x06\
\x00\x00\x00\x0aDUT scoped\x07\x00\
\x00\x00\x0cT_TestConfig\x01\
\x03\x00\x00\x00\x10\x00D\x00i\x00s\x00a\x00b\x00\
l\x00e\x00d\x08\x00\x00\x00\x00\x06\x00\x00\x00\x08D\
isabled\x07\x00\x00\x00\x0cT_Te\
stConfig\x01\x03\x00\x00\x00\x0e\x00D\
\x00y\x00n\x00a\x00m\x00i\x00c\x08\x00\x00\x00\
\x00\x06\x00\x00\x00\x07Dynamic\x07\x00\x00\
\x00\x0cT_TestConfig\x01\x03\
\x00\x00\x00\x0e\x00E\x00n\x00a\x00b\x00l\x00e\
\x00d\x08\x00\x00\x00\x00\x06\x00\x00\x00\x07Enab\
led\x07\x00\x00\x00\x0cT_TestCo\
nfig\x01\x03\x00\x00\x00\x06\x00E\x00n\x00v\
\x08\x00\x00\x00\x00\x06\x00\x00\x00\x03Env\x07\x00\x00\
\x00\x0cT_TestConfig\x01\x03\
\x00\x00\x00\x22\x00F\x00i\x00l\x00t\x00e\x00r\
\x00 \x00b\x00y\x00 \x00f\x00i\x00l\x00e\
\x00.\x00.\x00.\x08\x00\x00\x00\x00\x06\x00\x00\x00\x11\
Filter by file..\
.\x07\x00\x00\x00\x0cT_TestConf\
ig\x01\x03\x00\x00\x00\x0c\x00N\x00o\x00 \x00D\
\x00U\x00T\x08\x00\x00\x00\x00\x06\x00\x00\x00\x06No\
 DUT\x07\x00\x00\x00\x0cT_TestC\
onfig\x01\x03\x00\x00\x00l\x00N\x00o\x00\
 \x00c\x00o\x00n\x00f\x00i\x00g\x00u\x00\
r\x00a\x00b\x00l\x00e\x00 \x00p\x00a\x00\
r\x00a\x00m\x00e\x00t\x00e\x00r\x00s\x00\
 \x00a\x00r\x00e\x00 \x00r\x00e\x00q\x00\
u\x00i\x00r\x00e\x00d\x00 \x00f\x00o\x00\
r\x00 \x00t\x00h\x00i\x00s\x00 \x00c\x00\
a\x00s\x00e\x00.\x08\x00\x00\x00\x00\x06\x00\x00\x00\
6No configurable\
 parameters are \
required for thi\
s case.\x07\x00\x00\x00\x0cT_Te\
stConfig\x01\x03\x00\x00\x00p\x00N\
\x00o\x00 \x00c\x00o\x00n\x00n\x00e\x00c\
\x00t\x00e\x00d\x00 \x00B\x00l\x00u\x00e\
\x00t\x00o\x00o\x00t\x00h\x00 \x00d\x00e\
\x00v\x00i\x00c\x00e\x00s\x00 \x00f\x00o\
\x00u\x00n\x00d\x00 \x00o\x00n\x00 \x00t\
\x00h\x00e\x00 \x00c\x00u\x00r\x00r\x00e\
\x00n\x00t\x00 \x00D\x00U\x00T\x00.\x08\x00\
\x00\x00\x00\x06\x00\x00\x008No conne\
cted Bluetooth d\
evices found on \
the current DUT.\
\x07\x00\x00\x00\x0cT_TestConfi\
g\x01\x03\x00\x00\x00\x04\x00O\x00K\x08\x00\x00\x00\x00\
\x06\x00\x00\x00\x02OK\x07\x00\x00\x00\x0cT_Te\
stConfig\x01\x03\x00\x00\x00\x1a\x00P\
\x00r\x00e\x00s\x00s\x00 \x00s\x00e\x00c\
\x00o\x00n\x00d\x00s\x08\x00\x00\x00\x00\x06\x00\x00\
\x00\x0dPress seconds\x07\
\x00\x00\x00\x0cT_TestConfig\
\x01\x03\x00\x00\x00\x0e\x00R\x00e\x00f\x00r\x00e\
\x00s\x00h\x08\x00\x00\x00\x00\x06\x00\x00\x00\x07Re\
fresh\x07\x00\x00\x00\x0cT_Test\
Config\x01\x03\x00\x00\x00\x1e\x00R\x00e\
\x00m\x00o\x00v\x00e\x00 \x00t\x00e\x00r\
\x00m\x00i\x00n\x00a\x00l\x08\x00\x00\x00\x00\x06\
\x00\x00\x00\x0fRemove termi\
nal\x07\x00\x00\x00\x0cT_TestCo\
nfig\x01\x03\x00\x00\x00&\x00R\x00e\x00q\
\x00u\x00i\x00r\x00e\x00d\x00 \x00P\x00a\
\x00r\x00a\x00m\x00e\x00t\x00e\x00r\x00s\
\x08\x00\x00\x00\x00\x06\x00\x00\x00\x13Requir\
ed Parameters\x07\x00\x00\
\x00\x0cT_TestConfig\x01\x03\
\x00\x00\x00\x06\x00R\x00u\x00n\x08\x00\x00\x00\x00\x06\
\x00\x00\x00\x03Run\x07\x00\x00\x00\x0cT_Te\
stConfig\x01\x03\x00\x00\x00\x9e\x00S\
\x00e\x00l\x00e\x00c\x00t\x00 \x00o\x00n\
\x00e\x00 \x00o\x00r\x00 \x00m\x00o\x00r\
\x00e\x00 \x00t\x00e\x00s\x00t\x00 \x00f\
\x00i\x00l\x00e\x00s\x00 \x00t\x00o\x00 \
\x00i\x00n\x00s\x00p\x00e\x00c\x00t\x00 \
\x00t\x00h\x00e\x00 \x00r\x00e\x00q\x00u\
\x00i\x00r\x00e\x00d\x00 \x00p\x00a\x00r\
\x00a\x00m\x00e\x00t\x00e\x00r\x00s\x00 \
\x00f\x00o\x00r\x00 \x00e\x00a\x00c\x00h\
\x00 \x00c\x00a\x00s\x00e\x00.\x08\x00\x00\x00\
\x00\x06\x00\x00\x00OSelect one\
 or more test fi\
les to inspect t\
he required para\
meters for each \
case.\x07\x00\x00\x00\x0cT_Test\
Config\x01\x03\x00\x00\x00\x1a\x00S\x00e\
\x00l\x00e\x00c\x00t\x00e\x00d\x00 \x00(\
\x00%\x001\x00)\x08\x00\x00\x00\x00\x06\x00\x00\x00\x0d\
Selected (%1)\x07\x00\x00\
\x00\x0cT_TestConfig\x01\x03\
\x00\x00\x00\x0a\x00S\x00t\x00a\x00r\x00t\x08\x00\
\x00\x00\x00\x06\x00\x00\x00\x05Start\x07\x00\x00\
\x00\x0cT_TestConfig\x01\x03\
\x00\x00\x00\x08\x00S\x00t\x00o\x00p\x08\x00\x00\x00\
\x00\x06\x00\x00\x00\x04Stop\x07\x00\x00\x00\x0cT\
_TestConfig\x01\x03\x00\x00\x00\
\x10\x00T\x00e\x00r\x00m\x00i\x00n\x00a\x00\
l\x08\x00\x00\x00\x00\x06\x00\x00\x00\x08Termi\
nal\x07\x00\x00\x00\x0cT_TestCo\
nfig\x01\x03\x00\x00\x00\x08\x00T\x00e\x00s\
\x00t\x08\x00\x00\x00\x00\x06\x00\x00\x00\x04Test\
\x07\x00\x00\x00\x0cT_TestConfi\
g\x01\x03\x00\x00\x00\x14\x00T\x00e\x00s\x00t\x00\
 \x00C\x00a\x00s\x00e\x00s\x08\x00\x00\x00\x00\
\x06\x00\x00\x00\x0aTest Cases\x07\
\x00\x00\x00\x0cT_TestConfig\
\x01\x03\x00\x00\x00\x08\x00T\x00y\x00p\x00e\x08\x00\
\x00\x00\x00\x06\x00\x00\x00\x04Type\x07\x00\x00\x00\
\x0cT_TestConfig\x01\x03\x00\
\x00\x00\x16\x00W\x00i\x00r\x00i\x00n\x00g\x00\
 \x00m\x00o\x00d\x00e\x08\x00\x00\x00\x00\x06\x00\
\x00\x00\x0bWiring mode\x07\x00\
\x00\x00\x0cT_TestConfig\x01\
\x03\x00\x00\x00\x08\x00T\x00e\x00x\x00t\x08\x00\x00\
\x00\x00\x06\x00\x00\x00\x04Text\x07\x00\x00\x00\x06\
T_Text\x01\x03\x00\x00\x00B\x00T\x00h\
\x00i\x00s\x00 \x00i\x00s\x00 \x00a\x00 \
\x00t\x00e\x00x\x00t\x00 \x00t\x00h\x00a\
\x00t\x00 \x00c\x00a\x00n\x00 \x00b\x00e\
\x00 \x00c\x00o\x00p\x00i\x00e\x00d\x08\x00\
\x00\x00\x00\x06\x00\x00\x00!This is \
a text that can \
be copied\x07\x00\x00\x00\x06T_\
Text\x01\x03\x00\x00\x00\x1c\x00A\x00u\x00t\
\x00o\x00S\x00u\x00g\x00g\x00e\x00s\x00t\
\x00B\x00o\x00x\x08\x00\x00\x00\x00\x06\x00\x00\x00\x0e\
AutoSuggestBox\x07\x00\
\x00\x00\x09T_TextBox\x01\x03\x00\x00\
\x00\x10\x00D\x00i\x00s\x00a\x00b\x00l\x00e\
\x00d\x08\x00\x00\x00\x00\x06\x00\x00\x00\x08Disa\
bled\x07\x00\x00\x00\x09T_TextB\
ox\x01\x03\x00\x00\x00(\x00M\x00u\x00l\x00t\
\x00i\x00-\x00l\x00i\x00n\x00e\x00 \x00I\
\x00n\x00p\x00u\x00t\x00 \x00B\x00o\x00x\
\x08\x00\x00\x00\x00\x06\x00\x00\x00\x14Multi-\
line Input Box\x07\x00\
\x00\x00\x09T_TextBox\x01\x03\x00\x00\
\x004\x00P\x00l\x00e\x00a\x00s\x00e\x00 \
\x00e\x00n\x00t\x00e\x00r\x00 \x00y\x00o\
\x00u\x00r\x00 \x00p\x00a\x00s\x00s\x00w\
\x00o\x00r\x00d\x08\x00\x00\x00\x00\x06\x00\x00\x00\x1a\
Please enter you\
r password\x07\x00\x00\x00\x09T\
_TextBox\x01\x03\x00\x00\x00*\x00S\
\x00i\x00n\x00g\x00l\x00e\x00-\x00l\x00i\
\x00n\x00e\x00 \x00I\x00n\x00p\x00u\x00t\
\x00 \x00B\x00o\x00x\x08\x00\x00\x00\x00\x06\x00\x00\
\x00\x15Single-line In\
put Box\x07\x00\x00\x00\x09T_Te\
xtBox\x01\x03\x00\x00\x00\x0e\x00T\x00e\x00\
x\x00t\x00B\x00o\x00x\x08\x00\x00\x00\x00\x06\x00\
\x00\x00\x07TextBox\x07\x00\x00\x00\x09T\
_TextBox\x01\x03\x00\x00\x002\x00C\
\x00u\x00s\x00t\x00o\x00m\x00i\x00z\x00e\
\x00 \x00t\x00h\x00e\x00 \x00T\x00h\x00e\
\x00m\x00e\x00 \x00C\x00o\x00l\x00o\x00r\
\x08\x00\x00\x00\x00\x06\x00\x00\x00\x19Custom\
ize the Theme Co\
lor\x07\x00\x00\x00\x07T_Theme\x01\
\x03\x00\x00\x00\x12\x00D\x00a\x00r\x00k\x00 \x00\
M\x00o\x00d\x00e\x08\x00\x00\x00\x00\x06\x00\x00\x00\
\x09Dark Mode\x07\x00\x00\x00\x07T\
_Theme\x01\x03\x00\x00\x00\x16\x00N\x00a\
\x00t\x00i\x00v\x00e\x00 \x00T\x00e\x00x\
\x00t\x08\x00\x00\x00\x00\x06\x00\x00\x00\x0bNati\
ve Text\x07\x00\x00\x00\x07T_Th\
eme\x01\x03\x00\x00\x00\x1c\x00O\x00p\x00e\x00\
n\x00 \x00A\x00n\x00i\x00m\x00a\x00t\x00\
i\x00o\x00n\x08\x00\x00\x00\x00\x06\x00\x00\x00\x0eO\
pen Animation\x07\x00\x00\
\x00\x07T_Theme\x01\x03\x00\x00\x00 \x00\
O\x00p\x00e\x00n\x00 \x00B\x00l\x00u\x00\
r\x00 \x00W\x00i\x00n\x00d\x00o\x00w\x08\
\x00\x00\x00\x00\x06\x00\x00\x00\x10Open Bl\
ur Window\x07\x00\x00\x00\x07T_\
Theme\x01\x03\x00\x00\x00\x0a\x00T\x00h\x00\
e\x00m\x00e\x08\x00\x00\x00\x00\x06\x00\x00\x00\x05T\
heme\x07\x00\x00\x00\x07T_Theme\
\x01\x03\x00\x00\x00\x18\x00T\x00h\x00e\x00m\x00e\
\x00 \x00c\x00o\x00l\x00o\x00r\x00s\x08\x00\
\x00\x00\x00\x06\x00\x00\x00\x0cTheme co\
lors\x07\x00\x00\x00\x07T_Theme\
\x01\x03\x00\x00\x00\x04\x00A\x00M\x08\x00\x00\x00\x00\x06\
\x00\x00\x00\x02AM\x07\x00\x00\x00\x0cT_Tim\
ePicker\x01\x03\x00\x00\x00\x0c\x00C\x00\
a\x00n\x00c\x00e\x00l\x08\x00\x00\x00\x00\x06\x00\
\x00\x00\x06Cancel\x07\x00\x00\x00\x0cT_\
TimePicker\x01\x03\x00\x00\x00\x08\
\x00H\x00o\x00u\x00r\x08\x00\x00\x00\x00\x06\x00\x00\
\x00\x04Hour\x07\x00\x00\x00\x0cT_Tim\
ePicker\x01\x03\x00\x00\x00\x0c\x00M\x00\
i\x00n\x00u\x00t\x00e\x08\x00\x00\x00\x00\x06\x00\
\x00\x00\x06Minute\x07\x00\x00\x00\x0cT_\
TimePicker\x01\x03\x00\x00\x00\x04\
\x00O\x00K\x08\x00\x00\x00\x00\x06\x00\x00\x00\x02OK\
\x07\x00\x00\x00\x0cT_TimePicke\
r\x01\x03\x00\x00\x00\x04\x00P\x00M\x08\x00\x00\x00\x00\
\x06\x00\x00\x00\x02PM\x07\x00\x00\x00\x0cT_Ti\
mePicker\x01\x03\x00\x00\x00\x14\x00T\
\x00i\x00m\x00e\x00P\x00i\x00c\x00k\x00e\
\x00r\x08\x00\x00\x00\x00\x06\x00\x00\x00\x0aTime\
Picker\x07\x00\x00\x00\x0cT_Tim\
ePicker\x01\x03\x00\x00\x00<\x00h\x00\
o\x00u\x00r\x00F\x00o\x00r\x00m\x00a\x00\
t\x00=\x00F\x00l\x00u\x00T\x00i\x00m\x00\
e\x00P\x00i\x00c\x00k\x00e\x00r\x00T\x00\
y\x00p\x00e\x00.\x00H\x08\x00\x00\x00\x00\x06\x00\
\x00\x00\x1ehourFormat=Fl\
uTimePickerType.\
H\x07\x00\x00\x00\x0cT_TimePick\
er\x01\x03\x00\x00\x00>\x00h\x00o\x00u\x00r\
\x00F\x00o\x00r\x00m\x00a\x00t\x00=\x00F\
\x00l\x00u\x00T\x00i\x00m\x00e\x00P\x00i\
\x00c\x00k\x00e\x00r\x00T\x00y\x00p\x00e\
\x00.\x00H\x00H\x08\x00\x00\x00\x00\x06\x00\x00\x00\x1f\
hourFormat=FluTi\
mePickerType.HH\x07\
\x00\x00\x00\x0cT_TimePicker\
\x01\x03\x00\x00\x00\x10\x00T\x00i\x00m\x00e\x00l\
\x00i\x00n\x00e\x08\x00\x00\x00\x00\x06\x00\x00\x00\x08\
Timeline\x07\x00\x00\x00\x0aT_T\
imeline\x01\x03\x00\x00\x00\x10\x00D\x00\
i\x00s\x00a\x00b\x00l\x00e\x00d\x08\x00\x00\
\x00\x00\x06\x00\x00\x00\x08Disabled\x07\
\x00\x00\x00\x0eT_ToggleSwit\
ch\x01\x03\x00\x00\x00\x08\x00L\x00e\x00f\x00t\
\x08\x00\x00\x00\x00\x06\x00\x00\x00\x04Left\x07\x00\
\x00\x00\x0eT_ToggleSwitc\
h\x01\x03\x00\x00\x00\x0a\x00R\x00i\x00g\x00h\x00\
t\x08\x00\x00\x00\x00\x06\x00\x00\x00\x05Right\
\x07\x00\x00\x00\x0eT_ToggleSwi\
tch\x01\x03\x00\x00\x00\x18\x00T\x00o\x00g\x00\
g\x00l\x00e\x00S\x00w\x00i\x00t\x00c\x00\
h\x08\x00\x00\x00\x00\x06\x00\x00\x00\x0cToggl\
eSwitch\x07\x00\x00\x00\x0eT_To\
ggleSwitch\x01\x03\x00\x00\x00@\
\x00A\x00d\x00d\x00 \x00a\x00 \x00T\x00o\
\x00o\x00l\x00t\x00i\x00p\x00 \x00p\x00o\
\x00p\x00-\x00u\x00p\x00 \x00t\x00o\x00 \
\x00a\x00 \x00B\x00u\x00t\x00t\x00o\x00n\
\x08\x00\x00\x00\x00\x06\x00\x00\x00 Add a \
Tooltip pop-up t\
o a Button\x07\x00\x00\x00\x09T\
_Tooltip\x01\x03\x00\x00\x00\x18\x00C\
\x00l\x00i\x00c\x00k\x00 \x00B\x00u\x00t\
\x00t\x00o\x00n\x08\x00\x00\x00\x00\x06\x00\x00\x00\x0c\
Click Button\x07\x00\x00\x00\
\x09T_Tooltip\x01\x03\x00\x00\x00 \
\x00C\x00l\x00i\x00c\x00k\x00 \x00I\x00c\
\x00o\x00n\x00B\x00u\x00t\x00t\x00o\x00n\
\x08\x00\x00\x00\x00\x06\x00\x00\x00\x10Click \
IconButton\x07\x00\x00\x00\x09T\
_Tooltip\x01\x03\x00\x00\x00\x0c\x00D\
\x00e\x00l\x00e\x00t\x00e\x08\x00\x00\x00\x00\x06\
\x00\x00\x00\x06Delete\x07\x00\x00\x00\x09T\
_Tooltip\x01\x03\x00\x00\x00@\x00H\
\x00o\x00v\x00e\x00r\x00 \x00o\x00v\x00e\
\x00r\x00 \x00T\x00u\x00l\x00t\x00i\x00p\
\x00 \x00a\x00n\x00d\x00 \x00i\x00t\x00 \
\x00p\x00o\x00p\x00s\x00 \x00u\x00p\x08\x00\
\x00\x00\x00\x06\x00\x00\x00 Hover ov\
er Tultip and it\
 pops up\x07\x00\x00\x00\x09T_T\
ooltip\x01\x03\x00\x00\x00\x9a\x00T\x00e\
\x00x\x00t\x00 \x00p\x00r\x00o\x00p\x00e\
\x00r\x00t\x00i\x00e\x00s\x00 \x00o\x00f\
\x00 \x00F\x00l\x00u\x00I\x00c\x00o\x00n\
\x00B\x00u\x00t\x00t\x00o\x00n\x00 \x00s\
\x00u\x00p\x00p\x00o\x00r\x00t\x00 \x00t\
\x00h\x00e\x00 \x00T\x00o\x00o\x00l\x00t\
\x00i\x00p\x00 \x00p\x00o\x00p\x00-\x00u\
\x00p\x00 \x00w\x00i\x00n\x00d\x00o\x00w\
\x00 \x00b\x00y\x00 \x00d\x00e\x00f\x00a\
\x00u\x00l\x00t\x08\x00\x00\x00\x00\x06\x00\x00\x00M\
Text properties \
of FluIconButton\
 support the Too\
ltip pop-up wind\
ow by default\x07\x00\x00\
\x00\x09T_Tooltip\x01\x03\x00\x00\x00\
\x0e\x00T\x00o\x00o\x00l\x00t\x00i\x00p\x08\
\x00\x00\x00\x00\x06\x00\x00\x00\x07Tooltip\
\x07\x00\x00\x00\x09T_Tooltip\x01\x03\
\x00\x00\x00\x14\x00B\x00e\x00g\x00i\x00n\x00 \
\x00T\x00o\x00u\x00r\x08\x00\x00\x00\x00\x06\x00\x00\
\x00\x0aBegin Tour\x07\x00\x00\x00\
\x06T_Tour\x01\x03\x00\x00\x006\x00C\x00\
l\x00i\x00c\x00k\x00 \x00t\x00o\x00 \x00\
s\x00e\x00e\x00 \x00o\x00t\x00h\x00e\x00\
r\x00 \x00a\x00c\x00t\x00i\x00o\x00n\x00\
s\x00.\x08\x00\x00\x00\x00\x06\x00\x00\x00\x1bCli\
ck to see other \
actions.\x07\x00\x00\x00\x06T_T\
our\x01\x03\x00\x00\x00\x08\x00M\x00o\x00r\x00\
e\x08\x00\x00\x00\x00\x06\x00\x00\x00\x04More\x07\
\x00\x00\x00\x06T_Tour\x01\x03\x00\x00\x00\x1a\
\x00O\x00t\x00h\x00e\x00r\x00 \x00A\x00c\
\x00t\x00i\x00o\x00n\x00s\x08\x00\x00\x00\x00\x06\
\x00\x00\x00\x0dOther Action\
s\x07\x00\x00\x00\x06T_Tour\x01\x03\x00\x00\
\x00(\x00P\x00u\x00t\x00 \x00y\x00o\x00u\
\x00r\x00 \x00f\x00i\x00l\x00e\x00s\x00 \
\x00h\x00e\x00r\x00e\x00.\x08\x00\x00\x00\x00\x06\
\x00\x00\x00\x14Put your fil\
es here.\x07\x00\x00\x00\x06T_T\
our\x01\x03\x00\x00\x00\x08\x00S\x00a\x00v\x00\
e\x08\x00\x00\x00\x00\x06\x00\x00\x00\x04Save\x07\
\x00\x00\x00\x06T_Tour\x01\x03\x00\x00\x00$\
\x00S\x00a\x00v\x00e\x00 \x00y\x00o\x00u\
\x00r\x00 \x00c\x00h\x00a\x00n\x00g\x00e\
\x00s\x00.\x08\x00\x00\x00\x00\x06\x00\x00\x00\x12Sa\
ve your changes.\
\x07\x00\x00\x00\x06T_Tour\x01\x03\x00\x00\x00\
\x08\x00T\x00o\x00u\x00r\x08\x00\x00\x00\x00\x06\x00\
\x00\x00\x04Tour\x07\x00\x00\x00\x06T_To\
ur\x01\x03\x00\x00\x00\x0c\x00U\x00p\x00l\x00o\
\x00a\x00d\x08\x00\x00\x00\x00\x06\x00\x00\x00\x06Up\
load\x07\x00\x00\x00\x06T_Tour\x01\
\x03\x00\x00\x00\x16\x00U\x00p\x00l\x00o\x00a\x00\
d\x00 \x00F\x00i\x00l\x00e\x08\x00\x00\x00\x00\
\x06\x00\x00\x00\x0bUpload File\
\x07\x00\x00\x00\x06T_Tour\x01\x03\x00\x00\x00\
\x0e\x00A\x00d\x00d\x00r\x00e\x00s\x00s\x08\
\x00\x00\x00\x00\x06\x00\x00\x00\x07Address\
\x07\x00\x00\x00\x0aT_TreeView\x01\
\x03\x00\x00\x00\x0c\x00A\x00v\x00a\x00t\x00a\x00\
r\x08\x00\x00\x00\x00\x06\x00\x00\x00\x06Avata\
r\x07\x00\x00\x00\x0aT_TreeView\
\x01\x03\x00\x00\x00\x08\x00N\x00a\x00m\x00e\x08\x00\
\x00\x00\x00\x06\x00\x00\x00\x04Name\x07\x00\x00\x00\
\x0aT_TreeView\x01\x03\x00\x00\x00\
\x0a\x00T\x00i\x00t\x00l\x00e\x08\x00\x00\x00\x00\
\x06\x00\x00\x00\x05Title\x07\x00\x00\x00\x0aT\
_TreeView\x01\x03\x00\x00\x00\x10\x00\
T\x00r\x00e\x00e\x00V\x00i\x00e\x00w\x08\
\x00\x00\x00\x00\x06\x00\x00\x00\x08TreeVie\
w\x07\x00\x00\x00\x0aT_TreeView\
\x01\x03\x00\x00\x00\x14\x00T\x00y\x00p\x00o\x00g\
\x00r\x00a\x00p\x00h\x00y\x08\x00\x00\x00\x00\x06\
\x00\x00\x00\x0aTypography\x07\x00\
\x00\x00\x0cT_Typography\x01\
\x03\x00\x00\x00\x12\x00W\x00a\x00t\x00e\x00r\x00\
m\x00a\x00r\x00k\x08\x00\x00\x00\x00\x06\x00\x00\x00\
\x09Watermark\x07\x00\x00\x00\x0bT\
_Watermark\x01\x03\x00\x00\x00r\
\x00B\x00l\x00u\x00e\x00t\x00o\x00o\x00t\
\x00h\x00 \x00d\x00e\x00v\x00i\x00c\x00e\
\x00 \x00t\x00a\x00r\x00g\x00e\x00t\x00 \
\x00u\x00s\x00e\x00d\x00 \x00a\x00s\x00 \
\x00t\x00h\x00e\x00 \x00r\x00e\x00c\x00o\
\x00n\x00n\x00e\x00c\x00t\x00 \x00c\x00h\
\x00e\x00c\x00k\x00p\x00o\x00i\x00n\x00t\
\x00.\x08\x00\x00\x00\x00\x06\x00\x00\x00)test\
.param.ac_onoff.\
bt_target.descri\
ption\x07\x00\x00\x00\x0eTestPa\
geBridge\x01\x03\x00\x00\x00 \x00B\
\x00l\x00u\x00e\x00t\x00o\x00o\x00t\x00h\
\x00 \x00t\x00a\x00r\x00g\x00e\x00t\x08\x00\
\x00\x00\x00\x06\x00\x00\x00#test.par\
am.ac_onoff.bt_t\
arget.label\x07\x00\x00\x00\x0e\
TestPageBridge\x01\x03\
\x00\x00\x00:\x00N\x00u\x00m\x00b\x00e\x00r\
\x00 \x00o\x00f\x00 \x00r\x00e\x00l\x00a\
\x00y\x00 \x00p\x00o\x00w\x00e\x00r\x00 \
\x00c\x00y\x00c\x00l\x00e\x00s\x00.\x08\x00\
\x00\x00\x00\x06\x00\x00\x00+test.par\
am.ac_onoff.cycl\
e_count.descript\
ion\x07\x00\x00\x00\x0eTestPage\
Bridge\x01\x03\x00\x00\x00\x16\x00C\x00y\
\x00c\x00l\x00e\x00 \x00c\x00o\x00u\x00n\
\x00t\x08\x00\x00\x00\x00\x06\x00\x00\x00%test\
.param.ac_onoff.\
cycle_count.labe\
l\x07\x00\x00\x00\x0eTestPageBr\
idge\x01\x03\x00\x00\x00x\x00D\x00U\x00T\
\x00-\x00s\x00i\x00d\x00e\x00 \x00p\x00i\
\x00n\x00g\x00 \x00t\x00a\x00r\x00g\x00e\
\x00t\x00 \x00u\x00s\x00e\x00d\x00 \x00a\
\x00s\x00 \x00t\x00h\x00e\x00 \x00W\x00i\
\x00-\x00F\x00i\x00 \x00r\x00e\x00c\x00o\
\x00n\x00n\x00e\x00c\x00t\x00 \x00c\x00h\
\x00e\x00c\x00k\x00p\x00o\x00i\x00n\x00t\
\x00.\x08\x00\x00\x00\x00\x06\x00\x00\x00+test\
.param.ac_onoff.\
ping_target.desc\
ription\x07\x00\x00\x00\x0eTest\
PageBridge\x01\x03\x00\x00\x00\x16\
\x00P\x00i\x00n\x00g\x00 \x00t\x00a\x00r\
\x00g\x00e\x00t\x08\x00\x00\x00\x00\x06\x00\x00\x00%\
test.param.ac_on\
off.ping_target.\
label\x07\x00\x00\x00\x0eTestPa\
geBridge\x01\x03\x00\x00\x00h\x00S\
\x00e\x00c\x00o\x00n\x00d\x00s\x00 \x00t\
\x00o\x00 \x00k\x00e\x00e\x00p\x00 \x00t\
\x00h\x00e\x00 \x00r\x00e\x00l\x00a\x00y\
\x00 \x00p\x00o\x00w\x00e\x00r\x00e\x00d\
\x00 \x00o\x00f\x00f\x00 \x00i\x00n\x00 \
\x00e\x00a\x00c\x00h\x00 \x00c\x00y\x00c\
\x00l\x00e\x00.\x08\x00\x00\x00\x00\x06\x00\x00\x00-\
test.param.ac_on\
off.power_off_se\
c.description\x07\x00\x00\
\x00\x0eTestPageBridge\
\x01\x03\x00\x00\x00\x22\x00P\x00o\x00w\x00e\x00r\
\x00 \x00o\x00f\x00f\x00 \x00s\x00e\x00c\
\x00o\x00n\x00d\x00s\x08\x00\x00\x00\x00\x06\x00\x00\
\x00'test.param.ac_\
onoff.power_off_\
sec.label\x07\x00\x00\x00\x0eTe\
stPageBridge\x01\x03\x00\x00\
\x00\xb8\x00S\x00e\x00c\x00o\x00n\x00d\x00s\
\x00 \x00a\x00d\x00d\x00e\x00d\x00 \x00t\
\x00o\x00 \x00t\x00h\x00e\x00 \x00r\x00e\
\x00l\x00a\x00y\x00 \x00p\x00o\x00w\x00e\
\x00r\x00-\x00o\x00f\x00f\x00 \x00t\x00i\
\x00m\x00e\x00 \x00a\x00f\x00t\x00e\x00r\
\x00 \x00e\x00a\x00c\x00h\x00 \x00c\x00y\
\x00c\x00l\x00e\x00.\x00 \x00U\x00s\x00e\
\x00 \x00n\x00e\x00g\x00a\x00t\x00i\x00v\
\x00e\x00 \x00v\x00a\x00l\x00u\x00e\x00s\
\x00 \x00t\x00o\x00 \x00d\x00e\x00c\x00r\
\x00e\x00a\x00s\x00e\x00.\x08\x00\x00\x00\x00\x06\
\x00\x00\x002test.param.a\
c_onoff.power_of\
f_step_sec.descr\
iption\x07\x00\x00\x00\x0eTestP\
ageBridge\x01\x03\x00\x00\x00,\x00\
P\x00o\x00w\x00e\x00r\x00 \x00o\x00f\x00\
f\x00 \x00s\x00t\x00e\x00p\x00 \x00s\x00\
e\x00c\x00o\x00n\x00d\x00s\x08\x00\x00\x00\x00\
\x06\x00\x00\x00,test.param.\
ac_onoff.power_o\
ff_step_sec.labe\
l\x07\x00\x00\x00\x0eTestPageBr\
idge\x01\x03\x00\x00\x00p\x00S\x00e\x00c\
\x00o\x00n\x00d\x00s\x00 \x00t\x00o\x00 \
\x00w\x00a\x00i\x00t\x00 \x00a\x00f\x00t\
\x00e\x00r\x00 \x00r\x00e\x00l\x00a\x00y\
\x00 \x00p\x00o\x00w\x00e\x00r\x00 \x00o\
\x00n\x00 \x00b\x00e\x00f\x00o\x00r\x00e\
\x00 \x00c\x00h\x00e\x00c\x00k\x00p\x00o\
\x00i\x00n\x00t\x00s\x00.\x08\x00\x00\x00\x00\x06\
\x00\x00\x001test.param.a\
c_onoff.power_on\
_wait_sec.descri\
ption\x07\x00\x00\x00\x0eTestPa\
geBridge\x01\x03\x00\x00\x00*\x00P\
\x00o\x00w\x00e\x00r\x00 \x00o\x00n\x00 \
\x00w\x00a\x00i\x00t\x00 \x00s\x00e\x00c\
\x00o\x00n\x00d\x00s\x08\x00\x00\x00\x00\x06\x00\x00\
\x00+test.param.ac_\
onoff.power_on_w\
ait_sec.label\x07\x00\x00\
\x00\x0eTestPageBridge\
\x01\x03\x00\x00\x00\xb4\x00S\x00e\x00c\x00o\x00n\
\x00d\x00s\x00 \x00a\x00d\x00d\x00e\x00d\
\x00 \x00t\x00o\x00 \x00t\x00h\x00e\x00 \
\x00p\x00o\x00s\x00t\x00-\x00p\x00o\x00w\
\x00e\x00r\x00-\x00o\x00n\x00 \x00w\x00a\
\x00i\x00t\x00 \x00a\x00f\x00t\x00e\x00r\
\x00 \x00e\x00a\x00c\x00h\x00 \x00c\x00y\
\x00c\x00l\x00e\x00.\x00 \x00U\x00s\x00e\
\x00 \x00n\x00e\x00g\x00a\x00t\x00i\x00v\
\x00e\x00 \x00v\x00a\x00l\x00u\x00e\x00s\
\x00 \x00t\x00o\x00 \x00d\x00e\x00c\x00r\
\x00e\x00a\x00s\x00e\x00.\x08\x00\x00\x00\x00\x06\
\x00\x00\x006test.param.a\
c_onoff.power_on\
_wait_step_sec.d\
escription\x07\x00\x00\x00\x0eT\
estPageBridge\x01\x03\x00\
\x00\x004\x00P\x00o\x00w\x00e\x00r\x00 \x00\
o\x00n\x00 \x00w\x00a\x00i\x00t\x00 \x00\
s\x00t\x00e\x00p\x00 \x00s\x00e\x00c\x00\
o\x00n\x00d\x00s\x08\x00\x00\x00\x00\x06\x00\x00\x00\
0test.param.ac_o\
noff.power_on_wa\
it_step_sec.labe\
l\x07\x00\x00\x00\x0eTestPageBr\
idge\x01\x03\x00\x00\x006\x00O\x00p\x00t\
\x00i\x00o\x00n\x00a\x00l\x00 \x00t\x00a\
\x00r\x00g\x00e\x00t\x00 \x00M\x00A\x00C\
\x00 \x00o\x00r\x00 \x00N\x00o\x00n\x00e\
\x08\x00\x00\x00\x00\x06\x00\x00\x00,test.p\
aram.auto_reboot\
.bt_target.descr\
iption\x07\x00\x00\x00\x0eTestP\
ageBridge\x01\x03\x00\x00\x00 \x00\
B\x00l\x00u\x00e\x00t\x00o\x00o\x00t\x00\
h\x00 \x00T\x00a\x00r\x00g\x00e\x00t\x08\
\x00\x00\x00\x00\x06\x00\x00\x00&test.pa\
ram.auto_reboot.\
bt_target.label\x07\
\x00\x00\x00\x0eTestPageBrid\
ge\x01\x03\x00\x00\x00\x14\x00D\x00e\x00f\x00a\
\x00u\x00l\x00t\x00 \x002\x000\x08\x00\x00\x00\
\x00\x06\x00\x00\x00.test.param\
.auto_reboot.cyc\
le_count.descrip\
tion\x07\x00\x00\x00\x0eTestPag\
eBridge\x01\x03\x00\x00\x00\x16\x00C\x00\
y\x00c\x00l\x00e\x00 \x00C\x00o\x00u\x00\
n\x00t\x08\x00\x00\x00\x00\x06\x00\x00\x00(tes\
t.param.auto_reb\
oot.cycle_count.\
label\x07\x00\x00\x00\x0eTestPa\
geBridge\x01\x03\x00\x00\x00\x16\x00D\
\x00e\x00f\x00a\x00u\x00l\x00t\x00 \x001\
\x000\x000\x08\x00\x00\x00\x00\x06\x00\x00\x00/te\
st.param.auto_re\
boot.interval_se\
c.description\x07\x00\x00\
\x00\x0eTestPageBridge\
\x01\x03\x00\x00\x00\x18\x00I\x00n\x00t\x00e\x00r\
\x00v\x00a\x00l\x00 \x00(\x00s\x00)\x08\x00\
\x00\x00\x00\x06\x00\x00\x00)test.par\
am.auto_reboot.i\
nterval_sec.labe\
l\x07\x00\x00\x00\x0eTestPageBr\
idge\x01\x03\x00\x00\x00(\x00O\x00p\x00t\
\x00i\x00o\x00n\x00a\x00l\x00 \x00p\x00i\
\x00n\x00g\x00 \x00t\x00a\x00r\x00g\x00e\
\x00t\x08\x00\x00\x00\x00\x06\x00\x00\x00.test\
.param.auto_rebo\
ot.ping_target.d\
escription\x07\x00\x00\x00\x0eT\
estPageBridge\x01\x03\x00\
\x00\x00\x16\x00P\x00i\x00n\x00g\x00 \x00T\x00\
a\x00r\x00g\x00e\x00t\x08\x00\x00\x00\x00\x06\x00\
\x00\x00(test.param.au\
to_reboot.ping_t\
arget.label\x07\x00\x00\x00\x0e\
TestPageBridge\x01\x03\
\x00\x00\x006\x00O\x00p\x00t\x00i\x00o\x00n\
\x00a\x00l\x00 \x00t\x00a\x00r\x00g\x00e\
\x00t\x00 \x00M\x00A\x00C\x00 \x00o\x00r\
\x00 \x00N\x00o\x00n\x00e\x08\x00\x00\x00\x00\x06\
\x00\x00\x00-test.param.a\
uto_suspend.bt_t\
arget.descriptio\
n\x07\x00\x00\x00\x0eTestPageBr\
idge\x01\x03\x00\x00\x00 \x00B\x00l\x00u\
\x00e\x00t\x00o\x00o\x00t\x00h\x00 \x00T\
\x00a\x00r\x00g\x00e\x00t\x08\x00\x00\x00\x00\x06\
\x00\x00\x00'test.param.a\
uto_suspend.bt_t\
arget.label\x07\x00\x00\x00\x0e\
TestPageBridge\x01\x03\
\x00\x00\x00\x14\x00D\x00e\x00f\x00a\x00u\x00l\
\x00t\x00 \x002\x000\x08\x00\x00\x00\x00\x06\x00\x00\
\x00/test.param.aut\
o_suspend.cycle_\
count.descriptio\
n\x07\x00\x00\x00\x0eTestPageBr\
idge\x01\x03\x00\x00\x00\x16\x00C\x00y\x00c\
\x00l\x00e\x00 \x00C\x00o\x00u\x00n\x00t\
\x08\x00\x00\x00\x00\x06\x00\x00\x00)test.p\
aram.auto_suspen\
d.cycle_count.la\
bel\x07\x00\x00\x00\x0eTestPage\
Bridge\x01\x03\x00\x00\x00\x16\x00D\x00e\
\x00f\x00a\x00u\x00l\x00t\x00 \x001\x000\
\x000\x08\x00\x00\x00\x00\x06\x00\x00\x000test\
.param.auto_susp\
end.interval_sec\
.description\x07\x00\x00\x00\
\x0eTestPageBridge\x01\
\x03\x00\x00\x00\x18\x00I\x00n\x00t\x00e\x00r\x00\
v\x00a\x00l\x00 \x00(\x00s\x00)\x08\x00\x00\
\x00\x00\x06\x00\x00\x00*test.para\
m.auto_suspend.i\
nterval_sec.labe\
l\x07\x00\x00\x00\x0eTestPageBr\
idge\x01\x03\x00\x00\x00(\x00O\x00p\x00t\
\x00i\x00o\x00n\x00a\x00l\x00 \x00p\x00i\
\x00n\x00g\x00 \x00t\x00a\x00r\x00g\x00e\
\x00t\x08\x00\x00\x00\x00\x06\x00\x00\x00/test\
.param.auto_susp\
end.ping_target.\
description\x07\x00\x00\x00\x0e\
TestPageBridge\x01\x03\
\x00\x00\x00\x16\x00P\x00i\x00n\x00g\x00 \x00T\
\x00a\x00r\x00g\x00e\x00t\x08\x00\x00\x00\x00\x06\
\x00\x00\x00)test.param.a\
uto_suspend.ping\
_target.label\x07\x00\x00\
\x00\x0eTestPageBridge\
\x01\x03\x00\x00\x006\x00R\x00e\x00q\x00u\x00i\
\x00r\x00e\x00d\x00 \x00t\x00a\x00r\x00g\
\x00e\x00t\x00 \x00M\x00A\x00C\x00 \x00o\
\x00r\x00 \x00N\x00o\x00n\x00e\x08\x00\x00\x00\
\x00\x06\x00\x00\x00.test.param\
.bt_onoff_scan.b\
t_target.descrip\
tion\x07\x00\x00\x00\x0eTestPag\
eBridge\x01\x03\x00\x00\x00 \x00B\x00\
l\x00u\x00e\x00t\x00o\x00o\x00t\x00h\x00\
 \x00T\x00a\x00r\x00g\x00e\x00t\x08\x00\x00\
\x00\x00\x06\x00\x00\x00(test.para\
m.bt_onoff_scan.\
bt_target.label\x07\
\x00\x00\x00\x0eTestPageBrid\
ge\x01\x03\x00\x00\x00\x12\x00D\x00e\x00f\x00a\
\x00u\x00l\x00t\x00 \x002\x08\x00\x00\x00\x00\x06\
\x00\x00\x000test.param.b\
t_onoff_scan.cyc\
le_count.descrip\
tion\x07\x00\x00\x00\x0eTestPag\
eBridge\x01\x03\x00\x00\x00\x16\x00C\x00\
y\x00c\x00l\x00e\x00 \x00C\x00o\x00u\x00\
n\x00t\x08\x00\x00\x00\x00\x06\x00\x00\x00*tes\
t.param.bt_onoff\
_scan.cycle_coun\
t.label\x07\x00\x00\x00\x0eTest\
PageBridge\x01\x03\x00\x00\x00\x84\
\x00S\x00e\x00c\x00o\x00n\x00d\x00s\x00 \
\x00t\x00o\x00 \x00w\x00a\x00i\x00t\x00 \
\x00a\x00f\x00t\x00e\x00r\x00 \x00B\x00l\
\x00u\x00e\x00t\x00o\x00o\x00t\x00h\x00 \
\x00t\x00u\x00r\x00n\x00s\x00 \x00o\x00f\
\x00f\x00 \x00b\x00e\x00f\x00o\x00r\x00e\
\x00 \x00t\x00h\x00e\x00 \x00n\x00e\x00x\
\x00t\x00 \x00o\x00n\x00 \x00s\x00t\x00e\
\x00p\x00.\x08\x00\x00\x00\x00\x06\x00\x00\x001te\
st.param.bt_onof\
f_scan.off_wait_\
sec.description\x07\
\x00\x00\x00\x0eTestPageBrid\
ge\x01\x03\x00\x00\x00 \x00O\x00f\x00f\x00 \
\x00w\x00a\x00i\x00t\x00 \x00s\x00e\x00c\
\x00o\x00n\x00d\x00s\x08\x00\x00\x00\x00\x06\x00\x00\
\x00+test.param.bt_\
onoff_scan.off_w\
ait_sec.label\x07\x00\x00\
\x00\x0eTestPageBridge\
\x01\x03\x00\x00\x00\xac\x00S\x00e\x00c\x00o\x00n\
\x00d\x00s\x00 \x00t\x00o\x00 \x00w\x00a\
\x00i\x00t\x00 \x00a\x00f\x00t\x00e\x00r\
\x00 \x00B\x00l\x00u\x00e\x00t\x00o\x00o\
\x00t\x00h\x00 \x00t\x00u\x00r\x00n\x00s\
\x00 \x00o\x00n\x00 \x00b\x00e\x00f\x00o\
\x00r\x00e\x00 \x00r\x00e\x00c\x00o\x00n\
\x00n\x00e\x00c\x00t\x00 \x00c\x00h\x00e\
\x00c\x00k\x00s\x00 \x00o\x00r\x00 \x00t\
\x00h\x00e\x00 \x00n\x00e\x00x\x00t\x00 \
\x00o\x00f\x00f\x00 \x00s\x00t\x00e\x00p\
\x00.\x08\x00\x00\x00\x00\x06\x00\x00\x000test\
.param.bt_onoff_\
scan.on_wait_sec\
.description\x07\x00\x00\x00\
\x0eTestPageBridge\x01\
\x03\x00\x00\x00\x1e\x00O\x00n\x00 \x00w\x00a\x00\
i\x00t\x00 \x00s\x00e\x00c\x00o\x00n\x00\
d\x00s\x08\x00\x00\x00\x00\x06\x00\x00\x00*tes\
t.param.bt_onoff\
_scan.on_wait_se\
c.label\x07\x00\x00\x00\x0eTest\
PageBridge\x01\x03\x00\x00\x00Z\
\x00S\x00e\x00l\x00e\x00c\x00t\x00 \x00t\
\x00h\x00e\x00 \x00C\x00P\x00U\x00 \x00f\
\x00r\x00e\x00q\x00u\x00e\x00n\x00c\x00i\
\x00e\x00s\x00 \x00t\x00o\x00 \x00s\x00w\
\x00i\x00t\x00c\x00h\x00 \x00t\x00h\x00r\
\x00o\x00u\x00g\x00h\x00.\x08\x00\x00\x00\x00\x06\
\x00\x00\x000test.param.c\
pu_frequency.fre\
quencies.descrip\
tion\x07\x00\x00\x00\x0eTestPag\
eBridge\x01\x03\x00\x00\x00\x1e\x00C\x00\
P\x00U\x00 \x00f\x00r\x00e\x00q\x00u\x00\
e\x00n\x00c\x00i\x00e\x00s\x08\x00\x00\x00\x00\
\x06\x00\x00\x00*test.param.\
cpu_frequency.fr\
equencies.label\x07\
\x00\x00\x00\x0eTestPageBrid\
ge\x01\x03\x00\x00\x00v\x00H\x00o\x00w\x00 \
\x00m\x00a\x00n\x00y\x00 \x00t\x00i\x00m\
\x00e\x00s\x00 \x00t\x00o\x00 \x00r\x00e\
\x00p\x00e\x00a\x00t\x00 \x00t\x00h\x00e\
\x00 \x00C\x00P\x00U\x00 \x00f\x00r\x00e\
\x00q\x00u\x00e\x00n\x00c\x00y\x00 \x00s\
\x00w\x00i\x00t\x00c\x00h\x00i\x00n\x00g\
\x00 \x00c\x00y\x00c\x00l\x00e\x00.\x08\x00\
\x00\x00\x00\x06\x00\x00\x00/test.par\
am.cpu_frequency\
.loop_count.desc\
ription\x07\x00\x00\x00\x0eTest\
PageBridge\x01\x03\x00\x00\x00\x14\
\x00L\x00o\x00o\x00p\x00 \x00C\x00o\x00u\
\x00n\x00t\x08\x00\x00\x00\x00\x06\x00\x00\x00)te\
st.param.cpu_fre\
quency.loop_coun\
t.label\x07\x00\x00\x00\x0eTest\
PageBridge\x01\x03\x00\x00\x006\
\x00S\x00e\x00l\x00e\x00c\x00t\x00e\x00d\
\x00 \x00d\x00e\x00v\x00i\x00c\x00e\x00 \
\x00u\x00n\x00d\x00e\x00r\x00 \x00t\x00e\
\x00s\x00t\x00.\x08\x00\x00\x00\x00\x06\x00\x00\x00\x1a\
test.param.dut.d\
escription\x07\x00\x00\x00\x0eT\
estPageBridge\x01\x03\x00\
\x00\x00\x06\x00D\x00U\x00T\x08\x00\x00\x00\x00\x06\x00\
\x00\x00\x14test.param.du\
t.label\x07\x00\x00\x00\x0eTest\
PageBridge\x01\x03\x00\x00\x00\x16\
\x00D\x00e\x00f\x00a\x00u\x00l\x00t\x00 \
\x001\x008\x000\x08\x00\x00\x00\x00\x06\x00\x00\x00)\
test.param.emmc_\
rw.loop_count.de\
scription\x07\x00\x00\x00\x0eTe\
stPageBridge\x01\x03\x00\x00\
\x00\x14\x00L\x00o\x00o\x00p\x00 \x00C\x00o\
\x00u\x00n\x00t\x08\x00\x00\x00\x00\x06\x00\x00\x00#\
test.param.emmc_\
rw.loop_count.la\
bel\x07\x00\x00\x00\x0eTestPage\
Bridge\x01\x03\x00\x00\x00\x1c\x00D\x00e\
\x00f\x00a\x00u\x00l\x00t\x00 \x003\x000\
\x007\x002\x000\x000\x08\x00\x00\x00\x00\x06\x00\x00\
\x00*test.param.emm\
c_rw.min_free_kb\
.description\x07\x00\x00\x00\
\x0eTestPageBridge\x01\
\x03\x00\x00\x00.\x00M\x00i\x00n\x00i\x00m\x00\
u\x00m\x00 \x00F\x00r\x00e\x00e\x00 \x00\
S\x00p\x00a\x00c\x00e\x00 \x00(\x00K\x00\
B\x00)\x08\x00\x00\x00\x00\x06\x00\x00\x00$tes\
t.param.emmc_rw.\
min_free_kb.labe\
l\x07\x00\x00\x00\x0eTestPageBr\
idge\x01\x03\x00\x00\x00\x22\x00r\x00a\x00n\
\x00d\x00o\x00m\x001\x00 \x00/\x00 \x00r\
\x00a\x00n\x00d\x00o\x00m\x002\x08\x00\x00\x00\
\x00\x06\x00\x00\x00-test.param\
.emmc_rw.source_\
profile.descript\
ion\x07\x00\x00\x00\x0eTestPage\
Bridge\x01\x03\x00\x00\x00\x1c\x00S\x00o\
\x00u\x00r\x00c\x00e\x00 \x00P\x00r\x00o\
\x00f\x00i\x00l\x00e\x08\x00\x00\x00\x00\x06\x00\x00\
\x00'test.param.emm\
c_rw.source_prof\
ile.label\x07\x00\x00\x00\x0eTe\
stPageBridge\x01\x03\x00\x00\
\x00\x1a\x00D\x00e\x00f\x00a\x00u\x00l\x00t\
\x00 \x005\x001\x002\x000\x000\x08\x00\x00\x00\
\x00\x06\x00\x00\x00-test.param\
.emmc_rw.source_\
size_kb.descript\
ion\x07\x00\x00\x00\x0eTestPage\
Bridge\x01\x03\x00\x00\x00 \x00S\x00o\
\x00u\x00r\x00c\x00e\x00 \x00S\x00i\x00z\
\x00e\x00 \x00(\x00K\x00B\x00)\x08\x00\x00\x00\
\x00\x06\x00\x00\x00'test.param\
.emmc_rw.source_\
size_kb.label\x07\x00\x00\
\x00\x0eTestPageBridge\
\x01\x03\x00\x00\x00R\x00D\x00e\x00f\x00a\x00u\
\x00l\x00t\x00 \x00/\x00d\x00a\x00t\x00a\
\x00/\x00l\x00o\x00c\x00a\x00l\x00/\x00t\
\x00m\x00p\x00/\x00s\x00m\x00a\x00r\x00t\
\x00t\x00e\x00s\x00t\x00/\x00e\x00m\x00m\
\x00c\x00_\x00r\x00w\x08\x00\x00\x00\x00\x06\x00\x00\
\x00'test.param.emm\
c_rw.work_dir.de\
scription\x07\x00\x00\x00\x0eTe\
stPageBridge\x01\x03\x00\x00\
\x00\x22\x00W\x00o\x00r\x00k\x00i\x00n\x00g\
\x00 \x00D\x00i\x00r\x00e\x00c\x00t\x00o\
\x00r\x00y\x08\x00\x00\x00\x00\x06\x00\x00\x00!te\
st.param.emmc_rw\
.work_dir.label\x07\
\x00\x00\x00\x0eTestPageBrid\
ge\x01\x03\x00\x00\x00J\x00W\x00a\x00i\x00t\
\x00 \x00t\x00i\x00m\x00e\x00 \x00a\x00f\
\x00t\x00e\x00r\x00 \x00e\x00a\x00c\x00h\
\x00 \x00p\x00l\x00a\x00y\x00b\x00a\x00c\
\x00k\x00 \x00a\x00c\x00t\x00i\x00o\x00n\
\x00.\x08\x00\x00\x00\x00\x06\x00\x00\x00@test\
.param.local_pla\
yback_stress.act\
ion_interval_sec\
.description\x07\x00\x00\x00\
\x0eTestPageBridge\x01\
\x03\x00\x00\x00.\x00A\x00c\x00t\x00i\x00o\x00\
n\x00 \x00i\x00n\x00t\x00e\x00r\x00v\x00\
a\x00l\x00 \x00s\x00e\x00c\x00o\x00n\x00\
d\x00s\x08\x00\x00\x00\x00\x06\x00\x00\x00:tes\
t.param.local_pl\
ayback_stress.ac\
tion_interval_se\
c.label\x07\x00\x00\x00\x0eTest\
PageBridge\x01\x03\x00\x00\x00\x8e\
\x00P\x00l\x00a\x00y\x00b\x00a\x00c\x00k\
\x00 \x00o\x00p\x00e\x00r\x00a\x00t\x00i\
\x00o\x00n\x00s\x00 \x00s\x00e\x00n\x00t\
\x00 \x00t\x00o\x00 \x00E\x00x\x00o\x00P\
\x00l\x00a\x00y\x00e\x00r\x00 \x00t\x00h\
\x00r\x00o\x00u\x00g\x00h\x00 \x00A\x00n\
\x00d\x00r\x00o\x00i\x00d\x00 \x00m\x00e\
\x00d\x00i\x00a\x00 \x00k\x00e\x00y\x00 \
\x00e\x00v\x00e\x00n\x00t\x00s\x00.\x08\x00\
\x00\x00\x00\x06\x00\x00\x004test.par\
am.local_playbac\
k_stress.actions\
.description\x07\x00\x00\x00\
\x0eTestPageBridge\x01\
\x03\x00\x00\x00\x1c\x00S\x00t\x00r\x00e\x00s\x00\
s\x00 \x00a\x00c\x00t\x00i\x00o\x00n\x00\
s\x08\x00\x00\x00\x00\x06\x00\x00\x00.test.\
param.local_play\
back_stress.acti\
ons.label\x07\x00\x00\x00\x0eTe\
stPageBridge\x01\x03\x00\x00\
\x00\x8a\x00N\x00u\x00m\x00b\x00e\x00r\x00 \
\x00o\x00f\x00 \x00t\x00i\x00m\x00e\x00s\
\x00 \x00t\x00o\x00 \x00r\x00e\x00p\x00e\
\x00a\x00t\x00 \x00t\x00h\x00e\x00 \x00s\
\x00e\x00l\x00e\x00c\x00t\x00e\x00d\x00 \
\x00f\x00i\x00l\x00e\x00 \x00a\x00n\x00d\
\x00 \x00a\x00c\x00t\x00i\x00o\x00n\x00 \
\x00c\x00o\x00n\x00f\x00i\x00g\x00u\x00r\
\x00a\x00t\x00i\x00o\x00n\x00.\x08\x00\x00\x00\
\x00\x06\x00\x00\x007test.param\
.local_playback_\
stress.loop_coun\
t.description\x07\x00\x00\
\x00\x0eTestPageBridge\
\x01\x03\x00\x00\x00\x14\x00L\x00o\x00o\x00p\x00 \
\x00c\x00o\x00u\x00n\x00t\x08\x00\x00\x00\x00\x06\
\x00\x00\x001test.param.l\
ocal_playback_st\
ress.loop_count.\
label\x07\x00\x00\x00\x0eTestPa\
geBridge\x01\x03\x00\x00\x00\xd4\x00D\
\x00U\x00T\x00 \x00d\x00i\x00r\x00e\x00c\
\x00t\x00o\x00r\x00i\x00e\x00s\x00 \x00t\
\x00o\x00 \x00s\x00c\x00a\x00n\x00 \x00a\
\x00t\x00 \x00r\x00u\x00n\x00t\x00i\x00m\
\x00e\x00 \x00w\x00h\x00e\x00n\x00 \x00n\
\x00o\x00 \x00f\x00i\x00l\x00e\x00s\x00 \
\x00a\x00r\x00e\x00 \x00s\x00e\x00l\x00e\
\x00c\x00t\x00e\x00d\x00.\x00 \x00D\x00e\
\x00f\x00a\x00u\x00l\x00t\x00 \x00/\x00s\
\x00t\x00o\x00r\x00a\x00g\x00e\x00/\x00*\
\x00/\x00M\x00o\x00v\x00i\x00e\x00s\x00 \
\x00/\x00s\x00t\x00o\x00r\x00a\x00g\x00e\
\x00/\x00*\x00/\x00V\x00i\x00d\x00e\x00o\
\x00.\x08\x00\x00\x00\x00\x06\x00\x00\x006test\
.param.local_pla\
yback_stress.med\
ia_dir.descripti\
on\x07\x00\x00\x00\x0eTestPageB\
ridge\x01\x03\x00\x00\x00\x1e\x00M\x00e\x00\
d\x00i\x00a\x00 \x00d\x00i\x00r\x00e\x00\
c\x00t\x00o\x00r\x00y\x08\x00\x00\x00\x00\x06\x00\
\x00\x000test.param.lo\
cal_playback_str\
ess.media_dir.la\
bel\x07\x00\x00\x00\x0eTestPage\
Bridge\x01\x03\x00\x00\x00\xde\x00F\x00i\
\x00l\x00e\x00s\x00 \x00d\x00i\x00s\x00c\
\x00o\x00v\x00e\x00r\x00e\x00d\x00 \x00f\
\x00r\x00o\x00m\x00 \x00D\x00U\x00T\x00 \
\x00i\x00n\x00t\x00e\x00r\x00n\x00a\x00l\
\x00 \x00M\x00o\x00v\x00i\x00e\x00s\x00 \
\x00a\x00n\x00d\x00 \x00U\x00S\x00B\x00 \
\x00M\x00o\x00v\x00i\x00e\x00s\x00 \x00d\
\x00i\x00r\x00e\x00c\x00t\x00o\x00r\x00i\
\x00e\x00s\x00.\x00 \x00S\x00e\x00l\x00e\
\x00c\x00t\x00 \x00a\x00t\x00 \x00l\x00e\
\x00a\x00s\x00t\x00 \x00o\x00n\x00e\x00 \
\x00f\x00i\x00l\x00e\x00 \x00b\x00e\x00f\
\x00o\x00r\x00e\x00 \x00s\x00t\x00a\x00r\
\x00t\x00i\x00n\x00g\x00.\x08\x00\x00\x00\x00\x06\
\x00\x00\x008test.param.l\
ocal_playback_st\
ress.media_files\
.description\x07\x00\x00\x00\
\x0eTestPageBridge\x01\
\x03\x00\x00\x00\x1c\x00P\x00l\x00a\x00y\x00b\x00\
a\x00c\x00k\x00 \x00f\x00i\x00l\x00e\x00\
s\x08\x00\x00\x00\x00\x06\x00\x00\x002test.\
param.local_play\
back_stress.medi\
a_files.label\x07\x00\x00\
\x00\x0eTestPageBridge\
\x01\x03\x00\x00\x00H\x00S\x00h\x00u\x00f\x00f\
\x00l\x00e\x00 \x00s\x00e\x00l\x00e\x00c\
\x00t\x00e\x00d\x00 \x00f\x00i\x00l\x00e\
\x00s\x00 \x00i\x00n\x00 \x00e\x00a\x00c\
\x00h\x00 \x00l\x00o\x00o\x00p\x00.\x08\x00\
\x00\x00\x00\x06\x00\x00\x00<test.par\
am.local_playbac\
k_stress.random_\
playback.descrip\
tion\x07\x00\x00\x00\x0eTestPag\
eBridge\x01\x03\x00\x00\x00\x1e\x00R\x00\
a\x00n\x00d\x00o\x00m\x00 \x00p\x00l\x00\
a\x00y\x00b\x00a\x00c\x00k\x08\x00\x00\x00\x00\
\x06\x00\x00\x006test.param.\
local_playback_s\
tress.random_pla\
yback.label\x07\x00\x00\x00\x0e\
TestPageBridge\x01\x03\
\x00\x00\x00\x90\x00W\x00a\x00i\x00t\x00 \x00t\
\x00i\x00m\x00e\x00 \x00a\x00f\x00t\x00e\
\x00r\x00 \x00l\x00a\x00u\x00n\x00c\x00h\
\x00i\x00n\x00g\x00 \x00e\x00a\x00c\x00h\
\x00 \x00m\x00e\x00d\x00i\x00a\x00 \x00f\
\x00i\x00l\x00e\x00 \x00b\x00e\x00f\x00o\
\x00r\x00e\x00 \x00s\x00e\x00n\x00d\x00i\
\x00n\x00g\x00 \x00s\x00t\x00r\x00e\x00s\
\x00s\x00 \x00a\x00c\x00t\x00i\x00o\x00n\
\x00s\x00.\x08\x00\x00\x00\x00\x06\x00\x00\x00;te\
st.param.local_p\
layback_stress.s\
tart_wait_sec.de\
scription\x07\x00\x00\x00\x0eTe\
stPageBridge\x01\x03\x00\x00\
\x00$\x00S\x00t\x00a\x00r\x00t\x00 \x00w\
\x00a\x00i\x00t\x00 \x00s\x00e\x00c\x00o\
\x00n\x00d\x00s\x08\x00\x00\x00\x00\x06\x00\x00\x005\
test.param.local\
_playback_stress\
.start_wait_sec.\
label\x07\x00\x00\x00\x0eTestPa\
geBridge\x01\x03\x00\x00\x00\x10\x00P\
\x00e\x00r\x00 \x00C\x00a\x00s\x00e\x08\x00\
\x00\x00\x00\x06\x00\x00\x00\x15test.par\
am.scope.case\x07\x00\x00\
\x00\x0eTestPageBridge\
\x01\x03\x00\x00\x00\x12\x00C\x00a\x00s\x00e\x00 \
\x00T\x00y\x00p\x00e\x08\x00\x00\x00\x00\x06\x00\x00\
\x00!test.param.sco\
pe.case_type_sha\
red\x07\x00\x00\x00\x0eTestPage\
Bridge\x01\x03\x00\x00\x00\x0c\x00G\x00l\
\x00o\x00b\x00a\x00l\x08\x00\x00\x00\x00\x06\x00\x00\
\x00\x1ftest.param.sco\
pe.global_contex\
t\x07\x00\x00\x00\x0eTestPageBr\
idge\x01\x03\x00\x00\x00\x12\x00D\x00e\x00f\
\x00a\x00u\x00l\x00t\x00 \x002\x08\x00\x00\x00\
\x00\x06\x00\x00\x002test.param\
.wifi_onoff_scan\
.cycle_count.des\
cription\x07\x00\x00\x00\x0eTes\
tPageBridge\x01\x03\x00\x00\x00\
\x16\x00C\x00y\x00c\x00l\x00e\x00 \x00C\x00\
o\x00u\x00n\x00t\x08\x00\x00\x00\x00\x06\x00\x00\x00\
,test.param.wifi\
_onoff_scan.cycl\
e_count.label\x07\x00\x00\
\x00\x0eTestPageBridge\
\x01\x03\x00\x00\x00|\x00S\x00e\x00c\x00o\x00n\
\x00d\x00s\x00 \x00t\x00o\x00 \x00w\x00a\
\x00i\x00t\x00 \x00a\x00f\x00t\x00e\x00r\
\x00 \x00W\x00i\x00-\x00F\x00i\x00 \x00t\
\x00u\x00r\x00n\x00s\x00 \x00o\x00f\x00f\
\x00 \x00b\x00e\x00f\x00o\x00r\x00e\x00 \
\x00t\x00h\x00e\x00 \x00n\x00e\x00x\x00t\
\x00 \x00o\x00n\x00 \x00s\x00t\x00e\x00p\
\x00.\x08\x00\x00\x00\x00\x06\x00\x00\x003test\
.param.wifi_onof\
f_scan.off_wait_\
sec.description\x07\
\x00\x00\x00\x0eTestPageBrid\
ge\x01\x03\x00\x00\x00 \x00O\x00f\x00f\x00 \
\x00w\x00a\x00i\x00t\x00 \x00s\x00e\x00c\
\x00o\x00n\x00d\x00s\x08\x00\x00\x00\x00\x06\x00\x00\
\x00-test.param.wif\
i_onoff_scan.off\
_wait_sec.label\x07\
\x00\x00\x00\x0eTestPageBrid\
ge\x01\x03\x00\x00\x00\xa4\x00S\x00e\x00c\x00o\
\x00n\x00d\x00s\x00 \x00t\x00o\x00 \x00w\
\x00a\x00i\x00t\x00 \x00a\x00f\x00t\x00e\
\x00r\x00 \x00W\x00i\x00-\x00F\x00i\x00 \
\x00t\x00u\x00r\x00n\x00s\x00 \x00o\x00n\
\x00 \x00b\x00e\x00f\x00o\x00r\x00e\x00 \
\x00r\x00e\x00c\x00o\x00n\x00n\x00e\x00c\
\x00t\x00 \x00c\x00h\x00e\x00c\x00k\x00s\
\x00 \x00o\x00r\x00 \x00t\x00h\x00e\x00 \
\x00n\x00e\x00x\x00t\x00 \x00o\x00f\x00f\
\x00 \x00s\x00t\x00e\x00p\x00.\x08\x00\x00\x00\
\x00\x06\x00\x00\x002test.param\
.wifi_onoff_scan\
.on_wait_sec.des\
cription\x07\x00\x00\x00\x0eTes\
tPageBridge\x01\x03\x00\x00\x00\
\x1e\x00O\x00n\x00 \x00w\x00a\x00i\x00t\x00\
 \x00s\x00e\x00c\x00o\x00n\x00d\x00s\x08\
\x00\x00\x00\x00\x06\x00\x00\x00,test.pa\
ram.wifi_onoff_s\
can.on_wait_sec.\
label\x07\x00\x00\x00\x0eTestPa\
geBridge\x01\x03\x00\x00\x008\x00R\
\x00e\x00q\x00u\x00i\x00r\x00e\x00d\x00 \
\x00f\x00o\x00r\x00 \x00r\x00e\x00c\x00o\
\x00n\x00n\x00e\x00c\x00t\x00 \x00c\x00h\
\x00e\x00c\x00k\x08\x00\x00\x00\x00\x06\x00\x00\x002\
test.param.wifi_\
onoff_scan.ping_\
target.descripti\
on\x07\x00\x00\x00\x0eTestPageB\
ridge\x01\x03\x00\x00\x00\x16\x00P\x00i\x00\
n\x00g\x00 \x00T\x00a\x00r\x00g\x00e\x00\
t\x08\x00\x00\x00\x00\x06\x00\x00\x00,test.\
param.wifi_onoff\
_scan.ping_targe\
t.label\x07\x00\x00\x00\x0eTest\
PageBridge\x01\x03\x00\x00\x00\x0e\
\x00D\x00e\x00f\x00a\x00u\x00l\x00t\x08\x00\
\x00\x00\x00\x06\x00\x00\x00#test.sch\
ema.case_type_de\
fault.title\x07\x00\x00\x00\x0e\
TestPageBridge\x01\x03\
\x00\x00\x00\x0c\x00G\x00l\x00o\x00b\x00a\x00l\
\x08\x00\x00\x00\x00\x06\x00\x00\x00 test.s\
chema.global_con\
text.title\x07\x00\x00\x00\x0eT\
estPageBridge\x01\x88\x00\
\x00\x00\x02\x01\x01\
\x00\x00\x0at\
\x00\
\x008\xf1x\xda\xcd[mo\x1b7\x12\xfen\xc0\xff\
\x81\xd9\x02\x85\x8c\x18[\xdb\x97\xeb\x05r\x9d\x83\xdf\xd2\
\xfa\xe0\xb4\x8d\xe54\x1f\x82 \xa0\xb4\x94\xc4\x9aZ\xae\
\xb9\x5c\xdbj\xe2\xff~C\xee\xbb\xf8\xb2kE\xbd\xcb\
&\x80\xa4\xe5\xccp\xf8p83\x1c\xd2t\x91p!\
\xd1[\xf96\xa3\x93\x1bt\x10\xee\xffs\x8b\xb6\xde\x85\
\x97x\xc93\x99\xa2}K\xdb)\x8f\xa5\xe0,m1\
\xbef\x19\x89\xe5\xbb\x0b\xe0\xd8+\xdf\x05a\xf8\xc3\x84\
\xc3\xf7\x18\x9a\x82m\xeb\xeb\x1f\x04\x89\x164&\xae\xe6\
?\xa9\xc08\x8b\xa8\x93\x7f\xc2\xe3\xa9\xea{B\xbcd\
\x11\xa6l)\x88j\x01\x92\xed-\xd0\xf7w<#\xe8\
\xf3\xf6\x16\x82GR\xc9\xc8\x10\xdd\xa6\xd7b\x10\x5cs\
\xce\x82\x9d\xbc\x81\xe1,\x9e\xcc\xdf\xf0\x08Z\x0b\x9e\xeb\
eB\xc2\x11\x8dg\x8c\x5c\xc4\xa9\xc4\xd0\xb5\x92\xa8\xa8\
\x13\xc1\x13\x22\xe4\x12\xd1X\xa2\x9402\x91$\xfaY\
\xf0,\xb9\x88#\xf20D{\x1e:\xd5mI\xd6\xa6\
\x1aC\x0bJ's\x12e\x8c\x9c?$\x18\xa8\xa2!\
\x9ab\x96\x926\xe5\x1d\x16\xed~\x87H\x89=\x114\
\x9a\x91p\xa6\xde\xa4!#\xf1L\xce\xd1+\x8b\x86\xe8\
\xdf&\xfd\x07\x93\xec#\x1a\xa2\xc1\xe7\xc7\x9dmw\xef\
J\xcc\xb0\xddC(\xb92\x9b\xef\xbf\xb7\xbd6\xb5\xaa\
\xf0\x00\xa5,\x0c\x1f\x0c:\x87V\xa9\x140Y\x08g\
\x92\x8f$\x16%\x07\x00\x18\x04\xe5\xc4Ma\x96%\xe5\
1\x22q\x9a\x092j\x88>\xbe\x03\xd3\xc1cF\x06\
;\xa5\xb5\xa8\x87N\xd1\xe0Y[-\x5cR\xb6\x08\xd5\
c\x01\xfa\xa8\xb4\x85U\x9az\xd8\x06\x891\x04 Q\
ch\xd2\x08\x223\x11\xd7\xef\x1e\xbd*\xe73\xf2\xe5\
\x8b\xa5\xf7WG\x9ei\xda\xe9\xad\xfb\xa3\x01\xf1\x02/\
\xc7D\x0f\xe3*_\xfb\x97|Fc\x13\xdd\xa6\xd0\x90\
F\xe8\xd9\x11\x8c\xb6t\x17\x06\xc4\x1b\xc0\xa6P\xa70\
~X\xd9\x92\xa0#\xd5)\x8d\x18\x09\x94\xdd\x9a\x9d\xac\
\xa1T\xed\xf1\x9a\xa4F\xe7B\x16\xb8\x18\xfaV\x90\xf2\
\xb8i\xa8\xa7s\x1c\xcf\x94_x+\xc3\x09f\xec\x12\
\xf4\x17\x03;\xda;\xab\x02\xf4\x14W\x12\xbc\xab g\
=-]k\xc8c\xf5\x9d\x11\xa98\x1b\x00\x8c\x0a\x87\
U\x0cI\x90\xa9 \xe9\xbc9\x9e\xfe\x8a\x9aV\x94[\
\x87Rm\xa0\xdd\xd4E\xb4\x8bdi~\xad\x89\x98r\
\x81\x06\xca5\xd1\xd22\x0f\x8b\xaf?9\x9d\xe3!z\
\xfe\x9c\x1a\x92JC1]\xa4\xa6\xfd\xa8\xacT\x19L\
\xa1\x90\xc1\xebt\x05\x9a\xddM\xdb\x5cV\xd5\x18M\xf2\
\xfep\xfa\x16\xc5\xca\xc2x\xec\x9e\x80\x93\xe5E4\xd0\
zEv\xe0g-\xb7w\xd8\xfc\xed\x9f\x82\x9a\xd0\xc0\
\x12\xe2~*Q\xee\xbf\x8e,A\xabf\xfdX{\xb9\
\x0f\x1f\xdbB*\x0de\xd3q\x1d6~\xfe\x84\x9an\
O\xe9d7\xb2\xa6y\xe4\xe1\xa9\xa2\xab\xcc\xc2\x02Q\
\xa7e\xd4\xc3\xf03\xf54\x91\xf5\xcd\xc4e*+\xe6\
\xd2a=\x90;\xc6D\xdbO\xda\x84\x01\xfa\x9f\x119\
\x5cq\x19\x0dK*\x8d\x8e\xc7j\xa0\xbf%$\xbe\x22\
\xb7\x19Ia\xe4\xb5\xe5\xb9L\xd2T\x82e\x8b8O\
q\x9bZ@&7\xe7\x22\x0d\xa7\x94A\xea\x92`\x01\
\xde\xcdl]\x80\xae4N\x87\xe8\xa0\x11\x9d\xd3\x04O\
 \xc9\x18\xa2\xfd\x83\xb2\x17\xf5@\xc6\xf8Z\xe0\x05\xa4\
\x99-\x80\xf8\xf8O\xd0\xf3Wh\x80\x1cDiY\x8e\
\xfbX\x10\x1c\xb4Hs-\xb5J\xefi$\xe7C$\
EFl$\x098X\x22 \xb8\xfcB\xe8l\x0e`\
\xae&\x8c\x90F\xed\xef\xbf\x84\x1c\xe9\xc5\x8f-\xfe\x04\
GQ\xae\xfb\xdeV{\x22]@\xf5\x03\xcc\xc0\xe6\xe5\
\xf6\x96\xd9z\xc5\xef\xcb\x0e\xac6\xd7\x03\x80\x06\xda\xd7\
\xe4\x01\x04!\x09\x1fe6_b\x1b\xec\x1c\xc2z\x8f\
\xe5\xb0\xa4\x1b\xc9%\x83D>\x1b\xeb\xe4\x1f=Ze\
^H\xb2\x00\x81v-\x1c< \xff\x02\xdc\xd3I&\
%\x98\xac}X^3\xb8\xe63\xd8\x5c\x04NF\x0a\
\xd2G<\x13\x13b\x9d\xe5|/\xa6TH\xc3\xd39\
\xb9\x13<~\x97\xa0\xa1\xed\xfd\x19\xbf\x8f\xdd\xfa\xc5\xa7\
\x0c6|*\xac\x1b\xbd\x1c\xa1g\xab\xef\xacrL\x84\
\xcc7\xd5\xbcm=\x09\xa5\xf3E\x22\x97#\x95\xa5\xd9\
\x91\xba\xa3)\x1d3\x1bD\x90\xc9\xad&'\xfc\xbe\xda\
\x81(W\xbdg\x95\xd84\xab_9\x1a\x81+\x90\xd7\
\xe0\x84\xd0{\x08\xe0 \xa1\xea)E\xb0\x16\xd0$\x13\
jE\xb0%\xe4S*u\x8a\xc2\xc0\xe1X'\x9cq\
\x91\x1b\xe6\x9c,H\xa8\xectD`\xa2\x22,\x96\xa7\
\xaa\xb1\xd3\xe9\xe6@\xc2t\xa9\x9e\x5c!\xc6n\xc6\x9d\
\xb4\xa5Gq\x13\xaf\x8b\xf5+\x07\xd2\x13F\x13_\x7f\
\x00\x8d\x04h\x8bA\x94\x9d\x82/\x09a\xf7\x0f(\xd0\
\xbc\xc9\xcb\x5c\x8ej\xae?\xed\xa4\xd3\x12\xd13*\xf2\
\xb85\xacQ\x0e\x7f\xe1\x82\xfe\x05\xc20\xd3\xefl\xee\
m\xc5\xc5m\xbb\xd7t\xd4\x1a\x87\x9bp^\xa8\x9d\xbb\
\xdb\xd0\xa7\xfd\xaa\xf7u\xd1\x5c\x91\x84\xa8l\xc0\xa7\x9f\
z\x16<\x22lh\x9bO?_\x1d\x06\xfdty\x8e\
q\x9b\x01\xd6Q\xbb\xaa\xa0{>\xc3\x12w\x0bp\xfa\
\x8bS,\xa2O\x01z^\x0b\x83\x98\xc9\xefh\x04\x03\
\x7f\x8e\x82\xd5&\x86\xe3\x8b\xa8\xbb\xbb\xd5\xe8[\x98\xe4\
?^\xec\xf5\xe6\xed\xb7\xc4\xac!\xfbe7m/\xeb\
{zT\xb7=]\xf9B\x0f\x1c:\xdd\x92\xd7\xc6\x0f\
\xfa\xf3\xd4\xc9\x82\xbd\xf7\xc3\xc2\xdb\xd7\x161\xceR\xc8\
\x8f\xd3\xf4Z\xa5\x0b\xd6\x5c\xe2\x84G\x10\x90 \xac\xce\
\x0e\x11aT\xd5\x0cUcx\xae\xbe_\xa9\x09\xb6y\
\xed\xcdi(s\xcd\xba\xa3\xc9F\xd5\xeb\xcf\xb2\x89\xb9\
\xae\xe3p=nAf\x14\xb6\x02Bg?yx\xbe\
\xaa^\x05;\xa8\x8e\xd9\x12\x89F\xc3\xd3z]'H\
\xbb\x9e\x9e8\xf7$\x03\x95\xcad\xb3\xbf\x0aN?\xa9\
vW\xb9\xb85]\xa2-]RB\x9f\x02x#\xf7\
\x5c\x097\x10\x15\xe2\xdfA\x93\x81\xe9\xc6w\x0dew\
\xbea\x9c\xcfh\xaa\xb2\x88\x8dC]\xc8\xdd\x0c\xda)\
\x91\x0a\xec\xf3<\x81\xed\x85\xf9n~0\xb19\xe8;\
H<\xcd\x8e\xa6\xc7'\x960\xea\x1f\xce`\xda\xc7\xad\
\xf5\x0a\xf7U,\xdbk\xf5\x0b&\x84\xd5\x89\x93\xa3\xdf\
\xd5\xf4\xe3`\xff\xc75\xfa^\xf5p\xe0\xd8n\xc0\xa3\
\x06\xdf\x1d\xec\xa9\x7f\x018\xd2\xe0\xbb\xe9\xbf\xd4\xbf\x95\
\xea\xf5\x98\x0b\xb0\x85\xd0p\x91*\xeb\xb3\xb8F\x81#\
\x9a\xa5\x96\x8a\xc0f*\x0eF\xa9f\xff\xe0\xc9e\x89\
\x8e\x94\xb8H\x85\x8d\xba\xa3k\x0f\xd075Z;\xfd\
5\x19\xd5\xd9\x22u\x97\x01\xd7\x09\xc6~\xcc\x9e\x98\x19\
T{\xc6\xa2.\x0f\xdb\xee}?\xc7:\xb9C\xc1#\
y\xf2F[\xc3\xb0\xec\x17\x0c[\x15\xc3:\xd2\xf4\xa6\
c=\xcdR\xc9\x17z\xce\xd3.\xefj\xc9\x0eOq\
\xa26\x90~\xbe\xafI2\x1e}\x93\xa2\xb4\xd6\x95\xe5\
bg\xde\xb9\xd9S\x1b\xd2Y\x93\xa1\x03\xa8R\xfe\xb0\
\xeffm\x9d\xd9\x9c\x13\x0c\x9a\x5c\xebI\xa9z\xcc\xf3\
^?c^8>\x86-\xfc\x1d\xd6\x07U\xd6S\xa3\
\xa3W\x1d\xe7J\x1b\x0a5\xe6\xcb\xbc\xce\xf8\x95\x95\x98\
\x9eA\xcc\xd6\x97+\x8e\xec9d\xb8\xb6\xf4\x1b\x8b\x83\
uU\xfa`\xfb\xffP\x96~bM\xf2=\x177J\
 \xd1\x9b\xc3\xc0S=l\x9dj\xe7\x95\xe7\xc6\xf1{\
\xc3\x9e\xd5\xeb\xa2\x82\xad\x1b\x11\xd6v\x18\xecl\xb9\xfc\
M\x98\xd0\x07\xc2F\xf4/\xa2&\xceMv_\x80\xfe\
Z\xfd8#\x0bz\xc2Y\xd4\xa3N\xebLB\xd6Y\
\xd1e\x19k\xbfgE\xd4\x91I8\xd6\xd8%\xc7\x1e\
\x17\xa7\x5c\x9b\xbaXt\xacn\x0cUS\xf7?.\x99\
b\xe5\x8b\xc8\x8aA\x14'\x85\x81\xd2\xeeSy\xa1\xc9\
\x1b<s1\x8e\xc3A}FP\x9d\xd4\x0f\xd1\x7f\x8c\
A\xa3\xcf\x8f\x1b\x02\xb4\xbe\x88\xf5\xed\xc2Z\xeb\xf87\
\x80{\xea\x00`s\x10\xebKlW\xfa\x12\xdb7\x09\
\xaf\xd6\xefSu\xcbns\xd0\x9eY\x06\xbe9XE\
\xe3\xe4\xfb[\x82\xb3\xbc(\xa4\xcePlw\x93\xf4\xdd\
#\x9c\xc99`D'*\xad\xd9(\xe8\xcd\x0b\x01\x7f\
Pr\xefK\x18\xb5BC\x9b\x96~\x9e,\xcds9\
\x931o\xd9\xf6\x1cN\x8e\xaa;R\xd5]\x80a\xaf\
kT\x96\xea\x07@\xad@\xc4,\x1de\xe3\x05\x95\x0d\
\x89\x83,%\x22\x86\xe8\xb3\x0b\xa9D\x9a\xde\xc3NW\
'\x8a+=i\xb6\x86\x1c\x1b\x9bO\x85?\x88\xa0S\
5\x8b\xb0E0t\x98@F\xed\xea\xb3\xc98P\x84\
\xfe\x91\xaa\xeb\xaa\xcc\x09\xd8D7{\x11{|\xeaQ\
d\xd7\xba\xabV\xf4h\x228c\xdd\x09\x97\x9d/\xf8\
\xda\xeb\x03\x8e\x85\xdbq\xde\xb9\xce\xc2=2\x17n\xc7\
)h\x8fC\xd0{\xf5\xd1\xe7\xbc\xf3\x0d\x96\xf3p\x81\
\x1f\x06y\x0a\xb6\x8b^\xbe\xd8\xb3'\x95c\x9e\xc5Q\
zB\xe6\xf8\x8e\xe6\xd9Xy\xf29\x82\xfd\xf4\xb1<\
\xd1\xedV\xd6|NN\xb0\x08\xef\x88P\x83d:\x99\
\xab^\xa3\xcf\xaa>AD\xe9\x00\x8b\xeb\x14\xf6\x89)\
<\xb8\xf7\xect\xd5(\x9c\xc4\xf79\x5cv#\x0a\xdd\
(6\x93V\x07s\x0bh\xa7\x90r\xc8\x0e!\x85i\
\xb9\xdd\xa6\xc3O7\x02\xa3\x1b\xa84\x85u\xbf\xba\xe8\
\xf5\xdb+~\x9fzU\xe6\xba\x04|a\x95\xb0\xda\xee\
q\xfa\xc5z\xd1t\x86\xbbn6\xbae$\x82+o\
\xf0\x9a20 C\x97V\xeb%\x1e\x13\xe6Q\xe7V\
\xfdE\x83\x0an\x86\x98\xbae\xbbc&\xdf\x96\x94\x17\
\x91\x0d\x97\x16A\xe7\xa0~\xd35\x22\xd7\xa0\x8a\xd6N\
)\xa9Z2zsk\x15S6w\xcb\xb9\x228Z\
\xba\xa4\xe8\xc6\x91?\xc8\x97\xb4#g\xb07)|\xd6\
\x83\xc5d\xee\x18\x5c\xab\xb1K\x06\xc4\xc1<\x14\xda\xa5\
T\xcdn9S\xbb\xf9\x15\xaf\xdd|\x11\x96\xd81\x82\
FS7\xbf\x19\xbc\xeb\x16?\xf75\x97\x98\xd9\x98u\
\x83\x9f\xd7=\x8f\xedVo\xe2\xa6!n\xe4 \x05f\
f\x86\x83\x93\x84-\x8bu>(\xa8v<\x92\xab\x95\
\xd6\x10~[\xaf>K\x07EA\xb0b\x1c4\xc8{\
$R\xc6Pl\xe9TN\xe4\xcf@\xb5\xcb+/\xdc\
\x0fsGm\xc9\xf84\x81\xa6\x1dh\x12\x95r|\xf9\
\x92\x93\x877d\xa9~\x04\x81\xb7'u\x12\xab%4\
s\x5c`\xddE\x99`\x96\xccV\x9d\xb7\xbe'\xe3w\
\x82\x0d\x14\x81O\xf4\xf9\x83T9/\xbb\xa4\xf1MC\
:\xb0u\x8au\xd7U\xbf\xfeZ\xe1F\xef\xb7\xf9\xfe\
(\xa5\xf9\xa7M-\x82\xcerN\xf5\xb8$\xf4\xac\x5c\
t\xca\xe9\xb1Eo\x1ey\x5c\xcf\xa9\xbe\xcb\x88\xc1\xc4\
 a\x81-\xcd\x1d\x89\xf4\xb5yH^\xab\x1eta\
2D\xe7\x0fd\x92\xe9k\xda@\x1cs\x89\xaa?\x88\
BK\x22\xff\xce\xcb\x8f\xd6\x1b\xe7\xc5\x07\xfc\xff/\xb7\
\x98\xf6\xd3\
\x00\x00\x06\xed\
\x00\
\x00!\x8bx\xda\xddY\xebo\xdb6\x10\xff^\xa0\xff\
\x03'\xa0\x83]\xa4j\x9c\xadEg,+\x1c'Y\
\x8d\xa6\xaf8m?\x14E\xc0H\xb4\xcc\x85&U\x92\
J\xe2\xa5\xfe\xdfw$%[\xd6+\xcackW\xa1\
\x1f\x1a\xf2^\xbc\xbb\xdf\xdd\x91\xa6\xb3XH\x8d\xde\xe9\
w\x09\x0dN\xd1\x96\xdf{r\xff\x1e][\xf4\x0f\xf0\
\x5c$Z\xa1^\xd5\xe6G\xcaCq^\xcd8\x14\x5c\
K\xc1\xd4\xfa\xee>K\x08\xd7\xefG os\xb9\xe8\
\xf9\xfe\xe3@\xc0\xff9\xecyk\xcb\x11\x13'\x98\xc1\
\xda\xfd{\xc0:\x0e@\x22\xc3'\x8c\xbc\xc5\x11\xb94\
\xab\x08>\x1a\xf6Q\x0c\x0b\xc7R\x08\xed\x96\xc4\xc9_\
$\xd0\xaf\xf1\x8c\xf4\x91\xa7\x85`c\xa25\xe5\x912\
\x8c^\xc6\xa8\xa9f@\xf0E\x1d\xc9\x8e\x97Qx]\
\xb7\xc9p\xc2\x83\xe9+\x11\x02\x05\xe86\x8cG\xf3\x98\
\xf8c bd\xc4\x95\xc6< \x99\xa8X\x8a\x98H\
=GgX\x22L3ac\x8d5\xf0\x0fF\xd9\xc2\
\x8e\xa4aD|e\xd6;\xdd\x8c{\x02\xaa4\x15\x1c\
I2\x91DM\x07\xeb\x02:\xddKGg\xbe\x82p\
\xb4\xdd \xdd\xd0/2%\x10\x11N\xac\x1a\x95\x13\xa7\
\xb1\x8c\x88.\x9b\xb8\xa2X\x1a'\xb8\xd58\x9cb\x1e\
\x91p\xcd(\xeb\x82,\x04~\xdd)V\xf4\x8bJ\xf1\
{R\x0a\xf9&\x08\x12)A\xfe\x8c(\x05\x22\xeb\xd5\
\xa8\xa98\xb7,K\xd2\x92\x82\x96\x87?\x92\x98+\x06\
6\xbe \x0c\xc2Xi\xdc\xd0X\xc5\xf5\x1d\x9e~i\
\x1c\xa4\xd7\xde\x19\xc8\xce\x89\xe4.u\x83)\x09N\xdf\
\xc7!\x08\xd8\xa7\x9c\xaa\xa9\xb7\x22\x11\xfcH\xd2(\x22\
\xe0\xab>*Xs\xa2\xf9\xb1\xe5M,\xaf\xcf\x04\x0e\
\xc1\x14H\x96\x09f\x8a4\x9a\xb2/AwN\x9e+\
\x01\xfe\x842\xf6\x91\x86z\xdaGZ&\xa4\xb4\xafE\
\xfc\x0a\xdcIy\x1fmm\x96vc\xf0\x0a1a}\
Ah4\x05\x97?\xcd\xd1\xc484\xd6\xf5Q/\xb7\
x(\xce\x0b\x87R1\x0e,Y^\xbe\x85\x04\x00U\
H\xe5\x9f\x01\x02i\x80\xd9\x10|I\xa4)\x0a&b\
\x85\xe5uV8\xef\x11\xb9\xd0\x05M67`\x19\x22\
\xf0\xa0\x87\xce\x1ely>\x1c\xad\xe3\x0aE\x9a\x08\xe8\
\x03\x91\x0aR\xc3\xebv\xed\xe6 \x8eG|\x22\x8c6\
\xb3\xdc-K\x9c@I\xecg\x1a\xc7z\xce\x88\xbf#\
\xc2y\x99\xf0\x16\xe7Y\x94\x8ew\xe0B\xbf\x93h-\
x\xc59M\xf5,\xa4K\x9d3\xd2\xf3\x1bB8\x8c\
D.1\x97\x15\xf3\x8e\x8e\xe0r{\xc8\xa0\x8bTd\
v\xf6\xad2z=\x1b\x0b\xa7\xb7\xb8\xdaI\x94\x1f\x0b\
\xa5;y<UY\xbd\xa8u\xe67\xc3\xc9V\xaf\x0e\
(\xab\xe5\xa1`\xc9\x8c;\x09\x97\xd5\xd00Ve\xde\
\xafA\xd5\xba\xcc6\xe0p\xf90\x18!\xd3%\x99\xa9\
\xb1\x13\x1a%\x12k\x0b\x8b\xd6\x00\x18\xc3\xa0\xc0\xa3\xab\
\xf2x(f'bG\x5c\x5c\xa2\xc7\x0fQl@\xa6\
4\x81\x0e\xfcH\xc4\xfa\x11\x1c\xbc\x8f\xc49\x87\x14+\
62\xf4\xf0qu\xd2cj\xcd\xb6r\xcb\x14WE\
3\xfbfFFn\xfe\xf0\x0b\xfd\xd9\xb7\x04\x0a}\xfd\
\x8a>}\xaev\xe4\xa10S\x88\x17R\x153<?\
6\xa5\xdf+S\x06\xae\xec\x8cxH.\x9a\xf4)\xc2\
\xa0\xd1\x91\xf0\xd8*>\xa6\x86\xbe\x0a`\x03hlg\
\xc0\x00\x9e\xc8\xba\x5c\xc7\x12w\xeb gF\x9b\xf44\
\xdb7>\xb0\xf5\xfe\x049U\xe8\x8fm\xb4\x89~\xfe\
\x19\xb9\xbf~O\xc5\xfb\x8c\xf0HOk\x0dqc\xd0\
 \xa6/\xc9|\xc4c\x03*p#\x18\xe5y\xf5\x0c\
\xe5)\xc9:\xca\xe6@\xc7\xe9\xfdd\xcd\xf8\xec\xd3\xb0\
[-gq\x9d\x92\xd1\x06A\xad\xc3\x18\xa4\xd8\x22a\
\xdd\x09\x9fg\xe5yI\xe9uQ\x86\xd1\xd7B\xa3 \
\xb7Q\x91^\x82\x09\xe9\xc09%3\xe2\x1b\xac\x8e\x09\
\xf0\x84X\xce\x87f\xb3\xf1\xa0\xd0\xad+\xeb\xcfu\xa0\
d\xa7l\xa5\xce\x85\x0c\x1bq\xae\x08W\x14\x92\xb7\x1a\
\xda+x\xe7\x12\xa4\x9a\xac\xada\xb6\xf42\x1c\x90\xa9\
`!\x91G\xb9\xe2\xb7g\xfa\x17\x1a\xbc\x1d\xa1S2\
o\xd1R\xb2\xde\x01*IX\xdb\x93\x8b%v\x8c\xcf\
*\xfbU\xbbV\x99A\xae\x8c\x00\x10\xeb\x9c\xd4i_\
O\xc2\x8d\x0a\xecu\x1b\xb1z#\xbc.n\x0a\xc1\xd4\
\xc5\xad\x9d;d\x04\xcb\x16\xde-\xb9/0\x8c\xd7\xf7\
\xdf\xf75wL\xd39\xe3\xc9U\xf3\xb8i\xc1fz\
j\xd1\x82\xd5\x1c\xd6g0\x10\xef`\xe9.\xa9E\xa0\
\xe6\xfd\xff^\x114\xb6\x1c\xc8\xb1\x14ca\x876\x13\
\x010\x01(\xfcD\x91qN\xc3\x9d\xdd\x05\x9a\x91T\
\xad\x1c\x92\xf8\xa76f\x99/\xa4\x98\x89\xe8\x18.\x87\
p\xef\xd4\xbe\x88\x09\xeft\x7f\xac\xc8\x9f\xdb\x17\xa1\x86\
\x98\xbb\x90\xefS\xad\xd2`#\xf7\x88\xa4j\x83\xeeD\
\xc2!\xb5r\x1c)\xc3\x7f\x14\xf6:\xf5&\xf0\xedL\
k\x8e\xa9y'\x03\xa3vmn\xe4\xf4\x9b\x16\xb6\x9e\
0\xb9g\x8b\xfc\xbb\xd5\xbe\xa4\x84\x87l\x8e\x0e\xc9\xcc\
\xcc/k\xf0I\x1fF2\xda\xa3)U\x08gOM\
_\x12\x0a\xa2\x11F\xa9\x02$&HO\x89y\xcb\x8a\
 \xd3\x90\x16H\xe3S\x82\xc8d\x02\x15l\x03\x01/\
\xd5\x191\x09\x9f\xe7\x15\x9d\xd8j\xbb\xcfp\xa4\xfa\xa5\
c\xd9w\xb3\xd7$\xc2\xa6i\xbb\xba\x8c\xbeVS\xbd\
\x15\xae\xb5;\xaa\xdc{H\xca\x9d\xef\xbdC\xf3\x00\xc7\
\xf2V\xc4)w\x9e\xea\xcd\xcb<\x85\xe0\x99\x86\xba\xa0\
\x83Y\x87\x90\xd1D\xfa\xe4\x82\xea\xceo\xbf\xf4\xba\xdf\
\x00\x94\xbd\xadg\xb7\xb9\xf6-/uO*aR5\
\x8f\x8ax\x89\x16\xf8\x7f\x99\x80\x91\x89^R\x98?n\
5\xf8\xba\xd8\xecbyj/\x8f\xb7\xbc-\xe6\xfcz\
\x22 qf\x99k\x7fm\x1eZIL\xa0R\xc9\xcb\
\xdak\xdd\xa7K\x87\xb5t\x0c\xb3\xe5\xdd\xebn\x98\xdd\
~6*\xbbWa\xbb\xb5\xd8X\xa3?0\xb1\xac$\
\xb7;\x05j\xe3\x8cJb\xb3\xb1\xa8\xb8J\x81\x85\x06\
\x15\xee}\xfa\x10\x87T4\xce<iEE\xb9!\x1f\
f\xfbS\xe3~\xb4\xbd\xbd\xed\x8e\xbc\x8b5\xb67\xb8\
\x86\xb9iEh\xcd\xaf\xd1f\xe0u`\xdb\x04\xd4\xe1\
\xe5\x0d\xb3\xdb0&V\x98\xd5\xca\xa8\xc5w9P\xf5\
\x9en\xfe\xc8\x08N\xef\x95\xf8\x8cF\xf6\xbd\x07}\xa0\
\xe4\x1c\xed\xba7\x8c\xff\x11\xa6\xdf\xc0\x14\x96C\xdd\xea\
@\xe6<\x16~\x86\xa2\x00\xd5\xa1\x98Axt3_\
JT`}E9\x9da\xd6\xcc\x9a\x12\x15X\x07\x89\
\x16\xcd|\x86\xe2\x0e*\x85+\xd1\xed`\x9e\x8di\x7f\
\xda_\xea\xeck\x8a\x9f\xbed]\xab\xb2\xdc\xa0^\xd4\
\xaa\xfc\xf7\xab\x861\xd4*^\x9f\xd8\xdc\x15\x8fa\x1e\
%8\xff\x13\x9a!\xdfcP\xdax\x11O\xf6w\x1e\
\x0fR\xb0\xf2\xb7\xb1\xab\xf8\xfe\x9ez\xdf\xa0\xb2=\xbb\
\x9b\xc2\xd6\xdb\xfc\x9e+\xdbA\x1a\xc4oS\xc5\xf6Y\
\xe9\xd7\xaf\xa6\xa6pE\xe1\xcb\x15\xbf\xc2/\x9d~\x96\
\xab\xaa\x9a\xeb\x9a\x85c\xad\x22\x14U\xa5\x0f\xd8\xeb\x15\
\xa1^\xce\xfa\xa8\xd1\xa0\xef\xfa\x85\xc3|\xb5\xd6\xb5\xb1\
mq\xa7%\x05\xfe\xfd\x03\xbb\xc6\xf0\xc3\
\x00\x00\x09J\
i\
mport QtQuick 2.\
15\x0d\x0aimport QtQui\
ck.Layouts 1.15\x0d\
\x0aimport FluentUI\
 1.0\x0d\x0aimport \x22..\
/global\x22\x0d\x0a\x0d\x0aFluW\
indow {\x0d\x0a    id:\
 window\x0d\x0a    tit\
le: \x22SmartTest T\
ool\x22\x0d\x0a    width:\
 1100\x0d\x0a    heigh\
t: 720\x0d\x0a    mini\
mumWidth: 760\x0d\x0a \
   minimumHeight\
: 480\x0d\x0a    launc\
hMode: FluWindow\
Type.SingleTask\x0d\
\x0a\x0d\x0a    FluWindow\
ResultLauncher {\
\x0d\x0a        id: lo\
ginLauncher\x0d\x0a   \
     objectName:\
 \x22toolLoginLaunc\
her\x22\x0d\x0a        pa\
th: \x22/login\x22\x0d\x0a  \
  }\x0d\x0a\x0d\x0a    appBa\
r: FluAppBar {\x0d\x0a\
        width: w\
indow.width\x0d\x0a   \
     showDark: t\
rue\x0d\x0a        dar\
kClickListener: \
function() {\x0d\x0a  \
          FluThe\
me.darkMode = Fl\
uTheme.dark ? Fl\
uThemeType.Light\
 : FluThemeType.\
Dark\x0d\x0a        }\x0d\
\x0a    }\x0d\x0a\x0d\x0a    Fl\
uIconButton {\x0d\x0a \
       objectNam\
e: \x22toolAboutBut\
ton\x22\x0d\x0a        z:\
 8\x0d\x0a        widt\
h: 40\x0d\x0a        h\
eight: 36\x0d\x0a     \
   anchors.right\
: parent.right\x0d\x0a\
        anchors.\
rightMargin: win\
dow.appBar.layou\
tStandardbuttons\
.width\x0d\x0a        \
iconSource: Flue\
ntIcons.Importan\
t\x0d\x0a        text:\
 qsTr(\x22About\x22)\x0d\x0a\
        onClicke\
d: FluRouter.nav\
igate(\x22/about\x22)\x0d\
\x0a    }\x0d\x0a\x0d\x0a    Fl\
uNavigationView \
{\x0d\x0a        id: n\
avigation\x0d\x0a     \
   anchors.fill:\
 parent\x0d\x0a       \
 pageMode: FluNa\
vigationViewType\
.Stack\x0d\x0a        \
displayMode: Glo\
balModel.display\
Mode\x0d\x0a        lo\
go: \x22qrc:/exampl\
e/res/image/app_\
icon.png\x22\x0d\x0a     \
   title: \x22Smart\
Test Tool\x22\x0d\x0a    \
    items: FluOb\
ject {\x0d\x0a        \
    FluPaneItem \
{\x0d\x0a             \
   objectName: \x22\
toolMainPaneItem\
\x22\x0d\x0a             \
   title: qsTr(\x22\
Tool\x22)\x0d\x0a        \
        icon: Fl\
uentIcons.Repair\
\x0d\x0a              \
  url: \x22qrc:/exa\
mple/qml/page/T_\
Tool.qml\x22\x0d\x0a     \
           onTap\
: navigation.pus\
h(url)\x0d\x0a        \
    }\x0d\x0a        }\
\x0d\x0a        footer\
Items: FluObject\
 {\x0d\x0a            \
FluPaneItem {\x0d\x0a \
               o\
bjectName: \x22tool\
AccountPaneItem\x22\
\x0d\x0a              \
  title: AuthBri\
dge.displayName \
|| qsTr(\x22Account\
\x22)\x0d\x0a            \
    icon: Fluent\
Icons.Contact\x0d\x0a \
               o\
nTap: loginLaunc\
her.launch({user\
name: AuthBridge\
.username})\x0d\x0a   \
         }\x0d\x0a    \
        FluPaneI\
tem {\x0d\x0a         \
       objectNam\
e: \x22toolSettings\
PaneItem\x22\x0d\x0a     \
           title\
: qsTr(\x22Settings\
\x22)\x0d\x0a            \
    icon: Fluent\
Icons.Settings\x0d\x0a\
                \
url: \x22qrc:/examp\
le/qml/page/T_Se\
ttings.qml\x22\x0d\x0a   \
             onT\
ap: navigation.p\
ush(url)\x0d\x0a      \
      }\x0d\x0a       \
 }\x0d\x0a        Comp\
onent.onComplete\
d: {\x0d\x0a          \
  navigation.set\
CurrentIndex(0)\x0d\
\x0a            if \
(!AuthBridge.aut\
henticated)\x0d\x0a   \
             log\
inLauncher.launc\
h({username: Aut\
hBridge.username\
})\x0d\x0a        }\x0d\x0a \
   }\x0d\x0a}\x0d\x0a\
\x00\x00\x03\xe3\
i\
mport QtQuick 2.\
15\x0d\x0aimport Fluen\
tUI 1.0\x0d\x0aimport \
\x22../state\x22\x0d\x0a\x0d\x0aFl\
uLauncher {\x0d\x0a   \
 id: app\x0d\x0a    pr\
operty bool rest\
oringApplication\
State: true\x0d\x0a   \
 ApplicationStat\
e { id: applicat\
ionState }\x0d\x0a    \
Connections {\x0d\x0a \
       target: F\
luTheme\x0d\x0a       \
 function onDark\
ModeChanged() {\x0d\
\x0a            if \
(!restoringAppli\
cationState) app\
licationState.da\
rkMode = FluThem\
e.darkMode\x0d\x0a    \
    }\x0d\x0a    }\x0d\x0a  \
  Component.onCo\
mpleted: {\x0d\x0a    \
    FluTheme.dar\
kMode = applicat\
ionState.darkMod\
e\x0d\x0a        resto\
ringApplicationS\
tate = false\x0d\x0a  \
      FluApp.ini\
t(app, Qt.locale\
(TranslateHelper\
.current))\x0d\x0a    \
    FluApp.windo\
wIcon = \x22qrc:/ex\
ample/res/image/\
taskbar_icon.png\
\x22\x0d\x0a        FluTh\
eme.animationEna\
bled = true\x0d\x0a   \
     FluTheme.na\
tiveText = true\x0d\
\x0a        FluRout\
er.routes = {\x0d\x0a \
           \x22/\x22: \
\x22qrc:/example/qm\
l/tool/ToolWindo\
w.qml\x22,\x0d\x0a       \
     \x22/login\x22: \x22\
qrc:/example/qml\
/window/LoginWin\
dow.qml\x22,\x0d\x0a     \
       \x22/about\x22:\
 \x22qrc:/example/q\
ml/window/AboutW\
indow.qml\x22\x0d\x0a    \
    }\x0d\x0a        F\
luRouter.navigat\
e(\x22/\x22)\x0d\x0a    }\x0d\x0a}\
\x0d\x0a\
\x00\x00\x06\xd6\
i\
mport QtQuick 2.\
15\x0d\x0aimport QtQui\
ck.Layouts 1.15\x0d\
\x0aimport FluentUI\
 1.0\x0d\x0a\x0d\x0aItem {\x0d\x0a\
    id: root\x0d\x0a  \
  property alias\
 headerText: hea\
der.headerText\x0d\x0a\
    property ali\
as expand: heade\
r.expand\x0d\x0a    pr\
operty var toolG\
roup: ({\x22availab\
le\x22: false, \x22too\
ls\x22: []})\x0d\x0a    s\
ignal toolActiva\
ted(string group\
Id, int toolInde\
x)\x0d\x0a\x0d\x0a    implic\
itHeight: header\
.height + (expan\
d && toolGroup.a\
vailable ? toolC\
ontent.implicitH\
eight : 0)\x0d\x0a\x0d\x0a  \
  FluExpander {\x0d\
\x0a        id: hea\
der\x0d\x0a        wid\
th: parent.width\
\x0d\x0a        height\
: 45\x0d\x0a        co\
ntentHeight: 0\x0d\x0a\
    }\x0d\x0a\x0d\x0a    Rec\
tangle {\x0d\x0a      \
  id: toolConten\
t\x0d\x0a        y: he\
ader.height - 1\x0d\
\x0a        width: \
parent.width\x0d\x0a  \
      height: ro\
ot.expand && roo\
t.toolGroup.avai\
lable ? implicit\
Height : 0\x0d\x0a    \
    visible: hei\
ght > 0\x0d\x0a       \
 clip: true\x0d\x0a   \
     radius: 4\x0d\x0a\
        color: F\
luTheme.frameCol\
or\x0d\x0a        bord\
er.color: FluThe\
me.dividerColor\x0d\
\x0a        implici\
tHeight: toolIte\
ms.implicitHeigh\
t + 12\x0d\x0a\x0d\x0a      \
  ColumnLayout {\
\x0d\x0a            id\
: toolItems\x0d\x0a   \
         x: 6\x0d\x0a \
           y: 6\x0d\
\x0a            wid\
th: parent.width\
 - 12\x0d\x0a         \
   spacing: 4\x0d\x0a\x0d\
\x0a            Rep\
eater {\x0d\x0a       \
         model: \
root.toolGroup.a\
vailable ? root.\
toolGroup.tools \
: []\x0d\x0a\x0d\x0a        \
        FluButto\
n {\x0d\x0a           \
         Layout.\
fillWidth: true\x0d\
\x0a               \
     text: model\
Data.title\x0d\x0a    \
                \
contentItem: Flu\
Text {\x0d\x0a        \
                \
text: parent.tex\
t\x0d\x0a             \
           horiz\
ontalAlignment: \
Text.AlignLeft\x0d\x0a\
                \
        vertical\
Alignment: Text.\
AlignVCenter\x0d\x0a  \
                \
      font: pare\
nt.font\x0d\x0a       \
                \
 color: parent.t\
extColor\x0d\x0a      \
              }\x0d\
\x0a               \
     onClicked: \
root.toolActivat\
ed(root.toolGrou\
p.id, index)\x0d\x0a  \
              }\x0d\
\x0a            }\x0d\x0a\
        }\x0d\x0a    }\
\x0d\x0a}\x0d\x0a\
\x00\x00\x03\xb9\
\x00\
\x00\x10\xa1x\xda\xc5W\xdfo\xdb8\x0c~/\xd0\xff\
A\xf3\xc3\x90\x00\x85\xb7;`/)\xb2a\xcd\xae@\
\x0f\x1dvkZ\xec\xa1\x18\x06\xc5\xa6\x1d\xa1\x8a\xe4\xea\
G\xdb`\xe8\xff~\x94\xe4\xc4\x8e\xe5vY\x9b\xeb\x19\
\x01\x02\x8b\xe4G~\x94H\xcalQIe\xc8W\xf3\
\xd5\xb2\xec\x8a\xfc\x99\xfe\xf1n\x7f\x8f\x85\xc5$M\xdf\
0\xad-$\xfb{\xfb{\x7f3EO\xdc\xdb\x91\x92\
\xb7\x1a\xd4)]Jk\xc8\xcf\xfd=\x82\x0f\xcbGD\
Ii\xc2[\xc6\xa5\x80)p\xc8\x0c\x9dq\x18\x11\xa3\
,D\x22&\xc5g\x99;\xe9\xb2\x02Y\x903\xc8\x17\
L >\xcbK \xaf\xc6c\x92X\x91C\x81ky\
B>l\xca\xd3\x18\x88\x8cHA\xb9\x8e\x1dA~\x92\
\xeb\xe7\xbb\xf10\xe8\xe4\xf2{\xf0pKM6\xc7E\
\x97\x94s\xb83[zx\xfd\xbaW/\xed\xc2\xfd2\
\xb4\xc8`D\x92$\x0e\xed/\xa5\xa4\xdaal\x1e\xef\
\xb7\x82\x0b\x16MtR|kI1\xa9Sz\x03x\
\x80\x8c#1~\xdfA\xd2(\xec\xe8\x0f\x9c\xe6\xd0c\
iC\x8d\xd5\xc7\x8c\x1bP\xb8\xc7\x97\xd7\xfa\x5c\x0d\x92\
\x8f\x9c\xd7\x12\xd0\xc9\xf0\x80$_*\x10\x09\xfeO\xb8\
\xd4\x18n\xbd\x83\x8ek\x9f\xa9[\x0fvG\xb6tf\
S[\xb9\x92X\xd9I1\xd98}gpmA\x1b\
\xc7a3\xf6\x19\x94\xac\xa3;\x18\xf6c\x9c\xcb\xb2\xe4\
\x0ea\xc0\x02\xcb\x03\xa2\xebc7\x8c\x93b\xbcv\x07\
96\xecw5\xa1\x22\x03\xce\xe3p3/\xd8.\xde\
\x89\x14\x05S\x8b\x18\xa4RPQ\x15b\xfb\xa4ha\
\xb4\x83\x08 \x95\x92\x15(\xb3$3)y(\xd1#\
\xb7\xb5\x1f\x11\xf2f\xcbN\x10\x90\xdc\x83\xa7\xf52\xe1\
\x92\xe6L\xf8]\xaa=\xff((Crn\x05rf\
j\xe1\x0d\xe5,\xa7\xab7mg\x0bfVo\x99\x5c\
T\x1cL\xb0A\x08\xc3(_\xa1|O\x19\xba\xbe\xfb\
R\x0cz\x1a\x83\x0f~\x8a\x07\x0d\x86\xe4\xfd\x98\xbc]\
\xf1<\xc5\xa0@\xad\x9a\xe3\xaaA6&A\xdeH1\
\xefs\xa9tZ0\xceG\xc4\x91\x10\xa6%\xad\xb3\xe3\
\x1al\xdaMZ\xa3\xa6\xa5U\x19\xaa\x05u\xac\xc8u\
\x03\x7f\xe3\x9a\xf7D\x01\xc6\xe9-?!?Y\xa6\xd7\
\x0b\x9e\xb4\xca\xf2~\x15\xfd\x112\xc6\xcc\x90\x9f\xc4P\
U\x82\x89#O\x99\x81\xc5\xe1z;\x11#k\xb6;\
9$\x98l\xfb\xac\xc6\x1e\x90|\xb3=$\xb7s\x10\
=1\x84\x02'c\xc4\xabW\xce\x80\xe6K\xc7\xe3\xa9\
,f\xeb\xfd\xdc\x05\x89\xe6t\xb8,\xb3\x9c;\xd4\x97\
#\xe3*\x03c\xdb\x15\x11\xef&G&o_\x92\x84\
\x91\x86\xf2\x9dq8wh/M\xc1\x1f*?\x03w\
\xc6\xa3\x99\xa8/I\x04\xfb\xbd6'\xc2w\xd2z\x14\
?\x93Q\x0f\xe2\xff\xca\xea\x98\x01\xcfw\xca\xaaF|\
2\xab\xc0\x0b\x87\xad\x08cW\xb7\x87\xca\xa3$[\xb3\
\xa7\x14R\xc1\x85\xb8\x12\xf2VL\xf1\x0do\xc9\xed;\
\xb9{\x0a+<>\xce\xf9\x8b\x0a\xe7dk~7\xf7\
\x8a\x22\x909\x08\xd9\x19\xb6Cq\xcff\x16\xec\xb60\
\x0d\xc8}o<S?\xab'k\x8e\x03t\xdc\xbd#\
\xc6*\xfdXg`\xd4\xf2\xd8Ov\xaf\xad{\xc0T\
\x8f\xce#h\xff\xf4\xdcw\x22\xcc\xbeK\xd1\x03\xa0\xfe\
\x8a\xfa(\xdb,\xd2x q@U6\xf7\x8a\x17\xf8\
\xc5\xa6{v\x00\xef\xadj\xd9\x93\xcf\xad-\x1f\xf0\xec\
\xaf\x22\xa7L\x5c\xad\xaf\xc6\x03\xabx\xec\x08\xabP|\
\x83\xd9\x85\xe2A~\xbf\xbe\x8alq\xec\x9fR\x9cX\
\x88\xc2r\xfe\xe4\xe2hv\xd0W\xf6dNE\x89\xe4\
6\xf3\x13U\x06+\xc8\xa0\xb7H\x87\x9bz\xeb\x0f\xd7\
\xae^]M\x8d\xe3\xae\xc7_\x15\x91\x8f\xbb\xdd\x93\x9a\
\x8d\xe9\xee\xed\x7f\x10}!3\xab\xdb\xdec\xa7\x11\x01\
\xfc\xc3\xdf\xbf4\x99\x84$\
\x00\x00\x03\xaa\
\x00\
\x00\x0d\x14x\xda\xc5Vmo\xdb6\x10\xfe\x1e \xff\
\xe1\xaa~\xb1\x8bDM\x8c\xa4hm\x04\xc3\xea-h\
\x80dhcw\xf9X\xd0\xd2\xc9\xe2J\x93*I\xd5\
5\x82\xfc\xf7\x1d)9\x92,)\xad\x81\x0c#\x02\xc4\
\x22\x8fw\xcf\xbd=G\xbe\xca\x94\xb6\xf0\xc9~\xcay\
\xf4\x15F\xe1\xe9\xf9\xe1\x01ol\x86\xd7l\xa3rk\
\xe0\xb4~x)r\x94\xf6\xf3\x15\xed\x9e\x1c\x1e\x1c\x1e\
\xd0\xf7\xa5f+\x84\xfb\xc3\x03\xa0\xc5\xe31h\xa5l\
\xf1\x95i\x95\xa1\xb6\x1b0Vs\xb9\xa4\x7f\xcc\xe2\x18\
\x02\x1e\x0b\x0c\xfaEr3\xc7\x1f\x96\xe4J\x19\xc3\x97\
\x92\x09w\xa4\xed\xb5Zry\x8b\xdfr4\x16\xe3\xc1\
\xb0!\x11i\x8c\x09\x1eg\xc2\xcc\xf2\xc5\x8a\xdbJ\xb0\
T\x9f\x1b\xd4\x92\xf0\x1em\xede\xcc\x98\xb5\xd2qS\
\xd1w\xd4<\xe1\x11\xb3\x5c\xc9\x1eM\x91\x8aq\xc7:\
\x93\x11\x8a\x16\xb6\x8c\xc51]\x18\xc3\xe8\xad\x8b\x98\xdb\
\x22\xa5.\x12\xd3\x94\xc9%R\xc4\xca\xe0\xf9\x00&0\
\xf0a\x82\x17\x17\x17\x10\xd4<\xfa\xa2I3\xa7\xef`\
\xf8\x88\xfaJf\xb9\x0d-E\x0b.\x1e\xc3\xd5\xa1\xa6\
\xeeO]O}\xbfS\xd7\xc3\x16r\x92\xcb\xc8IA\
$\x90\xe9\x19\x120k\x06\xc3:\xf4\x9f\x82\xfauk\
S%\xf2\x95,*\xb0n\x82\x22\x9c*m\xc2\x88b\
\x82\xfaJ\x8e\xc9\xa8\xa6\xdf\x95\xc4\x9a\xc76\x1d\xc3\x0d\
\xb3i\xb8\xe2rP\x9c\x87~\x1b\x8e\xe1\xfc\xcd\x11\x9c\
\x8fN\x86\xd5\x05\x93\xb1\xc8\xa7\xe7\xf4lk\xdd-*\
lW\x84p\x0f\xd6\xd7\xe273\xd7\x83\xe0\x16cR\
\x8a>\xe3\xc0e0\x9c@\xa2$\x1d\x97\xe23\xbb\x11\
\x18\xce\xb9\x15\xe8\x9ci)\xab\xb6\xdc*\xfc\x0b\x13.\
\xc4]\x01\xdb\xea\x1c\x9b2\x85u\xd7Ra\xd5\x1aM\
\x91H\x09\xa5k2\x08\x17.\xe7\x09\xe3\x82\x92\xdc\x94\
u\xeb7\x188@)\xae0\x8c\x99\xfeJ\x1b\xc1\xcb\
$y\xf7\x8e\x9d\x05@]\xf72:\x1b-N\xa3`\
\xd8\xbeZ8\xeao:\xbf\xa9\x0c\x94$\x15\x9b\xa9\x83\
\xd0\x14_k\x96\xddP\x8f\x8c\xc1!\x0e\xef\xa80\xee\
h\xab\x12z\xa8\x87\xfbV\xad\xdb\xd9\xf65\xc3\x0d_\
\x08l\xbb\xe7R@y\xfbBYh\xde\xa8\x12:j\
\x1e\x10\xf4\x8fZ-5\x1as\xeb:\xf8~\x9b\x80L\
c\x82\x9a:\xa2\xcc\xc2\xe8\xed\xa4u\xf4\x01\xf92\xb5\
\xee\xac\x9e\xd8\xfeJ\x99\x15\xf0\xa8H\xa8$\xa9\xf4l\
\x8a0[\x11\x81\xcd\x89\x1c\xe0\xfa\x8f\xdf?\x02\x8b\x22\
\x95Sm\x86!u\xe2CO`\xfa:\xe1\xc9\xd8t\
\xb2\xc6\xfe\xb5WE\xf2\xe4W\x5c\xfel\x10\x18\x18\xa4\
\x96sH\xb6\xbdR\xbaI>v6\x0b\xd1\xab\xdd\xed\
\x97\x9a\x8d\xf7\xea\x07\x99y\xfd\x0ahJ\x18N\xbcJ\
\x1c{\xac2{L\xe8\xc7dL\x1an\xf9w\x84W\
\xaf\xfd\xec\xd9\xf2\xbb\xa7\x97I\x8f\x97\x13\xc8\x04\x8b0\
U\x22F=oz\xe0o7\xf3\xb1\xad\x9d\x92\xde\xf6\
D\xd4`\xc5\xbd\x11m\x8d\xb6\x11\xf5vL\x09\xf7\x92\
,`\xfc>\xb7\x96H\xbb]\x9b%{)9\x154\
\xec\xb1\x1c\xdb\xe1\x13\x13\xb4\x11Z\xcf\xdcG\x1d\x94\xdf\
\xc2Y\xc2\xe9\x042\xf5\x13\xb3\x13\xc7\xee,\xddU\xfb\
\xac\xfd\xd2=\x1e\xff\xf3\x86\xb9Q\x0b\xa2\xe8\xc6X\xec\
\x99(?i\x92\x8a\xcaZuU\xb7\xf7\xa7\x1b\x9a\x9e\
\x89\xea&\xfdK\x06L\xaa\xd6\x92\xd2\x00\xa4FC\x96\
*\x89\xa1\x03\xd3C\xe3\xcf\xd3\xad\xad\x07\xc1\xde\xfd\xf1\
\xf7\xae#\xcf\xda(^\xfb\xa6\xab>\x9fz v?\
s\xfe\xef\xc6\xd8\x7f\xc2v> \xda\x01S\x8b\x7f0\
\xb2\x7f\x113\xd0\xdbA\x17\xa4\xef_\xe9\x85D0\xd9\
yAY\xdd\x19\xd1\xce\xd7}G\x99=g\xbc\x1e\x1e\
\x9f\x9d\xf4\xf7/W\x9e\xf5u\
\x00\x00\x02Z\
i\
mport QtQuick 2.\
15\x0d\x0aimport QtQui\
ck.Layouts 1.15\x0d\
\x0aimport FluentUI\
 1.0\x0d\x0a\x0d\x0aColumnLa\
yout {\x0d\x0a    prop\
erty string desc\
ription: \x22\x22\x0d\x0a   \
 property bool s\
howTitle: true\x0d\x0a\
    spacing: 7\x0d\x0a\
    FluText { vi\
sible: showTitle\
; text: qsTr(\x22De\
scription\x22); fon\
t: FluTextStyle.\
BodyStrong }\x0d\x0a  \
  Rectangle { vi\
sible: showTitle\
; Layout.fillWid\
th: true; height\
: 1; color: FluT\
heme.dividerColo\
r }\x0d\x0a    FluText\
 { objectName: \x22\
issueDescription\
\x22; Layout.fillWi\
dth: true; text:\
 description || \
qsTr(\x22No descrip\
tion.\x22); wrapMod\
e: Text.WrapAnyw\
here; color: des\
cription ? FluTh\
eme.fontPrimaryC\
olor : FluTheme.\
fontSecondaryCol\
or }\x0d\x0a}\x0d\x0a\
\x00\x00\x07a\
\x00\
\x00 <x\xda\xd5\x19ko\xd3:\xf4{\xa5\xfd\x07\
\x13\x04J`\x84v\x0c\x04\x1d\x05m\x85\x8a]\xc1\x05\
\xb6\xf1\xb8B\xe8\xcaK\x9c\xd6\xe0&\xc5q\xb6\x15\xd8\
\x7f\xbf\xc7v\x92\xe6a\xa7E\x5c\xee#\x9a\xb4%>\
\xe7\xf8\xbc_\xa3\xf3E\xc2\x05z-^g4\xf8\x8c\
v\xfc\xc1\xdd\xad\x1e\xad}\xf4\x9f\xe3e\x92\x89\x14\x0d\
L\x87\xe3$\x16<ai\x1du\xc22\x12\x8b7\x87\
\x80\xd3\xdf\xeam\xf5\x0e\x05\x99\xa3o[=\x04\x0f\x0d\
\x87\x88'\x89\xd0o\x0b\x9e,\x08\x17Kt\x869\x0a\
X\x12\x93'\x1cG\x22\x1d\xa2\x0f\x1f\x1b\x10\xa9\xe04\
\x9e\xa2S,\x82\xd9\xb1\xc0\x82\x0c\x91CCF\x9c\x06\
\x1c\x8d\x05b\x09\x0e\x09\x5c\xd47\x9c\x89D`\xd6>\
\xaa\x92\x7f\xcay\xc2\x81\xbcc\x86\x89(O\xc5a|\
\x86\x19\x0d\x0f\xd34#\x87\xe1f\xc0\x13JXX\x05\
N\xe94\xc6\x0ce\x8b\x10\xe4\x19\x97\xe2\xbb9.\xd5\
\xc4\xb7W\xb4\x14\xfe\xb6\xd2\x16P\xcc\x88W\xa3\x93f\
\xa7s*\x14\x9d\x03)\x87[?\xe6D\xf0\xe5\x04S\
FB\x05\x93\x9a\xce_q\xb2\xc0\xbc\xc2L\x13\x0a\xac\
\x94\x12\xeb\x1d)\xc1<\x98\xa9\xe37)\xe1\xe9ZQ\
\xf2\xf7/\x19\xe1\xcb\x06\xa9$\xe3\x01yN\xe3\xcfG\
\x04\x8eSA\xc2\x82Z\xc6\x99'\x1dKB\x9f\xd1\x94\
\x9e2\xf0\x86\x0f\x8e4;\x1c;\xdb\xc8Yh1\xfe\
\x8c\x94\xb8\xf2\x0b\x09\xa9\xc8\x0f\x951p\xf1\xa6\xb5V\
\xbc\x05\xc9|\xc1\x88\xd08@BP\xcc\x0a*\x1f}\
\x1a\x87\xe4\xe2e\xe4\xae\xbc\xd0C\x8fF\x853}\x1d\
\xa2A\xbf\x9f\xbf$\xf1\xa4\xed'\xe3\x19\x8e\xa7\xd23\
_\x0b?\xc0\x8c=\x07\x0a\xdc\x8d\x92 K'MG\
\xf1Ltr\x17\xfaA:\x9a\xd2\x11\x09\x04\xa01\x82\
\xbe!\x1c\x07\xb3\x84\xa7~D\x19\x04\x83TU,\xf6\
P\x900\xe9\xf8\x10\xbf'32'~\x88\xf9g\xf4\
\x189W\xc7\xe3\x81z\x1c\x04\xce{\xf5\xc1\x83\xbez\
\x1ct\xa9)\x03\xc2\x84\xe39)\x82\x5c>\xc5\x0d\x01\
P&\xfc0.nYA\x9c\xd3P\xcc\x86\xe8\x05\x16\
3\x7f\x8e/\xdc\xfev\x0e\xe2\xab\x13t\x0b\xdd\xd9\xf1\
V\xe03B\xa73a\x84\xd7GM\x84\x05\x0e\xa5;\
\x94\xb1.\x9fq\xc2\xb2y\xacsZ\x95\xdb*\xc7U\
\x9d\xd4!\xd2\x05\x0e\x9a\x14\x95f\x93s3I\xf9\xe8\
\x13E\xf5\x9d\x96X\xf0\x8c\xec\x15\xdf\xe7\x98Oi\x0c\
\x19op\xaf\x8d+-A.\x80,\x12\xf0k\x88\xbe\
\xa4'\xdcuTx\x819\xc39\x85\xdf*\xb4R\xc8\
k\xe87\xca\xb1\xe3\xed\xa1\x08\xb2\xf2\xb0\xc0=\x16K\
F\xfc\x13*\xc0\xee\x97\xed\x1btn\xb60iB\x00\
\xb2\x07\x99\x10I\xdcf*%\xf2\xf6\x90\xa6\x18\x022\
\xcf\xf3\xfe*T\xd0h4\xaa\x85\xdb\x1e8\xf7\x98A\
\x1d)\x81[\xc9\xa5\xc9A\xe3\xb5\xea\xd26=\x17~\
3h\xfbw$\x9dv,?6\x09WK\xd6\x0f\x18\
S~\x7f\x96\xdf'\x0f\xda\x04\xba\x1cp\xf3\xd0\xa9>\
e\x024\xaa\xbb\xc8\x89f\x5c\xd0\xc4+\x9eL9I\
\xd3#\x99XK-B\xf6\x98\xc6s\x22\xfd\x08R\xcc\
\xbe|{6V\xec\x98|\xc2\xee\xaa\xba\x9cH\xd2\xa1\
*&\xe8\xda\xe0\xf6\xb5\x1d\xc7\xf3\xc1\xeb]\xc5\xb0\xae\
\xd5\x95\x0f\xaa@{\xa6k.\xff}u6\xea\xcaf\
\xaaXQR\x9dE\xe9\x87\xce\xd5'\x83;\xbbw\xee\
C \x9cs\xbcx\x91\x84p\xad\xc4\xf4\xdf\xc1\xeb~\
\xbc<\x9f\x11^\xcd\x14\x17t\x9e\xcds\xbf\xbb\xb7\xdb\
G\x97\x9b\xa8\xe88\x80\x0e\x8d\xbd\xa5\xe4\xdc\xa6 \xd9\
\x93)\xf3h\xd0n-\xda\xb3c\x13\xb23\xb3u\xaa\
\xfaJ\xd5s\xd1\xf5\xebf\x80\x8dl\x110\xba\xb0\xc5\
\xe2\xda\xd4m\xabT\x15e\xf9\xf8\x0c\xae\x97\x09O\xd9\
e[\xb3\xaa\x00ds\x0cJR\xdf]\xcf\xb3\x93/\
\xcb\xca`\xc7\x0etD\x16DV\xf9.>k\xc6,\
\x10\xba\xc1\xe7\xe0tl\x95}\x8b\xa6\x0f}\xff^\xb6\
\xe0\xb6G\x96\x9b1\x97w(\x9c1\xe6\xe1:\xe6\xec\
)tc<\xb0zD8'a\x8e\x5c\xd170\x90\
+{cj\x86<w\x92,\xd6\xa3\xab\x0b\x87Z{\
O\xb0\xc0\x1b`l\x5c\x16\xd7\xd3J\xe2\xb7\xb2\xfb/\
\xbb@\xb7l\xaf+#\x82\x1c\x0f\xd0\xe8\x91\xbe\xae5\
b\xd806\xb9\x5cv\xf6\xc7\xaa\xd1/;s#\x0f\
\xba\xa9/yh\xcd\x066\x8cMx8nO\x07C\
9\x17\xacn3\x8c\x0fzn\xe8\x22|i?\xb6\x1c\
Y>C\xf0\xc7\xd0\x9c\xd0$N\xbb\x82B@\x8e$\
\xa2\x96~\xfd@\xe7\x0d\xd9\x82\xd8\x11\xa3,V\xd4e\
\x0b\xa5\xe1\xdf\xe7\xee\x00M\xd3\xb7\x1a\xbd(\x01E\xec\
\x03\xf4\x19\x99\xc8\x09\xc1\xf5\xba\xc4l\x13\xfe\xe3\xe7\x09\
\xaf/\xe6\x8d\xd7j\xd1\xea\x99R\xdc\xaa\x9cj\xd0\x16\
Pr\xfa\x09\xf4\xff;4xPh?\xc9TU\xb6\
\x95\x154g\xc3\x0e\xcf\x06\xc6H$^\xa8:'\xcb\
\x9c\x0d\x8a\xcb\x8ep=X\x99\xda\x9e\xd5F\x1d\x1a\xbb\
\xf7w\xb7+\x12\xab\x16\x81\xc2\x9cJ\x03*4\xac\xd7\
\xb3\x16\xd7+W\x1a\xfdG\xcf^#\xdbG\x95\x1a6\
D\xf5Zg\xe94\x0e0\xf7\xa1\xfe\xd3\xaf\x80\x8a\x99\
\xbfH\x80\xcd\xe5\xb0r\xb8\xcf\xce\xf12}\x19E\xf6\
q\xc7\xda\xa6\xd4\x95`\x04[gx\x89\xe8\xf4:\xca\
|\xd3\xb5\xfc5b\xab865z\xe6\x86\xa4\xd1\xfb\
\x999\xb1\xb7\x83\xed@\xea\xd9\xdf~\xd9|\xf4\x0fO\
\xbc\xd7\x06\xf9\xfc\x90O\x0e\xae\xb9_\xf1 \x1e\xe3\xa9\
\x98y\x06Q\xc0\x1b\x8f\x09\xb8s\x88\xf9\xd2(\xd2\xdf\
;\x0dC\x13L\x98\x1c\x87\xbb\x9b\xdc\xd5\xba\xe9\x17\x0f\
\xceMf\xcdQr$W\x80\x1a\x06.\xa9\x0a\xa4N\
P\xdejw\x89\xa5\xc7\xa4\xfa\xe2\xac\xcd\xafa\x17\xf9\
\x13\x1c\xe7K\xcb\x0e\xc6\xf5\xac\x80ea\xdb\x80\xfb\xfa\
`a\xe1\xde\xb4)\xb5\xc80\x01G\x22\xe1\x1aI\x94\
\xe1t?m\x14D\x9d#\x0d\xb0^\x86b\xdd)\x03\
\xc3\x08PY\x82\xaeu\xbd\x1alS\x19\xed\xadsG\
m\xcf\xff\xbc,v\x92e\xb7a\xde]\xca\x96c\x85\
L#\xe4\xeabfX\xc1KA\xdb\x87\xf9\xbe\xd4\x93\
\xcb\xed\x8c\xc7+Z\xd0\xbb W\xee\xd1)\x1a\xa1\xfe\
\x1e\xfczX\x1f\x9b\xa0\x0d\xcb\xe4N\xf4\xe6M\xea5\
\x93\x9c\xfao\x85\x1cwF\x0d\x1c\x0a\xf9c\x1f\x9a\xeb\
F\x97)\x19W\xf00\xca\x1e\xab\x15\xb6z\xd5c\x8b\
OW\x028\x8e\xa74n\x13\xd23\xa5[K\xefX\
\xfc\xfd\x1e\xb8\xac\xeeL\xd5\xcd\x17\x86>X\x1d\xe4v\
\x90\xba\xb7*\xb3\x8d\xda\xd4\xae\xd5\xeam\x9b\xd7\xcc\xdd\
\x9c\x08j\xf2Z-?*\xfe\xbd\xd0\x01\x9b\xf3\x0e\xb0\
9\xe9\x15\xec\xe6\xbb\xf8\xa6\x00z\xaaR\xc1o\xe2\xbf\
\xc6\xfd\x7f\xdb\xe1r\xa0\xfa\x89\xd5\xd0\xdaU\xb4\xf4Z\
\xf0\xa8\xa2\xa5\x86\xf1s\x94\x08\xb3\x94X\xfc@\x22\xab\
t\xd3\xed\x00\xffG\x15\x9a\x02V\xb2\x22\xf33\x883\
\xca\xa3NJ\xfbT}r\xa35QV\xa0>\xb6\xcd\
\x95\x8e\x9a\xe4\x9da\x0e\xa8\x89\xfb\xea\xe3\xb6\x05\x83\xc8\
v\xb5\x89\xa1>j9\x0c\xe3\x1b\x1a\xa28k.\x0b\
/\xbb<`\x05\xdet\x80\xe6\xfa\xa6*\x99\xb2\x9b4\
+\xe8jM\xdbW\xaf\x14\x1a\xe9\xe1\x08\x0d\x8a\xec\x8f\
\xec{;\x13\xaa4\xeaN\x89[\xa6\xd0\x9d]H\xa2\
\x1d+@t\x0b\x0d\x00\xed6\xaa\xfe/*'rw\
\xa7\xdf\xa5\x81\xda\xc2\xf0\xa7\x95P\xc4\xaa\xc2{\x84\xfa\
\xe01\xfa\xef\x1b\xe6\xa5\x19\xbaY\xaf\x13\x0a\xf6\x96T\
\xdf\x0d\x90\x08\x95\xff\xf5\x02\xde\xe1\xe7/\xb3\xbb/\x8f\
\
\x00\x00\x0c\xb0\
i\
mport QtQuick 2.\
15\x0d\x0aimport QtQui\
ck.Layouts 1.15\x0d\
\x0aimport FluentUI\
 1.0\x0d\x0a\x0d\x0aColumnLa\
yout {\x0d\x0a    id: \
root\x0d\x0a    proper\
ty string issueK\
ey: \x22\x22\x0d\x0a    prop\
erty var comment\
s: []\x0d\x0a    prope\
rty bool loading\
: false\x0d\x0a    pro\
perty bool submi\
tting: false\x0d\x0a  \
  property strin\
g error: \x22\x22\x0d\x0a   \
 property bool s\
howTitle: true\x0d\x0a\
    signal submi\
tRequested(strin\
g issueKey, stri\
ng content)\x0d\x0a   \
 spacing: 8\x0d\x0a   \
 function clearD\
raft() { editor.\
text = \x22\x22 }\x0d\x0a   \
 RowLayout { Lay\
out.fillWidth: t\
rue; visible: ro\
ot.showTitle; Fl\
uText { text: qs\
Tr(\x22Comments\x22); \
font: FluTextSty\
le.BodyStrong } \
Item { Layout.fi\
llWidth: true } \
FluButton { obje\
ctName: \x22issueCo\
mmentButton\x22; te\
xt: qsTr(\x22Commen\
t\x22); disabled: r\
oot.submitting; \
onClicked: edito\
rArea.visible = \
true } }\x0d\x0a    Ro\
wLayout { Layout\
.fillWidth: true\
; visible: !root\
.showTitle; Item\
 { Layout.fillWi\
dth: true } FluB\
utton { objectNa\
me: \x22issueCommen\
tButtonInline\x22; \
text: qsTr(\x22Comm\
ent\x22); disabled:\
 root.submitting\
; onClicked: edi\
torArea.visible \
= true } }\x0d\x0a    \
Rectangle { visi\
ble: root.showTi\
tle; Layout.fill\
Width: true; hei\
ght: 1; color: F\
luTheme.dividerC\
olor }\x0d\x0a    FluT\
ext { visible: r\
oot.loading; tex\
t: qsTr(\x22Loading\
 comments...\x22); \
color: FluTheme.\
fontSecondaryCol\
or }\x0d\x0a    FluTex\
t { visible: !ro\
ot.loading && (r\
oot.comments || \
[]).length === 0\
; text: qsTr(\x22No\
 comments yet.\x22)\
; color: FluThem\
e.fontSecondaryC\
olor }\x0d\x0a    Repe\
ater {\x0d\x0a        \
model: root.comm\
ents || []\x0d\x0a    \
    Rectangle {\x0d\
\x0a            Lay\
out.fillWidth: t\
rue; implicitHei\
ght: commentRow.\
implicitHeight +\
 16; radius: 5; \
color: FluTheme.\
frameColor\x0d\x0a    \
        RowLayou\
t {\x0d\x0a           \
     id: comment\
Row; anchors.fil\
l: parent; ancho\
rs.margins: 8\x0d\x0a \
               I\
mage { objectNam\
e: \x22issueComment\
Avatar_\x22 + index\
; visible: !!mod\
elData.avatarUrl\
; source: modelD\
ata.avatarUrl ||\
 \x22\x22; Layout.pref\
erredWidth: 32; \
Layout.preferred\
Height: 32; fill\
Mode: Image.Pres\
erveAspectCrop }\
\x0d\x0a              \
  Rectangle { ob\
jectName: \x22issue\
CommentAvatarPla\
ceholder_\x22 + ind\
ex; visible: !mo\
delData.avatarUr\
l; Layout.prefer\
redWidth: 32; La\
yout.preferredHe\
ight: 32; radius\
: 16; color: Flu\
Theme.primaryCol\
or; FluText { an\
chors.centerIn: \
parent; text: (m\
odelData.author \
|| \x22?\x22).charAt(0\
).toUpperCase();\
 color: \x22white\x22 \
} }\x0d\x0a           \
     ColumnLayou\
t { Layout.fillW\
idth: true; FluT\
ext { text: (mod\
elData.author ||\
 \x22\x22) + \x22  \x22 + (m\
odelData.time ||\
 \x22\x22); font: FluT\
extStyle.Caption\
; color: FluThem\
e.fontSecondaryC\
olor } FluText {\
 Layout.fillWidt\
h: true; text: m\
odelData.body ||\
 \x22\x22; wrapMode: T\
ext.WrapAnywhere\
 } }\x0d\x0a          \
  }\x0d\x0a        }\x0d\x0a\
    }\x0d\x0a    FluTe\
xt { visible: !!\
root.error; text\
: root.error; co\
lor: FluTheme.da\
rk ? \x22#FF8A80\x22 :\
 \x22#C62828\x22; wrap\
Mode: Text.WrapA\
nywhere }\x0d\x0a    C\
olumnLayout { id\
: editorArea; vi\
sible: false; La\
yout.fillWidth: \
true; FluMultili\
neTextBox { id: \
editor; objectNa\
me: \x22issueCommen\
tEditor\x22; Layout\
.fillWidth: true\
; placeholderTex\
t: qsTr(\x22Add a c\
omment\x22); disabl\
ed: root.submitt\
ing } RowLayout \
{ FluButton { ob\
jectName: \x22issue\
CommentSubmit\x22; \
text: root.submi\
tting ? qsTr(\x22Su\
bmitting...\x22) : \
qsTr(\x22Submit\x22); \
disabled: root.s\
ubmitting || edi\
tor.text.trim().\
length === 0; on\
Clicked: if (!di\
sabled) root.sub\
mitRequested(roo\
t.issueKey, edit\
or.text.trim()) \
} FluButton { te\
xt: qsTr(\x22Cancel\
\x22); disabled: ro\
ot.submitting; o\
nClicked: editor\
Area.visible = f\
alse } } }\x0d\x0a}\x0d\x0a\
\x00\x00\x0b\xec\
i\
mport QtQuick 2.\
15\x0aimport QtQuic\
k.Layouts 1.15\x0ai\
mport QtQuick.Co\
ntrols 2.15\x0aimpo\
rt FluentUI 1.0\x0a\
\x0d\x0aColumnLayout {\
\x0d\x0a    id: root\x0d\x0a\
    property var\
 options: []\x0d\x0a  \
  property var v\
alue: []\x0d\x0a    pr\
operty bool disa\
bled: false\x0d\x0a   \
 property string\
 placeholderText\
: \x22\x22\x0d\x0a    proper\
ty bool expanded\
: false\x0d\x0a    sig\
nal selectionCha\
nged(var value)\x0d\
\x0a    spacing: 2\x0d\
\x0a    Rectangle {\
\x0d\x0a        Layout\
.fillWidth: true\
; implicitHeight\
: selectedText.i\
mplicitHeight + \
16; radius: 4\x0a  \
      color: Flu\
Theme.dark ? \x22#2\
B2B2B\x22 : \x22#FFFFF\
F\x22\x0d\x0a        bord\
er.color: FluThe\
me.dark ? \x22#6666\
66\x22 : \x22#A0A0A0\x22\x0d\
\x0a        FluText\
 { id: selectedT\
ext; anchors.lef\
t: parent.left; \
anchors.right: c\
hevron.left; anc\
hors.leftMargin:\
 10; anchors.rig\
htMargin: 6; anc\
hors.verticalCen\
ter: parent.vert\
icalCenter; text\
: root.selectedL\
abels() || root.\
placeholderText;\
 elide: Text.Eli\
deRight }\x0a      \
  FluText { id: \
chevron; anchors\
.right: parent.r\
ight; anchors.ri\
ghtMargin: 10; a\
nchors.verticalC\
enter: parent.ve\
rticalCenter; te\
xt: root.expande\
d ? \x22\xe2\x8c\x83\x22 : \x22\xe2\x8c\x84\
\x22 }\x0d\x0a        Mou\
seArea { anchors\
.fill: parent; e\
nabled: !root.di\
sabled; onClicke\
d: root.expanded\
 = !root.expande\
d }\x0d\x0a    }\x0d\x0a    \
Rectangle {\x0d\x0a   \
     visible: ro\
ot.expanded; Lay\
out.fillWidth: t\
rue\x0d\x0a        Lay\
out.preferredHei\
ght: Math.min(20\
0, Math.max(36, \
(root.options ||\
 []).length * (s\
electedText.impl\
icitHeight + 16)\
))\x0a        radiu\
s: 4; color: Flu\
Theme.dark ? \x22#2\
52525\x22 : \x22#FFFFF\
F\x22; border.color\
: FluTheme.dark \
? \x22#666666\x22 : \x22#\
C8C8C8\x22\x0d\x0a       \
 ListView {\x0a    \
        id: opti\
onList\x0a         \
   anchors.fill:\
 parent; anchors\
.margins: 2; cli\
p: true; model: \
root.options || \
[]\x0a            d\
elegate: Rectang\
le {\x0d\x0a          \
      required p\
roperty var mode\
lData\x0d\x0a         \
       width: Li\
stView.view.widt\
h; height: selec\
tedText.implicit\
Height + 16; col\
or: mouse.contai\
nsMouse ? (FluTh\
eme.dark ? \x22#3A3\
A3A\x22 : \x22#F1F1F1\x22\
) : \x22transparent\
\x22\x0a              \
  FluText { anch\
ors.left: parent\
.left; anchors.l\
eftMargin: 8; an\
chors.verticalCe\
nter: parent.ver\
ticalCenter; tex\
t: root.contains\
(modelData.value\
) ? \x22\xe2\x9c\x93\x22 : \x22\x22 }\
\x0d\x0a              \
  FluText { anch\
ors.left: parent\
.left; anchors.l\
eftMargin: 30; a\
nchors.right: pa\
rent.right; anch\
ors.verticalCent\
er: parent.verti\
calCenter; text:\
 modelData.label\
 || modelData.va\
lue || \x22\x22; elide\
: Text.ElideRigh\
t }\x0d\x0a           \
     MouseArea {\
 id: mouse; anch\
ors.fill: parent\
; hoverEnabled: \
true; onClicked:\
 root.toggle(mod\
elData.value) }\x0a\
            }\x0a  \
          Scroll\
Bar.vertical: Fl\
uScrollBar { int\
eractive: true; \
policy: ScrollBa\
r.AsNeeded }\x0a   \
     }\x0a    }\x0d\x0a  \
  function conta\
ins(candidate) {\
 return (root.va\
lue || []).index\
Of(candidate) >=\
 0 }\x0d\x0a    functi\
on toggle(candid\
ate) { var resul\
t = root.value ?\
 root.value.slic\
e() : []; var in\
dex = result.ind\
exOf(candidate);\
 if (index >= 0)\
 result.splice(i\
ndex, 1); else r\
esult.push(candi\
date); root.sele\
ctionChanged(res\
ult) }\x0d\x0a    func\
tion selectedLab\
els() { var labe\
ls = []; for (va\
r i = 0; i < (ro\
ot.options || []\
).length; ++i) i\
f (root.contains\
(root.options[i]\
.value)) labels.\
push(root.option\
s[i].label || ro\
ot.options[i].va\
lue || \x22\x22); retu\
rn labels.join(\x22\
, \x22) }\x0d\x0a}\x0d\x0a\
\x00\x00\x06\xe4\
\x00\
\x00\x22\x1cx\xda\xd5Y\xfdO\xdc6\x18\xfe\x1d\x89\xff\
\xc1dS\x95+\x10\xee\xdaM\xea\x8e\xd2\x8d\xde\x86\xc6\
T\xb6\xb6P*\xadbUH|w\xee|q\xea8\
\x14F\xf9\xdf\xf7\xfa#_\x8es\xdc\x1dt\xea\xa2\xaa\
$\xf6\x9b\xc7\xef\xe7\xf3\xda92K\x19\x17\xe8\x95x\
\x95\x93\xe8o\xf4(\x18|\xbf\xbeF\x1a\x83\xc1\x8b\xf0\
\x8a\xe5\x22C\x83\xfa\xe4\x01\xcdq\x22\xde\x1c\xc2h\x7f\
}m}m\xc4h>K\xb4(\xba^_Cp\x91\
x\x888cB?\xb1\xf3\x0f8\x12\xbf\x873<D\
\xde\x07\xc2\xc3\x11\xc7\xa1\xc0\x07\x04\xd3\xf8\xbd\x876\xd1\
\xb1\xe0$\x99\xf8c9\x10\xa8\xff\x0fc\xf4\xf93\xf2\
\xbc\x9eFH9K1\x17W\xe8\x22\xe4H\x09\x0c\x91\
\x7f}c\xcff\x0a\x07\x91,\xcb\xf1!\x88x\x9e%\
p\xce\x18E1\xc9\xc2s\x8aa~\x1c\xd2\x0c[\x22\
\xa0\x1aE4<\xc7T\x1b\xf6\x96\xc4b:D\x83'\
}\x17\xd64\xccNIF\x00\xee\x85|e\x8866\
\x8c1\xd2|mK\x90\x80\xe5\xd2\x9c\xdaP\xd3\xc8\x00\
^\x99\xf9\xc6\x9a\x8cL\x12P\xe1\x22\x04?\x8f\xa6a\
2\xc1\xb1\xdf4l\xab0\xd4\xa0l)\xb7\xa8\x17\x9a\
\x18y\x86\xf91\x0ey4}\x8d?\xe68\x13\x0b@\
\x99g\x10\xe7W=\x19_\x89\xa7\xa3\x0bZSj\xfc\
!xn<w\xa1\xed\xd7\x01\x0f,\x87\x18u\xd20\
\x02\xd0!z\x5c\x00\xbef\x9f\x9a\x19Sd\x8d\xd2\x03\
f\xab\xd1yk7\xc0\x07\x8f\xaaAH\xd2\x13|\xd9\
@\xafa\xa5\x1c\x8f1\xe786\x80Js;\xe6\xce\
7g$!\xb3|\xb6\xfc{\xe1\xe5J\xef\x85\x14\x22\
9\x83z\x1bBQ\x06\xfb\xf2\xe9\x84\xa5MQ\x01\x86\
B9,\x93pPsuy\x0e\xd9A\xc0\x1d\xe8G\
\xe4\xa1\x87\x1e\x1aV\x95W\x5cc&u0n=\x16\
W\x14\x07\xcfY|\x05\xc9\xce\x92IS\xf4\x13\x0f\xd3\
#\x16CFH\xd9\xe0-<V\x027\xb5\xc0\xb20\
\xc6\xdc\x0e\x91L\x02\x1c\x13\xc1\xb8\x9ew\xba\xa53\x19\
\xe4\x15F\x82\x5c\xcc\xcd\xc72uX\xce#<b@\
l\x89\xf2q\xcd'\x11\x18\xcc\xa1\xc2\xf7\xf6\xf6\x90'\
]\xec\x81w\xe4\xdf_\x94rM yu\xbf=\xcb\
\xa9 \x94$XB\x94\x0f\xcb\xe3d\x90\xe6T\x81\xe8\
\xbb\x155\x91\x00,\x15\x84%G\xf2qy\x94(\xcc\
\x22\x08\x8d\xc41\xb7\xcbcHj\x92\x00\xf2\xaf~\x1b\
\x84]\xee5\x09sS0\x87\xa3\xb2K\x06\xda\xd8\xa8\
-\x07\x05^\xc71\x99C\xf1X\x1c\x85|B\x92\x8e\
2\x84\xd2\xa8\x13\xc9m\x09\xa7\x8b\xcf^V\x97Y%\
\x151\xca8T\xd57?\x0f\x1e\x7f\xf7\xf8Im\xa6\
\xb3XJ\x83\xcb\xf4\xb4\xa9\xd2\xe5-\xe3\x9d\xe7\xec\x12\
]\xa3\x9d\x87\x08ZUF\x80\xf7\x93\x08oC\xcc\xb7\
\xc1\x16iA\x98dD\x22>\xdci\xc6\xac\xa3SK\
H\xd5\xa8\xfdNFqQRMX5'\x15\xf9<\
\x89\xf1\x18\xd2?\xb6\x08\xaa\x92HrJ%\x13I\x1e\
j7\xd3z\x9b+\xae\xaa\xa3+\xc1\xe2\xd1\xb2-\x91\
\xce\x02\xb4\x03\xe0\xf0lZJ7\x1a\xad\x1a){c\
\x97\xb5[\xca\xc0\x9e+I\xe7F\xac\xb3\xf6!lG\
\xc5\xdc\x17\x88_\x89}\x1fA\xb4R{a\xff\xdb\xbd\
\xf7WL&SX`\xd0\xef\x7fu\x81r\xf3+D\
\x09\xde8g\xf7\x1c\x9dc\xb5\xd8R\xa1\x99\x01c\xd0\
Fl4\xa1gR\xfa\xddY;\x8e\xaf\x99\xe4GO\
\x91\x9d\x15<\xe5V3\xaf\xee\xad\xf9\x94\xa5yz\xa4\
\xf7/\xa6\x95\x1e\x0a<\xcb\x86\xe8\xc9\x0aYP\xba<\
`\x89\xbc\xa7X\xc87\xa2\x1cR\x22\x11\x87@\x0e\x97\
hO\x03h\x93\xd4\x90\xaf\x0c\xdeB\xb7\xf0\x00K\xf6\
e\xef\x0f\x15$\xd1X\xcf\xec\x0d\x86\xbcV\xce\xa76\
T\xfb\xaa)\x7f*\x97(\x94W\x0a\xf5,\x95o\x96\
\xce\xcd9\xad\xfb7\xc8\xa9?\xaa\xe9\x97p\x86ko\
\xb0L\xa6,\x9a=\xcaKn\x1a\xb0E\x17J\x80\x94\
\x86\x11\x9e2\x0a[\xbb\x13E0\x1f\xb3\x13\xee{\xc7\
\x98Bm\x14\xcay\xad\xc0\xeay\x983\x01\x1b\x22\xd3\
0\xee7\xbe\xc8\x95V\xcb\xc7\xa8c[\xe4<\xf5\xb4\
\xce\xb7i(K\xe1T\xfb\xddw9\x1eN\xbe\x81\x96\
r\xb1q\x03,\x9a\x12\x1a\xdf\x86\xa5\x84\x5cPwe\
\xbcE\xb7\xecs\xd8q\xa4]\xf9R\x99\xbb\x14I.\
M\x94N\xb2\xdcu\x10\xe4\xeeb\xa9~w\xbe\xd3A\
\x0ej\x19\xe1\xb0qa\xd6\xd3\xe5\xcc\x8b\xca\xe9\x12\x91\
\x97\xa7\x97\xf4\x86\xb7\xb0\xd9\x16\x9c\x06d\xf2x\xc3V\
\xee8\xaag~\x89vks\x97\xe2u\xa8p\xf3\xb5\
&\xf9H\xba\xf2N9\xae\x82\x01\x91;`\xdco'\
\xfd\x82\x09\xf5U\xd6@Ed\xffy\x09\xb4\x9d6g\
\x1fP\xd6\xc3\xfc\xc2\xf9\x1f\xd6\xca\x82\xbd\xaf:\xd17\
v\xce\xfb\xb9`\xc7\xf9d\x82\xb3\x95O7\xf6w\xde\
L\xed\x09p\xd1\xde:\xce\x8a\xce\xba\xe9\xa8\xc37\xa0\
\xfb\x0ag$\x9b\xfa\x88\xde\x1f+\x0c\xf5\x0dV\xdb-\
K\xd0Q\x95\xbd\xfb\xdcE\xc9\x8f\xbdj\x1f\xa8\xe2\xe0\
\xd8H\x9d\x98\xaf\x06r\x01G\xf67|\x0a\x05\xe2b\
\xf5\xca.\xeb\xdb\xf2\x8a\x872G\xda\x01\x07\x80\x0fG\
T\xee`A\xd18\x14aGE\xdb\x0a\x9b,\x90o\
\xcc\x89\xbf\x8a\xd2\x18\xf9\x8d\xb7{]t\xb0\xfav\xb2\
\x89\xbflgr\x9c\x84\xaf\xddvl,f\x88\xa4\xbe\
0\x8aX\x0e\xd5\xb5W\xc5q_\x0f\x1d&i.\x9c\
m\xc3\x11\xb0\xfa\xea\x06\xb27\x8fNW\xf7a\x81\xbe\
0e\xcewjG7r\xa8\x9e\xa7\xb1\xf9\xf8\xe5\xd7\
\xc8\x5c}Gvz\xa9u:]\xe4\x1c\xa1o\xc6y\
\xa2N7\xa8\xde\x00K\xe0\x8bVP\xc7\x8c#_F\
\x93@\x1c\xfb\xbb\xc5\xb9\x09=x\x00#O\x8b\xc7\x80\
\xe2d\x22\xa6\xbbhs\x93\xf4T\xa4\xcc\xc4;rV\
\xfb\xe0f\xe09\x169O\x10\xa9V1#\xdb\x83\x06\
\xf3[\xba\xea\xe6V\xea\xaa\xdb[\xa3)\xc8\xfc\xacm\
\xbbu\x7f~\x8a\xfa\xd5\xc3\xb3=Ke\xcbsF\x91\
:\x19\x99\xa1\xd2 \x89c\x8c\x9a\xa7\xad\x8e\xde\xfdz\
\xd6\x22\x7f0\xd7\x90P\xcb\xdb\xe6\xd7\x17\xe9t#R\
\x1fwd\xb8\xb1\xb2\x8d\xa76f\xf2\xbd\x8e5Z\x8e\
r\xac\xe7\xf6S}\x0bi\xed\x1bO\xbfl\x1e6\x16\
\xb1\xe3{V\xeem\xed\xa3\x9b\x91,\x86l{\xec\x06\
\x5ct\xdd\xc6/\x08`\x01\xc7YN%-\xd6\xb1W\
\xb1\xef\xda\xce]\x89\x1b\xa4y6\xf5\xaf=A\x04\xc5\
\xde\x10-\x1e\xca\xadb\xc7=\xec\x10\xb8\xe99\x7f^\
3n\xd1\xcbw\xbb\xa6\xc1\xfdM\xc2\xb7=\x14\x85I\
L$%VmV\xca\xb9~\xc4.\xeb~\xe7\xafw\
\xfb\xdb\x7f\x86\xdb\xff\xf4\xb7\x7f\x08\xde\xff\xb4}\xb6\xf9\
\xedN  \x16~\x89\xd6\xbb\xbd\xd8\xef!\x0c\xee\xb2\
,}_\x94e\xa9\x95\xbb\xdb\xc0\x82\xb7\xd4\xf6F\x1d\
\xa4\xbb\xa2\xeb\xd6\xb5\x83fia\xc7m\xcc\xa2<\xd3\
{l\xbfE\xb5\xf5\x1fO\x03\xb9\x13\xed\xa1\xd6P\x00\
\x0e\x8d\xb0:3\xe1\x03\x09\xe6Wd\x00\xff\xfe\x05^\
b\xc4[\
\x00\x00\x0dD\
i\
mport QtQuick 2.\
15\x0d\x0aimport QtQui\
ck.Layouts 1.15\x0d\
\x0aimport QtQuick.\
Dialogs\x0d\x0aimport \
FluentUI 1.0\x0d\x0a\x0d\x0a\
ColumnLayout {\x0d\x0a\
    id: root\x0d\x0a  \
  property strin\
g issueKey: \x22\x22\x0d\x0a\
    property var\
 attachments: []\
\x0d\x0a    property b\
ool loading: fal\
se\x0d\x0a    property\
 bool uploading:\
 false\x0d\x0a    prop\
erty string erro\
r: \x22\x22\x0d\x0a    prope\
rty bool showTit\
le: true\x0d\x0a    si\
gnal filesSelect\
ed(string issueK\
ey, var fileUrls\
)\x0d\x0a    signal at\
tachmentOpenRequ\
ested(string iss\
ueKey, var attac\
hment)\x0d\x0a    spac\
ing: 8\x0d\x0a    func\
tion isLocalFile\
Url(value) { var\
 text = value ==\
= undefined || v\
alue === null ? \
\x22\x22 : value.toStr\
ing(); return /^\
file:(?:\x5c/{3}[^\x5c\
s]+|\x5c/\x5c/[^\x5c/\x5cs]+\
\x5c/[^\x5cs]+)$/i.tes\
t(text) }\x0d\x0a    f\
unction localFil\
es(fileUrls) { r\
eturn (fileUrls \
|| []).filter(va\
lue => isLocalFi\
leUrl(value)) }\x0d\
\x0a    function se\
lectFiles(fileUr\
ls) { var accept\
ed = localFiles(\
fileUrls); if (!\
uploading && acc\
epted.length > 0\
) filesSelected(\
issueKey, accept\
ed) }\x0d\x0a    RowLa\
yout { Layout.fi\
llWidth: true; v\
isible: root.sho\
wTitle; FluText \
{ text: qsTr(\x22At\
tachments\x22); fon\
t: FluTextStyle.\
BodyStrong } Ite\
m { Layout.fillW\
idth: true } Flu\
Button { text: q\
sTr(\x22Select file\
s\x22); disabled: r\
oot.uploading; o\
nClicked: fileDi\
alog.open() } }\x0d\
\x0a    RowLayout {\
 Layout.fillWidt\
h: true; visible\
: !root.showTitl\
e; Item { Layout\
.fillWidth: true\
 } FluButton { t\
ext: qsTr(\x22Selec\
t files\x22); disab\
led: root.upload\
ing; onClicked: \
fileDialog.open(\
) } }\x0d\x0a    Recta\
ngle { visible: \
root.showTitle; \
Layout.fillWidth\
: true; height: \
1; color: FluThe\
me.dividerColor \
}\x0d\x0a    FileDialo\
g { id: fileDial\
og; objectName: \
\x22issueAttachment\
FileDialog\x22; tit\
le: qsTr(\x22Select\
 attachments\x22); \
fileMode: FileDi\
alog.OpenFiles; \
onAccepted: root\
.selectFiles(sel\
ectedFiles) }\x0d\x0a \
   Rectangle {\x0d\x0a\
        property\
 color dropBorde\
rColor: FluTheme\
.dark ? \x22#7B8490\
\x22 : \x22#7A869A\x22\x0d\x0a \
       onDropBor\
derColorChanged:\
 dashedBorder.re\
questPaint()\x0d\x0a  \
      objectName\
: \x22issueAttachme\
ntDropSurface\x22\x0d\x0a\
        Layout.f\
illWidth: true; \
Layout.preferred\
Height: 76; radi\
us: 6\x0d\x0a        c\
olor: FluTheme.d\
ark ? \x22#20242A\x22 \
: \x22#F7F8FA\x22; opa\
city: root.uploa\
ding ? 0.55 : 1\x0d\
\x0a        Canvas \
{ id: dashedBord\
er; objectName: \
\x22issueAttachment\
DashedBorder\x22; a\
nchors.fill: par\
ent; property co\
lor renderedBord\
erColor: parent.\
dropBorderColor;\
 onRenderedBorde\
rColorChanged: r\
equestPaint(); o\
nPaint: { var c=\
getContext(\x222d\x22)\
; c.clearRect(0,\
0,width,height);\
 c.strokeStyle=r\
enderedBorderCol\
or; c.lineWidth=\
1; c.setLineDash\
([6,4]); c.strok\
eRect(1,1,width-\
2,height-2) } }\x0d\
\x0a        ColumnL\
ayout { anchors.\
centerIn: parent\
; FluIcon { Layo\
ut.alignment: Qt\
.AlignHCenter; i\
conSource: Fluen\
tIcons.Upload; i\
conSize: 20; col\
or: FluTheme.pri\
maryColor } FluT\
ext { text: root\
.uploading ? qsT\
r(\x22Uploading...\x22\
) : qsTr(\x22Drop f\
iles here or sel\
ect files\x22); col\
or: FluTheme.fon\
tSecondaryColor \
} }\x0d\x0a        Mou\
seArea { anchors\
.fill: parent; e\
nabled: !root.up\
loading; cursorS\
hape: enabled ? \
Qt.PointingHandC\
ursor : Qt.Arrow\
Cursor; onClicke\
d: fileDialog.op\
en() }\x0d\x0a    }\x0d\x0a \
   FluText { vis\
ible: root.loadi\
ng; text: qsTr(\x22\
Loading attachme\
nts...\x22); color:\
 FluTheme.fontSe\
condaryColor }\x0d\x0a\
    FluText { vi\
sible: !!root.er\
ror; text: root.\
error; color: Fl\
uTheme.dark ? \x22#\
FF8A80\x22 : \x22#C628\
28\x22; wrapMode: T\
ext.WrapAnywhere\
 }\x0d\x0a    Flow { L\
ayout.fillWidth:\
 true; spacing: \
8; Repeater { mo\
del: root.attach\
ments || []; Iss\
ueAttachmentCard\
 { objectName: \x22\
issueAttachmentC\
ard_\x22 + index; a\
ttachment: model\
Data; onClicked:\
 row => root.att\
achmentOpenReque\
sted(root.issueK\
ey, row) } } }\x0d\x0a\
}\x0d\x0a\
\x00\x00\x07\xfd\
\x00\
\x00'\xf6x\xda\xe5Z\xeds\xd36\x18\xff\xce\x1d\xff\
\x83\x08w\xbbdc^\x1b\xb2\x8eK\x0e\xb86m\xb6\
n\x1d+\xa4\x8c\x0f\x1c\x1fT[MDe\xcbHr\
B\xd6\xf5\x7f\xdf#K\x8e\xdfd\xa7\x01\x0a\xdc\xf0\xf5\
\xae\x89\xf5\xd3\xf3<z\xde%\x85\x861\x17\x0a=W\
\xcf\x13\xea_\xa2\xbe\xb7\xfb\xf3\xdd;\xb4\xf4\xd2;\xc1\
+\x9e(\x89v]\x83c\x1e)\xc1\x99,O\x9d\xb0\
\x84D\xea\xe51\xcc\xd9\xb9{\xe7\xee\x9d\x09\x03,>\
g\x04]\xdd\xbd\x83\xe0\xa1\xc1\x10\x09\xce\x95\xf9\xc6\xcf\
\xdf\x12_=\xc3!\x19\xa2\xce[*\xf0\xb1\x94\x099\
$\x0aSf\xb8w\x0c0\x16<&B\xad\xd0\x02\x0b\
D5h\x88\xbaW\xd7=\xc7\xa8\xcf\xc3\x10d\x90C\
\xf4\xfa\x8dc\x18+\x85\xfdy\x13\xe2\x9cs\xb6\xa6p\
\xc2q@\xa3\xd9\x10]`&I\x0br\x9a\x9c\x87T\
\xa9vl\x81\xf1f\xc29\xf8e\xcc\xda\xd0R\x09\x18\
\xcb\x049\x12\x82\x0bPe\xc7\x8d\xca\xa9n\x00\xc6\x5c\
REytF\xde+\x07\xca\xac\x1dG\xbf\xf2SA\
\x16\x94'\xb2MG\x1a\xf7,%\xe4\xc2h\x9b\xc4$\
\xd2+<\x84w/\x05\xb3v18Ig\x11f\x08\
\xc0Q\xea\x1b/\xc8\xbb\x84HE\x82\xae\x155u\x86\
?\xc8\xeaA&\xfb\x92\x9c\x03\x91^i:p'\x02\
>\x9c\xd0\xe8\xb2F!\xa9\xa2c\xbb\xa8\x0a\xc32(\
\x02\x9a\xad\x00\xc5g3FR\xc8\x09\x95\xaa\x09Vr\
\xa1\xcd\xab\xf3!\xec\x00^\xa6\x91\xdbuB\x19\x91S\
\xc2 \xaa\x5cD\xb4\xb2/\x00\xa2\xb5\xdcD\xc28\x1c\
\x84\xf7\x05\x15\xe1\x87\x12\xf9\x0b\xec\xd5\xb2\x98r \xf6\
2c\xdb\xc5\xbd\xa2\x81\x9a\x0f\xd1R\xff+\x0d\xfcF\
\xe8l\x0e~d\xbfz\x90t \xbfP\xfb\x1e\xfd\x80\
\x1e\xf6-\x9e\xd1x\x88\x94H\xac\xb7\x9d\xf3$\x0a\xe4\
\x01\x99c0,\xf8\xfd:-yS\xc5\xe3}u\x90\
\x8e\x1b\xec\xd4\x87\xb4\xc6\x0e\xb0\xf0\x16\xe0\xa0\xd4\xc7L\
\xe3\x93\xf5ktu\x9d\xc9{\x91D\xbe\x0e\x13$S\
\x8d\xef\x97\xcd\xd0]+\x09]\x15\xa3\xffoJ\x96\x9e\
\x99Q\xc5]W\xe9*<#:,b\x12\xd4i\xd2\
\x0b\xd4u$\x8a\x1e\x12D%\x22\x1aU\xe3\x0a=\xae\
\x89\xc18\xac\xafBy\x94\x12\xae\xcc\xf5\x18\x89fj\
\x8e\x9e\xa0\x9d\x1eJRV\x87\x143>\xf3thv\
\xeb\xa2\xfb\xc6\x81J\xc2gB\xdfsH\x8d\xbe\xfb\x0e\
\xb5\xf1lv\xd0\xd4\xad\xbcK\xb2B\xff\xfe\x0b\xb9\xea\
A\x95L\xcf\xa5\x88\xd7o\xea\x12\xe3\xc8'\xac&\xb0\
k\xee\xa8\xac\x02\x9fqI\x8c\x0e\x0cM\x0d\xde\x17\x04\
k\xc3G\xfe\x9c\x0b\xe9\x81z\xc1\x91b,`\x05#\
D\x22\xed}P\x0b\xef\xe9b\xe89\xf41B<\xb2\
\xb2\x0c\x11Y\xc0\x10z\xfc\xc4\xea/\xfd\xea\xcd\xb14\
\x9e\x90\x92\xa8\xbb\x8aA%\xc6\xb1\xb2\xd5\x82'\x8fM\
\xf4\x18\xd95E`P\x5c\xce\xa8\x5c\x96S\xf5\x96t\
n`\x9d\x11RT1\x80\xbc\x93g\xa2\xdb\xb1\x83\x96\
T\x07\xb4\x1e\x12)A\xa8\x0c`h 5'(0\
r\xa6iD>\xd5XSq\x16\xc4T\x9c\xe2\x04=\
\x1a\x91\x19\xae\x8e\x8eSs\xe9Q\x1e\x9d\xda\xd9c\x1d\
\xd7\xc4\xb6\x18\x9e\xd3\x055\xfc\x99%W\x81\xbb\xec\xbf\
6\xe9\x98\xb3$\x8cLS\x9253YCc\xf3Q\
\xferi2XJ6\xfd\x8c~D\x83\x9d|\xfc\xfd\
\x10\xf5\x0b_WC\xb4\xbb\x97\x7f\x951\xf6\xd3\x82\xbf\
\xfb(\xe3\xae\x9f\x17|Yg\xaf\x1f\xf36\xf50\x9b\
:\xf3\xccW\xa3Y\x22\xa9\x9fcE\xc2*\xc5\x02U\
(\x86\x17D\x08\x12X\xd2\x83\xfefh\x96\xa7[\xb0\
\x98A\xc9\xd0\x0e?\x84\x8e\xd2\xdb\xd7\xdf\xcex\x5c\x87\
\x1f\x87\xe0A\x8da\xb4\xa0\x92\x9ek\x17\xbcg\xe2\xc8\
\xa4\x02\xb5\x8a\xc91\xd8d\x84$O\x84O\xac!\xca\
\x83&Y\x8c\xb4\x0b\xb2?y\x00\xa0\x94\x95\x07\x1d\x8d\
$bA\xf6e\x9c&h\x95EN\xf1y\x01C8\
\x9a\xb1\x9bH\xe6\x14L@\x8c\xeb\xaei0\x02\xe7a\
\xa6$%gs\x12\x12/\xc0\xe2\x12=E\x9d\xfb\xbb\
\x93\xfe\xfe`\xd0AC\xfd\xf9\x97\xfe\xc1\xe0\xb0\xb3I\
\x96\x0d\x5c\xad[\xf6\xfb#4\xb7&\xea\xef\xe5\xc2<\
\x5c\x0b\xd3\xb9?\x99\xfc\xbc\xf7p\x07\xf4\x93-\xcf\x87\
e\x11q\x1ceK\xac\x8ar]\xf5\xab\xa6\x80\xd9\xc6\
kK\x9e;\xa8rh\x0d\x8am\xd9\x94X\xed\xb9X\
\x19e\xc7\x04\x83\x1e\x9a\xb8\xe9'\x04o\x02O\xe8\x16\
L\x00\xdd\xae\xce\xa8\xa7\x182\x01\xd49\xf7\x88-w\
=0~\xc3T'Q\x9d\xa6a\xca\xeb\xab\x0e\xc3\xe7\
\x90\x10\x87\xc8\x8dy\x80:P\x0b\x9c\xc3PFL8\
\x5c\xbfA\xba\xf9\xee5/n\xa3\xbe]\xbal\xc3i\
\xbf\x87\xac^t^\x1a\x05\xe4\xbd\xae\xfaPa\xcc\x06\
\xe4\xa7N=N. \xe9N\x09\xf85\x04\xccj\xac\
\x07]\xd1\xe1d\xd5\x0e\xd3\x8f\xe1\x9bZ\xf2\x10+\xec\
\xa5\xaa\xd5:\xca_-0\xecu\x8d\xda6\xd3\xd3\xc2\
\x0e3\x01\xa6j\x05\x9d\xe7\x18\xc7\xba\xed\xd8<\xd7.\
<\xe7\x0cf\x04\x83w\xeb\x19c\xefh\xff\xd1\xe4\xc8\
d\x8c\x9d\xc9^\x1f>\xf7P\xab\xca6s\xff\x136\
B\xe4\x86\xbd\xcc\xbd\x92\x8c`\xb2DH.\xa6s\x1c\
\x83U-\x0c\x04\x85\x84\x7f\xcai\xa4\xf7\xcb\xbf\xe1(\
\x18\xa7(d\x0a\x01\xecK\x97\xe6\x85.\xd4\xe5\x02\xed\
\xde\xc5\x95x\xf66\xf9@\xcbp\xc3\xd0uS.\xb8\
\x81;\x197*\x04\xdc\xbaKm\x9e\xf3!\xae\xd2X\
C\x1c\x1e\xd1Le\xb3\xa9K\x06u\x9a\xb1n5\xc7\
\xd6\xdd\xa5\x90\x07E5\x99=\xbc\x19\xe8\xdd\x86a\xdc\
\x8d\x03\xf4\xf1\x11\x09\x8e\xed6u\x0b\xb3\x96'~k\
\x16v\xc7\xa5[=\x1faV\xd3\xa86\x14\xf4O\x15\
\xa6\xc5\x93\xaf\xdb\xb5\xe0M\x93q\xdb\xc2t[w\x90\
(\x05\xed\xecUS\xc3\xde\x87\x1e\xb3\xa9A\xd7c\x14\
hLm\x9fl\x8eo5U\xe9\x8d\xe7d!x\xf4\
2\xb6\x10\xfa\x0f\x00v\xa1u\x8c\xb8\x081\x1b\xdbN\
Q\x09\x1cI\xe3=P\xa4\x03*K\x1b\xdb\xd2!a\
\xdds\x9aN\xda\x9a|\xe3\xf3,\xf9\x90/\xa3\x8f^\
\xb4>\xf1\xac/\xd8uj\xf8\x85\x16;I\x18\x9b\xfa\
\x82\x90\x0f]\xab3\x8d\xf7\xeakn>\x08u\xad\xdc\
\xe9\xee\x1bbx\x9b\x1e\xbf\x96\xbb\xd3C\x0c-\xbc9\
Vx\xc6\xcd9\xa5=\xd3#A\xa7\xa1\x1bv\xe4\x80\
3M\xca\x8dvE\xff\xa9\xa0a{\xec/\x05\x8e\xcd\
\xe6T3\xf1^q\x11\xbc\x82Wn\xf0V\x9dZ\xad\
\xd8~\xf2n\xedV\xea~}\xd3\xe9\xf4\x9bOsT\
\xd2\x1f8'\xdf\xe4\xe8\xe2\x86\x9b\xdfj,w\xb3\x93\
\xed\xec\xd0\xa8?\xe8\xa1\xef\xd1\x8e\xb7\xf7\xa8\x91F\x88\
\xdf\xd30\x09-\x05'\xe1\x8f>\x85i8\x91\xca\x9e\
\xdf\xb3\x9b;\xa8g\xe9Q\xea\xa7\x88\xd3\xe2\xd9\xa2\xb9\
\x11\x94M\xa1\x98\xf2\x9eP\xc2\x82\xb5\x00\x0d\xbc\xd6g\
\x96\xe6\xe8\x07f\xc8R2\x08\x0c\xa3\x94\x96\xd4~\xa8\
\xcfzyt\xe4\xeap\x86\xfa\xe6H\x1f\xca\xb64A\
M[\x92\xeb/\xa4F\xe9\x0b\x9a\xf6)\xad\xaa,\xe0\
Z4)\xe7|yf\xc8\xa7\x17{P\x1c\xf2y\x15\
\xad\xe6\xf4\xd2\xd8\xfezT\x92\xdf\xd9\xb4{W\x01g\
\x8f\xcc+W)\xa3-\xf4\x94]\x84\xb9\xb7\x86\xa3\xf2\
\x1du\xe5\x82\x00\xba\xa8\xf5\x85pu\xe8$\xbb:H\
\xe2&L\xe1~\x81\x98;\xe0\x0a \xbd\x19\xd6>_\
\xbaJ\x84\xd4t\xa9/\xee\xccmB\xe6\xf3M\xf7\x8e\
9T\x13\xdaw\xdf\x0af$\xa1\x84\xb8(\x96o\x10\
s\xe4\xd7\xe39@vA\xd5\xaa\xd5m\xc6\xf6\xa7\x04\
[\x85\xd1&\xf7\xc8\x7f\xe1`\xaf9B\xa7cT~\
\xc6\x00\x9c\x0a?S(\x22\xf2\x9f/\x94\x9d\xa2\xf8\xa3\
\x02m\xc8\xca\x1duf@\xddQ\xe5\x16l\xb8\xcf.\
 \xb7*\xeb\xb7QL\x1f\xf6\xbf\xe9bzJx\xcc\
\xc8\xed\xd7\xd28\xe5\xf3\x7f-\xa5X\x91\xcf\xd1\x8f\x00\
\x9b/\xa3\xc1M7\x1d\xf6\x96\xa3 +0\x15\xd8.\
\xd8\x8a\xeb\x9ezS\xe3lk\xa0\x82\x91\xf2C\xe1\xf5\
\xf6\xae\xedD\xee#\x0d\x96s\xbb\xb8m[5\x1cT\
\xb7\xee\x8b\xec?\xf8\xfb\x0f\xa7\x7f\xd9\x12\
\x00\x00\x10x\
\x00\
\x00[Zx\xda\xed\x1c\xedr\xdb6\xf2\x7ff\xfc\x0e\
0;\xcd\x88\x8d\xa3J\xb2\xfcQ\xb9I\xc7\x96\xad\xd6\
\xd7|8\xb6\xd3\xfe\xe8t:\xb4\x04I\xac)R!\
);\xbeT\xcf\xd1\x99\xfbuo\xd1\xffwo\xd2'\
\xb9]\x00$\x01\x12 )[i\xe7:U2c\x89\
X,v\x17\x8b\xc5\xeeb\x09w6\x0f\xc2\x98\xbc\x89\
\xdf,\xdc\xe15\xe94\xdb;\x1b\x8f\x5c\xe5a\xf3\x85\
s\x17,\xe2\x88\xb4u\x8d\xfd\xc0\x8f\xc3\xc0\x8b\xd4\xae\
\x03oA\xfd\xf8\xed)\xf4im<\xdaxt\x1a\xd3\
\x19\xf9\xb0\xf1\x88\xc0\xc7\x1d\xf5H\x18\x041\xff\x15\x5c\
\xfdL\x87\xf1+gF{\xc4\xfa\xd9\x0d\x9d\xd3(Z\
\xd0\xa30\xb8\x8dh\xc8G\xb68\xe4<\x0c\xe64\x8c\
\xef\xc8\x8d\x13\x12\x17\xa1\xa2\x1e\xf9\xe1GMcD=\
\xc0IG\x0cU\x8f4>,m\x0d\x943\x8c\xdd\xc0\
w\xae<zZ\x86\x0c~ \x85\x03\xd7\x8bi\x88@\
\xef\xa2\xcb\xb0a\x1dz^\xd2\x14Y\xb6\x96\x8a\xd8\x89\
\x17\x91\xae\x1fo\xa1\x86~\xf1\xdd\x9c\xeaz\xe1sC\
\x97q\x02\xaea\xf5*\x08<2rb\xe7E\xe0\x8c\
\x5c\x7f\xd2#c\xc7\x8bh\x0e*\x8aChcp\x17\
\x8c\xbaK\xfa>\x86\x19\xc9\xcb\xde\xf5\xe3\x14\x19\x85\x89\
l\x19\xda/\x83\xd8\xf1\x8a\xcd\x8c\x186w/\xdc(\
\xee\x07\x9e\xe7\xcc#\xc4\xa3\xa3\x099{\x87J\xf6\x9d\
Kou\xd3#\x88\xc6\x89\xbc\xa1o\x12\xc8\xd3\x91\x86\
n\x01z\xeb\xc4\xc3\xa9P\x0c\x03\x87\x1a\xc8\x930\x0c\
B\x0d\xa8\xa4\x1e\xaf\xe7\xa8L:\x22\x19\xcb\x89\xa6\x94\
\xce\x81\x02yN\x9d\xd1]\x8f\xc4\xe1\xc20U\x09`\
\xe9t1\x94\x11u\xc2\xe1\xb4zh\x0e\xd7w|\xf8\
?\xa4^\x09\xe4\xd0\x0b|z\xc1V\x19p\xfd2\x18\
\xd1z\xc0\xb8\xd8\x04dQ\x92\x12\x1c\xc8}\xc4d\xf9\
\x88#\x8c\xdc\x89\xef$\x04\x9e\xd3w\xb0Z\x01\xa6!\
\xa9\xbe-\xc3\xa5J\x93\x81\x0a\xa1\xbd\xcb\x94\xc4VP\
\xcb\xd3\x0dc_87Y\xa7\x18d\xabB\x0f\x99\x80\
.r\xe4\xa80L\xcb\x13v\x1a\xa9\xcdR\x81\x80}\
\x9f\x8dY\xa0\x94\x01\x7fK\xef\xb6R\x85\xa4WoC\
O\xed\x0e\x84\xd1\x10\xbe\xbcp\xfd\xeb\x02\x86E\x1ez\
\x18\xccf`\x95/\x16W37\xae\x1ep\x08\x96\x1d\
\xc0U\x1cN\x1c;\xc3)\xa2\x01\x13E\xa3\x94\xbf\x02\
\x1217\x14h\x8eL(\xde\xce=PJ\xd8A\xc6\
n8[\x0d\x89\xaa\x81\xa69P\xa1.\x83\xc9\xc4\xcb\
\x0ds:\xdaJ\x94\x9fsR\x86\x80\xaf\x0b\xafb\x98\
\x8c\x1f{C\xe8\xefx\xe1\xb3&\x129c\xda\x0f\x16\
~\x0c\x0a\x01[\xa4\x9d\xec\x89\xf8\x09i\xbc\x08}\xc2\
\x1a\xc8\xe3\xc7\xfcK\xd3\xa3\xfe$\x9e\x92\xcdg\xcf\xc8\
\xc2\x1f\xd1\xb1\xeb\xd3\x11\xf9JmL\xed\xec\xb20\xe0\
\xdc\x81\xe5\xf5\xc2\xb9\xa2^\x03\xb6Te<w\xdc\xc0\
g\xe4\x97_\x08\xec\x1a\xcd\x90Fs\xb0`\xee\x95\xeb\
\xb9\xf1\xdd%l6\xe4\x19\x0cj-|'B>\xe9\
\xc8\xb2\x13\x1a\xf9\xa6\xf4Vj1\xa2]\xcca;\xa0\
gH\x06\xc77\x5cDq0\xa3a\x1e[_<\x87\
-\x84\x19t b\x15\xb4\xce\xcc\x0b&\xee0\x8f\xf5\
\xf0\xe5\x0b\x03B\x01\x96\x98\xcc\xa2\xe8`\x97\xf6h-\
\xd11\xc8Lb\xec\xe7O\x06\x82.\xb0\x910\xb2P\
\xffJX\xd4b5I\x8f\xa3\x1d\xa62\xcc\xe3\xae\xe4\
\x96{Czvq\x19z\xd8\x12\x91g\xe9\x06\x974\
\xcc\xf9\x1c\xe45M\x05b\xc4\x03PN\xa6\x0a\xef\x0c\
\x81Pi[\x8c\xd7\x9c/\xa2)oQ\x81\x19\x22-\
0k)r.@~\x0e\x5c\xbfa\x91\xff\xfcF\x12\
\xe9\x14E\xa1\xae\x04pR\x82p\x9d\x8b\x07|\xe3\xcb\
)\x9d\xd1\xe6\xc8\x09\xafa)[\x9f\xec\x1f\xee\xef\xef\
\xefZ\xb0\x8e\xadOv[;';}\xeb!\xeb\xa9\
8\xc0`\xf7p\xbf\xd5\xe2\x03\x1c\xb6w\xfa\xf0\xbd \
\xa0b\xaf\xdd\x93\xc3\xfd\xc1\x09\xef\xd5\x1a\xecv\xe0{\
=\x91\xc1\xd6\xe0}\x5c\x89mw\xf1\x1f'm\xb0=\
\xe8\x0c\xdak\x96X\xf7p{\xa7-$6\x18\x0c\xba\
\xfd\x93:\x12k\xefm\xef\xee\x1c\xf3^';\x83\xf6\
\xe0\xc8l]\xe4\x18\xe5\x14,\xfb\xfbFa\xcd]S\
\x5cX\x18+5\x15\xf0\xa6;B\xe64\x0d\xd8\x03Z\
,U\x1a\xf04\xd9*P\x00-e \x89\xa1\xa7\xed\
\xec\xf12\xfb:\x06\xfdg\xfe\x0b\x10\xd3:\x80?_\
J\xfb\x18#\x82Gc\xf6\x01y\xf2\xc4- \xc7\xae\
8\x1d\x82\x13\x0e\xfb\x83\xfb#\x9f\x1f\x15\x16\x88\x05P\
\xe4\x0f\x09\x15\xdc\xe0\x13&\x0a\xfe\xa80\x80\xc4\x81\xab\
\xb6,\xb5\xfc\xe4\xb8\xd5l\x9aA\xe42\x87\x01\xfc\xab\
\xe2\xac\xb88Yh\xcb43\xa8\x88\x9d\x03~IZ\
\xc8\x84^b\xe5\xf3!Oc\x91~n\xf8?m\x93\
`L>\xedXv\xd3\x09'b\xcc'\xa4\xcd\x7f\xea\
G\xb5\xcb\x95\xf2\x9cz\x0eFT\x8c\xb1F0\x1eG\
4^\x83\x14\x0c\x5cjY\xc4\x11|\x90\xfe\xa9\x18\xe5\
\xa5\x13O\x9b3\xe7}\xa3\xb5%\xbe\x83\x197\x88\xf4\
)io\x91D\x0e\x82z\x95\xa4\x0c3\xbaU\x0c\xb4\
H\x5c\x8a2\xf5qe\xf5MQ\xfch\x17\x18(\xca\
u\x06\x11\x92\xc7\xc0_\x8f\x1b\xec\xc7\x16):\x80\xa5\
\xeb\x8c\xf52\xac0W \xc5E\x85\x0aUD\xbd\xae\
eb0bg<\x16=\x1d5\xf2&?7Gj\
\xb4l\xa7\x06XI\xb24\x87\x8b0\x84\xf0\xe0;\xe6\
\x09\xe7\xccYY\x07\x5c\xafL\x00\xba\x14\x0d\x1ah\xb4\
\xcc\xc6\x9eF\xcfh>\xf7\xee88\xc6\xda\x14yT\
\x14\xf5\xd6\xf13\x19$fN\xc4\xa5\x09\xc7\x9c\x8d\xbc\
O\x04\x81{\xa2\xe1\x8a\x8a\xc8\xa9\xa3\xa6\xd0\x17\x05+\
\x07@\xa4\xba\xac\x92\xad\x8c\x83y#\xed(Y\xa2I\
;\x066\xab#\x88\x0c\x94\xbd\xca\x04\x7fP4M\x15\
>W\x1f6\xcd\x0dE\x88\xd9\x08K\x02^\x1b-\xc5\
\x22\xa6Pg*\x14v\xd5^\x82cu\xee\x14n3\
\xd5\x918^\xa6\xdf\x949*\xa1A\x9af\xc9TH\
\xb2/\xe9\x9bN\x9d\xdc\x13TU\xf4\x8c\x99\xbe\xe7f\
\x0d\x9f\xa9\xca\x16-\xae$\xc6u\x9d\x04\x84\xd4o\xf9\
\x88gg}\x91\x89\xecO\x1d\x7f\x82\x89\xba7qs\
\xe8x\xde\x0bX\x08a#\xbf4l\xd1\xe9L\xc9\x99\
\xd6\xec\xbb\xa1v\x16*\xb4b\xe7\x0b9\xe9\xbab\xdf\
\xcb,\xf1\xbaR\xcf~0\x03W\x16\xa6\xb0\x89\xc1\xff\
l\xee\xd1\xb8N\xd7\xa4\xb3\xb7\x98\xf9<\xd1-\xdbN\
\xc7\x1fN\x03\x98\x1a\x98\x22\xaf\x87\xc1\x15\xe0\xcfZ\xa3\
\xb93d\xc9\xbcv+A\x84\x1f\xf0H\x07\xa13\xa3\
y\xd3\xcf\xd13\x5c\xdf\xbb\xa3x*\xe7\x15\xd3E\xe5\
\x8cx~\xb0\xddQ\x1bL\x14\xd6\xa3\xb4@\xf1~\xb1\
\xed<\xb85\xa3\xafK\x7fj\xf2\x5c\x08*0\xcd\x98\
\xb3LY&\xd9&\xcf\x93\x84I\xfe\x83.=\xae\x8f\
\x0fl\x99\xf5\x845\xe0g#7\xd8\xd7\x82-x\x1c\
\xf8\xd0$@/\xe2;\x08D\xfb\x0e\xd3V\xb2\xd4\xa3\
=\xa7s\x8aj`\xe2\x0f?\xcc \xf1\x93\x11\x89V\
3<\x8c\x7f\xb4\x88c\x184!\x96a8vb\xa7\
\xc9\x82]\x5c\xcd\xd9#\x1f\xd5\x82\xad\xef\x03P\xf5\xbe\
\x07\x03\xd0Q~\xb8,\x8f\x96u\xe4\xb1\x86\x05\x1b\xa8\
\x819\xcd\xe3e\xe9\x1ck\xb1\xe0\xa9\xd0<tgN\
(\x96\x09tXA\x17L\xb3\x09\xeb\xf1*8\x0a\xde\
\x83\x90>\xff\x8c\xccai\xbb\xc0\x9f?\xa4O\x83y\
\xfc\x14\x10aw\x07\xe2PPZ\xf2\xd9\xe7Fis\
\xf2$\xabf\x84\x5c\x81>\x09\x1c\xfcYw\xb6\x98\x89\
\x1e\x9dn\xcb\xd8\x01\xe7\xfa<\xd0(xn\xebE\x7f\
\x87\xe9\x01\x0bG-\xb3\x221o\xb1.FwT\x85\
N\xe8q%*\xcdc\xc0l\xf0'\x84Y\xce\xf7\x13\
\x8f\x89\xe9T\xce6\x939\x0f\xe6\x8by\xf3\x96\xcb;\
\xdds\xd9\xef-\xb2\xdbm\x95t\xbd\x0c\x02\xef\xd2\x9d\
7SK3\x0dnhHG\x95\x1d\xf82\x1d\xb9\xd1\
\xdcs\xee\xd0x\xe8\xd7\xd3\x9at\x99\xe9\xac\xec\xa5\x1c\
$\xca6\x0f\xe9\x98\x82\xd31\x12\xea\xd6\xde\x87pC\
?o\xca!f*~\xe5)1\x9dm\xae\x97\x93\xcc\
c\xba\x0f\x1f\xd2\xa1j\xca\x85\xf4\x8chOZ5\x0c\
,\xefe\xd8\x22:\x0c\xfc\xd1\x9aM\x1b*\xd0\xaa\xda\
 {\x82F1nwZ\x07z\xbb\xc4\x04\x0c\xca;\
\xa4\xd3\xc0\x1b\xd1\xf0R\xda$/8n\xdc'\xd6H\
q\xe6\xed\x1e\x18\xc4c$\x08+\x13\x1c\x17\xac\x0a\xe2\
(#\x0b\xd3\x95t\x94l\xa6\x1b\xa5\x967\xe5\x96\x9d\
\xfdY%V\x02\x969\x1ew&{\xacr\x08\x9bf\
\xefr\xe7\xc2\xf8|Si`\xc7\xc0\xe6A\xa4\x9d\xfc\
\x83\x11(\x0d8\xd9\xc1\x1f\xec\xee\xe0\xfe\x97C\xe3\xc7\
\x12$X=5\xd1(\xc5\xfa[\xd5H\xb89\xb0z\
\xdap\x09g\xab\x06\x0e\x5c\x8eVO\x132\xd5\xec/\
\xb4\xde\xeai\x22\xa1:\xc3\xa3\xfa\xf4\xf2qWi\xbf\
ei\xab\xa4\x0f\xd2)l29\xf6\xa3\xd5\xb0\xae\xec\
~\xad\xd1\xc5f\x9c\x14\xca/x\x96]\x9c\xa8[\x1b\
\xf7\xb7\x06\xc1\xadO\xc3\xde?rEA\x89iH\x8e\
\xecG\x91\xd94\xf0%\xcb\xc8\xcc\x97~\x18\xed\xc6\xf7\
\x1c\x90\x9f\xa1\x91\xd3\xe3\xc8\xec\xfa\x16\x8c\x87j#\x9c\
\x1b\x9aP\xc9\xf1\x14]om\xddA\xc6\x19S\xb5\xb2\
\xe1E\xb4\xa2\xceH\xa1v%\xc9\xfe?\xc7\xbc\xa2A\
&\x0c\xf0\x80\x0c\xf1\xb8\x0b\xcf/\x8e\xdb\xdb\xdd\xed}\
\x88\x16nCg\xceK<p\xb0\xe6\xf7\xf0\xb3\x86\xd2\
\xa99\xc5\xec\x87Q\x11\xeb(\xa0\xca\xa6T\xd4\x94\x1a\
T\xb5\x80I\xe2[E\x04\x92\x03;6\x09i\x14\x9d\
c\xf7\x0ff\xd4%\xdeF\xb1\xe9\x1b\xeaN\xa61\xb6\
\xe5\xe5!\x8dx\xe4h\x03A3s\x8f\x1fg\xcfX\
a\x95>\x80\xc5D6\x98'\xd8\xb2!\xd6T\x0ar\
\x0a\xee~O\x83\x10\xdc\xa24\xb5\xde\xdeR\xa9\x00\x05\
\xfe<\xd7\xc5\xce\xca\x0e4\xd3\xa8q\xcd\x8c\xfa\xa1\xaa\
r\x8d\xa5\xacNr\xaa\xb3\xe9y\x1c\x06\xe8\x17\x89\xcb\
\xc5\xceo\x0f\x08\xf5\xdcT\x85O\xf0\xfb9\xce\x94\x86\
\x0c\xb3\x1f\xa0NP\xaeZ\xaa\x08\xce\x09\xb6\xfe\xfb\xab\
\xc6\x04\xaa\x11\x81\xf0W\x18\x1eQ\xe4\xa4\xf3,\xf2\xb6\
\xa3\xb4\x0a\xa9j\x1d^\xcc=7F{}\x9fu(\
\xc1$\x1a_\x04\x0aBt\xe4\x1c\x8c\xecX2\xec\x1b\
x\xf0O\xf4\xc9<\x99\x8e\xb2\xb4\x95\x22\xf4\xcd\xec\xf8\
E\xa9\x1d,vIY+ha\x1a\xe7A\x80-4\
\x9cE|\xe43\xd2jv\xf6\xed2\x5c\xb9\x08\xbd\xa3\
\xd1\xfd4\x85\xa6i\xab\xca\xa2\xd5\xcf\xa4)\xd94C\
\x1e\xabr\xbb_u\xcb\x97S\x15N8q\xb1\xd41\
\x9f(\xacN\xa4\xf1B[C\x0e\x0d\x02\x88\xd8\x8d=\
j\xda\xed\xf0\xc3\xeb\x88\x0d\x94\x97u,]\xd8u\xd2\
\x87\xf9j\xe1\x92$b\xce\x00\xfc\xfe\xaf\x7f\x13\x8b<\
\xa9DX\x8eL^\xfcnt}\xc6\xd2\x17X>\xd8\
(\xe9\xb8\xac?A\x17\xac(\xcet`\x5c\xc7\xc6\xae\
\x90\x1f\xfc\xd8*\xea\xd1q\xfc\x92\xa9)ji\xbaM\
\x87h\xaa4\xcf\xaf\x02\xd0\x8cY\xd2\xb0_\x92*S\
v\x80b\x15\xec\xaa\xeb\xe1\xd3vz\x84*\xce\xef\xf9\
\xd6\xa2NB\xbe0\xd6\xb6?\xf6\x12!\xc5}I\xe7\
\xbc\x1a\xab#+\x86)\xf1\x99\xcfB\x8av\x8f\x8cB\
g\x1c3K\x91\x8f\xa3+d\xc3+**i\xcdj\
4WT\xdbZ\x86\xa4\x5c\x0d\x1f\xaen(\x10\xf4\x0a\
7W\xd6Ceb\xb1\x1f\x89\x03\x82\x11VY*\xa3\
\x5c\x96F\xd7\xa3B\x92\xcc\x84\x95I\xd1\x95m\x9d\x19\
\xec}O93\xe5\xdb\xa6\xd8\xd7\x9f\x92\xe4o\xbbS\
\xc2\xe0]\x8ft\xbb\xe6f%K\x0c\xdeqw7-\
C\x811\xb7[E_\xa2\xbbc\x97\x0c7\x15>S\
\x86\xb0\x83(\x80U\xf4l\x9a\xa2\xf0\x9a{V\xb0q\
t\xca\x92\xd1\xd9\xb1]\xab4'\xefx\xc6\x88 \xf9\
\xc0\xb4F\xf4,\x80\xa9\x06y\xf0\x0d\xa6\x8f\x8f^\xfb\
'\xd1\xd0\xc1b\x00\xf5\xe9\x19\x063\xaf\x17q\xe4\x96\
i\xdc\x953\xbc\x9e\x84\xb0ba6\xcfQw\xfd\x09\
(\xef\x87\xc2\x86\x92\x16\xd1u\x8e\xf0_Zz\x07\x1f\
\x08B\xaf\x82p\x84\x89\x9f\xfc.\x84n\xa3\xf0\xf0C\
\x08\x96\x16\xe0\x96\xec\x96Y\x1f\x14\xb0\xce\xeb5\xe9\x1e\
\xc2\x97C\xd6w\xda29\xbb\xf3\xaa\x8d,\x7f\x22\x98\
\xf7\x160\xe0\x95+q\xb5\x19HX\xa1\x13\x16\x0a\xe2\
\x9ep,~Uq.)|\x22\xac&\x1e}r\xed\
\xae\xee\x9b(\xf7n\xab\x1aVN_\xea*\xae\xd2S\
H\xd8\x072\xaf\x87\xe9i\xf9&\x93\x8a\x9a/%\xe4\
\xbfW\xcf\xe3\xa8{f\xad?\xe6\xcd\xd4[\x88p\xff\
 \x15\xc8~\xa6\xa2\xdd\xd4\x9f\xca\xceYy\x99\xea9\
p\xc9\xf3g\x10\xb5Xl=\x88D\x0c\x91\x81kT\
\xcf\xb2\xbe{_\xec\xed\xed\xed\xa8}\xb3\xbarV{\
\xbc\xb7\xdb=\xdaOV\xdb\xd1\x17X&\xbc\xac\xc7n\
m\x9fZ\x99r\xf9}\xbf\xb1\x87\xd3q\xcac:\xff\
\xda\xaa\x8f&\x7f\xe2-JE\x8b\xc7\xd6\xf5Qf\x8e\
\xc6\xa6t\xfc\xcd_\xbb\x11G\xe0+\xb0\x99\xdb25\
/\xfa\xd4 ~\x8b<\x88\x90\xfa\xf3X+\xf7\x92\xd1\
\xc2\xe34QMP/\xb3Rc\xcd\xd4\x97\xae\xea\x18\
Io\x1ed\x06\xc3\x98\xfa+\xcd\xcc\x8b\xf5)\xad\xda\
\x0e\xf8mb-sme\x85\xe4Mw6\x87\xf9u\
c&&\xac\xb7\xed\xd6\x1fE,}F\xbb\xa6p^\
6z\xea\xb6\xa7\xe9\xc1\xdfN\xc8\xba\xd4\xa7\x22\x9bu\
\xdc\xeb$\xde\x0e\xd2-m\x08\xa6\x93\x86\xa7~\xb2\xad\
)I8\xad\xd4\x0fH}R\xefSHsO\x0d_\
\x83\x92Io\xae\xfc\x01J\xc6^\xe7Y\x87\x92i^\
\x9d\xd8\xe9\xecv\x0f\x93W'N\x0e\x07Gf\xf7*\
\xed\xd4\xdf=\xdc;\xe9\xf0N{\xdd\xee\xf1\xe1\x17\xd6\
\xc34\x8d1XS\xd3\xb4\xa2? \xab\x10\xfb\x07\xea\
Z>\xd2\xcf\xef\xf0\x87\x13v\xfc\x94X\xcf\xfb\xf8\x01\
\xd6'G\xad\xbd\xe3\x9a;u\x05\xc8r\xe5\xec\x91\xb1\
\xc6-s~L\xfbH\xa2\xefmM>)\xf5\xe4M\
\x03\xd4q\xddQ\xc1\xd2\x14qI@\xab\xbdt\x00\xfb\
Xk\xcfE\x95'\xc9W\x8d\x0b\xe4\x98\xc0\xad\x15\x09\
\xdc/\x0a\xb8o\x04\x90\xcc\xf0\xden\x05\x1c\x80y\x08\
\x8a\x1eR\xe3^\xaf8\xf1TO\xa1R\xb1\xe0VU\
\xbaKy_\xcd\x14\x83TDu\xf7\x0e5V\x093\
*^\xad\xcf\x98\xe7M\xfc5\x81M\xf6\xd6\x1b>\x00\
S\x82i\xa3\x1c\x18\x97\xec\xb7\xf4\xaez|,\xde\x9a\
\xd2\xe1u\xfd2\x9ezV\xf3\xfe\x99U\x83\x0b/\xd2\
@9\x09\xd5C3D\x0eu\xd9.~&\xef\x8a\x17\
\x0aD\xca\xbc\x8e\x02\xda\xe4\xf9\xb3\xba>By\xb6-\
y\x89}\x85\xc1\xb7\x12\x86\xec\x07\xef\x16uO\xb2\x1e\
j;\xb5\xcb\xa3\xa6\xf7\xb3r\x98o\xda\xadV\x0d\xff\
\x1f\x1e\x0f\x83\x17\xe6\xfaNx\xf7wD\xfc\xe7F\xc4\
\xffGAi\x18\xdc\xfe5#\xd2\x84\xb1\xbf\xc3\xd1?\
3\x1c\x85Y\xf8\x0b\xc7\xa2\x09w\x7f\xc9@\xf4\xde\x07\
\xc1Zy\xddCQ77\x0d\xb1\xef\xaa\x9b\x9a\xf5\xfb\
\xaf\xbf\xb1\x12\x8aFi0m\xaf\xac\x91\xf7\xcc\xbe\xe7\
\x81\xef\xa8\xe7\x05\xb7\x1c>\x89\xcc\xcb\xe0'!\xa5>\
\x07o\xb7\xf6\xfa\xfc\x9e\x89\x92\xca\x8a\xfa|\x99\x95k\
m\xaa\xb5\xfcH^\xd8:=\xb1\x8f\x96\xd5\xd6\xd7\xc1\
\x9c\xf1\xf7\xd6J\xb3\x17kZ\x5c\xc6\x05\xa6\x06r\xaa\
\xf3$\xc7\x82L\x01\xfd \xfeI\xc4\x83\xab\x0d\x9d\x17\
Yq\xd4F\xbdaA\xf9y\x11\xc2\xab &\xe2\x99\
\xcd\xde,\xb3W\xa3\xa8\xb0\x92s$}E\x1a\xb5n\
\xb6\xb1\xd7\xb5\x04\xd7\xb1\x0cWXg\x7fF\x06P]\
^\xe6\xad3U\xd44%\x07\xbb\xfa\xc2\x8f\x93\x1a\x1d\
\xb9\x18\xe5U \xee\xf4$\x1e\xab7\xb6\x1eTs\x86\
\x9f\x8ba\x18x\xde\x91\x136oh\x18\xbbC\xac\x80\
\x00T\xe9\xe3\xc2\xe53%\x5c\x17\x8b\xdb\xebW\xb0f\
%\xa4\x95\xe1oY\x01i\xfa\x1a\xc41\x8d\x1d\xd7[\
W%\xa9\xcb\xefH-&\xda\xf4\xe0\xe2\x0e\xc1H\xd7\
\xa3\x994\x96\xa5$\xb3\xdb\xff\xf48\xa4\xf624\xc9\
P\xe9\xad\x96\xba\xa2\xf9\xcdM}\xfe\xb0\x92\xb25b\
\x95\xef\x12JB\x15\xe5z!\x03\x7f\x8e\xffup\x16\
\xd2\x1b7Xh\x05\x95\x5c\x19e\xf4\xf5\x19\x86W\x92\
\xf3\xaa\xed\x0d\xeb0}\xbd@\x0ba\xba\xeb\x09K\xaa\
\xf4\x03\xe3\x0d\x0e\x9cn5\xbcW\xe8P\xef\x18z\xda\
\xb6M\xb8\x90\x83\xdax\xcchx\xda,M\xf3\xe7\x91\
\x15\xcb\xca\xc9\xb3\x15*\xce\xf9\x18\xaf\x0b\x19\x8d\x1e\xc1\
\xbb\xb7\xb6\xd8U\x9c\xe4\xd9sc\xe2#\x052\xa1>\
\xd1]\xf4\xd9\xc3.)Z\xfd]\xa0eH\xfb\xda\xfb\
@\x13\x9a\x93\xeb?\xd3\x01\x0c\xd7\x87*\xc0\xa6\xa1\x0e\
\xf5\xd7\x86J\xf2\x89\xb2\x81Lw\x8cf\xa0\xd5\xc3\xe4\
\xae\x16\xad\x1a(\x7f\x13i\xd9P\xcb\xaa\xcb\x93\xe0\x0f\
\xfc\xff\x1fKg\xf8\x83\
\x00\x00\x05\x08\
i\
mport QtQuick 2.\
15\x0d\x0aimport QtQui\
ck.Layouts 1.15\x0d\
\x0aimport FluentUI\
 1.0\x0d\x0a\x0d\x0aRectangl\
e {\x0d\x0a    id: roo\
t\x0d\x0a    property \
var attachment: \
({})\x0d\x0a    signal\
 clicked(var att\
achment)\x0d\x0a    wi\
dth: 220; height\
: 72; radius: 5;\
 color: FluTheme\
.frameColor; bor\
der.color: FluTh\
eme.dividerColor\
\x0d\x0a    RowLayout \
{ anchors.fill: \
parent; anchors.\
margins: 8; Imag\
e { objectName: \
\x22issueAttachment\
Thumbnail\x22; visi\
ble: !!root.atta\
chment.thumbnail\
Url; source: roo\
t.attachment.thu\
mbnailUrl || \x22\x22;\
 Layout.preferre\
dWidth: 48; Layo\
ut.preferredHeig\
ht: 48; fillMode\
: Image.Preserve\
AspectCrop } Flu\
Icon { objectNam\
e: \x22issueAttachm\
entFallbackIcon\x22\
; visible: !root\
.attachment.thum\
bnailUrl; iconSo\
urce: (root.atta\
chment.kind === \
\x22image\x22) ? Fluen\
tIcons.Photo : F\
luentIcons.Docum\
ent; iconSize: 2\
4; color: FluThe\
me.primaryColor \
} ColumnLayout {\
 Layout.fillWidt\
h: true; spacing\
: 2; FluText { L\
ayout.fillWidth:\
 true; text: roo\
t.attachment.nam\
e || root.attach\
ment.filename ||\
 \x22\x22; wrapMode: T\
ext.WrapAnywhere\
 } FluText { Lay\
out.fillWidth: t\
rue; text: (root\
.attachment.time\
 || \x22\x22) + \x22  \x22 +\
 (root.attachmen\
t.size || \x22\x22); f\
ont: FluTextStyl\
e.Caption; color\
: FluTheme.fontS\
econdaryColor; w\
rapMode: Text.Wo\
rdWrap } } }\x0d\x0a  \
  MouseArea { an\
chors.fill: pare\
nt; cursorShape:\
 Qt.PointingHand\
Cursor; onClicke\
d: root.clicked(\
root.attachment)\
 }\x0d\x0a}\x0d\x0a\
\x00\x00\x04\xe2\
\x00\
\x00\x11\xacx\xda\xcdX\xdbn\xdb8\x10}\x0f\x90\x7f\
`\xfdP\xd8\xbbY!q\xb3E!\xa1]$N\x83\
\x16\x0d\xbam.\xbb\x0fE\x1fhilsC\x89*\
I\xc5\x09\xd2\xfc\xfb\x0e/\xbaZr\x80l\x1e\xd6\x08\
`Ksx\xc893\xc3!\xc3\xd2\x5cHM\xbe\xea\
\xaf\x05\x8b\xaf\xc948\xf8}w\x87\xb5^\x06g\xf4\
N\x14Z\x91\x83>\xe3LdZ\x0a\xae\xdaCOy\
\x01\x99\xbe\xfa\x88c\xf6wwvwN9b\xe9\x9c\
\x03\xb9\xdf\xdd!\xf8aIH\xa4\x10\xda=\x89\xf9?\
\x10\xeb\xcf4\x85\x90\x8c\x98R\x05\x9c\x80\xa6\x8c\x9f#\
b\xe4 \xb9\x149H}Gn\xa8$\x16\x12\x92\xf1\
\xfd\xc3\xa4\xc7\x1a\x8b4\xc5\xd9UH\xbe}\xef1S\
\xadi\xbc\x1aB\xcc\x85\xe0\x15\xc3\x99\xa0\x09\xcb\x96!\
YP\xae`\x0b\xf2\xa2\x98\xa7L\xeb\xed\xd8\xc6\xc4\x8f\
\x13\xd7\xe0\xab\x9coC+-\xd1V.\xe4\xbd\x94B\
\xa2\x88\xa3~T\xcd:\x044\x0a\xe5\x90\x99\xf9N\xf0\
\xdd\x95\xe4\x0d\x95\x14[f\x94\x13\x84f\x1fM\x08\xce\
\xe1G\x01JC2\xf6\xfc60\x9f\xe0n\xaf\x9cp\
\x0ds\xa4\x98\xb4\x86\xc3\xad\x06\x89?\xceXv\xbd\xc1\
Pt\xd1-\x85\x1f\x9f0\xc6|Dx\x9b\xa3v\xfb\
\x94qP\x17\xc01\xdd\xfaH\x8c\xf7\x0b\x84\x18\xb7\x87\
(\x5c<0\xef\x17L\xa6O%\xf9\x13%\xdc\xe2L\
;O=\x89w\xedo\x96\xe8UH\xd6\xe6\xabe\xf8\
\x00l\xb9\xd2a\xf9\x18`-b\xd91\xff\x9e\xfcJ\
^M=\x9e\xb3<$Z\x16>\x97\xe6\xa2\xc8\x12u\
\x0c+z\xc3LRT\xd5\x1a\x5ch\x91\x1f\xe9ck\
w\xd8\x8b\x18\xab\x9d\x1fS\x19\xdc`\xbe\xb0\x98r\x83\
/\xaa\xd7\xe4\xfe\xc1\x01\x17E\x16k&2\x9c\x0d\xa8\
\x9c\xb9(\x9eH\xba\xd0\xe3\x09\xb9\xafJ\xec/\x06\xeb\
\xc0BJ[w\xbc\xb2\xd1:j\x87p\x5c\x09\x8c\x5c\
\x8d\xc2\xb2tnD\x17\xb7\xc1\xab\xe9\x12L\x8e\xe7\x90\
lr\xb2\x05\x19\xf7\xd4\xe0\x84H\xd0\x85\xcc\xa2n\x91\
\x90\xb7\x1b\xcb\xe0\x02\xd5\xe90G\x96\xb836\xe0\x90\
-\xf5\x8a\xbc#\xfb\x13R\xd8\xa9N\x18\xe5b\x19\x98\
J\xeb\x91$v\xc9\xd7Z|\xb9\xe8\x17=\xab&/\
_\x92ms\x0e'\xb7M\xc9\xe0\x1a\xee\xc8\xcf\x9f\xb8\
Y\xecui&}B|\xfb\xbe\xb9b\x9a\xc5\xc07\
\x16\xdc76jK\x10s\xa1\xc0i\xe08\x0d\xf8H\
\x025\x81\xcf\xe2\x95\x90*@y1\x0ds*\xd1\x83\
\x88@fr\x17\x1b\xcc\x0b\xd3a\x82\x1e=\x22\x222\
\xbf\x96\x90\xc0\x0d\x9a\xc8\xdbw^?\xfb\x18\xac\xa8r\
\x99`)6S\xc5\xa1\x0a\x97X\xa5\xb7X\x073W\
{n\xed\x86\x11'h\xba\x13\xf5\xf4\xba\x96\xe6\x0e6\
\x8a\x88f\x9a#\xe4\x87\xba\x94\xe3\x917z\xaa\x11\xaa\
\x9e\x82R\xb8\xa8\x12\xe08\x88^\x01I\xdc:\xed\x16\
\xa4\xfe0\xd8\x5c(\xa6\xd9\x0d\x5c\xe2\xce\xdb\x1e`\xac\
\x19,i\xd7:\xb3\xe12V\x91}\xf1\xa3gfW\
\x00\xdf\xb7\x83\xde\x144\xf0\xcf\x9e\xae\x03\xef\x8b\xbf\x97\
m&x\x91f\xee\x94Q\x9e\x0f\xca3\x82\xdf\xcb\xea\
\x97k\xb7\xfbYR\xfb\x9b\xfcF\x0e\xf7k\xfbmH\
\xa6\xfb\x11\xb9\x0b\xc9\xc1\xeb\x88\xa8\x9c\xc6\xb6s\x1e\xbc\
\xa9!\xb6u}\x00\x9a\x00\xeeV\xc4\xcdkS\xc8\xef\
\xacfc\x8c\xca3\x86\x9d\xc8\xfe6\xce\xb5\xb6m<\
\x80`a\xec\x99\x8ee\xd2\xc7\x22{Zc\x891\xe3\
\xdf\xf7\xb5\xbe\xd04\xbd\x8a\xa1\xbf;\xdaI\x1ej\x1f\
\xce\xc5zS0\xf3\x19r\xa7Rbz\x18\x95 \xca\
\xb1-\x99\xc2\x08\xf18\x17\x1c\x99\xa7K\x91\xb7\xf9\xda\
\xc1\xb11\xe1\xb0\xd0\xd1\xe0\x99\xed\x0c\xadn\xd0\xa8\x9a\
(\x97\xb0\x00)!\xf1K\x1a\x97-\xaa\x8c\xe0\xf4p\
B~!\xfb\xc1\xeb7\xd5\x98\x94\xde\xb2\xb4H\xfd\x88\
^\xa2G\x1c\x89\x5c\xa4O\x19\xf0\xe4\x02\xdc>4\x1c\
\xefV\xbd9W\x94)\x80\x85\x19\xae\x9a\x89\x10$\xce\
j\x89\x95\xd9\x18\xcd\xa6\xf5\x9f\x83\xdb\x0c\xef\x80\xf2\xd2\
4\xf2a\xe9\xcf\x8d\xf9\xc9\xda\xbf\x9a\xfe?\xb4\xff\x02\
\x22\xe70 }n\x8d\xcf\xad\xfc\xd3\xf3\x84j\x18\xcc\
\x12\xb4=\xf7B\xcf!\x07\xa45\xfbV*\x12\xe0\xad\
\x09q\xa4\xa4\xde\x81j\xce'\xb8f\x99\xd13\x1a\xd8\
\x17\xae\xf3\xd7.\xd6\xe6\xc5s\x17@\xb3\x04\x1e:\x1b\
\xf6\x09\xa8X\xb2\xfc\x11\x17\x92\x1a\xd5)\xd9z\xb4\xf5\
g\x83\xbf>`*_m\x9d\xf3\x5c\xb4\xbdU\xe0\xb9\
\xbd5cuf\x8a\xda7\xce\xce\x99DE\xa4\xba\xde\
uMg\xe5i\xa5\xc8\x870\x8d#\x0d\xb8\x1b]\x07\
`\xefy&8\xad\x9bO\xdd\xbaT\xdd\xbb\x86nI\
\x15\xd2\xd0\x1c\xf5_a<\xa1\x14\xeb>\xbe\xf6m\xa7\
\x02vC\xe0/\x09\xa5\xfe\xcd+\xc2\xd3\xc5\xaf\xff\x1b\
\xe0\xcf-i\xaf\xec\x9d+?6\xcc\xc6\x95\xbe\x89\xa8\
\xaf\xfam\xc9\x9b\x17p#T\xe7\xc2\xea\x05\xd2X\x00\
\xb5B\x03w\xdb\x1a\xe8\x15\xc2/\xfc\xfb\x17\xfeN#\
\xfb\
\x00\x00\x0b\x93\
i\
mport QtQuick 2.\
15\x0d\x0aimport QtQui\
ck.Layouts 1.15\x0d\
\x0aimport FluentUI\
 1.0\x0d\x0a\x0d\x0aColumnLa\
yout {\x0d\x0a    id: \
root\x0d\x0a    proper\
ty string title:\
 \x22\x22\x0d\x0a    propert\
y var fields: []\
\x0d\x0a    signal ext\
ernalLinkRequest\
ed(string url)\x0d\x0a\
    spacing: 7\x0d\x0a\
    FluText { te\
xt: root.title; \
font: FluTextSty\
le.BodyStrong }\x0d\
\x0a    Rectangle {\
 Layout.fillWidt\
h: true; height:\
 1; color: FluTh\
eme.dividerColor\
 }\x0d\x0a    Repeater\
 {\x0d\x0a        mode\
l: root.fields |\
| []\x0d\x0a        Ro\
wLayout {\x0d\x0a     \
       Layout.fi\
llWidth: true\x0d\x0a \
           Layou\
t.alignment: Qt.\
AlignTop\x0d\x0a      \
      spacing: 1\
0\x0d\x0a            F\
luText { Layout.\
preferredWidth: \
105; text: model\
Data.label || \x22\x22\
; color: FluThem\
e.fontSecondaryC\
olor; wrapMode: \
Text.WordWrap }\x0d\
\x0a            Col\
umnLayout {\x0d\x0a   \
             Lay\
out.fillWidth: t\
rue\x0d\x0a           \
     spacing: 3\x0d\
\x0a            Flu\
Text {\x0d\x0a        \
        objectNa\
me: modelData.ki\
nd === \x22link\x22 ? \
\x22issueFieldLink_\
\x22 + index : \x22\x22\x0d\x0a\
                \
Layout.fillWidth\
: true\x0d\x0a        \
        visible:\
 [\x22status\x22, \x22per\
son\x22, \x22multiline\
\x22].indexOf(model\
Data.kind) < 0\x0d\x0a\
                \
text: modelData.\
kind === \x22tags\x22 \
? (modelData.val\
ues || []).join(\
\x22, \x22) : (modelDa\
ta.value || \x22\x22)\x0d\
\x0a               \
 wrapMode: Text.\
WrapAnywhere\x0d\x0a  \
              co\
lor: modelData.k\
ind === \x22link\x22 ?\
 (FluTheme.dark \
? \x22#6EA8FE\x22 : \x22#\
0F62FE\x22) : FluTh\
eme.fontPrimaryC\
olor\x0d\x0a          \
      MouseArea \
{ anchors.fill: \
parent; enabled:\
 modelData.kind \
=== \x22link\x22 && !!\
modelData.url; c\
ursorShape: enab\
led ? Qt.Pointin\
gHandCursor : Qt\
.ArrowCursor; on\
Clicked: root.ex\
ternalLinkReques\
ted(modelData.ur\
l) }\x0d\x0a          \
  }\x0d\x0a           \
 Rectangle { obj\
ectName: modelDa\
ta.kind === \x22sta\
tus\x22 ? \x22issueFie\
ldStatus_\x22 + ind\
ex : \x22\x22; visible\
: modelData.kind\
 === \x22status\x22; i\
mplicitWidth: st\
atusText.implici\
tWidth + 16; imp\
licitHeight: sta\
tusText.implicit\
Height + 6; radi\
us: implicitHeig\
ht / 2; color: F\
luTheme.dark ? \x22\
#294A3A\x22 : \x22#E3F\
CEF\x22; border.col\
or: FluTheme.dar\
k ? \x22#65BA86\x22 : \
\x22#36B37E\x22; FluTe\
xt { id: statusT\
ext; anchors.cen\
terIn: parent; t\
ext: modelData.v\
alue || \x22\x22; font\
: FluTextStyle.C\
aption } }\x0d\x0a    \
        RowLayou\
t { objectName: \
modelData.kind =\
== \x22person\x22 ? \x22i\
ssueFieldPerson_\
\x22 + index : \x22\x22; \
visible: modelDa\
ta.kind === \x22per\
son\x22; spacing: 6\
; Image { visibl\
e: !!modelData.a\
vatarUrl; source\
: modelData.avat\
arUrl || \x22\x22; Lay\
out.preferredWid\
th: 24; Layout.p\
referredHeight: \
24; fillMode: Im\
age.PreserveAspe\
ctCrop } Rectang\
le { visible: !m\
odelData.avatarU\
rl && !!modelDat\
a.value; Layout.\
preferredWidth: \
24; Layout.prefe\
rredHeight: 24; \
radius: 12; colo\
r: FluTheme.prim\
aryColor; FluTex\
t { anchors.cent\
erIn: parent; te\
xt: (modelData.v\
alue || \x22?\x22).cha\
rAt(0).toUpperCa\
se(); color: \x22wh\
ite\x22; font: FluT\
extStyle.Caption\
 } } FluText { t\
ext: modelData.v\
alue || \x22\x22; wrap\
Mode: Text.WordW\
rap } }\x0d\x0a       \
     FluText { o\
bjectName: model\
Data.kind === \x22m\
ultiline\x22 ? \x22iss\
ueFieldMultiline\
_\x22 + index : \x22\x22;\
 visible: modelD\
ata.kind === \x22mu\
ltiline\x22; Layout\
.fillWidth: true\
; text: modelDat\
a.value || \x22\x22; w\
rapMode: Text.Wr\
apAnywhere }\x0d\x0a  \
          }\x0d\x0a   \
     }\x0d\x0a    }\x0d\x0a}\
\x0d\x0a\
\x00\x00\x09S\
i\
mport QtQuick 2.\
15\x0d\x0aimport QtQui\
ck.Layouts 1.15\x0d\
\x0aimport FluentUI\
 1.0\x0d\x0a\x0d\x0aColumnLa\
yout {\x0d\x0a    id: \
root\x0d\x0a    proper\
ty var issue: ({\
})\x0d\x0a    signal o\
penRequested(str\
ing issueKey, st\
ring webUrl)\x0d\x0a  \
  signal externa\
lLinkRequested(s\
tring url)\x0d\x0a    \
spacing: 6\x0d\x0a\x0d\x0a  \
  RowLayout {\x0d\x0a \
       Layout.fi\
llWidth: true\x0d\x0a \
       spacing: \
8\x0d\x0a        Image\
 { objectName: \x22\
issueTypeIcon\x22; \
visible: !!root.\
issue.typeIcon; \
source: root.iss\
ue.typeIcon || \x22\
\x22; sourceSize.wi\
dth: 18; sourceS\
ize.height: 18; \
fillMode: Image.\
PreserveAspectFi\
t }\x0d\x0a        Flu\
Icon { visible: \
!root.issue.type\
Icon; iconSource\
: FluentIcons.Do\
cument; iconSize\
: 18; color: Flu\
Theme.primaryCol\
or }\x0d\x0a        Fl\
ow {\x0d\x0a          \
  Layout.fillWid\
th: true\x0d\x0a      \
      spacing: 6\
\x0d\x0a        Repeat\
er {\x0d\x0a          \
  model: (root.i\
ssue.projectPath\
 && root.issue.p\
rojectPath.lengt\
h) ? root.issue.\
projectPath : (r\
oot.issue.projec\
tName ? [{\x22label\
\x22: root.issue.pr\
ojectName, \x22url\x22\
: root.issue.pro\
jectUrl || \x22\x22}] \
: [])\x0d\x0a         \
   Row {\x0d\x0a      \
          spacin\
g: 6\x0d\x0a          \
      FluText { \
visible: index >\
 0; text: \x22/\x22; c\
olor: FluTheme.f\
ontSecondaryColo\
r }\x0d\x0a           \
     FluText {\x0d\x0a\
                \
    objectName: \
\x22issueProjectPat\
h_\x22 + index\x0d\x0a   \
                \
 text: modelData\
.label || modelD\
ata.value || \x22\x22\x0d\
\x0a               \
     color: mode\
lData.url ? (Flu\
Theme.dark ? \x22#6\
EA8FE\x22 : \x22#0F62F\
E\x22) : FluTheme.f\
ontSecondaryColo\
r\x0d\x0a             \
       MouseArea\
 { anchors.fill:\
 parent; enabled\
: !!modelData.ur\
l; cursorShape: \
enabled ? Qt.Poi\
ntingHandCursor \
: Qt.ArrowCursor\
; onClicked: roo\
t.externalLinkRe\
quested(modelDat\
a.url) }\x0d\x0a      \
          }\x0d\x0a   \
         }\x0d\x0a    \
    }\x0d\x0a        }\
\x0d\x0a    }\x0d\x0a    Flu\
Text {\x0d\x0a        \
objectName: \x22iss\
ueKeyLink\x22\x0d\x0a    \
    text: root.i\
ssue.key || \x22\x22\x0d\x0a\
        font: Fl\
uTextStyle.BodyS\
trong\x0d\x0a        c\
olor: FluTheme.d\
ark ? \x22#6EA8FE\x22 \
: \x22#0F62FE\x22\x0d\x0a   \
     MouseArea {\
 anchors.fill: p\
arent; cursorSha\
pe: Qt.PointingH\
andCursor; onCli\
cked: root.openR\
equested(root.is\
sue.key || \x22\x22, r\
oot.issue.webUrl\
 || \x22\x22) }\x0d\x0a    }\
\x0d\x0a    FluText {\x0d\
\x0a        objectN\
ame: \x22issueTitle\
Link\x22\x0d\x0a        L\
ayout.fillWidth:\
 true\x0d\x0a        t\
ext: root.issue.\
title || \x22\x22\x0d\x0a   \
     font: FluTe\
xtStyle.Title\x0d\x0a \
       wrapMode:\
 Text.WrapAnywhe\
re\x0d\x0a        colo\
r: FluTheme.dark\
 ? \x22#6EA8FE\x22 : \x22\
#0F62FE\x22\x0d\x0a      \
  MouseArea { an\
chors.fill: pare\
nt; cursorShape:\
 Qt.PointingHand\
Cursor; onClicke\
d: root.openRequ\
ested(root.issue\
.key || \x22\x22, root\
.issue.webUrl ||\
 \x22\x22) }\x0d\x0a    }\x0d\x0a}\
\x0d\x0a\
\x00\x00\x05\xd4\
i\
mport QtQuick 2.\
15\x0d\x0aimport QtQui\
ck.Layouts 1.15\x0d\
\x0aimport FluentUI\
 1.0\x0d\x0a\x0d\x0aColumnLa\
yout {\x0d\x0a    id: \
root\x0d\x0a    proper\
ty string title:\
 \x22\x22\x0d\x0a    propert\
y bool expanded:\
 true\x0d\x0a    defau\
lt property alia\
s content: body.\
data\x0d\x0a    spacin\
g: 7\x0d\x0a\x0d\x0a    RowL\
ayout {\x0d\x0a       \
 Layout.fillWidt\
h: true\x0d\x0a       \
 spacing: 5\x0d\x0a\x0d\x0a \
       Rectangle\
 {\x0d\x0a            \
Layout.preferred\
Width: 13\x0d\x0a     \
       Layout.pr\
eferredHeight: 1\
3\x0d\x0a            r\
adius: 3\x0d\x0a      \
      color: Flu\
Theme.dark ? \x22#2\
63241\x22 : \x22#EBECF\
0\x22\x0d\x0a            \
border.color: Fl\
uTheme.dark ? \x22#\
3F4B5B\x22 : \x22#DFE1\
E6\x22\x0d\x0a\x0d\x0a         \
   FluIcon {\x0d\x0a  \
              an\
chors.centerIn: \
parent\x0d\x0a        \
        iconSour\
ce: root.expande\
d ? FluentIcons.\
ChevronDown : Fl\
uentIcons.Chevro\
nRight\x0d\x0a        \
        iconSize\
: 8\x0d\x0a           \
     color: FluT\
heme.fontSeconda\
ryColor\x0d\x0a       \
     }\x0d\x0a\x0d\x0a      \
      MouseArea \
{\x0d\x0a             \
   anchors.fill:\
 parent\x0d\x0a       \
         cursorS\
hape: Qt.Pointin\
gHandCursor\x0d\x0a   \
             onC\
licked: root.exp\
anded = !root.ex\
panded\x0d\x0a        \
    }\x0d\x0a        }\
\x0d\x0a\x0d\x0a        FluT\
ext {\x0d\x0a         \
   text: root.ti\
tle\x0d\x0a           \
 font: FluTextSt\
yle.BodyStrong\x0d\x0a\
            colo\
r: FluTheme.font\
PrimaryColor\x0d\x0a  \
          MouseA\
rea {\x0d\x0a         \
       anchors.f\
ill: parent\x0d\x0a   \
             cur\
sorShape: Qt.Poi\
ntingHandCursor\x0d\
\x0a               \
 onClicked: root\
.expanded = !roo\
t.expanded\x0d\x0a    \
        }\x0d\x0a     \
   }\x0d\x0a    }\x0d\x0a\x0d\x0a \
   ColumnLayout \
{\x0d\x0a        id: b\
ody\x0d\x0a        Lay\
out.fillWidth: t\
rue\x0d\x0a        vis\
ible: root.expan\
ded\x0d\x0a        spa\
cing: 7\x0d\x0a    }\x0d\x0a\
}\x0d\x0a\
\x00\x00\x0d\x04\
i\
mport QtQuick 2.\
15\x0d\x0aimport QtQui\
ck.Layouts 1.15\x0d\
\x0aimport FluentUI\
 1.0\x0d\x0a\x0d\x0aFluFrame\
 {\x0d\x0a    id: root\
\x0d\x0a    property v\
ar draft: ({})\x0d\x0a\
    property boo\
l disabled: fals\
e\x0d\x0a    property \
real labelColumn\
Width: 180\x0d\x0a    \
signal valueChan\
ged(string issue\
Id, string field\
Id, var value)\x0d\x0a\
    signal userS\
earchRequested(s\
tring issueId, s\
tring fieldId, s\
tring query)\x0d\x0a  \
  signal sourceL\
inkRequested(str\
ing url)\x0d\x0a\x0d\x0a    \
Layout.fillWidth\
: true\x0d\x0a    padd\
ing: 14\x0d\x0a    imp\
licitHeight: con\
tent.implicitHei\
ght + 28\x0d\x0a\x0d\x0a    \
ColumnLayout {\x0d\x0a\
        id: cont\
ent\x0d\x0a        anc\
hors.left: paren\
t.left; anchors.\
right: parent.ri\
ght\x0d\x0a        spa\
cing: 10\x0d\x0a      \
  RowLayout {\x0d\x0a \
           Layou\
t.fillWidth: tru\
e\x0d\x0a            F\
luText { text: q\
sTr(\x22Redmine #%1\
\x22).arg(root.draf\
t.issueId || \x22\x22)\
; font: FluTextS\
tyle.Subtitle }\x0d\
\x0a            Flu\
Button { text: q\
sTr(\x22Open source\
\x22); visible: !!r\
oot.draft.source\
Url; onClicked: \
root.sourceLinkR\
equested(root.dr\
aft.sourceUrl) }\
\x0d\x0a            It\
em { Layout.fill\
Width: true }\x0d\x0a \
           FluTe\
xt { text: root.\
resultText(); co\
lor: root.draft.\
state === \x22faile\
d\x22 ? \x22#D13438\x22 :\
 FluTheme.fontSe\
condaryColor }\x0d\x0a\
        }\x0d\x0a     \
   Repeater {\x0d\x0a \
           id: f\
ieldRepeater\x0d\x0a  \
          model:\
 root.draft.fiel\
ds || []\x0d\x0a      \
      JiraCreate\
Field {\x0d\x0a       \
         Layout.\
fillWidth: true\x0d\
\x0a               \
 issueId: root.d\
raft.issueId || \
\x22\x22\x0d\x0a            \
    field: model\
Data\x0d\x0a          \
      disabled: \
root.disabled\x0d\x0a \
               l\
abelColumnWidth:\
 root.labelColum\
nWidth\x0d\x0a        \
        onValueC\
hanged: (issueId\
, fieldId, value\
) => root.valueC\
hanged(issueId, \
fieldId, value)\x0d\
\x0a               \
 onUserSearchReq\
uested: (issueId\
, fieldId, query\
) => root.userSe\
archRequested(is\
sueId, fieldId, \
query)\x0d\x0a        \
    }\x0d\x0a        }\
\x0d\x0a        FluTex\
t {\x0a            \
objectName: \x22jir\
aCloneDraftError\
Text\x22\x0a          \
  Layout.fillWid\
th: true\x0a       \
     visible: !!\
root.draft.error\
\x0a            tex\
t: root.draft.er\
ror || \x22\x22\x0a      \
      color: \x22#D\
13438\x22\x0a         \
   wrapMode: Tex\
t.WrapAnywhere\x0a \
       }\x0a       \
 Repeater {\x0d\x0a   \
         model: \
root.draft.attac\
hmentWarnings ||\
 []\x0d\x0a           \
 FluText {\x0d\x0a    \
            Layo\
ut.fillWidth: tr\
ue\x0d\x0a            \
    text: modelD\
ata.attachmentWa\
rningText || \x22\x22\x0d\
\x0a               \
 color: FluTheme\
.dark ? \x22#FCE100\
\x22 : \x22#986F0B\x22\x0d\x0a \
               w\
rapMode: Text.Wr\
ap\x0d\x0a            \
}\x0d\x0a        }\x0d\x0a  \
  }\x0d\x0a\x0d\x0a    funct\
ion resultText()\
 {\x0d\x0a        if (\
root.draft.state\
 === \x22created\x22) \
return qsTr(\x22Cre\
ated: %1\x22).arg(r\
oot.draft.key ||\
 \x22\x22)\x0d\x0a        if\
 (root.draft.sta\
te === \x22duplicat\
e\x22) return qsTr(\
\x22Duplicate: %1\x22)\
.arg(root.draft.\
key || \x22\x22)\x0d\x0a    \
    if (root.dra\
ft.state === \x22fa\
iled\x22) return qs\
Tr(\x22Failed\x22)\x0d\x0a  \
      return \x22\x22\x0d\
\x0a    }\x0d\x0a    func\
tion focusField(\
fieldId) {\x0d\x0a    \
    var editor =\
 fieldEditor(fie\
ldId)\x0d\x0a        i\
f (editor) {\x0d\x0a  \
          editor\
.focusEditor()\x0d\x0a\
            retu\
rn true\x0d\x0a       \
 }\x0d\x0a        retu\
rn false\x0d\x0a    }\x0d\
\x0a    function fi\
eldEditor(fieldI\
d) {\x0d\x0a        fo\
r (var i = 0; i \
< fieldRepeater.\
count; ++i) {\x0d\x0a \
           var e\
ditor = fieldRep\
eater.itemAt(i)\x0d\
\x0a            if \
(editor && (edit\
or.field.fieldId\
 || \x22\x22) === fiel\
dId)\x0d\x0a          \
      return edi\
tor\x0d\x0a        }\x0d\x0a\
        return n\
ull\x0d\x0a    }\x0d\x0a    \
function updateF\
ield(field) {\x0d\x0a \
       var edito\
r = fieldEditor(\
field.fieldId ||\
 \x22\x22)\x0d\x0a        if\
 (editor) {\x0d\x0a   \
         editor.\
field = field\x0d\x0a \
           retur\
n true\x0d\x0a        \
}\x0d\x0a        retur\
n false\x0d\x0a    }\x0d\x0a\
}\x0d\x0a\
\x00\x00\x0c\x9a\
\x00\
\x00Y|x\xda\xed\x5c\xebn\x1b7\x16\xfe\x1f \xef\
\xc0L\x81@\x8a\x9d\xa9d{\x1dGiZ\xd8\x8a\xb5\
\x0d\x10\xa7\x89\xe5$X\x04\xc5\x82\xd6P\x12cjf\
\xca\xe1\xc4\xd6\xb6\x02\xfa\x0e\xbb\xef\xb2\xff\xf7Q\xfa$\
{H\xceh\xee7]\x5c#\xa9Z \xe3\x19\xf2\xf0\
\x9c\x8f\x87\xe7F\xce\xd0\x99\xebp\x81\xde\x8a\xb7>\x1d\
]\xa1=\xb3\xfb\xb7\xfb\xf7h\xe2\xa6\xd9wl\xc1\x1d\
\xe6\xe5?}\x85\xe7\x8e/<\xd4\x8d?\x1c0\x9f\xd8\
\xe2\xddK\xb8\xdb\xb9\x7f\xef\xfe\xbd\x97\x82\xcc\xd0\xaf\xf7\
\xef!\xf8Q\xab\x87\xb8\xe3\x08\xfd\x17'\xd8rl6\
G.w\x5c\xc2\xc5\x1c}\xc6\x1c}\xa6\xe4\xba\x87`\
\xe0\xb1$4\x22\xc7\xbeE\xc5\x09\xa7\xd6\x84\x98\xf2\xd9\
P`A$aI\xa2\xef\xc0\xa06\x8cg:\xb6\xbc\
fD\x10\x18#\x18N\xb7\xc8#Dm*(f\xf4\
_\xa4\xef0FF\x82:v\xab\xad{-B\xe2c\
\xdfV\x0f\x907\x05\xc1^\xc0\xb0\xad\xcf\x18h\xb5\xe3\
\xf49\x11>\xb7\x91z\x80\x1e>\xd4\x17&#\xf6D\
L\xd1\xf7\xcfQ\xb7\x83~\x08nz\xfe\xa5'8\xb5\
'\xad\xce.\xdco\xa3\x1e2\x8c\xc21AL\xdf\x03\
\xee\x1c\xde\xd2\xd7\x89a\xe9\x18\x05\xb7\xd1\xf3\xe7\xcf\x91\
1\xc6\x94\x11\xcbhG-b\xcc\xc1\x94\x5cL\xc9\x8c\
\x98\x16\xe6W\xc0\x8e\xf1\xcd`\xf0\xf4\xe9\xf1\x81!9\
\xf8\xe6Ew\xff`\xff\xc8(\xa6\xcd\xa9wU\x9fr\
\xff\xb4\xdb\xe9h\xcaO\x8f\x0e\x07\x9d\x93\x12\xca.\xf6\
\xbc\x06\x5c?9=}r\xf4D\xd3\xeev\x9e\xf4\xbb\
\x1d#3\x11\xcb^cP\xdd!\x1996t\x9f+\
\x1c\x8b\xa0\x866\x02S\xdb{/gIO\xb1\xb7\x8b\
\xb2S-\xb9\x7f\xa0\x1f\xe7s<\xc6\xcc#\xd1\x93\xb1\
\xc3QK\xaa4E\xcfQ\xe7\x19\xfc\xf3\x9d\xa6\xea\x05\
\xfa\xf1\x0c\xed\xec\xd0\xc4\x10\xe10C\xad'\xba\xf5G\
\xfas[\xe1\x15\xbf\xdbN\xb1\x10cCp?\xc6\xc5\
\x22\x03Q\x8c\xcd\x1c\xbd#r9\x10K\x81\xe1]\x90\
\x1b\x11pQ\xa8\xf5\xdeR\xedC\xb9B\x8d\xf7\xccO\
\x0e\xb5[\xc6.2\xa4\xb2\xff\xe2]\xf0\x96ql\xcf\
\x8d\xf4J\x83\xe9\xf1g\xb66'\xf1a\xb0=\x82\xa5\
\xe7\x99c\xcaX\x0f\xb9\x98\xc3J\x8f\x9ez.\x1e\x01\
\x1e=XK!!\xf9\x03\x0d\x18p<#\x19\x5c\xc1\
0\x8c\x96\xab]5I6\xd0\xe3\xab\xc1>PKL\
{)$cm\x5cN\xc6\x84sb\xfdH\xe8d*\
\xe2\x84\xb5,&XCFGT\xe8\x06h\x07\xedu\
\x92\x94\x5clY9\xdc\x97\xc1\x91/\x89n\x9dmU\
\x0e^\x06\xc4\xa34\x17\xf2w\xee\x5c\x17\xb3Q\x17\xb3\
\xd8\xc4H}*\x22%\x7f\x02\x9e\x87\x8a\xf2\x86;\x9f\
@\xc2\x98\xa4F\xbb\xb8\xa7\x5c\xee\xbdp\x88\xa1\x983\
b\x0e\xfdKA\x05+\xe0f\xb1\x11&\x87\x8e\xcfG\
\x04\xd4{\x07\x19=\xa3\xb8\xcfH\x1a\xa0^\xb5u\xda\
\x1c\x97\xce\xa5D\xef5h9\x98\xcbQ\xd2\x0bj\xae\
_\xe1K\xc2Jxn2\xb7\xb1\xf63p\xae3\x7f\
\x16t\xe9T\xe1(\xe3\x01\xe5\xd8M/\xe2\x0a\xfd\xf6\
\xdb\xd27\xe6\xfd\x08\xa3\x16\xc8%10O\xe5\xf5\x19\
\xb5,Fn\x13\xff\x13_\x08\xb0\x97+\xce\xc09\x19\
s\xe2M\xa3\xe8C\x933\xeai]\xd0\x1b\xc1\xd4\x08\
\xc2\x91\xe3J\x0a^\xd9\xf2\xb0\xa8\x87/\x99\x8c\x8d\x1e\
D\x80\x8f\xb0\x0d\xd1\x14\x17%\x22\xd8}\xb0bW\xb2\
_~ \xc5\xd3r\xb4\xda\xdbYnq\xae\x05f\xce\
d\xa8\xe2\x08\xd5\xb9BYV\x9d\xfb\x02\xb3\xd2\xc7\x0a\
\xee\xdab.\xf2\x0c\xeb\xdf\x01\xbe\xcdYV\xee\x5c\x0f\
cv\xbc\x00\x04\xf0\x12\xf5Zy=t-\x87\x84x\
\xe5\xa8#\xe3\xd7.x\xef\x83<1\xeax\xab:\xcb\
\xe1\x1f\x04\xf3\x81R\xe6m\xdb\xa3\xee^\xa7\xb2\xc7\xd2\
\xbbW\xdb\xb0\x1a\xfa\x9b^\xbcRVO{\x0c\xd42\
\xca\xfb\xe9\xdf\x0ejE\xea\x8f?C\xa8/\xd7\xb2\xc6\
K\xc7i\xe6\x5c\x12\x95\x0b\xe1\xe3\xcf\xed \x0a\xabG\
\xd9\x80\xffv\x02\xce\x96\xa45w\xed\x0a\xe6\x9a\xae\x8d\
\x123\x10@\xf9\x02\x12\xc1\x17\xce\xb5]m[\xeb(\
TH\xadB\x8c\xa6j\x95\xb2I9\x01s4Y\xda\
@\xeb\xd9i\x97\x93<'.\xc1\xd2\x9a\xffZ=q\
3\xc7\x22,n\x13+\x95\xa2\x9a&\xc0\x7fFl_\
\xa7\xeb\xe8\xdbG\x08Rr\x8fzBB\xfa\x18<\xcc\
c\x00\xa9\x87\x00N\xc2{\xb9\xbe\x00=\xfa\xb6\x8e\xca\
\x85\x09\xc4/>\x85\x15\x96\xcc\xfd\x95\x5c\x90h\xe3\xfa\
\x84\xaa\x94\xe0'\xa5\x90\xff\x94J\x1e\xa4O\xcbA\xda\
\xf5F\xd1s\xbdb\xe7\xd1\x94\x8c\xae\xe4\xc4\xd4\xd1\xaa\
D'\x12\xd4J\xccdz\x9a\xaf[\xbb\xa8)c\x8e\
}\xc1\xe9dBx\xb1o\x17\xced\x92\xd0\xa8V\xfd\
iI\xfc\x0c\xc5\xa3\xd1\x8c\xc9Ey\x93Ec\x1b\xb3\
\xd8\x9e\xfb\x1a\xfa\xae\xac}\x9d\x81x_\x8b\x17\x0bD\
VS\xbaqo\xe6Ex\xfe\xe5\xd4r\xd5\xec\xee\xf8\
\xb6\xf8\x5c\xdd\xbe\x8b\xcbj\xcaW\xe9\xe9b\x9a\xf1\xc5\
;\xbc\xf8\x94\xdfq\xbf\x17g\xf5\x0bv\x7fA\xa5N\
g\xe4_\x8b\x03\x0c\xcb\x93z?c\xf3>\xd0\x8d\x83\
\xfa\x97\x1b,R\xb7\xbb\xe3\x08S\x13v\xfb\xbe0W\
c\xbeJw\x98\xd0\x90/\xde!\xa6\xe6\xfd\x8e\xfb\xc4\
\x14\xb7w\xd4-\xcaMD\xb0\x15\xc4Z\xaf\xcc\x7f\xec\
\xbal\xaeQkT\xe0W\xfd\x82\xf2\xfe\x9fR\xd7\xc7\
\x92\x81\xa8\xaa\xafEhP\xdb_\xdc\xb5\xdd\xc4>\xb6\
-j\x81\xc5E\x81\x02\x06\x0e\x1b\xe6\xacJ\xeb\x12\xce\
:\xda\x8d\x1c\xfa\xb3\x19\xe6s\x89\xb6\xa6\xdcw|[\
mFt\xda\xb7\xbb\x994T\xde\xe9\x98\xb1\xc0\xeey\
\x8dtM\xf7F\x98\xb1\x9a\x8a\xd6Jh\x9a\x96=\x1c\
\xb9n\x98R\xa9\x80^Z\xa6\xd6-\x83\xdag\x04\xf3\
a\xe0\xf7W\x02VQ\x08\x0eTT\xec^\xe7\xa3\xeb\
%G\x7fim\x0e\xdeQ\x9et\x9b\xdf\xbbk\x1av\
e\xf5R\x1e\x0fZe\x9d\xae\x8e\xdd\x06\xb7\x8a\xb7o\
\x05\x83\xa8-\xbf\xcb\x96\x9d\xdb\xa9-u\xf6\x03!W\
l\xfe\x86\xe1f[\xd8\xba3\xbaV\xbd\x91\x0b\xdd\xb7\
\xe0\xe6\xa2\x1f\xcc\xfd\x83\x0dY\xf1R\xc2[\x5c\xb2$\
\x05\xf7\x9d\xf2\xc6I=Lg\xde\xfb{\xeb\xdb\x904\
\xcdn\xb7\xd3\xb0fptXO5\xe5\xb6Q\xc3\xa3\
FM\xcf\x04\xdc\x82\xf9\x0c\xeb\x136\xac\xdd-K\x93\
\xab^\x03\xa9\xcdj\x8d\x17\x08\xa8N\xb1\x85\xab\xee\x15\
$\x9c\xf9\xcdj\xe4y}\x99-1\xa0`l\xe0(\
E\xe6P2\x05s\x10\xb3\x0e\xb2\x5c\xa6lD\xde!\
\x89Vx\xab\xbb\xa7\xee\xed\xc1\xbd\xfd\xf6J#]8\
\x023X\xa3\xc1XgXL\xcd\x11\xa1\xac$\xf1\xda\
D`\xf6m\xae\xac\xab\x89\xf0\x9ez\x14\x14 %\x04\
,\xca\x12\x19\x0ew\x0b \xa8\xcd\x02\xdcaq\x1e\xc8\
\xb5\xac\xc1\x06\x075\x8b\x07\xfe\xac\x99\xd5\xedZ\xcb\xfe\
\xf2\xa0N\xea0g\x01'\xcb#\xb4IJL)\xdf\
9\x91w\x1d\xbb]\xb6\xdc\x19\x11\xe8\xd2\x01':\x93\
\x07\x86\xcb\x22\x14\xdb\x13\xe10\xd2\xf2z\xd0\xbe\x06\xb6\
\xcdtd\xb7\x9cP\xd1,\xa3GM4H[ \x8e\
ZRvj[\xe4&8+\xad.\xbfK\x08\xa9\x8e\
K\xcb\xfb\xed\xaa\xa2\x99\x06\x88J\x9f\xf4<\xe2&,\
\xb9\x99\xf2\xc1\xb1hiZ\xe5\x94\xe4al\xd9\xbcF\
,\xb0\x9c9=\x13\xf8\xa6\xa5\xef\xec*F\xcc9\xc4\
\xa7\xeabZ\xa6D\x15E\x8c\xe0\xdc\xb5&\xdc\xc8\xdb\
\x14\x1e\x5c\xce_(\x05\xc7\xc3\x18u\xcb\x8c\xa7,T\
\x11[\x04FV\xd9\xc2\xd2\x86\x19&rV[\xc1b\
\x0b\xbd\xcb\x0b\xcau \xd7\x8b<\x8e\xf9\x1e\x0c\x01\x1d\
a\xa6\xee\xe4\x13\xa8>\x80\x97\xf1Q\xb2Kq\xd3k\
-t\xc2\xa3\x99%\x10\x04\xa9\x86>n\x97\xec\x95\xb7\
~\xaa\x88,O\xf6u\xf7J\xd4'vN\xf0\xa0\xb8\
Y\xdd\xdat\x02\x9d\xb0Sy\x97L)\xbb\xc0\x08\x95\
S\x89\xbfS\xb4\xd5bs\x8d\xe0\x03\xec\x9e\xaa-/\
\xa9\x86\xf5\xd8\x97\x16h8\x15\xf3\xeaQV\xd9\x9cX\
m\x9f\xab\xca\x1a,MW\xbd\xea\xee\xc1^\xcc[K\
\x94\xcc\xc4\xc2\x06T\xba\x87\xedZ;\x10*\x84;q\
n\xb6\xbc\x03\x91\xd0X5f\xcd\x0ay\xb5\x1e\xc4\xb6\
\x19\xd6P\x05\xf9\x0b_\xdc`d,\xc2\x177\xd4\x1f\
\xcd\xba\x0b\xc7]\xf6\x86\xeb&[\x1d\x86\xb1\xc9m\x8a\
lN\xbc\xbb\xe2\xe6A\xda\x90\xe4a\x5c{\xcf\xa3\x22\
\xdd\xd6;\x1e\x01\xcf\xadu\x86[\xd4Z\x01u\xf6\x9f\
s\xd5X\x9d'^E\xb3\x92\x0b\xc1\xe4\xc5\xde\xb6\x8c\
\xce\x19\xe6\x13\x0a\xde\xf7\xf0\x16\xb43\xf0\xb1\xcbP\xb7\
\xdb\xed\xecF6\xeb\x08r\x87\x80\xa2N\xc3\x1e\xa1\x8e\
\xb9w\xd0n\xb4\xcb\x17\x9b\xe9\x19\x16\xa3)\xf8\xca\x06\
\x00GE\xa1\x8f\x11\x1dy\xfa\x11\xa2\xea\xe8]\xb8\x9a\
\xc2r\xec\xca\x93#\xc1k.\x1f\xe0\xcf\x9a\xabr\x8d\
\xf7\x1dnIg_g^\xbe[\xc3\xf2\xca\x87\x9b\xb7\
\xbb\xc9\xf5u\xcb\xab\x83kw\x1ch\xf3\x0ac\xafa\
\xfc#\x14-\xea\xb9\x90\xbeJ|\xa5JG\x0f\xec\xda\
\xd3\x97\xa3\xc4\xc7\xf6\xfczJ8\xb9\x1b\x9b\xbd\xa9[\
\x8b\xc4\x8b\xb3\xd1\x1f\x85\xc5\xd2:\xb1[\x8dz{B\
\xcd=Y\xd5N{\xa5\xa2\xe2zb\xdbX\xb6D\xc7\
\x8c\xa1e4\xfd\xda\xb9\xce38\x0d\x0b\xea\xd5\xdbu\
\xb2\x9f\xba\x91.K/2X\xd4D\x81\xdc\xc8t4\
5\xdc\xe9\xcd\x88\xb0ZX\x9c\xaa\xeeHuh\x82\x80\
\xee\xb7\x02\x04\x9a_5\xde\xc60\x80\xac\xc5\xee\xa7\xdf\
\x1c\x94\xc3\xe8\xb4\xd7\xe1\xf3ZX\xfc\x04d \x19R\
\x80Xa\xcf<P\x82r\x0b`\x12\x03E\x0b\xf6\x06\
\xe7e\xb2\x95\xa8H\x09R,W\xa3S\xe4W\xea&\
J\x997K\x97\xef\x0af\xdb\xa6-\x94\xc3\xad\xac\xab\
]\xe4\xbeO_\xc0ivE\xbe!\x9c:\x16j\x9d\
I\x1f<\xff\xe3\xf7\x7f_L}\xee\xc1e\xbbts\
s'8|\xb6\xfc\xfcD$\x91\xab(\xeae\xa7\x0f\
\x1e\xfe\xf1\xfb\x7fV\xa5\x12\xd8\xf9S\xdbJ\xcdL\x93\
H\xa2\x19.\xb2\x1eJ\xaec\x9b\xbb\xa9\xdd\xdb`W\
\x8e\x07\xcd*6\xe5\xa4\xfc\xb1\xb3\x8e\x03\x871\xe7\xfa\
\xb1\xefVP\x1f\xabv\xef\xdcf\xd4\xcf\xd5\xe70\xca\
\xd9\x86&\x0dY\x0e\xbe\xdfQ\xce\xafj\xd4\x8c\xf0;\
\xfb\xca\x96\xc7#\xcb)\xfb\xbaU.\xe9\xe4\xc4\x82c\
\x99p\xe2y'\x98\xaf\xe2\x0a#\x03S\xe5vdu\
V\x10\x0ea>\xe8l\xf2\x5c\x84\x1b\xf0\x00\x91\x8d\xc0\
\x0c}\x9fAb\xcc\x9dY\xa6\x0e\x22\x9cX}\xa3\xbb\
\x8b\x0a\xe9\x81\xfc\xdd\x14A\xf59\x8b^^\x17\xb8\x18\
\x11\xf9\x15\x13\x05[.jk\xc5\x0e\xb16a\x91&\
\xa7\x11\xf5\x84\xac\xdf\x16},\x22\x08\x87\xf37\xd9j\
D\xd8\xaf\xf2\xf7\xd6\x8av{;\x9dR\xd3],G\
U\x8dy\xf9\xb1\x8a\x9cp:SY\x0c\xcfy\xe5\xb8\
~\xc2\xc8Di\xd594\xc0\xf6\xa4x\x93r\xa5\x0a\
b\x90\xa6\xc6P/+\x04O\x038\x82\xe6E\xdf\x0f\
\xe9\x16\xbc\xb2\xcd\xb1E}\xaf0\xc3\x08Lxa5\
F}X&'q*\x0d\xbd\x7f@\xad\xec\xd7y\xf6\
\x0e\xf6\x8f\x0e\x9e\xea\xaf\xf3\x9c\x1e\x0f\x0e\x07\x83\x8aL\
\x17\x1a\x0a\x8emO\xa7)\x05%\xa7K\xf0\xc7\x84\x9b\
\x19O$?\xdf\x12x\xa0\xf5^l\x88\xad\x8f\xa2/\
\xa9\xa4\x93\xab\xf2/\xaa\xa4[\xcfT\x0a\x083\xf4\xb4\
\xb8\xedR\xb1\xf7\x8b\xc4i\x90q\xd7L\x99\xb7vb\
\xbeI\x9e\xb8r~\x98sl\xe1\xc4\xb1\xe6C\xc1\x1d\
{\xb2\xea;\x0a\x1bBW\x9fm6\x9aa\xa5c\xd4\
\xaa}\xcdh1\xc7?\x10\x96\xa6\xd2\xbe\xb5\x97;\x16\
E\xfaz\xe6\xf8\x1e9\xe6\x04\x97\xe1\xd9lA\x8d \
fv\xf8p\x8a]\x80\xfe\xad0\xdf8\xd4\x16\xb0j\
~\xc4\xb6\xd5W\xcf\xd6>oZR\xeemo\xa0\xa4\
P\xc7W\x8f!\xf0\x01\xa1\x9a\xfb\xeaA\xd4\xd1X=\
u\xba}?\x1d\x08\x5c\xea\xa7\x8b\xbe\xe9\xb5\x097\x1d\
\x03\xbc\x8e\x9b\x0e\x9a\x17\xba\xe9\xc3\xf5\xddQb\x88\xad\
\xb9\xa3\xa3\x1a\xa60c\xa5\x5c<!\x17\xf2\xa3Z*\
\xcf\xf8\xdf\x7fQ\xb2\xee\xaa\xcd\xcf\xb3r\xeb\xbc\x01#\
\xbc\x09\xe7\xc4}F*\xe2\x9cz\xc5\x81M\xd6\xdf\xff\
Lh\xc2\xcc\x1c{N\x22_\x8cA\xa6\x9em\x18\xb2\
\xed\xba\xe4\xd3\x1by\xb6\x18\xab\x03\xf8\xdb\x05\xee\xc3t\
\x8e\xa8@\xe3l&\x1f\x01H\x22n\xf4W\xab\xdaw\
\x0e\xccua8\xb6>\xf9\x9e\x98\xc9\x88>\x1f\x83\x89\
O-0Fd;\x00lw\x01\xd6{y5Sz\
\x8dB\x8e*y\x97\xf5\x91\x08/\x9f\xb3\xe5\xf7d\xab\
\xcev\xc4\xc2\x1c\x08\x90d\xed\xf5\x1dg\xa77\x82p\
\x1b36o%\xa8\xb6\xb7\xbe\x7fR\xa1zKa\xeb\
U\xfeJ\xc4\x7f\xf8\xb0f}O\xa5\xbb\x9d\xe2\xba\xe4\
kg\xf9~X\x18T\xa0qXN4\x8d\xf5\xeb\xa3\
\xf0\x0f\xfc\xff\x7f\xa0\xd6\x09L\
\x00\x00\x09O\
\x00\
\x002\xc8x\xda\xcdZ\xebr\xdb6\x16\xfe\x9f\x99\xbc\
\x03\xc2\xcet\xa4\xd8\xa5%_\x12\x87[\xbbc\xcb\xf1\
\xae[\xa7k[N\xd2\x99\x9d\x9d\x0eDB\x12j\x8a\
PAP\xb2&\xf5s\xf5\xff>\xd9\x1e\x80\xa4x'\
A\xc9\xcd\x94\xe3D\x14\x81sp\xf0\x9d+\x8eHg\
s\xc6\x05\xba\x15\xb7\x01\xb5\x1f\xd0\xbe\xd9?z\xf9\x82\
f\x1e\x9a\x03\xe6\x09\xce\x5c\xbf~\xd4<\xc7>\xb5\xd5\
\x1c\x84}\xa4\xbe\x15&_\xe3\x15\x0b\x84\x8f\xfaiN\
\x97n@<\xf1\xf1\x0a\x9e\xf6\xd6\x0f\x0d\xd3\xdc\x83?\
_`A\x8c\x97/^\xbe\xb8\x12d\x86\xbe\xbc|\x81\
\xe0\xa2\x8e\x858c\x22\xfcv\xcd\xb0Cx<\x16\x8f\
\xe3\xc0\xa1b(\xc9\xc3\xf1d\x14\xdb\x82.\x88\x85\xce\
\x021=\xe7\xd4\x99\x10\x13\xc3-\xc8@m\x98\xee\xa0\
\x93\x93\x13$x@\x12\x92\xf8\xfa\xf6[\xd4I\x91\xcd\
\xf1\x84\xa8%\xcel\x9b\x05\x9e@\x7f\xfc\x81\x0c\xa3k\
\xba\xc4\x9b\x88):E\xbd\x84\x85\xcf\x02n\x93\x01\x83\
\xedy\xb0\x94\x85\xd6\xb7i\xc9\xe5\xf5#\xe5\xf8LJ\
\xff\x99\xf1\x07\x7f\x8e\xedp\x0d\xf4\x05$W\xcbdD\
/\xc8\xf0\x94pK\xdd2O\xc1\x10\x03s\xe5\xcd\x03\
a\x0a\xf2(\xd0\x09\xa2\x00\xad\x99<N\x13\x9d)\xac\
\x06S\xecM$-\x1d\xa3\xce\xab\x10\xbfn^\xec\x10\
p\xbc \xf7tF\xb8\xe9\x0b6\xeftK\xa6d\x96\
6\x8c\x82\xb4\xd1\x07'\xd8a\x9e\xbbBs\xce\xe6\x84\
\x8b\x15Z`\x8e\x16\x94,\xad\x04\xa1\x08\x03\xf9Ta\
\x10\x92\xae\x915\x99wA|P%H\xcc<+c\
\x22\xb0\x93\x9c\xc4<\xf0<\xeaM\xa4\x92\xf3\xc6cJ\
\x88*v\x9c\x9b\x95\x02\x12\xf6\x97\xdb\xb1\x0e\xbd\xbf\xf2\
\xec4pYX\xec\xb5\xd5(\x00\x86$\xda\x1a8\xd1\
%\xc73\x92\x96\xd1!c\x1c\xb8\x22A\x10\xbb\x14\x5c\
\xd3\x0fi.\xb0\xc0V\xfce\xc0\xdc`\xe6\x99\x0e<\
K\xe8Co5\xc7\xd4u?SGL\xad\x9cW\x80\
\xab\xba\xd4\xa6\xe2_\x84N\xa6\x22\xcf+;\x8av\xd0\
\xfe\xa1\xf4\xe3\x988\x9c\x15.\x91\x07V\xfao\x86Y\
\x0e7\xcf\x9e2\xee+\xc1,4\xc7\x1c\xe0(\x9f1\
\xc3|B=\xdfB\xfd\xfd\xec\x04\xe9V\xa0k\x0b\x1d\
7\x03}A\x04\xa6\xee\x00s\xa7\x15\xcc\x8e\x22\x0bQ\
\x0e\xef\x9f\x05\xe4\x0c\xab\x02\xc6\xfd7m0N\xf3\xda\
\x1a\xe2\xe3\x0a\x84\x0f\xca\x10\xcec\xfc\x99\xe3\xf9\x9c8\
\xf7\xe0#\x0ady\x93\x96\xb8\x09\xa5%\xd0\x7f`\x0e\
DuIiJvg\xdej9%\x9cTh\x15<\
\x87y\x0e\xe6\xabp\xcd\x94\x00\xe9um\xe62\x1eJ\
4%3b\x8e!\xdb\xad)\x07r\xb0\x9a\xbd4\xdf\
{*\x5cR\xba#\xc9i=0\x14+\x97\x98\xc3`\
$\xe4\xfc\x1cJ\x97\xa0\xe2\x07<r3FW\xaf \
\xdb\xa5\xf3<D \xb4\x80I\x11|K\xf9Q\x18\x8c\
\x8d,\xfaZje\x09\xd1\x08\xf2\x8d\xe3\x9f\x93)^\
\xd0\x10\xa5HPs\x08\xc1\xffL\x9c\xab\xf1d\xfe\xd0\
\x86B\xc1=\xc7\xdc\x5c\x80\x9f@\xb2u\x15\x00\xeb\xc7\
\xe8\xcbS\x1b\xeb\xcd\x08\x99\x1d^\x86\x9b\x0ca1s\
{\xcdXg?\x13\x94B\xb8\x0b\xba\x8a/\xa1L\xe5\
w\xff\x9ew\x8c\x1fo\xaf\x11\xe3*\x15\xa1\x8fw\xd7\
F\xb78\xbdD\xc5\xe7\xccY\x0d\xa1^\xf2&\xd9\xe9\
O%R|\x80\xa0B]\xea\x11I~\xce\x1e\xa1\x00\
\xd8{\x8d \xc4\xf8\xd4\x87\x8d\xdb\xe4;6\x17\xdf\x01\
8\x16bK\x8fp+\x9fO\xd0\xeb\xbd\xa2P4S\
\x02\x14\xc7\xd9\xe870\xdd\x9f!\xc6Y\xc8\xf8-N\
\xb4j\xb2Q\x9c\xdd\xe4\x97\xb9ysN\xc6\x84s\xe2\
\xc4\x86\xf6n\xbf8w\xeeB\xc93e.\xec\xe0>\
\x05\xf8\x0d\x86]\xa3\x08v\x1c\x02O}? \xbb\x08\
\x96\x17\x84\xef\xca\x01\x9f`nO\xa5F\xcc2\x95\x10\
O\xdagT>\xaa\xba\xc1\xb4\xb1\x07\x98\xf12(<\
\xb9~\xa6\xf8\x09k\x9fKf\x07~7_\xf1p(\
5\x80O\xbe\xe8)\xa8V\xcd.3\xaf\xa4l\x8dy\
6\xa8';\xb9D=\x14<\x84/\xa4\x9f\xbd\xed\xf5\
J7\xc8\xe9d\x02A\xd2\xb1\xca\x04\xca\x16JM\xe5\
\xd0s\x96F\xed\xcb\xa4\x1c\xe4\x0d\x8f\x0aJ\xb9c\xcb\
\xf2HSg\xe5\xc5\x99\xb2>\x80Y\xc49\x0f\x84`\
^\x15D\xe9@\xa2\x8c/\xac\xe6\x8c\x8a\xfd8\xd4\x8f\
\xcc\xf6\x95\x8e\xdd\x86\xaa\x1d\xc8h,i\xf2\xd5\xb2\xb2\
R\xf5\xa0\x93\xd3A\xb7\x117yU\xa4\xca\xf4\xb5\xa0\
>\x1d\xc9\xc4\x97\x88K\xe5*\xef9g\xbc\xf4xT\
D\xa7\x8c\xb4|~>ICn~@? \xe3\x9b\
\xcb\xcbw\xef\xce\x0e\x0d\x04\xae\xf2\xcdE\xff\xe0\xf0\xe0\
\xd8ho\x19\xe9:\xbbl\xbf\xb5\x96\xd3&F\xaa\x14\
\x99*\x1b \xde\xa7\xedD\xc9\x81n8\x9b@\xa0\xf1\
\x8dn\x99j\xe4\x15\x1e\x94+V\xad\x22\xaaIzU\
Z\x81r\xd7\x06A\x883P\xc7\xce\x1dd\xa0=\xf8\
\xb7\x93\x9a\x22\x98\xc0\xae\x1a\xaef\xab[a\xb5\xf7\xf1\
\x04\x8c\xed\xf5R\x95\xbf\xde\x94\x05\x81\x08\xd0XU\xaa\
\xb2\xa9\x09o\x8d\xa5v\x83g\xa9\x1e\x89jZ\x18\xb0\
\x1cs\x17P\xd8\x18\xd5\x1c\xa8\x07e?\xe13\xea\x01\
Y\xdd\x9eU\x9d\x04\xb5\xca\x03\x89\xe0y\xa3\xad\x09y\
\xa9\x0e\x90\xa9\x09\xc2:\xf5]$\xb2\xc5\xa4\xd5T\xe5\
\xb5J\x09\x0b\xe3/\x87\xff\x95.\xfcc\xcefVU\
\xe4S~\xc6\xa0*\xad\x91\x00\xbb\x01\xac\xff\x1f\x03/\
1\x15\xb0\xd6\xaf\xe0+c\xcagX\x06\x0ec\x17\x19\
\xd1w\xe2\xc8/\xe4Q\xb6\xd3\xe0\xfe\xbf\xa6T\xfc\xe3\
\xbf\xc7\x9dj\xde\xa9+\xb7\xbf.:=A=\x08\xaa\
}\xb3\x87rQ@!\xfcI\x8aU\xcdy\x8e\x1dG\
\xd5\xdb5\x1b\x1fa\xfba\xc2\xe5\x99\xc1Bw\xa0W\
(\xbb\xb2g\x9eR9\xb1C\x038}N\xc3\x13\xf0\
\x1e\xda\xaf\x9f_\x96+\xb4\x00\xf9\x01\xdd\x0a\x93OF\
\xb8\xb3\x7f \x979:\xdaE\x07\x87\xf1\xdda/\xbe\
\xebw\xb5\xd8Y)vk\xda\xfd\xc3\xb7\xeb\xdb\xa3#\
]\x8e#\xc6eU\x14\x9dy\xfaZ\x937\x86\xa1\x80\
F\x0fd\xdd\x7f\xb7\x96u\x17\xf5\xcc\xfd\xe3n\x1b^\
V\x9aW\xff\xedq\x86\xd7\xc1Q\x0d\xaf\xa7\xba\xb4\xa2\
\x0e\x872\xfe[\xb5Y`\x9d\xc6u-\xae:\xf0\xc4\
\xd1FV\x80F3\x93HaUa\x0f\xfc\xcb\x0f\xb0\
{\xc3|*=[\x1b\xd1\xd75\xc7\xde\xb2k\x1a\xa5\
\xb2\x88j\x9a;\xe4?\x97\xe3m\xe5|\x0d&\xd7\xd7\
\xb7\xb7\x1ack\xe2\xf2\xd4\xda\x10\xf5j\x94L'j\
]\xf4e\x03p\xe0\xab\xc1\xbfU\xad\xaay\xd6)\xf8\
K\x94\x9f\xc2#\x89\x225\x9a\xaa\xce\xb0\x02\x1e\x84\x84\
\xf5g\xa5\xba\xf3R\xc4\xa0F\xce\xeaSSZ\xea\x16\
\xe7\xcem\x80\x0asw{\x9c\xde+:\xf4\xcb\xf5\xf0\
\x97MP\x0a\xc97\x02)\x94\xf8\x8e\xc8\xff\xdb\x83\xd4\
\x12\x1e\x7f\xca\x96j\xf1P\xe0V\x10\x0d\x81\x16*a\
t\xa9\xdaLz(% \x85\xdb\xbc\xc1b\x1a\x9fe\
e\xf5\xdd\xd3\x82L\x06?&\x7f/\x95\xe2\x83Y\x90\
+/\x14\xa2S\xc6\xbf\x1d\x86\xad\x8f~O\xa5\x1d\x8c\
L\x1cJ\x9b\x14qd\xab\x8d\x18\xdd\x7f\xd4\xf765\
\xa2\x9c\xde\xc9\xbf\x08\xf4i\x1d\xcc2I\x94\x11\xd7Q\
\xc4;\xfc\x99\xa1\x90\x00M\xb1\x8fF\x84x\xc8\xe6D\
\xfe\x1e\x5c\xdaH\xdc6\x12\xaf\x0f\x12[\x14\xf2\xa55\
z\xd9\x81\xb4\xa6\xabpG\xfc\xc0\x15\x15\xed\x84gM\
\x17I\xcb\xfd\xb8\xa1\x07\x91\x11\xf0^\xf6\x10@\xbc\x1d\
dX\xaa\xbd\x90\xda6W\xc2\x0f\x83\xd9\x0c\xec*\xd5\
m\x90\xbf\xc3\xf7\xba\x8d\xbd\x8e\xcc:7X\xf62\xb4\
\x16\x9a\xe3\xa4\xed\xb1\xc1J\x97\x18|Ho\xa5\xb1\x9a\
\xba\xf1J\x9f(s\x955\xf9Z\xab-\xe2\xe9\x1a\x0b\
>k\xa8\xd1n\x22\xae%\x04\xcb\xf45bo\x1a\x0c\
p\xf05\xb9\x8f\x96\x84\x13\x08bp\xd84\xab\xa2\xff\
&\x9d\xa9\xa7\xbf\xbe\xe6\xd2\xeb\xd3E=\xc3+8\xd7\
H\xe4\xd2\xfaO\xe0\xc44\x1c\xbd\xaf\xed\xbf?c\x87\
\xee\xb9,\xe7Y1\xad\xb3\xb3\x1b<!\xa17\x9c\xca\
\x93\xf5\xf3v\x5c[\xd6;s\x0e\xcab\x81\xff)-\
\x9cf\xd5c|o\xb4+q2\x08\xa0\xefO\xea\xfa\
\x0a5\x05a\xa9\xcc\xed+\xc3\xb6\xbd\xe9\xac\xf4Qk\
\xba\xe9\x8c\xb8Sk\x00_\xcd?\xda\x1b\x86\x07\xbb\xdf\
\xc8(N\xb72\x0a\xa866\x03\xac\xc6^\x0a[\xe9\
|\xfd\x0a\xb8\xee\xbd\x83\xad\x0a\x9f\xca\x1f\x0b\xe0\xc0$\
+\xcd\xda\x0e\xf9\x8c9\xc4\xad\xcc\x85U\x9c\xe5\x95\xbc\
\xbf\xd4\xd8L%\xbf\x07\x94C\x95\x9fy\xe7N\xad|\
\x91yi\xa9t\x13M1yS\xfcZ;G\xd1\xd2\
\xd7[0\xd5\x1b\x03?\x91\x95\x1eu\xcaRo\x85\x09\
\x98x\x1f\xb9\xfb\xfe\x11T\xe5a\xd7]ur|a\
P\xa3\x13\xf5\xd4<e\xa3\x8c\xa2\xc9_\xe3\xe7\xdb\xca\
H\xc3F>\xe1\x0b\xe2\xac]Tr\xd1hu\xaeS\
\xacT\x87\xe6Q\xae\x5c\x7f\xb1\x04\xe1\xab\xb6\xcd\xf4-\
\xde\xc1\xf9\x8a8&\xbeK\xb0\xaf\x8db\x1e\x0b\xae\x88\
\xb7\xda\x84\xd6\xa9\xbcy\x1b\xff\x0c\xa8\x83=\x9bl\xb8\
\x91ID\xfew\xd8\xca\x07\x88\x96\xf2\x0d\xcdMu\x12\
\xb8\xe4W\xea\xa8\x9a\xe3\x7f\x7f\xaaz;\x19\x1cS\xe2\
:_\xbf\xc9\xdc\xba9Q\xd7/\x80\xfdUu\x0b\x1a\
\xb2X!\x83I\xac\xea\x92\x97^\xe2\xda8i\xb5p\
\xe0VZ\x8e\xde\x5c\xd6\xc90\x9bZ\xc9\x86Q\xedI\
\x13\x8c\x92H\xa30\x9e\x11O\xd41)\xff%\xa3\xe8\
\xe7[\x99r\xee\x16>\xe0\xef\xff\x03\xe1\x91\xee\
\x00\x00\x03\x99\
i\
mport QtQuick 2.\
15\x0d\x0aimport QtWeb\
Engine 1.10\x0d\x0a\x0d\x0aI\
tem {\x0d\x0a    prope\
rty url previewU\
rl: \x22\x22\x0d\x0a    sign\
al loadStatusCha\
nged(string stat\
us)\x0d\x0a\x0d\x0a    WebEn\
gineProfile {\x0d\x0a \
       id: daily\
ReportProfile\x0d\x0a \
       storageNa\
me: \x22smarttest_d\
aily_report_prev\
iew\x22\x0d\x0a        of\
fTheRecord: fals\
e\x0d\x0a        httpC\
acheType: WebEng\
ineProfile.DiskH\
ttpCache\x0d\x0a    }\x0d\
\x0a\x0d\x0a    WebEngine\
View {\x0d\x0a        \
anchors.fill: pa\
rent\x0d\x0a        pr\
ofile: dailyRepo\
rtProfile\x0d\x0a     \
   url: parent.p\
reviewUrl\x0d\x0a     \
   onLoadingChan\
ged: function(lo\
adRequest) {\x0d\x0a  \
          if (lo\
adRequest.status\
 === WebEngineVi\
ew.LoadStartedSt\
atus) parent.loa\
dStatusChanged(q\
sTr(\x22Loading pre\
view...\x22))\x0d\x0a    \
        else if \
(loadRequest.sta\
tus === WebEngin\
eView.LoadSuccee\
dedStatus) paren\
t.loadStatusChan\
ged(qsTr(\x22Previe\
w ready\x22))\x0d\x0a    \
        else if \
(loadRequest.sta\
tus === WebEngin\
eView.LoadFailed\
Status) parent.l\
oadStatusChanged\
(qsTr(\x22Failed to\
 load preview.\x22)\
)\x0d\x0a        }\x0d\x0a  \
  }\x0d\x0a}\x0d\x0a\
\x00\x00\x06\x8c\
\x00\
\x00 \xe2x\xda\xc5Ymo\xdb6\x10\xfe^\xa0\xff\
\x81\x15\xd0\xc2.R5\xc9\xd0b\x93\x11\x0c\x8b\xdbt\
)\xda\xa2\xa9\xdd\xe6\xc30\x0c\x8at\xb6\xd9\xca\xa4C\
Qv\x8d\xc0\xbfk\xdf\xf7\xcbv\x14)Y\x92iY\
~i*\x04pt<\x91\xcf\x1d\x8f\xc7\xe7\xc8\x89\xf0\
\x87c\x9ft\xf9x\xc2\x190y\x0e#\x7fJ\xb9\xf0\
\xc89OX\xf8\xf0\xc1\xc3\x07\x14\x9b\x84$W\xf2*\
\xa1\xc17r\xea\x9e\xbc\xa8\x0a\xddw\xfe\x9c'2&\
'\xc5\xc6\x8b(\xc1\x1e?_\xa2\xf4Xu\x84\xef\x17\
\xc2\x1f\x03\xb9{\xf8\x80\xe0CC\x8f\x08\xce\xa5~\xe3\
7_!\x90\x1f\xb0\xdd#N\xe8\xd3h\xfe\x09T7\
\xd7\x5c|\x8b'~\x00\x8e\xd6\x9b\xf8aH\xd9\xd0#\
'/\x8d@\xf0\x09\x089'\xb1\x14\xd8@ \xa4\x12\
\x7f/\xb1w\xc7\xa9\xa8\xdcp\x1e\x91\xac\x83\x81\x1f\xc5\
`S\x88\x83\x11\x84ITT\xd2j\x17\x11\x1a\xeb\xdf\
D\xb9\x09\xea\xf1Y0\xe2\x22v\x074\x8a<\x84'\
\xd0\xe8ek\xc0\x99D\xc15\x0d\xe5\xc8#3\xf5\xb3\
\xd2\xf8'\xd0\xe1Hz\xd9\xab\x8b\xfe\xc3\x81\xa8\x91\x17\
\xd4#:\xf1\x88\x14\x09,e]\x1e%c\xa6\xfd_\
D\x959\xd8\xf4Yn\x98i4\x1a\xab[\x01\xa5\x1e\
\xe5p\xed\xe4\xe3\xcc\xf6\xec\xc1Y\xec\xc3w\x1c\x8bH\
\xfc\xf1\xc8m\xdc\x17-\xe7\xf1\x89\xf2\xa1\x9a\xc1\x98\xfc\
\xf7/y|J\x80)G\x85N\xdb\xf5\xc5\xb0\xf5j\
9\xa1\xe7\x82\x86Cp\x8dz\x17\xc3L\xae\xd31}\
|,\xaav\xd0\xa4H\x05\xa8\x022\x821\xb8\x034\
\xb1\x07hh\xe8\x8byW5\x92E\x19\xf3'>\xb3\
{\xc8\x18t\x9eH\xc9Y\xc5\xa4\x0f0\xcblrp\
T\xce\xbaj\xf6\x01}z\x97\x86\xad\x9b\x07\x1a9\xc3\
H\xebh\xa1\x0e.\x94\xa8i\x22\x8b*\x92\xea\x80\xeb\
\xa2\xfe\x0d0\x10\xbe\x84\x8f\x02\xa6\x14f\xd8{\x11Z\
\xd6\x8a\xf8\xd2\xe6X\x014\xce\xf2\xc8\xaa\x1fc\xa9\x94\
\x1f\x9d!N\x910\x86\x00\x9d\x92A\xab_\x0c\xcb\xe3\
\xb7\xda\xbb\x1a\xd2\x03\x16~\xe0U\x03\x94\x940\x14\xd7\
\xe36\xe6}\xf1#\x1a\x92'O\x0ebY\x8cC\xef\
o\x95\xce\x10P5\xcb\x88I\x08\x11\x9d\x82\x98W\x02\
'\x8d\x90ev\xc1(yT\x15U\x00-\xea\x17\x9f\
\xdd!I\xac\x94vY(\xa8\x8a\x8bm( \x8e\xcf\
}\x81\xc3LiLqv\xd6\x07\xd5Y\xd9\xf5\x94\x85\
 A\x8c)\xc3F\x9d\xab:D\xaf\xbd4A\x9a<\
\xa8\x17\x87%\xb5\x946\x88\xe2\x93\x03)\xac\xb2U-\
\xfbH\xabz\xcbM\xe4t\xb5\xb1.\xa56K\xfa\x96\
);\xe7\xdf\xd1\x9d\xcf\x9f\x12\xdcgb\x1acN\x0e\
\xe0\x19\x9f\xc8g8\x88G\xf8\x0c\x97\x9b\xb7\xe2c\xf2\
\xf4y\x9a\xc4\x19\xccL\x0eT\xa1\xb8\xce\xa1\x1d2\x89\
p\x9f\x1c\xf1(\x04\xd1/\x84\xa5\xf9\x960\xfc\xd8\xb1\
\xc6\xfc\xe1\x81\xf6\x92t\xe9l\x8d\xf5\xf5\x18\xfb&\xb1\
\xfe\x9a\xb4p`\xca\x99\x1f\xb5kq\xbfO\x22Iq\
\xf9\xc0\x01\x0dx{\x1bm\x0d\xfe\xed\xd5\xbb{\xc7\xd9\
\xe7[\xc3\xecs\x22 \xa0\x13\x8aA\x1b\xdf;\xe0n\
\xb05\xe0n\xd0\x14p\x9f\x0f\x87\x11\xf4fT\x06\xa3\
C\x80}\xad7\xa7r\x9a\x7f\x9dQ\x1bL\xb1#\xd0\
\xa9=\xcbh6\x5c\xb5\xf4\xc3\xb2\xed\xacWROi\
\xc3\xf1\xa7\xb0$)\xf5\xdf\x15\x09L\xbd\xa6z,\xf9\
\x1e\xc72^i\xdd\xb1tK,\xe7%W!;\xca\
\xd6\xae%\x19\x18\x85\xaf\xb7Qe\xa1\x99\x06\xc9\xcb\x81\
m\xc4AP\x0e\x1f#\xcey\xc3\xcal\xb9fV\x16\
\xed\xcdv\x96I[\xa1$X\xf7,\xd67\xafi\xb2\
\x88Ww\xf9]w\xc2%u\xf8A\xbb\xe1\xc6\xe0E\
\xacX>\xde\xf0\xbd\xd2C\xe0\x87J\xbfC\xc6\x1c\xb9\
\x93G\xfe\xd2\xf1\x9d\xea;\xed#\x13\xee\xd7\x00\xdf\xd4\
\xfb\xdf5\x19\xa07\xa1l/(#\x9e\x88\x0e\x19\x08\
>\xf6\xc8q'\x0d\xca\xd3_:d\xeac9\x8b.\
\xfa\xf5G\x8e\x8d\xbc)\x91P\x19\xfd\xc5o\xf9\xe8\xc7\
5\x83\xef?\x093to\xe8\xcf;\xcb\x103\xd3\xe2\
\x06\x89P\x0c\xe7\x12\xd9\xdd\xf7\x94\xf2\x9dTg\xea\xbd\
b\x95\x85\xa9\xea'\x10\x97\x04\xd7\x10\xb2\x8a\xa8?J\
DYr\x81x\x8a\xef=$\xb3\xa2,I\xf48u\
!`-\xe7\xd2T\x19g\xbc\xbd\xbd\xa9J@\xed\x8c\
\xcd\xb7\xee\x8c\x1bj\xfcqL~7\x05\x82C\xb0T\
\x98\xe9@=J\x83I\x87\x94\x9bN\xe1\x91\x99\xe2l\
\xaa3\xa9q}>\x07\xa5\x11\x16\xed]r\x08\xda\x03\
H\xc2\x85m\xdd\x9a\xb9[[\x95\xe3\xa2\x8f\xad\x95\xd1\
\xda\xac\x94\xe6R\xb8M\xa8\x80py\x9c2\xc5\x22\x22\
\x1d\xeb\x95/}\xfbG\xe5\xa3\x17SS{+\x156\
\xfa8\xef(Cy\x19\xda\xbbl\x9a\xf76\xe6\xbe\xa6\
\xd5\xc0v\x15AcJP\xae\xf8\xf2E\xf9\xc8\xb8e\
=\x8d\xd2q\xbf\xe2/]<\xa8*\xd0\xcb\xfa\xed\xc9\
y\x04.\xee\xcf\x92\xca\x08\xea6\xb7C\x95\x08\x0a\xbc\
\x06\x92\x1b\xb4\x8f=M \x1f\x84\x13*\x909\x1b\xcc\
i\xdf\x12\x13dm\x85\xbcB\x07\xa4\x95\xcdV\xdbz\
\x16!\xcb\xcc\xa5e\x89\xf1\xa3l\xb4v\x03[\x9bQ\
\xc8%\x8d4\xe00{\xd9\x08%\xc9\x19/\xaa9\x0d\
\xd8\xd4v\x1c3=\xa3D\x17\xe5\x1ej\xf8M\x03~\
\x1a\xfb\x03\xf8\x87\x86\x1e\xb1:T\xb3\xd7,\x12\xab\xbc\
U\xc9-\x8cU\x89\xcb\x5cUIJ,U\x09V\xf9\
i!r\xb6a\xa6%\x86Z>kl\xf6\xf1\x82\x00\
\xb2\xd9m\x9c\xba5\x19\xae\xc5\xd98_oA\xb1\x1b\
\xaa4_(\xb6\xb4Z\xa4\x0d\xaf \x02\xb9\x99/\x84\
\xa9Z\x16~\x16\xcb\xdb;\x14\x0e;\xe7\xff\x99\xf0'\
\xef\x11\x83G\xd4\xb7\xee5\xbe\xfe\xc1\xe6\xb3\x11\x08\xa8\
\x1cXf1\xff\xf8\xc4\x1c\xd4/\xa1\x9b\xf5\xd0n\x80\
n\xef\x0d!?-\xda}O\x88\xb3.\x9a\x1c,9\
\xed\x9f\xe7\xf3\xb7W\xef\xac\xfe\xc6$\xb3\x09\xd5\xe1\x8e\
cL2\xdb\xc7\xe1\x88\xf7\xe79\xb1\xcf\xad>\x94\xfc\
~]\xa8\x0e\xdfv\xf7\xa0\xe4?\xcf\x81\xdd\xae\xd5\x81\
Ap\xbf\x0eT\x87\x81\xbb;0\x086\x80]\xcd\xf2\
\xc5\xd4\x9c^\x02}\x16\x91\xbe?\xaa\xdc\xe5|\xa1\xe9\
\xfd\x9f\xbe~\xdbX.b\xfa\x0fdv\xad\xb4M\xfa\
oT\xd8\x95\x8a\x1b\x8e5\xa8\xba\x9aY\xe7$#G\
\xe8\x03\xc0\x1a2\xccn\x97_\x9e\x1ew\x88\x1fH:\
\x85\xdd\xee\xda,\x0e\x8b\xb1\xb0Uu\xb1\xeeV\xd5\xc0\
\x85\xcf\x8c;\xdc\xdbq\x94\x16\xc5\xe9\xcd\x5c\x0a_Q\
c\x09\xe3b\x8fg\xe4J\xba7\x94)\xee\xd1\x1a$\
,P\xe7\xfe\xad\xb6\xbak\x05\x99\x08V\x8f\xa7\x5c!\
\x9b\x7f\xf1\x07\xff\xfe\x07V\xe9\xc0L\
\x00\x00\x00\xc2\
i\
mport QtQml 2.15\
\x0d\x0aimport QtCore\x0d\
\x0a\x0d\x0aSettings {\x0d\x0a \
   category: \x22gl\
obal/application\
\x22\x0d\x0a    property \
int schemaVersio\
n: 1\x0d\x0a    proper\
ty int darkMode:\
 0\x0d\x0a    property\
 bool useSystemA\
ppBar: false\x0d\x0a}\x0d\
\x0a\
\x00\x00\x00\xd1\
i\
mport QtQml 2.15\
\x0d\x0aimport QtCore\x0d\
\x0a\x0d\x0aSettings {\x0d\x0a \
   required prop\
erty string acco\
unt\x0d\x0a    categor\
y: \x22users/\x22 + ac\
count + \x22/jiraAu\
dit\x22\x0d\x0a    proper\
ty int schemaVer\
sion: 1\x0d\x0a    pro\
perty string aud\
itInput: \x22\x22\x0d\x0a}\x0d\x0a\
\
\x00\x00\x01\x17\
i\
mport QtQml 2.15\
\x0d\x0aimport QtCore\x0d\
\x0a\x0d\x0aSettings {\x0d\x0a \
   category: \x22gl\
obal/window\x22\x0d\x0a  \
  property int s\
chemaVersion: 1\x0d\
\x0a    property bo\
ol tourShown: fa\
lse\x0d\x0a    propert\
y bool rememberC\
loseAction: fals\
e\x0d\x0a    property \
string closeActi\
on: \x22\x22\x0d\x0a    prop\
erty bool fitsAp\
pBarWindows: tru\
e\x0d\x0a}\x0d\x0a\
\x00\x00\x02N\
i\
mport QtQml 2.15\
\x0d\x0aimport QtCore\x0d\
\x0a\x0d\x0aSettings {\x0d\x0a \
   required prop\
erty string acco\
unt\x0d\x0a    categor\
y: \x22users/\x22 + ac\
count + \x22/jira\x22\x0d\
\x0a    property in\
t schemaVersion:\
 1\x0d\x0a    property\
 var projects: [\
\x22all_supported_p\
rojects\x22]\x0d\x0a    p\
roperty var stat\
uses: []\x0d\x0a    pr\
operty var prior\
ities: []\x0d\x0a    p\
roperty var issu\
eTypes: [\x22bug\x22]\x0d\
\x0a    property va\
r assignees: []\x0d\
\x0a    property va\
r reporters: []\x0d\
\x0a    property va\
r labels: []\x0d\x0a  \
  property strin\
g selectedBoardI\
d: \x22open_work\x22\x0d\x0a\
    property str\
ing selectedTime\
frameId: \x22last_3\
0_days\x22\x0d\x0a    pro\
perty string raw\
Jql: \x22\x22\x0d\x0a    pro\
perty string key\
word: \x22\x22\x0d\x0a}\x0d\x0a\
\x00\x00\x00\x8c\
p\
ragma Singleton\x0d\
\x0a\x0d\x0aimport QtQuic\
k 2.15\x0d\x0aimport F\
luentUI 1.0\x0d\x0a\x0d\x0aQ\
tObject{\x0d\x0a\x0d\x0a    \
property int dis\
playMode: FluNav\
igationViewType.\
Auto\x0d\x0a\x0d\x0a}\x0d\x0a\
\x00\x00\x00+\
s\
ingleton GlobalM\
odel 1.0 GlobalM\
odel.qml\x0d\x0a\
\x00\x00\x09\x0f\
\x00\
\x001\x19x\xda\xed\x1ako\xdbF\xf2{\x80\xfc\x87\
\x0d\x8b+\xac6e%\xea\x11GF\xae\x90e\xa91\
\x90\x1c\x5c\xdbA>\x04A\xb1&\xd7\xd26$\x97]\
.\xfd8W\xff\xfdf\xb9\xa4\xc4\xc7\xf2%\xdbw\x87\
\xc3\x11m`rgfg\xe7=\xa3\xa5^\xc0\xb8@\
\xbf\x89\xdf\x22j\x7fC\x969\x18\xbf|As\x1f\xcd\
\x0f\xf8\x9eE\x22D\x03\xdd\xe2\x9c\xf9\x8237\xcc\xa3\
.\xdd\x88\xf8\xe2\xd3)\xe0\xf4_\xbex\xf9\x02\xde?\
S\xdfa\xb7\xe8A\xbe\x22x\xa83E\xb7\xf17\xf5\
\xce\xae\xfe \xb6\xf8\x07\xf6\xc8\x14\x19\x821\xf7\x03[\
Q_a\x19\x0aDP\xe1\xc2*\xb6m\x16\xf9\xe2#\
s\x08\xfa\x05\xfd\x19^\xf2\x03c\xa6\xbe\x19=4M\
\xbe\xc4\xe8FOa\xdeRG\xac\xa7h\xd4\xef\xab\xf7\
5\xa1\xab\xb5\x98\xa2\xa1\x95|\xb8\xa6w\x17\xf4\x9f@\
\xfc\x1a\xbb!Q\xdf<\xe6`\x97\x8a\xfb)\x1c\xd6\x9c\
\x05\x81Km,(\xf3?\xca\xef\x0a$\xe0, \x5c\
\xdc\xa3+`8\xcb\xd8\x96PB>\xf2m\x89\x8a0\
\x90\xb9\x97\x00r\xb7\x03\x9f\xdc\x89\xd9\x0e\xa9\xf7\xa0\xa0\
\xe5s\x839\x12\x98\xaf\x88\xf8,yG\xefP\x01\x18\
\x8e>\x9a\xf4Q\xe6Py\xb4\xf7\xf1\x11\xb5x\xe3\x18\
o{v% )g3\x11\x03`e\xe4\x90Y\xf7\
\xa8O\xbd\xc8KY\xeaW\x01l7\xd7@\xe0\xbb,\
\x89\xc1\xe4\xcd\x9b7\x964\x1d=\xdc\x96R\x190k\
\x07\xa5c\x96\xe8\xdd&\x1bf\x84Z\x82Y\xa7\x9be\
EX#$\xc1#\xa2[VV\x1b\xab\xb8\xb7[\xa7\
\xd7\x07\x09\xc8\x0d\x0d\xe9\x95K\xd0\xf7\xdf\xa7H8\x12\
l\x0e.Cx\xd6\x08\xb2\xe2`7D\x91\xbdd'\
$\xfc&X\xa0\xe0\xb3;l\xd4\x9f\x9b\x92\xd9qr\
\xcdI\xb8\x96\x829\x80\xa3E\x1e\xa0\x16\xad\x0d4'\
(v?\x85\x84\xfb\xe0\x85p<\xc3\xc81\x9f\x22J\
\xb6\xd3\xbf\xcd(\x01/\xb2]\xa6VB\xc9\xf0M\xc0\
\xd8\x1a\x09\xcc\x22\xb1>\xe6\xd4Y\x11\xd3\x8e8\x97\x01\
&Y\xd4\xc8 6\x90\x9c\xb3e\xd0A\xdak@\x97\
\xfeL\x9c\x0c\xae\x00\x1b\xbabw\xbf\xa7\x1c\x9aQ\xe0\
\x00\xc8%|>(\xf0\xa3\xc1\x0ap\x18\xde2\xee\x98\
\xf2CA|\x10Al\xec\xba\x1f\xb0\xd4X\xaa\x96\x83\
\x92\xd0@\xc8\xfap\x90>W\xc2\xff=\xe0\xd4\xc3\xfc\
\xde\xbcf\xdc&3\xa0tC\x96\xcc\x8e\xc2\xac\x14\xaa\
\xa4\xaa=e#\xa1\x8ct{U&\x16FW\x1e\x15\
q\xd4\xcd\x9d\x0b\xceT\xdaP\x09\xe8\x9d\x14Q\xf1\x90\
\xe1\x9a\xdd.8g\xfc@\x85\xf13\x97\xe0\x90\xa0\xd8\
\xd4\x11h-\xf5z\xa3W`\xb2\xf3\xa98\x11\x11\xf7\
\xb5\x86\x93\xe1\xb9\xa0\xd4\xee<C\xee\xe4(\xa5R\xc9\
\xf5v\x9bGp-\x9d\x18\xbc<rE\xdeY\xdcX\
'Z%\xbc\xd6\x1bo>h\xbdRD\xcd0\xb2m\
\x12\x86\xd5\xa7O\xe0<\x00\xc2+\xf2\x8c'\x0d\x898\
\x8f\xf7J\xb6\xec\x95\x82\xb0\xed\xb2p\x1b\x16\x12L\xe6\
\x9f\x82\x0f\xcf\x9204\xdd\xe1\xecB\xe2\xbb\xbf?\x14\
\x99\xd0\x04\xce\x1cO\xeae\xce\xdc\xc8\xf3U\xa5\x94!\
\x81}{\xcdxX \xea\x92k\xa8=\x02,C\x98\
)_\x0a{\xaa\xda$Y\xe7\xf9\x1c\x14+\x1aJ\x0e\
\x88]\xaeJ\x00[\xc8\xfcg\xbd\xe0\x02lS\x7f5\
E\x83~\xca\xb9|\xa0<\x931\xae\xc0f\x92\xa5\xa6\
\xe8\x15\xd6\xe5\xd5T\xa9\xdb\x82\xebdv\x86.\x08\xbf\
\x91,\xfdm`\xf4L\x10X6\xea\xba\x0e\x0e\xd4\xfa\
A\xd1\x0d\x94\xe0L(\xb7V~\xac\x9c\xb8\xe4\x92o\
\xef\x8b\xa7\x89\x83\x0e\x93 \x09\xd7\x17\xe2\xde%\xe6\x1c\
\x072\x0c\xe5\xe1l\xe62\xae\x00\xd7$\x0e\x09\xbe\xb8\
 6\xf3\x1d\x88\x9fs\xb9\xa8Qe\x22\x10`\x9c]\
D\xab\x15\x09\xc51\xbb{@?\xff\x80\xa0\xd4\x0bi\
(\x88o\x93\x9fX ~\x02\x96\xa7\x88\xdd\xfap\xe0\
\xdd1\xd1\x0f?\x17\x82:\x14\xbaE\xe7\xeb,h*\
\x88\x17NkS z\x15\x07'\xa8\xef\xbe<$\x95\
r\x1d\xf8\xe6+\xd4\x80_\xbe\xe6\xb7\x09\x5cl\x935\
s\x1d\xc2/3\xaa\xad\x0e\xc2Z5\x06\xe05\x04\xb6\
s>\xab\xb2\xdb\x9a\xf4\x1f\xa5n\xe6\xcf\x99\x07\xc9e\
\x8aj\xb2Y\xeb\xb8\xb2\xa9\xd6\xb9<s\xad\xb2C\xe2\
\x87TR\xae\xd5r\xcaJg-\xb7\x95_\x1b5\x15\
\xf2N\x9e\x00\x81\xb0\x14\xb7)\x12\xfd\xd4\x0f`\xd33\
-\xd3O\xa9\xa9\x5c\x85\xd0Z'K\xea\xba\xc49\x8e\
\x84`\xfeCY\xe6\x99\x82\xe8q\xd1+\xdb.\xeey\
\xfa\x04\x1cJ\xf3\x8f\x10\xfa\xa8?E\x93\x92x\xa0\x89\
\xfcF\x9c\xe9\xd3\x88\xe7\x1c:f\xec\xaf\xa0\x93\xa8\x0a\
\xdd]Mmd\xf5\xeb\xe1\xde'\x9d\xf3\xd8z\x9cO\
s\xec\xd0\x08\x22\xda\xc0\xaa\x0f\xd9\x10\xa9\xbfAH3\
\xbe\xb3\xfa\x96eM\x0c\x08Z\xc6w\xcb\xf1r\xb2<\
4\xf2\x98W`\xbc\x84\x9bI\xab?\xd0.VR\x1f\
\x1e\x0f\x97\xa3\x84\xfab\xb88\x5c,\x8d\xac\xa0\x8b)\
^g\xdeI\xae\x87\xfe\xcfu\xd3\x9c\x5c\x0d\xe5\xc5\x16\
\x22\x05p\xa81\x05}\x9a\xde\xaa\x9d\xddV\xb3\x91:\
F\xa2\xf9\xf7\x04;E\xd9\x17T&\x19N\xd4\x9fo\
h\xdb\xd8\xc1\xb0\xaf\x87O\xa2)z\xc8y\xd9vL\
s\xa4\xcb\xe1\xc7\xcc\xb9\xbf\x10\x9c\xf9\xab\xac\xc5g\x9f\
SH\x83@R\xcfx\x15\x12\xecq\x0a9_\x85\x90\
*\x91\x15\xc46\x97\xf5\xa3\xc2\xa8\x86\xaf\xf0\xa1*\x91\
\xec#\xc6\x98-`\xfe\x02\xa2\xb9M\xa6\xc9`M\x1e\
'4\xe7k\xce<\x12s\xda\x80\x1cO\xb6\x8a\x9e\xa6\
\x0fL\xda\x02\xba\xf8h\x04\xad\xf9\x04\xbc\x9e\xd0\x1b\x0a\
\xe6W\xab\xb2\xc7\xd9\xf7\xa9#\x1byq\x7f\x9e\xce\x11\
\x9f\xc3\xc8\xdfLj\xe13\x01_\xe7\xcdy\x8f\x9eT\
\x1a)\xa8 hi\x9e\xb3\x1b,0\xefl\x99\x93I\
w\xcb\xac\xc3I\x83\xf8\x97\xe1\xf05\xda\xfd\xff\xb5\x1a\
\xa32c\xed\x17M[e\x8e\xe1p4\x18\x8fUl\
?\x99/\x8e\x973\xa3\x9e\xd26v\xd5\x83e\xd9\xb4\
\xe3\x14w\xea\xb7cuW|d*\xf4d\xc0\x146\
\xa3\xca\xd0i\x06\xf4\x8e\xb8\xca\xb3\xad~;\x94+\xa8\
\x18\xeb\xcc\xbf\x954\x97\xf1\xa3\xa49X\x0cg\xe3e\
\x8347\xd5\xcb5K\xa7\x1e^=\x83\x91\x84I\x1c\
\xcd\x0e\x03c_\xfa\xc4\xddz\xccmI\xa5H\x80\xd3\
C\xaa\x02\x97\xde6^\xf5\xe8\x92E\xf5\xc3@|2\
\xf3\x8c\x93P\xf6\xc2\xb30\x00\x97\x98s\x16\xb4a\x5c\
\xe9\x1b\x0a\xabPN4\x07C\xeb5\x82\x7fz\x0d\x8e\
\x81\xedu\xfe\x97\x8d\x0e\xba\xa8\xf8\xdcT\x0c\xed\x13}\
sqrX\x0d\xd3\xd2=\xbbn\xaduJ\x87\x86\xd0\
l\xdd\xcb\x9f\xa5\xd0_\x7feW\xf4\xad\xbc\xce\xef\x0a\
U\xce\xa5\xec\xcd\xeb\xb1\x88K\xa5\xa5H\x1cs!\xff\
>/\x0f\x81Z\xfa\xd1\xbfSX\x7f\xb0\xab\x16\x87\xeb\
2\x94i)R\xed\xf0\xe7\x99\x84\xaa\xaf}\xf6(b\
\xba\x88|\xeb\x16o\xf5\xeb\xad\xd2\xaa\xac\x1fV\x90\xb2\
\xc9\x1c\x17\xdb\xfc\xc7\x98\xc2c\x0a\x87\xb7\xd5 \xd5\x8d\
\xe0[k>\x1c$\x8d\xa0JF\xd5Tj\x9b\xc2.\
\x0d\xe2h0\x9a\x8c\x16I\x83h-\xc6\x8b\xba\x22B\
EG\xa8zu\x09\xeaH\xd3\x03\x0e\x8ev*\x1e\xb7\
,Nr\x8d\xd5\xafR\xaf\xb2\xadj\xf6\xae\xa3R\xfd\
p\x886-\xb7L\xe4\x98\x0c\x9c\xe3\xb7\xa3r\x1c\x88\
\x8d\xac\xa1\xc3;\xaa\xf0\xc7=\xca\x85\xcd#}\xc2!\
p\x1e!g\x16\xffw\x8c\xff9\xc78\xd9*\xf7\xbf\
\xc5;v\xe6\xf6\x1fu\x91\xe7OZU\xf6o\x8d\x9a\
z\xe4Q\xd3Li[\x8cg\xe4*\x08\xf6\x92R\xfc\
(g\x02\x97\xb0`\xf4\xd0\x8f\xc8\x98\x1aOk\x02\x9d\
\x19*\xacv\xd5p\xe7\xf1\xd7f\x0f\x15\xeb\x8e\xc2\x89\
\xbc\xd6\x15^\xb2\xda^\xe7)\x8c#\xbd\x1a\xf3\x0b\xb2\
,\x88)\xfd\x06S9\xec2}<W\xa7@\x97\xec\
\xb9\xcdA/\x09\x8d\x15l\x05\xdb\xc5\x14\xf4\xae\xdb\x94\
\xeed\xaa\x0b8s\x22[|\xa0~M\x11\xf8$\x13\
\xb3\x0a\xc54\xe4\xb7\xc7\xe7\xb6Vy\xed\xc9rZ\x9a\
\xcf\xaa\x03r\xb7\x11E9\x01\xf6[\xf4\xca\x93\x16\xed\
_\xce\x11\xce\x94\x19 i\x07\xcf\x91\x16\x97\xae\xba\xe9\
Y\x976\x0b\xe6x\x89W\x0d\x93/Mvm\x18\x99\
\xb4\x90\x8f\xf2\x9c\x80\xc8{Ym\xe6}\x1es\x88\x9b\
\xf3\xe0\xcc\x19Z\x8c\xee\x00\x9b\xac`\xb3i\xfbI\xe8\
\xee*\xca\x9f\x11\x05\x17\xdb]:\x0d\xe3\x01\x94\xe2\xe9\
\x04\x0b\xdc\x8eN*G\xc57\xc8=\x8e8\xd4\x93\xf7\
[ir\xdb\xf4\xc7\xca9u\xf1Y7$\xf5\xaa\x00\
\xd0\x92|u@\x18\x0e'\xe3~\xe2\xa2'\xcb\xd1\xb2\
i\x0c\xb9\xc7pWc\xaa\x89\xb8\xda\xe3\xee? \xce\
\x8fY:*\xb9Vv\xb3\xb7\xf3\xb7\xcbd n\x0d\
!\xba\x1d\x1a\xed\xa9\x96\xe2@+\xccM\xf3\x06\x9b\xa7\
\x1e#\xb7\xcd\x9c\xe5\xaa*\xcdbUe\x15\x88\xb4\xfe\
\xd7\xc4'\xf9e\xb5\xc2\xa3\x0a\xb7\x16\x00\xd7\xe8UC\
\xce\xb7F\x10\xff\x15\x9a\xe7\xc41}\xc6=\x5c1\xef\
\xce\xfc\x14X\xe3\x22\xf9\xeb\x85\xc0\xc3A\xcd\x10:{\
\x89\xee!\x9d\x9b\x96/E\xc5W\x0f75t\xe4M\
\xc3S\xff\x9a%\xd7,/\xe8\xca\x87p\x18\x0b`\xef\
\x1f*7\xba\xdb\xd3\xf0\xdf\xbf\x00\x8cf=*\
\x00\x00\x02V\
\x00\
\x00\x08\x1bx\xda\xd5Umk\xdb0\x10\xfe\x1e\xc8\x7f\
\x10\x86A\xf3E\xc4\x85\x86\xe1/\xa3\x0dt\x0b{\xa3\
\x8b\xbb|,\xb2uI\xb4\xca\x92'\xc9I\xbc\xd2\xff\
\xbe\x93\x957'\x85\xb6a\x83M\x18l=w\xd2=\
\xf7\xe8\xce\x12E\xa9\x8d#7\xee\xa6\x12\xf9=9\xa7\
\xf1E\xb7#Z \x1dj\xe5\x8c\x96\xf6i\xeb'V\
\xeb\xcaY\x12\xef\x1b\xafe\x05\xca\xdd\x8e\x10\xedw;\
\xdd\x0e\xce'Bq\xbd$\x0f\xdd\x0e\xc1!xB\x96\
\x0d\x12\xe6:\xfb\x01\xb9\xfb\xc2\x0aHH\xe4\xb4\x96\x97\
\x19\xee\x1a\xd6D\xc1\xc5\x09'\xd1\xfa\xd3\xa6\xe6,j\
\xccQ/X\x96\x82\xbbyB\x06\xe7\xfd0\x9f\x83\x98\
\xcd]B.\x06k`*Vc\xf1\x0b\x17;SA\
\x80$\xabT>\xff\xac9\xa2[vi]\x02\x1d\x0b\
5\x93\x902{\xef\x99{\xdf\xa1\x96U\xa1B\xa2\x9b\
\x04\xfc`\xb8\x836\x96N\x85\x94\x09)\x99\xc1\x9c\x8f\
\xad\x0533\xa1lB\xe2\xc1\xcehK\x96c\x1c\x04\
\xfb\x9b(~ \x93\x14V\xad M\xea\x88\xa1.c\
\xdc\xca\xa5`]\xd46O\xf1\x80\x92\xcd\xda\xb1\xab%\
\xd0\xd4\x8b\xb5\xf3z|q\x90 \xefw0Vh\x95\
\x907q\xd4\xa3\x98\xc0\xd9eY\x8e\xd4T\xd3E\xb0\
\xf4\x9eep\xa5y}\x0a\x81M\xa0\xac\x12\x92\xa7\xa2\
\x00\xf2nM\xea\xca#X\x06\xbeF\x8exm\xdd{\
$y\xc2\xbfRl\xc1\x84d\x99\x84\xe8\xefq\x0fq\
oK\xce\x1c\x90|\x0e\xf9\xbd\xc52\xe0\x04\x8d`\x14\
\x93D\x0a\xe5!\x03\x84\x0b\xeb\xc9p\x92\xd5\x84\xc3\x94\
U\xd2\xd1CfK\xc3\xcaP\xa1>$\x9dh\xc3'\
\x08\xb5\x9dr-\xb5i\xf8\x0f\xfd\x97\xa5\xef\x0d\xd4\xf1\
\xa6\x15N\xe1\xcf|oQ\x03\x12\x98\x05\xba\x88\xef\xe2\
\xbb>\xd6\xf8\x0a,mz\xf0\x05\x02\x8e\xab\xcc\xbd\xbe\
\x02C\x875\xed4\x09-\xbd\xeb\xd7W\x12\xcd\xf0\x04\
O\x92\xf3\xd9jhk\x9e\xce\xa1\x00\xea\x17\x8d!\xd7\
\x8a3S7\xc7\xf0\x87\xd5W\xb0\xfc\x1f\xb4\xf74\xff\
Q\xe5G\x0e\x0a\xf2\xb0\x9f\xe6\x87\xf5-\xe1\xf3l\xfb\
~\xd3\xcb\xe3\x9f\xfdKE\xda\xfe\xd9\xdf\xb6\xf1c\x02\
{[\xf8\xf8\xfb\xce\x98\xdf5z\x00\xbf\xaa\x9c\xd3\xea\
\x90\xc7\xe1a|\xfdx\xa8xs\xa7\xaa\xa1\xc4\x1b\x1a\
\xb6W-\xcd\xa5\xb6pv\xe0\xfa\xd8Rl\xfd\xc2\xe7\
7\xaeY5$\
\x00\x00\x0e \
\x89\
PNG\x0d\x0a\x1a\x0a\x00\x00\x00\x0dIHDR\x00\
\x00\x00@\x00\x00\x00@\x08\x06\x00\x00\x00\xaaiq\xde\
\x00\x00\x0d\xe7IDATx\x9c\xed[k\x90\x5c\xc5\
u\xfe\xbe\xd3\xf7\xcec_\xb3B\xe6\x11\x1e\x92\x8d\x80\
X\x8b\x91\xb4\x1a\x1eB!\xde\x18b0I\x95]\x15\
{\x84\x93\x10Wb\x8c\x89Cp\x00#\x1e\x16\xd2h\
\xa4]9JbWR\xb6\xc1\x10\x93*\xe7W\xbcc\
H9I%E\xa0\x04\x03A!\x0e+!\xc2*\x86\
\x92\x13\x831\xc2\x08\x10\xfb\x9e\x99{\xfb\x9c\xfc\xb8\xb3\
+\x01\xab}H\xbbk\xa5\xac\xafjk\xab\xee\xed\xbe\
\xdd\xfd\xf59\xa7\xbb\xbf\xd3\x03\x9c\xc0\x09\x9c\xc0/2\
\xf8\xf3\xee\x00`\x046\xcfQ?6[cH67\
\xdf\x9b\x7f\xcc\xcf\x04\x14z]B\xec\xf4\x08\xe6\xa5\x03\
3\x875\xe5\xbb\x7f)M\x9b\x93~T}\xca\x9f\xd2\
6\xfa\xd6K\xe5u\xd5\xe4IQ\x80\x92NU\xe7\xe7\
\xe3\x02\xc5\xa2\xa0T\xd2\xf6\xce\x9e\x15F\xfc\x00\x944\
\xecX\xad\x96\x00\xac\x0e\xd8\x1e\x18\x1e\x8dd\xe4\xeb\xa3\
}\xdb\xf6OG\x82\x1cc\xabG\x87\xbd\xe7\x13\x00\x94\
\xba\x9e.\x93\x86j\x9c\xb8\xed\xb1\xfc)\x00\xa4(\xc1\
E\x0c\xb3w\x05\xd6\xf2T{\xe7\xd6\x0f'\x83/\x1e\
q\x9c\x0bo\x01\x85\x82C\xb9\xec\xdbVv_\xcc\xc0\
\xed\x00\x90\x85)\xe7\xb0/\x0a3\xcf \x13Z\x5c{\
\x8dH\xady{\xf7m/'\x81\xf6\xbd\x96\xb0\xf0\x16\
P\xee0\x00\xa0\xa0H\x86\xcd0\x05\xe6v\x22\x04d\
h\xbeZg\xd8t\x1aP\xbb\x09\xa0\xa1\xb0w\xd26\
\x16\xd6\x02\x0a\xbd\x0e\xe5u\xbeeU\xa9\xcbIj\x07\
\xa0\xe3\xed\xcfC?\xcc\xc0\x00f\xfe\xe50\xf3\xf6\x05\
o\xee\xfc\xf3\xa1de\xe0;\x82\xcd\xc2Z@G\xbf\
\x01F\xa1\xbb\x8d.%0S\xcc\xdb$\x900O\xd2\
-\xd5\x91\xc5K\x92g\xef\xddo,\xe02\x98D\xfe\
\xb6\xd5\xe1Udp\xb5\xf9\xaa\x82t\xf3\xdbf\xb2\xb4\
\xf8\xc0\x9f\x0e\xa0\x7f\xb2\x12\x0bd\x01F\x14\x01\xe4\xef\
\x0b\x09\x14I\xe7\xb0p\xbb5\x92z\xc4\xb6\x16\x86\x80\
BYP*i\x0eo\xfc&\x18^jZ\xd7\x05k\
{\x1a,D'\x88rA\x81^g\xea\xd7\x83\x02$\
\xb3\x7f\x1c\x9cC\x16\x84\x80^\x01h\xed\xab^\xfc]\
q\x99\xb5\xf0u\x050\xcf\xbe?s\xcc3\x01F\xa0\
\xdf\x16\xaf\xdd\xde\xaa\xc2\xdbqh\xdbv\xdc`\x9e\x09\
(\x0bP\xd2\xb8\x1a}R\x5c\xfa|\xf3u\x03\x8f\x9f\
\xd9\x07\xe6\x97\x00\x02\xeb\xf4\xa4\x8b\x8bm0\xbb\x0b\xe6\
\x0d<.\xdc\xfe\x1d\x98?\x02\xba\x8a\x0e\x80\xf9(\xf8\
C\x06M\xe7\x99\x8f\x8f\x9b\xc8\x7f8\xe6i#dD\
\x05\xbem\x0dN\xb2\x1ao\xa4F\x06\x1e\x1fQ\xff\xdd\
\x98\x9f\x19)\xac\x13\x80\xc6\xba\xbbN\x82\xec\x123o\
\xf3\xd6\xd61b\xee-\xa0X\x14\x94`M\x17\x15O\
\xb3X\xbe\x08\x8d\x8e6\xea\x1fZ1\x0c\x0d\x0b26\
\xb6\x0fsfMs?+{\xf7\x12(i\x18\xa7o\
\x92\xb0\xe9L\xe8,|\xdf\xcc\xc3\xcc\x03\x00(\x04\x03\
\xa1\xa4\x84A\xdaQB\x01\x03\x82\x92\x0c\xde\x10\xa3\xa1\
\x82\x1c\x0b\xe6\xd8\x02\x8c(S\xb3\x9d\xdbO7\xc6\x7f\
\x04_3\x903\x19|\x22\x0a\xb8\xb4K\x0equ5\
\xf5C\xa0\x7f\xc9\x8c\xffK\xd8\x10\x0c\xa7A\xf8\x013\
\x9cF\xb2\x99.\x13\x98E\x80\x8f<H\xe2('s\
n\x09(\x94\x05e\xf8\xd0\xe2\x9b%\xc8\xb4[<\xe6\
\xa7>\xf1\x99\x014JJ\x0c\x1e\xa6\xd1N5}T\
\x84\x8f#\x15\xed\x19\x1c\xc40\xf6\x22N\x94\x9c^\x87\
\xae\xfe\xf0\xe4Q\xb4\xd7\xe3\xf0W\x0c#\x1f\x86\xb9\xab\
\x19d\xce5\x8d\x01\xf3G\xb5\xca\xcc\x1d\x01\xc5\xa2\xa0\
T\xd0\x93:\xb7,\xf7\xe4\x0d\xe6#m\xcc\xcc\x91\xa0\
\xa0\x13\xd2\xd1|\xed_\x8d\xfekm\xa9\x96'^y\
\xfaKc\x93\x17_\xe7Q\x81?\x00\xbc\x06\xe0A\x00\
\x0f6\x7f\xa8g[*]\xfb-\x05\xee\x14I-9\
\x9aC\xd6\x1c\xbb\x00-\x96\x9e[E\xd2mS\xcf\xbe\
\x19\x18\x88AGL\xeb\xb7\x0f\xee\xbe\xfb\x1e\x00\x18\x9c\
x\xdf\xebr\xf9\x17W\x9a\xf2<\xd2\xce2X\x96\xe4\
\xab\x04\x0e@\xed\xd9\xb7wo|\x09\x00F\x9e\xdf\xf0\
\xb3\x11\xe0\xde\xc5\x9d\xdb\xbf\x1f\xb1~\x8f\xb8\xf4'\xcc\
W=0s\x9da\x8e\xa2iQ\x80\x92\xb5\xac\xeaY\
.\xe4\x7fR\x90M\xb4\xbe\xc9,\xc0\x0c\x12\xd0\xbc\xdf\
\xef\xb5\xfe;#{J\x8f\xa3\xab\x18\xa0R\x8as\x17\
\x16\xcf\x865}\x06\x16\x15\x0c\x5cJJ3%\x04 \
0\x8b\x00\x8d\x01\xe0M\x98\xed\x03p\x7f\xc6\xa7\xbf\xfb\
\xb3\xe7\xd6\x8f4\xbe\xcb\x5c\xe7W\xbe\xce u\xa3\xc5\
\xd5\x06\xf9fI\xe0\x8c>:\xf0\xcc\xc6G'\x93\xc8\
\xe7b\x15 p>\x01\x98\x88\xdd*A\xba\x09\xaaz\
\xc4\xc1\xd3\x01j#TM\x06\x9f\xbf/D\xa5\x14\xb7\
\xe5{\xbe\x00\xcb\xee\xa4\x84E0\xe8 \xd0\x9c\xd4P\
\xc0b@=\x90\xb8\xcdb\xba\xf4%\x0c\xb2\x0f\x8c\xb9\
\xfa\x93\xad+J\x97$s\xb0\x99\x03\xe9\xf4z\xf5\xd5\
\x0a]\xda\xc1f\xb6B\xcc\x01\x01E\x02\xeb|[g\
\xf7\x85\xa4\x5ck\xbe:E\xe4\xa7\x81\x8e\xaa\xfe\xcb\x03\
{6>\x8e\x8eb\x0a}7D\xb9\xce\xee\xaf\x88d\
\xee\x01\xecT\x8bGc\x80\xa0\xa4`\xa6?\x85\xd6+\
\xa6\xf5G\x00=@I\x094\x1eS_\x1f\xd4xt\
\x80\x22\x9d\x12\xa6\x1fn\xcd\x97.A\xa9\xa4x\xfaK\
c\x81\xe9\x17T\xe3A\x88\xe0\xdd\x02\xe8\xfc\x100.\
7\xd36\x92\xa94\x92%m2\xd7RJ(\xe6k\
\xbb\x86\xdc\xcb\xf7\xa2\xab\x18`o\xa9\x9e[\xdd\xbd\x9e\
A\xd3\x9d\x16W#@#\xb8T\x00\x8b\xfe\xdd|\xed\
S\xf4\xf5\xcb\xce\xa8FW\x0e\xec\x8a>f&kU\
\xa3\xef\x1b\xf1-\x85_\xa3\xb0KM\xfd\xdd\x0c\x9ar\
b\xc17O\xba\xf8\xaf\xda\x80\xa2\xbc\xb5{\xd3\x7f\xc3\
\xb4\x97\x12\xcaL\xac\xe0\xd8\x82`C\xe6n\xed\xdcv\
)\xe9\xae\x9c2\x0a'\xd9\x00\x10\xdc\x86\xbe\xfb#\x00\
\xc8\xad\xec^e\x90\xad\xf0\xb5\xa4\x1eC\x07\x8d\xbb\x07\
v\xdd\xbdq\xbc\xda@\xe3\xff\xe0n\xec;\xb9\xa3x\
m-\x1b\x9c:\xbck\xd3\x8f\x00 \x97\xefI\xc3\xd7\
\x8c.\x9d\x8f\xa3\x91\xcf\x00\xa5o\x00 \xc5\xee5_\
\xff\x1cf\x90s<6\x02\xca\xfd\x86D\x7f\xbe\x83\xe2\
2\x16G\xfe\x08\xe6\xafp\xa1\x98\xaf\xedua\xf4\x08\
\x1a\x89<s\xb8U\x5c:m\xf1hD\x97\x09\xbd\x1f\
\xdb2\xb4{S\x11]]\x01*\x95x\xf1\xda\xed\xad\
\xd1H\xb4\xdce\x9b\xc2Z4\xfa?\x07\xfa\xee\xde\x0f\
`\x18\xe8u(\x94a\xfb\xf0!:#L\x0d\xb0?\
@W\xf1[\xa8\x94\xe2\x81\xb1\xe8\xf9\xb6L\xb8\x97\x0c\
:\xa6\xd3_\x8e\xde\x05\x0a\x05\x07\x94t\xd1\xaa\xee\x8f\
Q\x82O4|\x7f\xf2\xe5\xc7\xa0\xa4\x83\x19\x1e~\xeb\
\x07\xa5A\x00\xb6\xe8\xc2\xbf8\x8b\xe0U\xa6u\xa5\xcb\
\x84\xe6k\x8f&\x83/\x06\xa8T\xe2\xd6U[~#\
\xae\xe11\x06\xc1\x7f\x98\xca\xbf\x85\xc6'\xda\xf2[\x97\
%\xed\xf6\x1b\xcae\x0f\xda23\x85\xa9'\x80s\xda\
\x07S\x1d\x00\x80\xbd\xa5:\x89\x0a%\xc0tI\xd7\xa3\
\xb5\x80\xc4\xc7;\x8a)O\xdc.\x143\x85\x1eQ\xed\
!\x9c\xf9\xba\xaa\xb8'\x1buM\xe3\xea\x1a\x86\xd9S\
,\x1e\xf3F\xc4\x1e\xb6\x15\x00P\xd9\xec[\xf3r\x89\
 \xf5]\xd2\xb5\x98V\xbdE\xc3\x9ea\xcb9\x88\x86\
?\x8bry\x03`<u\xc5ps\xd5pF\xe3>\
\x84R\xa4\xcd\xa0g\x03x\x0e\x00h|\x01\x0c\x00\xd4\
\xa6\x1c\xc8\xd1Y@\xa1WP.\xfb\xb6tp\xb9H\
\xfa2\xf3\xf5\xa9\x92\x1c\x06\x0a\x0d\x1a\x87d\x1f\xc6\xa3\
\x81p\x0dL\x0d\x12:\x83\xef\x1fn\x8bw\x8e\xa7\xae\
D\x83\xbb)A\x8b\xf9j\x94lj\xe8\xa0\xb1\x9a\xf0\
\x94\x06\xa3VO\xe7\xdeo`\x160\xc0\xccS2\xa0\
\xe7\xe9\x13\x8d\xd2^5\xad\x03\xd3\x1cE\x8e\x8e\x80r\
A\x91\xbf/\x04\xb9\x09D\x80\xe96T\xc9\x96`\xff\
\xc1\x96\xb1W\xc7\x1f)\xf4\x5c\x98\x92\x14\xd0\xf8\xcf\xa8\
\x94b\x80\x96[\xb1\xf5\x03\x80]\x95\xe8\x87\x1c\xb7P\
\x03I\xaaM\xd4\xb78XF\xa2\x09\xa6\x00i\xa0\xc0\
h\xe9\x896\x95~&\xfa\xeb\xec\x09(\xf4:\x80\xd6\
\xaao\x5c#.\x9d$98\xe5w\x8c h|\x19\
\x95\xcd\x1e\x13\x07z9\xcf`\x00\x05\xaa\xf6\xd4Da\
\x87\x8b!\x124\xae\xb8p\xe2\x13\x00\x01\xdd3^\xce\
\x9b\xbe\x9f\x12\x02\x06\x0fXh\xbe\x0a#~:\xfe^\
\xc5\xce\xa4\xa4\xd1\xc8>\xcf\x15\x01Ft\xf4\x1b\xf2\xf7\
5\x09q\xb3\x99\xcdB\xe6\x9e\xe8\x88\x01\x80\x99eI\
B\xb5V\xf3t\xaf\x8c\xbf\xa4\xc8R2\xe4a\x15\x14\
\xe2D\xfd\xd8\xdb\x86\xe0\xb9C\xe5\xb8\x14\x12\x020\x05\
\x85fq]\x81\xfd\x13\xef\x8d+\xa1\xf1\xe4\x1b\xd2\xc3\
0K\x02\xd6%\x09N}\xe3\xe3\x94T\x1e>\x9aq\
\x92\xc3\x80\xf6D&ot\x90\xf6:\xe0\x00\xd5\x9a8\
\xad\x1dV\xee\x9d}2\xf3\x94\x14i|dp\xf7\x97\
\xf7\xa1\xab\x18\x00\x00\x813\x92\xd34\x0d\x0c\x94\x86\x9f\
\xb4\xb2\xde\x07\x00XZ\xcc\xd0l\xadY\x8c\xe9\xbcs\
\x16\xab\x80\x11\x80\xe6.\xf8\xd3E\x86\xb8h\xa6\x98\xa1\
\xd0I3\x05\x81\xd3\xd1\xd5\x1f\xa2\x82D\xf1\x81\xec7\
S\xd0\xa5\x9b\xe8\xa3E\x87\x0d\x98\xa0%w^\x0cJ\
\x17\x86\xaa\xd5\x11\xe7\xb1e\x5cl=uEKs\x95\
\xf5\xa5f\xb1\x07\xcc\xc8@ \xf5\xef\xec\xef+\x8d\x02\
@nq\xb0\x16t\xbf\x0c\x8b\x93\xc3\xd0\x14\x98\xb9\x05\
\x14\xca\x89\xd0\x99\xf2\xbf'A\xd3\x07\xa1\xd1\x84?O\
\x0b3\x00\xcc\xe5\x86\xc3\x8eC\xcf\xf8_$@J \
\xd0\xe5\xe3\xd7\xda\x9cZ\xc5,&%\x1d0H\x07f\
x\xc5\xbc\x15\x0e>\xb7\xe1\xf9\xa49Zf\xd1\xb07\
C\x86\x92rt\x99\xb4\xc6\xa3;\x5c:\xfc\xcbCw\
\x81\xb8\x9e\x12\x12F?]\xd7fh\x01\x89\xd4\xb5(\
\x7fGN\x95_\x04bk\x88\x1d3\xb2\x00\xc0\x14.\
\x0c\xd4\xe2\xcb\x00\xec\x02\x00\xb5\xf8)\x87\xc0Lc\x02\
\xb6\x0e\xe0\xdf\xa0\xab\x18\x1c\xac\xc4O\xe7V\xe3\x0a\xd3\
\xda\xaf\x91|\xadV\xf3\xffX\xed\xdf\xf8\x93\xe6\x15\xc5\
S\xa0)\x8e,?\xf7\x8d\x97\xca\xeb\xaa\xb9|O\x8f\
\xc5\xa3\x9f\x04\xf8p\x10F\x0f\xbd\xb9s\xc30@k\
\xeb\xec\xb9\x89tW\x99\xaf)h\xd3\xba\xe7\xcc\x08h\
H]\xb15\xff\xbes\xa9e\xc9\xba?\x0b\xebIv\
\x82\x22\xbev%\x0a\xbd\xdfDy\x9dO\x8d\xa5\x9f\x8c\
\x9a\xeb?\x14\x09?h\x12^\x9e\xcb\xf7\x5c7P\xd9\
\xf0\x00\x00\x0c\xec\xc2\x0e\x00;\xc6\xab\xe7V\x16\xdb\xe1\
\xd2\x0f\xd1\xe2?Cy\xdd?\xa0X\x94\x81\xd2\x86\xef\
\x01\xf8\xde\xa1FJh_\xdd\xf3'\xc6\xe0k\x89\xae\
j\x82\x19\x04\xe8\x19\x10Pp(\xf7[ve\xf7\x19\
\xa4\xac7\xf3:k\x19\x85\xe6\xccW\x0d\xe2.\xcf\xfd\
\xf8\xc5\x0b\x06\x80=o\xbep\xc7P.\xdf\xf3U@\
\xbe\x0d\x8b\x08\xf0\xdb\xb9\xfc\xb6%\xf4\xf1Ci\xcd\xee\
\xcb,\x1a\xf6o\x0d\xb8\xb3\x02\xc7\x0b\xbd\xb9;%l\
Za\xd1\xc8\x1d\xad\xab\xbb_\x1fz<z\x16@5\
\x9f\xff|\xb8/:\xebL\x15[.\x12\xfc\xb1Ix\
54\xd2C\xd9\xf7\xe9\x17\xa8\x19\xba@IS\xb2\xf5\
zJ\xe6\x0c\x8bG\xa7\x11:'e\x80\x80yJ:\
\xeb\xe3\xd1\xdb\x00\x5c\x8b\xae\xc7\x82\x81\xcaG\x1e\xc8\xad\
\xee\xfe(\x83\x96k,\x1a\x8d)\xe1&\xa5\xdeR\x0d\
\xea/V\x87B%q\x961}\x1a\xa1\xb0\xfa\xb0\x87\
\x0b\xd7\x8a\x8f\x9f\xc8\x0d\x85\xcfau\xf7\x81}\x8aV\
\x0bx\xa6\x0b\x9a\x97\xc2\xd7`\xbe6\x06\x09\xb2\xb0i\
]\x7f\xc6\x04\x10(\xfb\x96U='\x03v\xa3\xf9\x9a\
\xcd\xca\xf4\xdf\xf9)g\xbe\xae\x22\xe9O\xb7un\xf9\
\xa7\xc1\xcaG\xfe\x0e\xf9\xcf\x87M\x88>;\xe2G\x86\
\xe8R\x9f3SP\x82V\x92y3\x80\xf00\xad\xd7\
\x92~P\xa0q\x1d\x80PRyH\x0a AS\x98\
\xaf\xefA\x1c\xdf\x82\xc0\xbd\x0f\x90\xbf\x054\xd5p\x81\
i1u\xa1B\xaf\x00\x80#na\x90y_\x22=\
\x1fK\x8aW\x09\xa8\x90\xc1_\xe7:{\xae@\xdf\xfd\
\xd1\xfe\xb3\xf7\xd6\x06\xfb6\x5c\x0f\x1f\x7f\xca\xcc?e\
\xe6\x07\x13E(\x04]\x0at\xd94]6\xc5 \x1b\
\xd0eS\x0c\x9b\x033\x0f\x8bG_\xd7\xfa\xd0\x0e\xf3\
\xd5\xebu\xe4\xad+\x06\xf6lxl\xa0\xef\xae2|\
\xf5;\x8d\x1bh32\x83#\x0f\xa6X\x14\x946[\
\xeb\xaa\xad\xe7P\xc2gH\xb4\xcc\xcd\x8dN3J@\
\x18\x0e\x9a\xd9u\x03\xbb\xee\xfa\xfb\xc3\xdf\xe6Vo\xc9\
\x83\xd2\x09\xc82\x98\xb5\x83\xd0\x89\x9b\xdf\xaaj\xe2^\
\x81\xe2\xc7*xv\xb8o\xc3\x0f'*\x16\x0a.\xf7\
\xa3\x957\x81\xc1\x9d0=e\x22\xb36\x8d(zd\
\x17(\x01\x00M\xb8\xf5f\xba\xb0\xad\xa1\xb4\xce\x81\x86\
H\x9a\xc6\x06\xbaE \x1f\xca\xad\xde~_,\xf17\
F\x9e\xd9\xf0<\x00\x0c\xec\xda\xd4\x07\xa0o\xc6\x9f[\
\xf3\xd5l{<\xf6\xeb\xbaO\xd6\xc3\x85\xbf\x0a\x1b\xcf\
\x98\xcd\xecw\x03G  a\xea\xe4\xcem\xe7\xd4\x80\
k\xa1\xf5c\xf0\xfd\xc9@\xc2\xbc\x01\x04]\xe6\x06\xe7\
\xfdo\xe7Vw\xff\x0b\xe8\x1et\xb1\xdf\x99\x0e\xa2\x83\
\xe3\xbb\xba\xf7\xa0\xa3\x98Z\x94\xcdf\x15\x5c\xa6Z\xff\
\xb8\xd4\xaaW\xc3\xa5.\x16G$\x92\x9cq6n:\
9\x01\x85\xbdD\x19\xa8Ao\x17\x97i5_\x8d\x93\
c\xef1\xdfi\x7f7\xcc\xe21OJ\x1b]\xe6\x1a\
\xd3\xe8\x9aX8\xea-\xec\xcf\xad\xde\xfa\x82\x81\xaf\xd3\
\xf8\x0a\x89\xba\xc2\x96\xd0\xd0\x0c\xf2lo\xbe\x83\xe0\x12\
\xe72\x0d9\xa4\xae\x8d\x95Of\xeb\xa1\x93\x10P\x14\
\x94K\xbem\xd5\xb6\x8b(r=,\x06$\x08\xe7b\
\xb4\x93\x80I\xa7\x0d\xe6\xeb\x00\x09\x91\xa0\x09\xe2.\x02\
\xddE\x84Lx\x9d\x98\x22\x11?<\xa0\x11`\xbe1\
pK\xa4\xb8\xa3\x8cL\xef%\xa0p>Q\x06 \xfa\
i\x18_3\xf3\xa36\xa7\xe6?\x05\xacq\xbc\xf7\x91\
\xd1\xa8\x80\xc18qG\x80 \xd4\x806BNm\xcc\
\xb4Lc\xed\x04\x093=b\xa1#\xbe\xc8\xad,\xb6\
[\x04ax\xec9\xf89\x81\xd6\x08I\x9b\x0fZ\x83\
\x90c\xd9\xd9T=\xd8\x1c\x1f@\xa5T\x9d\xaf\xae\xfd\
\xbf\xc6T\xf6\xc3\xe3\xecN\xe3a\x98\xed\xcf\xec\xa6\xfe\
\xe1\xd4\x09\x9c\xc0\x09\xfc\xe2\xe2\xff\x00Q\xe0\xa68G\
J\xf5\xda\x00\x00\x00\x00IEND\xaeB`\x82\
\x00\x00\x1a\x03\
\x89\
PNG\x0d\x0a\x1a\x0a\x00\x00\x00\x0dIHDR\x00\
\x00\x01\x00\x00\x00\x01\x00\x08\x06\x00\x00\x00\x5cr\xa8f\
\x00\x00\x19\xcaIDATx\x9c\xed\xdd{\xdcgS\
\xbd\xc0\xf1\x0fr\xbf,!\x94T$wbQd8\
\xee48\xe2\x08\xb9\x1f\x97)\x97p\x84NZ\xa9\xc4\
\xca\xdd\x09\x09\x15\x85\xe4Nq\x90^\xe2(\x86\x98V\
\x08\xb9\xdf\x85!f\xb9N3\xcc\x9c?\xd6~\xe6\xf5\
\x98y\xee\xcfo\xaf\xef\xda\xbf\xfd}\xbf^\xf3\x9a\xd7\
\x8bg\xf6\xf7;\xcf<\xeb\xfb[{\xef\xb5\xbe\x0b\x94\
RJ)\xa5\x94RJ)\xa5\x94RJ)\xa5\x94R\
J)\xa5\x94RJ)\xa5\x94RJ)\xa5\x94RJ\
)\xa5\x94RJ)\xa5\x94RJ)\xa5\x94RJ)\
\xa5\x94RJ)\xa5\x94RJ)\xa5\x94RJ)\xa5\
\x94RJ)\xa5\x94RJ)\xa5\x94RJ)5\x98\
\xd9\xa4\x13\xc8\xc9X?\x17\xb0&\xb0>\xf09`I\
`1\xe0#\xc0\xa2\xc0T\xe0-\xe0M\xe0Y\xe0I\
\xe0Q`<pw\x0cn\xb2@\xdaJ\xd5\xa6\xeb\x0b\
\x80\xb1~a`w`\x07`\x1d`\xde\x11^j\x0a\
p;p\x09pU\x0c\xee\xf5\x8e$\xa8\x94\xa0\xae,\
\x00\xc6\xfa\xd9\x801\xc08`'`\x9e\x0e\x87\x98\x02\
\x5c\x0a\x9c\x14\x83{\xb0\xc3\xd7V*\x9b\xae+\x00\xc6\
\xfaM\x81\x13\x81\xb52\x85\xbc\x068\x22\x06\xf7d\xa6\
xJuL\xd7\x14\x00c\xfdgI\x03\x7fK\x81\xf0\
\x93\x81\xe3\x81\x13bpS\x04\xe2+5\x22\x8d/\x00\
\xc6\xfaE\x80S\x81\xbd\x90\xff\xfb\xdc\x0d\xec\x1c\x83{\
Z8\x0f\xa5\x86Dz\xc0\x8c\x8a\xb1~3\xe0\x97\xc0\
R\xc2\xa9\xf46\x09\xd85\x06w\xa3t\x22J\x0d\xa6\
\x91\x05\xc0X?/p\x02p\x88t.\xfdx\x1f\xd8\
;\x06w\x91t\x22J\x0d\xa4q\x05\xc0X\xbf2p\
%\xb0\x92t.Cpp\x0c\xee\xc7\xd2I(\xd5\x9f\
F\x15\x00c\xfdX\xd2\xeb\xb7\x85\xa4s\x19\x86\xddc\
p\x17K'\xa1T_\x1aQ\x00\xaa\xf7\xfa\x87\x00\xa7\
\x01\xb3\x0b\xa73\x5c\xef\x01[\xc7\xe0~/\x9d\x88R\
3+\xbe\x00\x18\xeb\xe7\x04\xce\x04\xbe&\x9d\xcb(\xbc\
\x06\xac\x11\x83{N:\x11\xa5z+\xba\x00\x18\xeb\xe7\
\x01\xae\x06\xc6J\xe7\xd2\x01\xe3\x81\x8dbpS\xa5\x13\
Q\xaaG\xb1\xd3\xe9\xeaI\xffo\xe9\x8e\xc1\x0f\xb0\x1e\
\xf0\x0d\xe9$\x94\xea\xad\xc8\x19\x80\xb1~>\xd2\xe0\xdf\
L:\x97\x0e{\x1bX1\x06\xf7\xbct\x22JA\x81\
3\x80j\xf0_G\xf7\x0d~\x80\xf9I\xeb\x17\x94*\
BQ3\x00c\xfd\xdc\xc0\x0d\xc0&\xd2\xb9\xd4h\x1a\
\xb0\x5c\x0c\xee)\xe9D\x94*f\x06`\xac\x9f\x9d\xb4\
\xac\xb7\x9b\x07?\xa4\xef\xf9\x7fI'\xa1\x14\x14T\x00\
\x00\x0f|E:\x89L\xf6\xa9\x1er*%\xaa\x88\x02\
`\xac\xdf\x1f\xf8\x96t\x1e\x19-\x00l-\x9d\x84R\
\xe2\x05\xc0X\xbf\x0dp\x96t\x1e\x02\xda2\xdbQ\x05\
\x13/\x00\xa4\xfb\xe1\x12\xf2\xc8m3c\xfd\x1c\xd2I\
\xa8v+a\xe0\xed\x00\xdc#\x9d\x84\x00\x03\xac\x22\x9d\
\x84j7\xf1\x02\x10\x83\x8b\xa46^A:\x17\x01c\
\xa4\x13P\xed&^\x00\x00\xaa\x16\xdb\x9b\x03\xf7\x0a\xa7\
\x92\xdb\x8a\xd2\x09\xa8v+\xa2\x00\x00\xc4\xe0^#\xad\
\xfe\xbb_:\x97\x8c\x96\x95N@\xb5[1\x05\x00 \
\x06\xf7OR\x11x s\xe8G\x81\xdfU\xbf\xe7\xb4\
L\xe6xJ}@Q\x05\x00 \x06\xf7\x0a\xb0)\xf0\
P\x86p\x17\x01\xab\xc5\xe0V\x88\xc1\x8d%M\xc9\x8f\
\xcb\x10\xb7\xc7\x873\xc6Rj\x16E\xed\x05\xe8\xcdX\
\xbf\x04\xf0\x7f\xd4s\x9f\xfc20.\x06w]\x1fq\
\xe7\x01^\x00\x16\xa9!\xee\xccb\x0cn\xe1\x0cq\x94\
\xeaSq3\x80\x1e1\xb8\x97I\xfb\x02:=-\xbf\
\x1cX\xa5\xaf\xc1_\xc5\x9dL\x9e\xd9\x07\xa4\x15\x81J\
\x89)\xb6\x00\x00\xc4\xe0^$\x15\x81\xc7;t\xc9\xef\
\xc6\xe0v\xae\x9e5\x0cdR\x87\xe2\x0d\xe6_\x99\xe2\
(\xd5\xa7\xa2\x0b\x00@\x0c\xee\x05`c\xd2Q\xdd\xa3\
qT\x0c\xee\xd8!~\xed\xa2\xa3\x8c5T\x932\xc5\
Q\xaaO\xc5\x17\x00\x80\xaa\x83\xce\xc6\xc0\xd3#\xbc\xc4\
\xe11\xb8!5\xe2\xa8\x96\xe7\xe6:s`R\xa68\
J\xf5\xa9\x11\x05\x00 \x06\xf7,\xa9\x08<;\xcc?\
zH\x0c\xee\xb4a|\xfdg\x81\x85\x87\x19c\xa4&\
e\x8a\xa3T\x9f\x1aS\x00\x00\xaaC77\x06\x86\xda\
S\xef\x9b1\xb83\x87\x19f\x8fa~\xfdht\xea\
\xd9\x86R#\xd2\xa8\x02\x00\x10\x83{\x92T\x04^\x18\
\xe4K\x7f\x09\x9c2\x9ck\x1b\xeb\xe7\x07\xf6\x1eYf\
#\xd2\xa6U\x8f\xaa@\x8d+\x00\x001\xb8\xc7Io\
\x07^\xec\xe7K\xc6\x03\xfb\xc7\xe0\xa6\x0f\xf3\xd2_!\
\xed\xd2\xcbE\x0b\x80\x12\xd5\xc8\x02\x00\x10\x83{\x94T\
\x04^\x9e\xe9\x7f=\x0bl\x1f\x83\x1b\xd6+\xb6\xea\xf8\
\xb1\x83:\x94\xdePi\x01P\xa2\x1a[\x00\x00bp\
\x0f\x93\x8a\xc0\xc4\xea?\xbd\x0dl\x1b\x83\x9b\xd8\xff\x9f\
\xea\xd7\x16\xc0\x9a\x9d\xcam\x08\x1e\xaf\x16;)%\xa6\
\xd1\x05\x00 \x06\xf7\x10i\xef\xc0D\xd2I\xbc\xf7\x0d\
\xf7\x1a\xd5\xf9\x83\xff\xd3\xe9\xdc\x06qc\xe6xJ\xcd\
\xa2\xf1\x05\x00 \x06\xf7\x00\xe9\xc4\x9d\xdf\x8c\xf0\x12\xfb\
\x93\xef\xdd\x7f\x8f\x1b2\xc7Sj\x16\xc5n\x06\xca\xc5\
X\xbf\x18\xf0\x18\xf9\xde\xfd\x03L\x06\x16\x89\xc1\xbd\x9b\
1\xa6R\xb3\xe8\x8a\x19\xc0(\x1dC\xde\xc1\x0f\xf0{\
\x1d\xfc\xaa\x04\xad.\x00\xc6\xfa5I\xd3\xff\xdc~!\
\x10S\xa9Y\xb4\xb6\x00T\xfb\xfe/$\xff\xf7`\x22\
p}\xe6\x98J\xf5\xa9\xb5\x05\x00\xf8\x01\xb0\xaa@\xdc\
\x8bbpS\x05\xe2*5\x8bV\x16\x00c\xfd\x06\xc0\
\x11B\xe1u\xfa\xaf\x8a\xd1\xba\x02`\xac_\x10\xb8\x00\
\x997 7\xc7\xe0\x1e\x14\x88\xabT\x9fZW\x00H\
\x1b\x84\xa4\xba\xf1\xfeP(\xaeR}jU\x010\xd6\
o\x05|U(\xfc]\xa4&\xa7J\x15\xa35\x05\xc0\
X\xbf(p\x9e`\x0a?\x1c\xc1\xeeD\xa5j\xd5\x9a\
\x02\x00\x9c\x09,)\x14\xfb\x01\xf4\xd5\x9f*P+\x0a\
\x80\xb1~G`\x17\xc1\x14\x8e\x8a\xc1M\x13\x8c\xafT\
\x9f\xba\xbe\x00\x18\xeb\x97\x04\xce\x16L\xe1\x16\xf4\xd3_\
\x15\xaa\xab\x0b@\xd5\xe4\xe3\x5c\xf2\xb5\xf9\x9e\xd9tR\
Gb\xbd\xf7WE\xfa\x90t\x025\xdb\x13\xd8V0\
\xfe\x051\xb8{\x05\xe3gc\xac\x9f\x8f\xb4\xb2rY\
\xe0\xe3\xc0\xd2\xc0\xc7\x80\xf9\x81y\x80yI\x1f8\xef\
\x90\x1a\xb7\xbc\x0d\xbc\x01<C:\xf3\xe1\x09\xe0\x89\x18\
\xdc\xab\xd9\x93o\xb1\xae\xdd\x0el\xac_\x9a\xf4\xf0m\
!\xa1\x14\xde\x05>S\x1dl\xd2U\xaa\x99\xd5J\xa4\
nLc\x805\x80\xe5\xe9\xcc\x8c\xf2)\xe0v\xe0O\
\xd5\xafGt\x06U\x9f\xae,\x00\xc6\xfa\xd9\x81\x9bH\
G\x8dK9:\x06\x97\xf3\xa4\xe1Z\x19\xeb\xe7\x06\xb6\
\x04v\x046\x07\x96\xc8\x14\xfa\xef\xc0\xaf\x81Kbp\
Od\x8a\xd9\x1a\xddZ\x00\x0e\x04\xce\x12L\xe1!`\
\xcd\x18\xdc\x14\xc1\x1cF\xad\xfa\xa4\xdf\x00\xd8\x07\xd8\x8e\
\xbc\x1d\x93\xfb2\x1e8\x19\xb8V\xdf\xaatF\xd7\x15\
\x00c\xfdr\xc0}\xc0|\x82i\xac\x1f\x83\xbbC0\
\xfe\xa8\x18\xeb\x17\x00v#uI^M8\x9d\xbe<\
\x04\x9c@\x9a\x15\xbc'\x9dL\x93uU\x01\xa8>\xb1\
n\x016\x12L\xe3\xdc\x18\x9cD\x93\x91Q\xab6J\
\x1d\x0c\x1c\x0e,\x22\x9c\xceP\xdc\x0b\x1c\x10\x83\xbbK\
:\x91\xa6\xea\xb6\xb7\x00{\x22;\xf8_\x02\xbe%\x18\
\x7fD\xaa'\xf8\x87\x92\xb6H7a\xe0\xf7X\x03\xb8\
\xd3X\xff3\xd2b\xab\xc1\x8e}W3\xe9\x9a\x19@\
\xb5\xd6\xffa`1\xc14v\x8e\xc1].\x18\x7fX\
\xaa\x19\xd3N\xa4\xfb\xea\xa5\x85\xd3\x19\xad\x17\x80\x9db\
p\xe3\xa5\x13i\x92nZ\x08t\x12\xb2\x83\xff\x1a\xe0\
\x0a\xc1\xf8\xc3b\xac_\x95\xb4;\xf1R\x9a?\xf8\x01\
\x96\x02n3\xd6\x1fR\x1565\x04]\xf1\x8d\xaa:\
\xfc\xfcQ0\x85\x89\xc0\xaa1\xb8W\x04s\x18\x92\xea\
\x15\xe9\xc1\xc0\x89\xc0\xdc\xc2\xe9\xd4\xe5b`\x9f\xa6\xbf\
\x85\xc9\xa1\xf1\x05\xc0X?\x17\xe9aP\xee\x83=z\
\xfbR\x0c\xeeZ\xc1\xf8Cb\xac\xff(\xa9%\xd9\x96\
\xd2\xb9dp=\xb0\xa3\xb6_\x1fX7\xdc\x02\x1c\x81\
\xec\xe0?\xbf!\x83\x7f[\xd2a\xa4m\x18\xfc\x00[\
\x03\xd7Wo6T?\x1a=\x030\xd6\x7f\x9a\xb4\xdc\
w\x1e\xa1\x14\x9e\x01V\x8f\xc1\xbd!\x14\x7fP\xd5\x13\
\xfeS\x919\xff\xa0\x04\x7f\x02\xb6\x88\xc1M\x96N\xa4\
D\x8d\x9d\x01T\x0fz\xceBn\xf0O\x07\xf6*|\
\xf0\xaf\x0eL\xa0\xbd\x83\x1f\xd2J\xc6_T\xcf>\xd4\
L\x9a\xfcM\xd9\x01\xd9\xe9\xec\xe91\xb8\xdb\x04\xe3\x0f\
\xc8X?\x16\xb8\x03\xd9\xdb\xa3R|\x058V:\x89\
\x125\xb2\x00T\x1bSN\x14L\xe1a\xe0\xdb\x82\xf1\
\x07d\xac\xff\x1ap\x1d\xb0\x80t.\x05\xf9\xb6\xb1~\
W\xe9$J\xd3\xc8\x02\x00\x1c@\xdaw.\xe1}\xd2\
\xd4\xbf\xb8\xa7\xcb\xc6\xfa\xd9\x8d\xf5'\x02\xe7\x00sH\
\xe7S\xa0\xb3\x8d\xf5\x9f\x92N\xa2$\x8d{\x08h\xac\
_\x98\xd4<Bj\xc9\xeaq1\xb8\xa3\x85b\xf7\xab\
\xd7Y\x87;J\xe7R\xb8\xdb\x81\x8dbp\xefK'\
R\x82&\xce\x00\xbe\x8d\xdc\xe0\xbf\x8f\x02\xef%\x8d\xf5\
\x8b\x01\x7f@\x07\xffP\xac\x0f\xfc\xb7t\x12\xa5h\xd4\
\x0c\xc0X\xffI\xe0\x11dV\xb0M\x05\xd6\x8e\xc1\xdd\
/\x10\xbb_\xc6\xfa\xcf\x007\x00\xcbI\xe7\xd2 \x93\
\x81\x15bp\xcfJ'\x22\xadi3\x80\xe3\x90[\xbe\
\xfa\xbd\x02\x07\xffj\xa4&\x19:\xf8\x87g\x1eR?\
\x81\xd6kL\x010\xd6[`w\xa1\xf0\x13H;\xe6\
\x8aQ\x0d\xfe[\x90\xdd\x00\xd5d\xbb\x18\xeb\xbf \x9d\
\x84\xb4F\x14\x80j\xd1\x8f\xd4\x00\x9c\x06|\xb5\xa4\xce\
3\xd5N>\x1d\xfc\xa3WTQ\x97\xd0\x88\x02@j\
\xf2\xb1\x89P\xec\x1f\xc5\xe0\xfe*\x14{\x16\xc6\xfaU\
\xd0\xc1\xdf)c\x8c\xf5\xebI'!\xa9)\x05@\xea\
\xa9\xeds\xc0\xf7\x84b\xcf\xc2X\xbf2i\xf0\x7fD\
:\x97.r\xb8t\x02\x92\x8a\x7f\x0b`\xac_\x03\x90\
\xfa\x04\xde6\x06w\x9dP\xec\x0f0\xd6\xaf\x04\xdcJ\
\xbev\xdcm1\x9dt~C+[\x8e7a\x06\xf0\
M\xa1\xb8W\x174\xf8W\xa4\xf9\x83\xffu\xe0\x1f@\
1\xcfR*\xb3\x01_\x97NBJ\xd13\x00c\xfd\
2\xc0\xe3\xe4/To\x01+\xc5\xe0\x9e\xcf\x1cw\x16\
\xc6\xfa\x15H\xad\xbb\xa4\x8e6\x1f\xae\xf7I\x9b\x90\xae\
\x07\xee\x22\xf5\xea{1\x06\xf7\x0e\xcc\xe8H\xb4\x08\xf0\
)`+`{RsOI/\x03K\xb5qu`\
\xe9]\x81\x0fGf\x96\xe2\x0b\x19\xfcK\x017\xd3\x8c\
\xc1\x7f=\xf0+\xe0\xa6\x18\xdc\xeb\xfd}Qu\xa0\xc7\
\xab\xd5\xaf\x09\xc0\x0f\xaam\xcb?&m\xdd\x95\xb0\x04\
\xb01\xe9{\xdd*\xc5\x16\x00c\xfdGH'\xd2\xe4\
\xf6\x0c\xf0#\x81\xb8\x1f`\xac7\xc0\x8d\xa4\x836K\
\xf5>\xa9\xa9\xe8\x891\xb8\xbf\x8d\xf4\x221\xb8\xfb\x8d\
\xf5\x1b\x02{\x00?!\x1d(\x9a\xdb.\xb4\xb0\x00\x14\
{\x0b`\xac?\x06\xf8\xae@\xe8]bp\x97\x0a\xc4\
\x9d\xa1\xeasx#r\xaf>\x073\x1d8\x0f8>\
\x06\xf7d'/l\xac\x1f\x03\xfc\x8e\xfc[\x99#\xb0\
x\xdb\x1a\x89\x16\xf9\x10\xd0X\xff!\xe0k\x02\xa1\xff\
\x0c\x5c&\x10w\x86j\xd1\xd3\xf9\x94;\xf8\x1f\x04\xc6\
\xc4\xe0\xc6uz\xf0\x03TG\xaamAz\x0e\x93\x93\
\x01\xd6\xc9\x1cS\x5c\x91\x05\x80\xbc\xa7\xcf\xf6\xf6\x8d\x02\
\x8e\xa2\xf6\xa4s\xf9J3\x058\x1a\xb01\xb8;\xeb\
\x0cT]\xff\xc8:c\xf4\xa3\xd4\xa2[\x9bR\x9f\x01\
\xec)\x10\xf3\x0a\xe9Se\x8c\xf5\x07\x00GI\xe6\xd0\
\x8f\x09\xc0\x1e1\xb8\x873\xc6\xfc)\xa9\x95\xd7\x86\x19\
cn\x0a\x1c\x931\x9e\xb8\xe2f\x00\xc6\xfa\x85HG\
Q\xe74\x8d\xf4\xe9&\xc6X\xff%\xd2\x93\xf0\xd2\x9c\
\x07l\x90y\xf0\xf7\xbc-\x18Gz\xd0\x98\xcb\xba\xc6\
z\x89\x07\x90b\x8a+\x00\xc0\x97\xc9\xdf\xe9\xf7\xd2\x18\
\xdc#\x99c\xce`\xac_\x17\xb8\x84\xb2\xfe=\xa6\x92\
\xba\x09\x8f\x93j\xa9\x1d\x83{\x0c\xf8m\xc6\x90s\x02\
\x9f\xcb\x18O\x5c\x89\xb7\x00{d\x8e7\x9dt\xdf-\
\xa2j\xe8q\x1d0\xafT\x0e}x\x11\xd8\xa1\xee{\
\xfd!:\x0b\xf8\x8f\x8c\xf1V#-\xbcj\x85\x92>\
qz:\xfel\x949\xec\x151\xb8\x872\xc7\x04f\
\xacu\xb8\x91\xb2v\xf6\x05`\xadB\x06?\xa4%\xd0\
9o?V\xcf\x18K\x5cQ\x05\x80\xf4\xd0'\xb7\xe3\
\x04bb\xac\x9f\x17\xb8\x16\xf8\xb4D\xfc~\xdc\x06l\
\x1c\x83{Q:\x91\x1e\xd5[\x99k2\x86\xd4\x02 \
(\xf7A\x1f\xbf\x19\xcd\x0a\xb6\x912\xd6\xcfAZ6\
\xbbn\xee\xd8\x03\xb8\x16\x18[\xe8IG\xb7f\x8c\xb5\
Z\xf5\xef\xd3\x0a\xc5\x14\x80\xea\x0c\xbb1\x99\xc3\x9e\x91\
9^\x8f\x93\xc9{_;\x98\x0bI\xf7\xfc\xc5\x9du\
P\xb9\x83\xf4P2\x87yi\xc6\xde\x8b\x8e(\xa6\x00\
\x90\x06\xff\x5c\x19\xe3=\x8a\xc0\xc3\x1ec\xfd\xc1\xc0a\
\xb9\xe3\x0e\xe0G\xc0\xde%\xb5<\x9bY\xb5\x93\xf0\xcf\
\x19C\x96\xbc\xff\xa2\xa3J*\x00\x9be\x8ewN\xee\
U\x7f\xd5\xbb\xfe\xd3s\xc6\x1c\x84'\xad~\x9c&\x9d\
\xc8\x10\xe4\xbcU\xd3\x02  g\x01\x98\x0c\x5c\x901\
\x1e\xc6\xfa\xcf\x93\xde\xf5\x97\xb2\x01\xebT\xe0\xe8\x02\x96\
>\x0fU\xce\x8e=Ke\x8c%\xaa\x88\x02P\x9dl\
\xb3f\xc6\x90\x97\xc7\xe0^\xcb\x15\xccX\xbf,e\xbd\
\xeb?\x1b8\xb2A\x83\x1f\xf2\x16\x80\xd6\xcc\x00JY\
\x08\xb41y?\x19/\xce\x15\xc8X\xbf\x08\xe9\xe4\x9e\
\xc5s\xc5\x1c\xc4\x05\xc0\xd7\x1b6\xf8\x01:\xbe\xf3p\
\x00G\x1a\xeb\xb3lF\x8a\xc1\x89\xce\x08K)\x00k\
g\x8c\xf5\x06\x99\x1e\xfeU\x07v\xfe\x06X!G\xbc\
!\xb8\x1c\xd8\xaf!\xf7\xfc\x18\xeb\xe7\x04V\x01\xd6\x02\
Z\xdd\xbe\xbb.\xa5\x14\x80\x952\xc6\xba1G\xd3\x87\
\xaa\xf7\xdd/\x90ks5\xb3\xeb\x80\xddK~\xdao\
\xac_\x82\xf4,h\x0c\xe9Cau\xe4\x8e\x82k\x85\
6\x16\x80\x5c\x9bK<2+\x1b\xfbr\x1b\xb0S\x0c\
.\xd7\xbb\xf4!1\xd6\xcfM\x1a\xec[\x90\x16\x81\xad\
!\x9aP\x0b\x89\x17\x80j\x9a\xbcl\xa6p\xef\x91\xd6\
\xde\xd7\xcaX\xffU\xe0[u\xc7\x19\xa2\x87\x80\xed\xa5\
v\xf4\xcd\xac\x9a\xd6oA:\xe7q[`>\xd9\x8c\
\xdaM\xbc\x00\x00\x9f!\xdf\xdb\x88\xbf\xc6\xe0&\xd5\x19\
\xc0X?\x96\xd4\xd8\xb2\x04/\x01[\x0d\xd4\xa57\x87\
\xaa\xcd\xd9\xba\xa4NG;S\xd6\xe6\xa7V+\xa1\x00\
\xe4\x9c\xfeO\xa8\xf3\xe2\xc6\xfa\xcf\x01W\x02%\xac%\
\x7f\x1b\xd8&\x06\xf7\x8cT\x02\xd5\x86\xa7=H+\x1f\
W\x94\xcaC\xf5\xafm\x05\xe0/u]\xb8\xda\xd7\x7f\
=eLi\xa7\x91\xee\xf9k\xfb\xfb\x0e\xa4\xda\xe6|\
 p\x10z\x8ea\xd1J(\x00\xcbd\x8cU\xcb\x0c\
\xc0X\xbf$p\x13\xe5\xfc\xb0\x1f\x10\x83\xbb!wP\
c\xfdGI\xad\xd5\xf6&\x7fW'5\x02%\x14\x80\
\x852\xc5y\x8f\xf4@\xac\xa3\x8c\xf5\x0b\x92\x16\xfa\xe4\
,d\x039>\x06\xf7\xd3\x9c\x01\xab\xef\xc1\x91\xa4\x93\
\x9cJ\x98\x01\xa9!jS\x01x\xb5\xd3\xaf\xc1\xaa\x03\
<\xae&\xef2\xe6\x81\x5c\x0a|'W\xb0\xea\x89\xfe\
8\xd2\x11\xea\xa5\xactT\xc3\xd0\xa6\x02\xd0\xd1\xb5\xff\
\xbd\x16\xfa\xe4\xde\xc5\xd8\x9f;H\xdbz\xb3\xac\xf23\
\xd6\x7f\x81\xd418\xe73\x1c\xd5am*\x00\x9d~\
\x15v\x12\xb0k\x87\xaf9RO\x90\xe9]\x7f\xf5d\
\xffX\xe0\x1b\x94\xb3\xb3Q\x8dP\x09\x05`\xc1Lq\
:V\x00\x8c\xf5\x87\x93\xeewK\xf0:\xb0u\x0c\xee\
\x95\xba\x03U\xe7\xf6\x9d\x0f,_w,\x95G\x09\x05\
 \xd7\x0c\xa0#\x8c\xf5\xbb\x02\xa7H\xe7Q\x99J\xfa\
\xe4\xaf\xf5L\x83\xea\xac\xc6\x1f\x90V7\xea\xa7~\x17\
)\xa1\x00\xe4:\x89e\xd4q\x8c\xf5\xdb\x93\xb9\x91\xc8\
 \xf6\x8b\xc1\xddVg\x80\xea\x9d\xfe%\xa4c\xb3T\
\x97)\xa1!H\xae5\xea\xa3j\xf4h\xac\xdf\x96\xb4\
\x9d\xb6\x84\xa2\x09pl\x0c\xee\xc2:\x03\x18\xeb\xd7&\
-\x9e\xd2\xc1\xdf\xa5J(\x00\xefd\x8a\xb3l\xf5\xe4\
~\xd8\x8c\xf5[\x93\x96\xf8\x962\xf8\x7fMz\xf5V\
\x1bc\xfd>\xc0\xed\xc0\xd2u\xc6Q\xb2J\xf8\x81~\
\x07X4C\x9c\xb9I\xdbM\xc3p\xfe\x90\xb1\xfe\x8b\
\xa4w\xfds\xd6\x90\xd3H\xdc\x0e\xec[WG\x9fj\
\xe3\xce\xf7\xa8\xb9\xc0\xa82\x940\x03\x98\x981\xd66\
\xc3\xf9bc\xfdV\xa4\x8e>9\xdb\x95\x0f\xa4\xd6\xd7\
}\xd5\x0c\xe9\x0ct\xf0\xb7F\x09\x05\xe0\xe9\x8c\xb1\x0e\
\xac\xfa\x0f\x0c\xcaX\xbf/\xe9\xb4\x9cR:\xd2\xbcN\
\xda\xda\xfbj\x1d\x17\xafV5\xfe\x0a\xf8z\x1d\xd7W\
e*\xe1\x16\xe0\xa9\x8c\xb1\x96 -b\xe9\xb7\xe1c\
\xa1S\xe0)\xa4O\xfeG\xeb\xb8x\xb5\xb8\xe7*`\
l\x1d\xd7W\xe5*\xa1\x00\xd4\xf2C=\x80#\x8c\xf5\
\xef\x00\xbewo\xc0j\xe0o\x09|\x1fX'sN\
\x03\x99\x0e\xecV\xd7\xeb\xbej=\xffe\xe8\xe0o\xa5\
\x12\x0a@\xce#\x9fz|\x17\xd8\xcfX\x7f3\xf0&\
\xb0\x1ciM\xfb'\x04r\x19\xccA1\xb8+\xeb\xb8\
pu\xcf\x7f\x1e\xf0\xefu\x5c_\x95\xaf\x84\x02\xf0 \
i\x10\xe6Z\x12\xdc\xe3c\xc0\x9e\x99c\x0e\xd7\xf7c\
pg\xd7q\xe1j\xc6s\x1a\xa9c\x8fj)\xf1\x87\
\x801\xb8\xf7\x81;\xa5\xf3(\xd0OH\xcbo\xeb\xe2\
\x80Ck\xbc\xbej\x80\x12f\x00\x90z\xd6o!\x9d\
DA\xae\x04\x0e\xa9\xf1]\xff\x0e\xa4\x87\xa1\xaaoO\
\x02\x7f\x95N\x22\x87R\x0a\xc05\xc0\x99\xd2I\x14\xe2\
\x16\xd2\x01\x1e\xef\xd7qqc\xfd\x0a\xa4>\x06\xaa\x7f\
\xbf\x8e\xc1\x1d-\x9dD\x0e\xe2\xb7\x00\x001\xb8\x17\x80\
\xf1\xd2y\x14 \x00\xdb\xc5\xe0\xfeU\xc7\xc5\x8d\xf5\x0b\
\x90V5\xe6~\xde2Z/\x90\xf76\xf1\xa5\x8c\xb1\
D\x15Q\x00*\xe7J' \xecq`l\x0c\xee\xcd\
:.^=\xf4\xfb\x19\xb0r\x1d\xd7\xaf\xc1\xfd\xa4\xdb\
\x94\xb5I\xfb\x11j?\xd0\xa5\x97\x173\xc6\x12U\xca\
-\x00\xa4w\xd1'\x91\x16\xeb\xb4\xcdK\xc0\x161\xb8\
:\x97E\xefM9G\x95\xf5\xe7%\xd2R\xe4Kb\
pO\xf7\xfe\x1f\xc6\xfa\x9c\xad\xc7ZS\x00\x8a\x99\x01\
T\xd3\xde\xb3\xa4\xf3\x10\xf02\xb0I\x0c\xae\xb6\x15\x91\
U\xbb\xeeS\xeb\xba~\x07<\x0c\xec\x07|*\x06w\
\xfc\xcc\x83\xbf\xa2\x05\xa0\x06%\xcd\x00\x00N\x07\x0e\xa6\
\x9c\xfe\xfau\x9bH\x1a\xfc\x7f\xaf9\xce\x19\xc0\xc25\
\xc7\x18\x89;\x81\x13\x80\xff\x1d\xa8\x99i\xb5`)\xe7\
\x11\xeb\xfa\x0c@B\x0c\xee\x0d\xcaZ\x83_\xa7WH\
\x83\xbf\xe3g\x15\xf4f\xac\xdf\x0e\xf8r\x9d1F\xe0\
\x15RC\xd511\xb8k\x87\xd0\xc9\xf8\x93\xc0\xbc\xf5\
\xa7\x05\xc0\xa4R\x0eR\xcd\xa1\xb4\x19\x00\xa4\x07U\x07\
\x01\xabH'R\xa3WI\x83\xff\xc1:\x83TO\xfd\
K\xbb\xad:\x1f82\x067\x9c6\xed9\xa7\xff9\
7\xa7\x89+j\x06\x00\x10\x83{\x0f\xd8\x8bt\x92O\
7\xea\x19\xfc\x0fd\x88u0i\xc9s\x09\x1e#\xfd\
\xbd\xf7\x1d\xe6\xe0\x87\xbc\x05\xe0\xe1\x8c\xb1\xc4\x15W\x00\
\x00\xaaC-\xeb\x5c\x06+\xe5\x9f\xc0\xa61\xb8\xbf\xd5\
\x1d\xc8X\xbf\x10\x03l{\xce\xecB`\xf5\x18\xdc\xad\
#\xfc\xf39_]\xd6\xdaa\xb94E\x16\x80\xca\xf1\
\xc0\x1f\xa5\x93\xe8\xa0\x9e\xc1\x7f\x7f\xa6x\x87\x02\x1f\xce\
\x14k G\x01\xff9\xca\xfb\xeau;\x95\xcc\x10\xb4\
\xaa\x00\x14\xdd\xe3\xddX\xbf\x18i\xbb\xf0\xb2\xd2\xb9\x8c\
\xd2\x13\xa4n>Yz\x1f\x18\xeb\x17&uZ29\
\xe2\xf5\xe3\x1d`\x8f\x18\xdc\xd5\xa3\xb9H\xd5\x96<g\
\xdb\xb85cp\xf7f\x8c'\xaa\xe4\x19\x00U\xfb\xab\
m\x80(\x9d\xcb(\xdc\x05|!\xd7\xe0\xaf\x8cCv\
\xf0\xff\x03\xd8`\xb4\x83\xbf\xb2A\x07\xae1\x1c\x8fe\
\x8e'\xaa\xe8\x02\x00P\xbd#\xdf\x8a\xd43\xa0i\xae\
\x22=\xf8\xaa\xfd\xd8\xae\x1e\xd5\x92\xdf}s\xc5\xeb\xc3\
\xf3\xa4\x827\xac\xee\xcb\x03\xf8\xb7\x0e]g(\x9e\x8b\
\xc1\xbd\x9d1\x9e\xb8\xe2\x0b\x00@\x0cn<i\xbb\xf0\
\x1b\xd2\xb9\x0c\xc3)\xc0N1\xb8w3\xc7]\x8f\xbc\
\x8bfz\xfb'\xb0y\x0c\xee\xd9\x0e^s\xc3\x0e^\
k0\x7f\xc9\x18\xab\x08\x8d(\x00\x001\xb8\xbbH'\
\xd4\x94\xbeLs\x0ap`\x0c\xee\xc8\x5cGu\xcfd\
\x1f\x81\x98\x00o\x9363u\xec5Z\xf5,\xe3\xb3\
\x9d\xba\xde\x10\xdc\x951V\x11\x1aS\x00\x00bp\x13\
H\xbb\xc3\xee\x96\xce\xa5\x1f\x7f&=D\xaa\xa5\x8d\xd7\
`\xaa\x85?;\x0b\x84\x9eB\xda\xc6|O\x87\xaf;\
\x86\xbc\x0f\xaa\xb5\x00\x94.\x06\xf7\x0f\xd2\xb4Pd\x90\
\xf5c2\xe9\xb8\xf01u/\xed\x1d\xc4\xc6\xe4;l\
\xb5\xb7}bp7\xd7p\xddmk\xb8f\x7f\xa6\x01\
\x132\xc6+B\x89K\x81\x07U\xbdS>\xd0X\x7f\
\x19\xf0sRW_)\x7f\x22\x1d\xd5U\xc2\xd3\xe3\xcd\
\x04b^\x15\x83\xbb\xb8\xd3\x17\xad\x0e*\xd9\xb1\xd3\xd7\
\x1d\xc0\xfdm{\x00\x08\x0d\x9c\x01\xf4V\xf5\xca_\x1d\
\xf8&\xe9\x01TN7\x01\x9b\x03\x1b\x162\xf8!\xe5\
\x93\xd3k\xd4w\x92\xd0X\xf2.d\x92hO/\xae\
\x913\x80\xde\xaa\xa7\xec'\x1b\xeb\xcf!\xfd0\xeeO\
}\xfd\xfd\xa7\x92N\xe6=-\xe3\x8a\xbe!1\xd6\x7f\
\x9c\xbck\xe6\x01\x0e\x8d\xc1\xd5\xb5uv\xb7\x9a\xae\xdb\
\x9f;2\xc7+B\xe3\x0b@\x8f\xaa\x95\xd6\xf1\xc6\xfa\
\x13I\xf7\xc2{\x01_d\xf4\xbd\x05\xa6\x91N\xe4\xbd\
\x16\xb8\xb4\xea_X\xa2\x8d2\xc7\xbb\x11\xe8\xf8\xd4\x1f\
f\xecc\xc8}X\xc9M\x99\xe3\x15\xa1k\x0a@\x8f\
\xea\xd5\xdb\x1f\x80?T\x8d$V\x056\xa9~_\xbe\
\xfa\xb58}?]~\x87\xb4\x84\xf6iR\x83\xce;\
\x81\xbbF\xb0{M\xc2\xaa\x99\xe3}\xa7\xae\xb6\xe5\xc0\
\xf6\xc0\x90\x0eq\xed\x90{jn\xc7V\xac\xae+\x00\
\xbdU\xc5\xe0\xfe\xea\xd7\x0cUa\x98\x9f\xd4\x1dwn\
\xd2;\xec\xb7\x80wk\xfc\xa1\xae\xdb\x8a\x19c\xdd\xda\
\xc1\x95~\x1fP\xadd\x1cW\xc7\xb5\x07\x90\xb3\xe1h\
Q\xba\xba\x00\xf4\xa7*\x0co\xd2\xcc\xe5\xc5\xfd\xc9y\
\xff\xff\xf3\x1a\xaf\xbd)\xe9\xfd\x7fN7d\x8eW\x8c\
F\xbf\x05PI\xf5\xca\xec\xd3\x99\xc2\xfd\x8bt\x92S\
\xc7U\x9f\xfe\xc7\xd4q\xed\x01\xbcJ\x0b\xdf\xff\xf7\xd0\
\x02\xd0\x1d>\x01\xcc\x91)\xd6\xf8\xba\xce. \xed\xf7\
X\xaf\xa6k\xf7\xe7\x86\xbaNaj\x02-\x00\xdda\
\xe1\x8c\xb1j\xd90#\xf4\xe9\x0f\xf0+\x81\x98\xc5\xd0\
\x02\xd0\x1dr\x1e\xf5UW\xc7\x9cm\x80uj\xbav\
\x7f^ \x9d\xc5\xd8ZZ\x00\xba\xc3B\x19cu\xfc\
\x95\xa8\xb1~\x09R7\xe8\xdc.j\xf3\xf4\x1f\xb4\x00\
t\x8b\x9c3\x80\x8e\xf6\xcc\xaf^\xc9^\x80\xcc\x91p\
\x17\x08\xc4,\x8a\x16\x80\xee\x90\xeb\xd0\x0c\x80E:|\
\xbd\xc3\x80-;|\xcd\xa1\xb8\xbb\x93\xbd\x0b\x9aJ\x0b\
@w\xc8\xd9uh\xf9N]\xc8X\xbf6\xa9\xfb\xb3\
\x04\x89[\x8e\xe2h\x01\xe8\x0eoe\x8c\xb5i'.\
b\xac_\x85\xb4\x00g\xceN\x5co\x98^\xa6\xe5O\
\xff{h\x01\xe8\x0e9\x0b\xc0z\xc6\xfa\xcf\x8f\xe6\x02\
\xc6\xfa\xb5\x80[\x91;\x04\xf6\xf46\x9d\xff7\x10-\
\x00\xdd\xe1\xb9\xcc\xf1\xce5\xd6\xcf7\xdc?d\xac\x9f\
\xcdX\xbf\x0fi\xeb\xad\xd4\xe0\x7f\x0b8G(vq\
\xb4\x00t\x87\xa7H\xdb\x96sY\x03\xb8\xa6j\xda9\
$\xd5\x94\xff&\xe0<\xd2\x06,)?\x8b\xc1\xbd.\
\x18\xbf(E\x9f\x0c\xa4\x86\xceX\xff$\xb0L\xe6\xb0\
\xcf\x01'\x90\xfa$\xcc\xb2>\xc0X\xbf8\xe9\x99\xc1\
\xde\xa4ve\xd2?oS\x81\xe5:\xdc\xb6\xbc\xd1\xa4\
\xffAT\x87\x18\xeb\xaf&\xed\xa3\x970\x1dx\x90\xd4\
\xb2}2ii\xf2\xc7\xc8\xb7Ai\xa8N\x89\xc1\x95\
r`j\x11Z\xb9\x1d\xb8K\xfd\x11\xb9\x020\x1b\xa9\
!I\xee\xa6$\xc3\xf1\x0ap\x9ct\x12\xa5\xd1g\x00\
\xdd\xa3\x9bNR\xae\xc3\xd11\xb8&\x9f1Y\x0b-\
\x00\xdd\xe3>\xf2\x9e\xa2\xdb$\x0f\x90\x1e>\xaa\x99h\
\x01\xe8\x12\xd5\xa6\x96\xcb\xa4\xf3(\xd4a1\xb8\xf7\xa4\
\x93(\x91\x16\x80\xeeRK\x97\xde\x86;\xb7\xa6S\x8b\
\xba\x82\x16\x80\xeer7i\xba\xab\x92'\x80#\xa4\x93\
(\x99\x16\x80.Ru4\x96\xda\x5cS\x9ai\xc0^\
1\xb8\x9c\xcb\xa4\x1bG\x0b@\xf7\xb9\x9c\xf4\xc9\xd7v\
'\xc5\xe0Zy\xda\xcfph\x01\xe82\xd5\xc3\xae\xa3\
\xa5\xf3\x10v'\xf0}\xe9$\x9a@\x0b@w\xba\x94\
t:R\x1b=\x0bl\x1f\x83\xfb\x97t\x22M\xa0K\
\x81\xbb\x94\xb1~\x05\xd2\x89HsI\xe7\x92\xd1[\xc0\
\x98\xd2\x0en-\x99\xce\x00\xbaT\x0c\xee\x11\xd2\xb1\xe9\
m1\x1d\xd8U\x07\xff\xf0h\x01\xe8ng\x00\xd7H\
'\x91\xc9!1\xb8ZN,\xeafz\x0b\xd0\xe5\xaa\
=\xfb\xf7\x00\xcb\x09\xa7R\xa7\x83bp?\x91N\xa2\
\x89t\x06\xd0\xe5bp\x93H]w_\x12N\xa5\x0e\
\xd3\x81q:\xf8GNg\x00-a\xac_\x9d\xb4c\
\xd0H\xe7\xd2!\xd3\x80\xbdcp\x17J'\xd2d:\
\x03h\x89\xea\xe1\xd8\x96\xd4p\xb2\x8f\x80\xd7\x80\xadu\
\xf0\x8f\x9e\xce\x00Z\xc6X\xbf\x12\xf0{\xe0\xe3\xd2\xb9\
\x8c\xd0\x04\xe0\xcb1\xb8g\xa4\x13\xe9\x06:\x03h\x99\
\x18\xdc\xdfIGp\x07\xe9\x5cF\xe0\x1c`}\x1d\xfc\
\x9d\xa33\x80\x962\xd6\xcf\x0d\x9c\x0c\x1c,\x9d\xcb\x10\
<\x05\x1c\xaa\xaf\xf9:O\x0b@\xcb\x19\xeb\xb7\x03\xce\
\x225\xf1,\xcdd\xe0\x87\xc0\xc9z\x90G=\xb4\x00\
(\x8c\xf5\x0b\x926\x10\x1dF\x19\x8db{\xba\x1b\xb9\
\x18\xdc\xd3\xc2\xb9t5-\x00j\x06c\xfd\xf2\xa4\xe5\
\xc3{\x22sf\xdf\xeb\xc0O\x81\x1f\xc7\xe0\x9e\x17\x88\
\xdf:Z\x00\xd4,\x8c\xf5K\x91\x9e\x0d\xecF\xfdo\
\x0b\xde#\xadO\xb8\x02\xb8(\x06\xf7v\xcd\xf1T/\
Z\x00T\xbf\x8c\xf5\xb3\x93\xde\x18\xec\x0cl\x02\xac\xdc\
\xa1K\xbfBz\x15y\x1dpS\xb5ZQ\x09\xd0\x02\
\xa0\x86\xccX\xbf\x18\xb0>\xb0\x0a\xb0,\xe9\xe4\x9f\xa5\
\x80\x05\x80\xf9\xab_\x93\x817\x80X\xfd\xfe\x06\xf0$\
\xa9W\xe1\x03\xa4\x13\x84&V\xed\xcb\x94RJ)\xa5\
\x94RJ)\xa5\x94RJ)\xa5\x94RJ)\xa5\x94\
RJ)\xa5\x94RJ)\xa5\x94RJ)\xa5\x94R\
J)\xa5\x94RJ)\xa5\x94RJ)\xa5\x94RJ\
)\xa5\x94RJ)\xa5\x94RJ)\xa5\x94RJ)\
\xa5\x94RJ)\xa5\x94RJ)\xa5\x8a\xf7\xffr\xf1\
\xa8\xae\xcf\xba\x0b\xd5\x00\x00\x00\x00IEND\xaeB\
`\x82\
"

qt_resource_name = b"\
\x00\x07\
\x0c\xe8G\xe5\
\x00e\
\x00x\x00a\x00m\x00p\x00l\x00e\
\x00\x03\
\x00\x00x\xc3\
\x00r\
\x00e\x00s\
\x00\x03\
\x00\x00x<\
\x00q\
\x00m\x00l\
\x00\x04\
\x00\x06\xc4\xee\
\x00i\
\x001\x008\x00n\
\x00\x10\
\x06\xcaA}\
\x00e\
\x00x\x00a\x00m\x00p\x00l\x00e\x00_\x00z\x00h\x00_\x00C\x00N\x00.\x00q\x00m\
\x00\x10\
\x0c\xb44\xfd\
\x00e\
\x00x\x00a\x00m\x00p\x00l\x00e\x00_\x00e\x00n\x00_\x00U\x00S\x00.\x00q\x00m\
\x00\x06\
\x07\xe0Kg\
\x00w\
\x00i\x00n\x00d\x00o\x00w\
\x00\x06\
\x06\xe3X|\
\x00g\
\x00l\x00o\x00b\x00a\x00l\
\x00\x05\
\x00z\xa8\xa5\
\x00s\
\x00t\x00a\x00t\x00e\
\x00\x09\
\x04v\xa0\x94\
\x00c\
\x00o\x00m\x00p\x00o\x00n\x00e\x00n\x00t\
\x00\x04\
\x00\x07\xb6\x5c\
\x00t\
\x00o\x00o\x00l\
\x00\x04\
\x00\x07g\xd5\
\x00p\
\x00a\x00g\x00e\
\x00\x0a\
\x06T!\x5c\
\x00T\
\x00_\x00T\x00o\x00o\x00l\x00.\x00q\x00m\x00l\
\x00\x0e\
\x0d\xdf7\xbc\
\x00T\
\x00_\x00S\x00e\x00t\x00t\x00i\x00n\x00g\x00s\x00.\x00q\x00m\x00l\
\x00\x0e\
\x07\xad\xfa|\
\x00T\
\x00o\x00o\x00l\x00W\x00i\x00n\x00d\x00o\x00w\x00.\x00q\x00m\x00l\
\x00\x0b\
\x08\xc5\x9c<\
\x00T\
\x00o\x00o\x00l\x00A\x00p\x00p\x00.\x00q\x00m\x00l\
\x00\x0b\
\x00Yv\x14\
\x00d\
\x00a\x00i\x00l\x00y\x00r\x00e\x00p\x00o\x00r\x00t\
\x00\x09\
\x08xY\x04\
\x00j\
\x00i\x00r\x00a\x00a\x00u\x00d\x00i\x00t\
\x00\x0f\
\x00\x1eZ\x04\
\x00c\
\x00o\x00n\x00f\x00l\x00u\x00e\x00n\x00c\x00e\x00a\x00u\x00d\x00i\x00t\
\x00\x05\
\x00p\xaa\xb5\
\x00i\
\x00s\x00s\x00u\x00e\
\x00\x07\
\x08\xbb@\xa5\
\x00r\
\x00e\x00d\x00m\x00i\x00n\x00e\
\x00\x15\
\x0bc\x08\x9c\
\x00T\
\x00o\x00o\x00l\x00G\x00r\x00o\x00u\x00p\x00E\x00x\x00p\x00a\x00n\x00d\x00e\x00r\
\x00.\x00q\x00m\x00l\
\x00\x14\
\x0d\x96>\x1c\
\x00R\
\x00e\x00d\x00m\x00i\x00n\x00e\x00W\x00o\x00r\x00k\x00s\x00p\x00a\x00c\x00e\x00.\
\x00q\x00m\x00l\
\x00\x14\
\x07\xa6q|\
\x00R\
\x00e\x00d\x00m\x00i\x00n\x00e\x00L\x00o\x00g\x00i\x00n\x00V\x00i\x00e\x00w\x00.\
\x00q\x00m\x00l\
\x00\x14\
\x09\xdd\x1c\x1c\
\x00I\
\x00s\x00s\x00u\x00e\x00D\x00e\x00s\x00c\x00r\x00i\x00p\x00t\x00i\x00o\x00n\x00.\
\x00q\x00m\x00l\
\x00\x19\
\x00\x0b\xbd\xdc\
\x00J\
\x00i\x00r\x00a\x00C\x00r\x00e\x00a\x00t\x00e\x00B\x00a\x00t\x00c\x00h\x00D\x00i\
\x00a\x00l\x00o\x00g\x00.\x00q\x00m\x00l\
\x00\x11\
\x07=}\xdc\
\x00I\
\x00s\x00s\x00u\x00e\x00C\x00o\x00m\x00m\x00e\x00n\x00t\x00s\x00.\x00q\x00m\x00l\
\
\x00\x19\
\x02\xc2l<\
\x00J\
\x00i\x00r\x00a\x00O\x00p\x00t\x00i\x00o\x00n\x00M\x00u\x00l\x00t\x00i\x00P\x00i\
\x00c\x00k\x00e\x00r\x00.\x00q\x00m\x00l\
\x00\x13\
\x0b\x13\x09|\
\x00J\
\x00i\x00r\x00a\x00C\x00r\x00e\x00a\x00t\x00e\x00F\x00i\x00e\x00l\x00d\x00.\x00q\
\x00m\x00l\
\x00\x14\
\x0b\xeb\xfa\x1c\
\x00I\
\x00s\x00s\x00u\x00e\x00A\x00t\x00t\x00a\x00c\x00h\x00m\x00e\x00n\x00t\x00s\x00.\
\x00q\x00m\x00l\
\x00\x19\
\x0b`\xb7|\
\x00J\
\x00i\x00r\x00a\x00I\x00s\x00s\x00u\x00e\x00D\x00e\x00t\x00a\x00i\x00l\x00L\x00a\
\x00y\x00o\x00u\x00t\x00.\x00q\x00m\x00l\
\x00\x1a\
\x0f\x1fZ\x5c\
\x00J\
\x00i\x00r\x00a\x00I\x00s\x00s\x00u\x00e\x00B\x00r\x00o\x00w\x00s\x00e\x00r\x00L\
\x00a\x00y\x00o\x00u\x00t\x00.\x00q\x00m\x00l\
\x00\x17\
\x02d.\xbc\
\x00I\
\x00s\x00s\x00u\x00e\x00A\x00t\x00t\x00a\x00c\x00h\x00m\x00e\x00n\x00t\x00C\x00a\
\x00r\x00d\x00.\x00q\x00m\x00l\
\x00\x13\
\x04/3\x9c\
\x00I\
\x00s\x00s\x00u\x00e\x00D\x00e\x00t\x00a\x00i\x00l\x00V\x00i\x00e\x00w\x00.\x00q\
\x00m\x00l\
\x00\x15\
\x03\xb7\xa1<\
\x00I\
\x00s\x00s\x00u\x00e\x00F\x00i\x00e\x00l\x00d\x00S\x00e\x00c\x00t\x00i\x00o\x00n\
\x00.\x00q\x00m\x00l\
\x00\x0f\
\x0f\xb7\xc4|\
\x00I\
\x00s\x00s\x00u\x00e\x00H\x00e\x00a\x00d\x00e\x00r\x00.\x00q\x00m\x00l\
\x00\x14\
\x0d*#\x5c\
\x00J\
\x00i\x00r\x00a\x00I\x00s\x00s\x00u\x00e\x00S\x00e\x00c\x00t\x00i\x00o\x00n\x00.\
\x00q\x00m\x00l\
\x00\x17\
\x07.\x91\xbc\
\x00J\
\x00i\x00r\x00a\x00C\x00r\x00e\x00a\x00t\x00e\x00D\x00r\x00a\x00f\x00t\x00C\x00a\
\x00r\x00d\x00.\x00q\x00m\x00l\
\x00\x1c\
\x0c\xf4\x82\x9c\
\x00C\
\x00o\x00n\x00f\x00l\x00u\x00e\x00n\x00c\x00e\x00A\x00u\x00d\x00i\x00t\x00W\x00o\
\x00r\x00k\x00s\x00p\x00a\x00c\x00e\x00.\x00q\x00m\x00l\
\x00\x16\
\x05DF\x9c\
\x00J\
\x00i\x00r\x00a\x00A\x00u\x00d\x00i\x00t\x00W\x00o\x00r\x00k\x00s\x00p\x00a\x00c\
\x00e\x00.\x00q\x00m\x00l\
\x00\x16\
\x03c\x14\x1c\
\x00D\
\x00a\x00i\x00l\x00y\x00R\x00e\x00p\x00o\x00r\x00t\x00P\x00r\x00e\x00v\x00i\x00e\
\x00w\x00.\x00q\x00m\x00l\
\x00\x18\
\x05\x1b\xbd|\
\x00D\
\x00a\x00i\x00l\x00y\x00R\x00e\x00p\x00o\x00r\x00t\x00W\x00o\x00r\x00k\x00s\x00p\
\x00a\x00c\x00e\x00.\x00q\x00m\x00l\
\x00\x14\
\x00\xe3\xe3|\
\x00A\
\x00p\x00p\x00l\x00i\x00c\x00a\x00t\x00i\x00o\x00n\x00S\x00t\x00a\x00t\x00e\x00.\
\x00q\x00m\x00l\
\x00\x1b\
\x02\x11\x83<\
\x00J\
\x00i\x00r\x00a\x00A\x00u\x00d\x00i\x00t\x00W\x00o\x00r\x00k\x00s\x00p\x00a\x00c\
\x00e\x00S\x00t\x00a\x00t\x00e\x00.\x00q\x00m\x00l\
\x00\x0f\
\x01\xcc\xbd|\
\x00W\
\x00i\x00n\x00d\x00o\x00w\x00S\x00t\x00a\x00t\x00e\x00.\x00q\x00m\x00l\
\x00\x11\
\x05\x1b$\xfc\
\x00J\
\x00i\x00r\x00a\x00P\x00a\x00g\x00e\x00S\x00t\x00a\x00t\x00e\x00.\x00q\x00m\x00l\
\
\x00\x0f\
\x01\xaex\x5c\
\x00G\
\x00l\x00o\x00b\x00a\x00l\x00M\x00o\x00d\x00e\x00l\x00.\x00q\x00m\x00l\
\x00\x06\
\x07\x84+\x02\
\x00q\
\x00m\x00l\x00d\x00i\x00r\
\x00\x0f\
\x07p\xa5\xdc\
\x00L\
\x00o\x00g\x00i\x00n\x00W\x00i\x00n\x00d\x00o\x00w\x00.\x00q\x00m\x00l\
\x00\x0f\
\x06\xfc\xf2\xfc\
\x00A\
\x00b\x00o\x00u\x00t\x00W\x00i\x00n\x00d\x00o\x00w\x00.\x00q\x00m\x00l\
\x00\x05\
\x00p7\xd5\
\x00i\
\x00m\x00a\x00g\x00e\
\x00\x0c\
\x07o\x9c\xa7\
\x00a\
\x00p\x00p\x00_\x00i\x00c\x00o\x00n\x00.\x00p\x00n\x00g\
\x00\x10\
\x0do\xfe'\
\x00t\
\x00a\x00s\x00k\x00b\x00a\x00r\x00_\x00i\x00c\x00o\x00n\x00.\x00p\x00n\x00g\
"

qt_resource_struct = b"\
\x00\x00\x00\x00\x00\x02\x00\x00\x00\x01\x00\x00\x00\x01\
\x00\x00\x00\x00\x00\x00\x00\x00\
\x00\x00\x00\x00\x00\x02\x00\x00\x00\x03\x00\x00\x00\x02\
\x00\x00\x00\x00\x00\x00\x00\x00\
\x00\x00\x00 \x00\x02\x00\x00\x00\x06\x00\x00\x00\x0a\
\x00\x00\x00\x00\x00\x00\x00\x00\
\x00\x00\x00\x14\x00\x02\x00\x00\x00\x01\x00\x00\x00\x07\
\x00\x00\x00\x00\x00\x00\x00\x00\
\x00\x00\x00,\x00\x02\x00\x00\x00\x02\x00\x00\x00\x05\
\x00\x00\x00\x00\x00\x00\x00\x00\
\x00\x00\x00:\x00\x00\x00\x00\x00\x01\x00\x00\x00\x00\
\x00\x00\x01\x9fKT\xed\xd2\
\x00\x00\x00`\x00\x00\x00\x00\x00\x01\x00\x00\xf7\xeb\
\x00\x00\x01\x9fKT\xec\x99\
\x00\x00\x07$\x00\x02\x00\x00\x00\x02\x00\x00\x00\x08\
\x00\x00\x00\x00\x00\x00\x00\x00\
\x00\x00\x074\x00\x00\x00\x00\x00\x01\x00\x037>\
\x00\x00\x01\x9fK)O\xa2\
\x00\x00\x07R\x00\x00\x00\x00\x00\x01\x00\x03Eb\
\x00\x00\x01\x9fK)O\xa2\
\x00\x00\x00\xe0\x00\x02\x00\x00\x00\x02\x00\x00\x004\
\x00\x00\x00\x00\x00\x00\x00\x00\
\x00\x00\x00\xd2\x00\x02\x00\x00\x00\x02\x00\x00\x002\
\x00\x00\x00\x00\x00\x00\x00\x00\
\x00\x00\x00\xaa\x00\x02\x00\x00\x00\x04\x00\x00\x00.\
\x00\x00\x00\x00\x00\x00\x00\x00\
\x00\x00\x00\xba\x00\x02\x00\x00\x00\x06\x00\x00\x00\x14\
\x00\x00\x00\x00\x00\x00\x00\x00\
\x00\x00\x00\x98\x00\x02\x00\x00\x00\x02\x00\x00\x00\x12\
\x00\x00\x00\x00\x00\x00\x00\x00\
\x00\x00\x00\x86\x00\x02\x00\x00\x00\x02\x00\x00\x00\x10\
\x00\x00\x00\x00\x00\x00\x00\x00\
\x00\x00\x07\x00\x00\x01\x00\x00\x00\x01\x00\x034\xe4\
\x00\x00\x01\x9f\xcb\xc8m\xb1\
\x00\x00\x06\xdc\x00\x01\x00\x00\x00\x01\x00\x03+\xd1\
\x00\x00\x01\x9f\xd1(^V\
\x00\x00\x06\xa6\x00\x00\x00\x00\x00\x01\x00\x03+\x12\
\x00\x00\x01\x9fK)N\x22\
\x00\x00\x06\xca\x00\x00\x00\x00\x00\x01\x00\x03+\xa2\
\x00\x00\x01\x9f\xd0\xedT\xba\
\x00\x00\x01\x9c\x00\x02\x00\x00\x00\x01\x00\x00\x00-\
\x00\x00\x00\x00\x00\x00\x00\x00\
\x00\x00\x01h\x00\x02\x00\x00\x00\x02\x00\x00\x00+\
\x00\x00\x00\x00\x00\x00\x00\x00\
\x00\x00\x01\xc0\x00\x02\x00\x00\x00\x0e\x00\x00\x00\x1d\
\x00\x00\x00\x00\x00\x00\x00\x00\
\x00\x00\x01\x84\x00\x02\x00\x00\x00\x01\x00\x00\x00\x1c\
\x00\x00\x00\x00\x00\x00\x00\x00\
\x00\x00\x01\xd0\x00\x02\x00\x00\x00\x02\x00\x00\x00\x1a\
\x00\x00\x00\x00\x00\x00\x00\x00\
\x00\x00\x01\xe4\x00\x00\x00\x00\x00\x01\x00\x02v\xd3\
\x00\x00\x01\x9f\xcb\xc8m\x9d\
\x00\x00\x02B\x00\x01\x00\x00\x00\x01\x00\x02\x81j\
\x00\x00\x01\x9f\xcb\xc8m\xa5\
\x00\x00\x02\x14\x00\x01\x00\x00\x00\x01\x00\x02}\xad\
\x00\x00\x01\x9f\xd1^\x88\xfd\
\x00\x00\x05V\x00\x01\x00\x00\x00\x01\x00\x03\x12\x8a\
\x00\x00\x01\x9f\xd0\xedT\xa6\
\x00\x00\x02\x9e\x00\x01\x00\x00\x00\x01\x00\x02\x87v\
\x00\x00\x01\x9f\xd0\xf6\xb7\x11\
\x00\x00\x04\x02\x00\x00\x00\x00\x00\x01\x00\x02\xd4,\
\x00\x00\x01\x9f\xcb\xc8m\x9f\
\x00\x00\x02\xfe\x00\x00\x00\x00\x00\x01\x00\x02\x9b\x8f\
\x00\x00\x01\x9f\xd1)\xfc\xe7\
\x00\x00\x04b\x00\x00\x00\x00\x00\x01\x00\x02\xde\x1e\
\x00\x00\x01\x9f\xcb\xc8m\xa1\
\x00\x00\x046\x00\x01\x00\x00\x00\x01\x00\x02\xd98\
\x00\x00\x01\x9f\xd0\xedT\xa6\
\x00\x00\x04\xe4\x00\x00\x00\x00\x00\x01\x00\x02\xf8\xe4\
\x00\x00\x01\x9f\xd1\x08\x96\xf1\
\x00\x00\x02\xd6\x00\x00\x00\x00\x00\x01\x00\x02\x8e\xdb\
\x00\x00\x01\x9f\xcb\xc8m\xa0\
\x00\x00\x02p\x00\x00\x00\x00\x00\x01\x00\x02\x85\x18\
\x00\x00\x01\x9f\xcb\xc8m\xa0\
\x00\x00\x036\x00\x01\x00\x00\x00\x01\x00\x02\xa7\x7f\
\x00\x00\x01\x9f\xd0\xedSB\
\x00\x00\x03\x90\x00\x01\x00\x00\x00\x01\x00\x02\xbb\xaf\
\x00\x00\x01\x9f\xd0\xedT\xa6\
\x00\x00\x03b\x00\x00\x00\x00\x00\x01\x00\x02\xaeg\
\x00\x00\x01\x9f\xcb\xc8m\x9f\
\x00\x00\x04\xb6\x00\x00\x00\x00\x00\x01\x00\x02\xf3\x0c\
\x00\x00\x01\x9f\xcb\xc8m\xa3\
\x00\x00\x03\xc8\x00\x01\x00\x00\x00\x01\x00\x02\xc3\xb0\
\x00\x00\x01\x9f\xd1^z\xcc\
\x00\x00\x04\x92\x00\x00\x00\x00\x00\x01\x00\x02\xe9\xb5\
\x00\x00\x01\x9f\xcb\xc8m\xa1\
\x00\x00\x05\x88\x00\x00\x00\x00\x00\x01\x00\x03\x1b\xdd\
\x00\x00\x01\x9f\xcb\xc8m\x9e\
\x00\x00\x05\xba\x00\x01\x00\x00\x00\x01\x00\x03\x1fz\
\x00\x00\x01\x9f\xd0\xedT\xa6\
\x00\x00\x05\x18\x00\x01\x00\x00\x00\x01\x00\x03\x05\xec\
\x00\x00\x01\x9f\xd0\xedT\xa6\
\x00\x00\x05\xf0\x00\x00\x00\x00\x00\x01\x00\x03&\x0a\
\x00\x00\x01\x9f\xcb\xe5fs\
\x00\x00\x06Z\x00\x00\x00\x00\x00\x01\x00\x03'\xa5\
\x00\x00\x01\x9f\xd0\xedT\xba\
\x00\x00\x06\x1e\x00\x00\x00\x00\x00\x01\x00\x03&\xd0\
\x00\x00\x01\x9f\xcb\xe5fs\
\x00\x00\x06~\x00\x00\x00\x00\x00\x01\x00\x03(\xc0\
\x00\x00\x01\x9f\xcb\xe5f\x98\
\x00\x00\x01*\x00\x00\x00\x00\x00\x01\x00\x02i\x9e\
\x00\x00\x01\x9f\xd0\xedT\xba\
\x00\x00\x01L\x00\x00\x00\x00\x00\x01\x00\x02r\xec\
\x00\x00\x01\x9f\xcb\xe5f\x9a\
\x00\x00\x00\xee\x00\x01\x00\x00\x00\x01\x00\x02X5\
\x00\x00\x01\x9f\xd1^\x97\xb2\
\x00\x00\x01\x08\x00\x01\x00\x00\x00\x01\x00\x02b\xad\
\x00\x00\x01\x9f\xd0\xedT\xb7\
"

def qInitResources():
    QtCore.qRegisterResourceData(0x03, qt_resource_struct, qt_resource_name, qt_resource_data)

def qCleanupResources():
    QtCore.qUnregisterResourceData(0x03, qt_resource_struct, qt_resource_name, qt_resource_data)

qInitResources()
