# Resource object code (Python 3)
# Created by: object code
# Created by: The Resource Compiler for Qt version 6.7.2
# WARNING! All changes made in this file will be lost!

from PySide6 import QtCore

qt_resource_data = b"\
\x00\x01\x15\x94\
<\
\xb8d\x18\xca\xef\x9c\x95\xcd!\x1c\xbf`\xa1\xbd\xdd\xa7\
\x00\x00\x00\x05zh_CNB\x00\x00\x19H\x00\x00\
\x04Y\x00\x00\x16.\x00\x00\x04]\x00\x00\xb6\x0e\x00\x00\
\x05;\x00\x00\x02\xef\x00\x00\x05;\x00\x009\x05\x00\x00\
\x05;\x00\x00i\xe5\x00\x00\x05;\x00\x00\x9e\x5c\x00\x00\
\x05;\x00\x00\xa3\xcf\x00\x00\x05;\x00\x00\xaa\xf3\x00\x00\
\x05;\x00\x00\xae\x81\x00\x00\x05;\x00\x00\xb6\xb0\x00\x00\
\x05;\x00\x00\xb92\x00\x00\x05M\x00\x00\xb6\xd7\x00\x00\
\x05\x96\x00\x00\xfa\xfd\x00\x00G\xd5\x00\x00\xa8\xc3\x00\x00\
H,\x00\x00\x96q\x00\x00I\xa4\x00\x00\xac\x8b\x00\x00\
J\xc4\x00\x00W\xfc\x00\x00J\xc4\x00\x00\x8d\x9e\x00\x00\
KS\x00\x00\x8d\xea\x00\x00LV\x00\x00\xadu\x00\x00\
T\x86\x00\x00\x8f\x19\x00\x00X\x82\x00\x00\xfa\xa5\x00\x00\
Y\xbe\x00\x00!L\x00\x00Y\xbe\x00\x00\x9e\xde\x00\x00\
Y\xbe\x00\x00\xaf\xec\x00\x00{`\x00\x00\xa6\x9e\x00\x01\
=\x22\x00\x00\xbc\xa6\x00\x01\xc4\xde\x00\x00^4\x00\x04\
\x8c\xaf\x00\x00\xa0\x90\x00\x04\xa3\x00\x00\x00\x19)\x00\x04\
\xa3\x00\x00\x00c\xfb\x00\x04\xa6y\x00\x00W\xd1\x00\x04\
\xa6y\x00\x00\x8d{\x00\x04\xa8\x8b\x00\x00\xa1\xcf\x00\x04\
\xbb\x04\x00\x00X&\x00\x04\xbb\x04\x00\x00\x8e\x0e\x00\x04\
\xbb\x04\x00\x00\xa9\xd1\x00\x04\xd0%\x00\x00XQ\x00\x04\
\xd0%\x00\x00\x8e1\x00\x04\xd6\x8d\x00\x00\x1a\xa7\x00\x04\
\xe5\x96\x00\x00\xfaz\x00\x04\xec0\x00\x00X|\x00\x04\
\xec0\x00\x00\x8eT\x00\x04\xf65\x00\x00\x1b\x03\x00\x04\
\xf65\x00\x008\x88\x00\x04\xf6\xc2\x00\x00\xb6`\x00\x05\
+\xd4\x00\x00c\xb0\x00\x05+\xd4\x00\x00\x999\x00\x05\
+\xd4\x00\x00\xb7\x8f\x00\x05<U\x00\x00\x1cB\x00\x05\
<U\x00\x00\x8ew\x00\x05F\x85\x00\x00\xbd\x19\x00\x05\
H5\x00\x00\x0d\xa4\x00\x05H5\x00\x00\xaaj\x00\x05\
H5\x00\x00\xbe\xce\x00\x05L\xf4\x00\x008\xdc\x00\x05\
f\xbe\x00\x00\xa3\xf4\x00\x05\x8c\x04\x00\x00\x06Y\x00\x05\
\x8c\x04\x00\x009\x9d\x00\x05\x8c\x04\x00\x00Z'\x00\x05\
\x8c\x04\x00\x00\x8fa\x00\x05\x98\xc5\x00\x00ZR\x00\x05\
\x98\xc5\x00\x00\x8f\x84\x00\x05\x98\xc5\x00\x00\xa4\x1b\x00\x05\
\x98\xc5\x00\x00\xbd\xad\x00\x05\x9cS\x00\x00\x9ct\x00\x05\
\xab`\x00\x00\xb1i\x00\x05\xab}\x00\x005\x8b\x00\x05\
\xac\xa4\x00\x00#n\x00\x05\xac\xa4\x00\x00\xb1\xbf\x00\x05\
\xac\xf4\x00\x00#\x98\x00\x05\xac\xf4\x00\x00\xb3!\x00\x05\
\xb6\x5c\x00\x00%\xac\x00\x05\xb6\x5c\x00\x00\xbaU\x00\x05\
\xb6\x5c\x00\x00\xfc\x01\x00\x05\xb6\xc2\x00\x00&\x07\x00\x05\
\xb6\xc2\x00\x00\xbe\x05\x00\x05\xc0e\x00\x00\xb2\xc4\x00\x06\
Yd\x00\x00\x0f\xdf\x00\x06\x98\x95\x00\x00\x9f\xd3\x00\x07\
+\xd4\x00\x00\xa6Y\x00\x07\xaa\xc0\x00\x00\x9f\xf5\x00\x1d\
\x0b!\x00\x00\x03\x8a\x00\x1f\x9e\xc1\x00\x00)\xa3\x00 \
\x11\x05\x00\x00&\xfb\x00+.\x01\x00\x00\x9d\xab\x00.\
w\xfc\x00\x00\xca'\x00<+\xf5\x00\x00%F\x00<\
+\xf5\x00\x00\xb73\x00>D\x8e\x00\x00\xba\xde\x00G\
\x96\xc4\x00\x00\x02C\x00G\x96\xc4\x00\x006\x84\x00G\
\x96\xc4\x00\x00W\xa5\x00G\x96\xc4\x00\x00\x8d3\x00G\
\x96\xc4\x00\x00\xfb\x84\x00H\x12b\x00\x00\x17\x9f\x00H\
z\xd5\x00\x00\x17\x0e\x00Hz\xd5\x00\x00[\xc0\x00I\
\xe8\x94\x00\x00\x18\xce\x00I\xeb\x9b\x00\x00\x8dW\x00J\
+\x82\x00\x00\xa1\x18\x00J\x8a\xc3\x00\x00\x12e\x00J\
\x8a\xc3\x00\x000\xf1\x00J\xb9\xb7\x00\x00\x19\xf0\x00J\
\xb9\xb7\x00\x00f\x0b\x00K\x09\xde\x00\x00Hl\x00M\
8\xd2\x00\x00\x1b\xb5\x00M8\xd2\x00\x00\x8a\xa7\x00M\
\xc9\xbe\x00\x00\x1c\xfa\x00M\xc9\xbe\x00\x00\x96\x16\x00N\
\x87\xa5\x00\x003\x88\x00O\xa6S\x00\x00\x1b_\x00O\
\xa6S\x00\x00\x89\x97\x00P7\xd5\x00\x00\x1b\x8a\x00P\
7\xd5\x00\x00\x8a'\x00PFE\x00\x008\xaf\x00P\
FE\x00\x00i\xba\x00P\xf28\x00\x00k\x96\x00R\
\xfd\xf4\x00\x00\xa3\x07\x00S]\xfe\x00\x003\xb1\x00S\
^\xa4\x00\x009\xed\x00T\xcf~\x00\x00\xaa\x92\x00T\
\xda\x1e\x00\x00A2\x00V\x8a\xa5\x00\x00Y\xfb\x00V\
\x8a\xa5\x00\x00\x8f=\x00V\xae\xc2\x00\x00\x1c\xcf\x00W\
\x0dd\x00\x00\x1e\x07\x00W\x0dd\x00\x00\x97E\x00W\
g\xc3\x00\x00\x1ep\x00X\x89Y\x00\x00\x00\x00\x00X\
\xb7\xb9\x00\x00[L\x00X\xb7\xb9\x00\x00\x9bu\x00X\
\xcb\x99\x00\x00N\xd6\x00X\xfd\xf4\x00\x00c\xd5\x00X\
\xfd\xf4\x00\x00\x99\x96\x00X\xfd\xf4\x00\x00\xb7\xb8\x00Y\
\xeb\xc4\x00\x00!\xaa\x00Y\xeb\xc4\x00\x00\xa5o\x00Z\
\xa8\x94\x00\x00\x9fZ\x00Z\xa8\x94\x00\x00\xb1?\x00Z\
\xec5\x00\x00$\xb8\x00Z\xec5\x00\x00\xb5\xb9\x00[\
\x0b%\x00\x00\xa6\x10\x00[\x0b%\x00\x00\xbe\xf5\x00]\
\xc1\xc9\x00\x00\xfb\x22\x00]\xe1\xee\x00\x00\x11N\x00^\
\x1b\xae\x00\x00K\xb7\x00k\x02\xa4\x00\x00\x1d*\x00x\
\xfd\xf4\x00\x00\xa6{\x00\x8b\xab~\x00\x00F,\x00\x8b\
\xb1>\x00\x00\x14\xd7\x00\x92a\x1e\x00\x00\x08\x91\x00\x92\
\x9b\xb7\x00\x00X\xa7\x00\x97\x96\x04\x00\x00^r\x00\x97\
\x96\x04\x00\x00c\x85\x00\x97\x96\x04\x00\x00\x81\xda\x00\x97\
\x96\x04\x00\x00\x99\x0b\x00\x97\x96\x04\x00\x00\xac\xec\x00\x97\
\x96\x04\x00\x00\xb3\xcc\x00\x97\x96\x04\x00\x00\xb7`\x00\x9b\
B\x1e\x00\x00\x00L\x00\xa8\xa1\x8e\x00\x00B\xcf\x00\xb1\
\x86\xae\x00\x00\x9c\x15\x00\xc2p\x92\x00\x00\x0a\x9f\x00\xc2\
p\x92\x00\x007\xba\x00\xc2p\x92\x00\x00iW\x00\xc2\
p\x92\x00\x00\xa2\xa4\x00\xc8\xean\x00\x00g\xdb\x00\xd4\
ZN\x00\x00=\xd8\x00\xe0-\x85\x00\x00\x93F\x00\xf4\
\xe2\xc5\x00\x00\x8b\xd7\x00\xf5t\xe4\x00\x00\x22r\x00\xf5\
t\xe4\x00\x00\xa7Z\x01\x04BC\x00\x00\xbd<\x01\x09\
\xf9\xce\x00\x00\xad\x9d\x01#W\xb1\x00\x00,l\x01$\
\x97Y\x00\x00d\x1e\x01&\xb1\xb4\x00\x005V\x01-\
B\xac\x00\x00\xd4\x95\x010\x97^\x00\x00\x10\xe4\x01<\
3\xec\x00\x00\xda-\x01<3\xfc\x00\x00\xdc\x0d\x01<\
4\x0c\x00\x00\xe1\xfb\x01<4\x1c\x00\x00\xe3\xf5\x01<\
4,\x00\x00\xe5\xef\x01<4<\x00\x00\xe7\xe9\x01<\
4l\x00\x00\xde\x07\x01<4|\x00\x00\xe0\x01\x01<\
4\xcc\x00\x00\xe9\xe3\x01<4\xec\x00\x00\xec\xa1\x01<\
4\xfc\x00\x00\xee\x81\x01<6\xdc\x00\x00\xd8M\x01<\
7<\x00\x00\xf0{\x01<7\xcc\x00\x00\xf2u\x01<\
7\xec\x00\x00\xf6i\x01<:\xdc\x00\x00\xf4o\x01<\
O,\x00\x00\xf9a\x01L\x05\x03\x00\x00\xa0\xe0\x01M\
B\xac\x00\x00\xd0\xe1\x01_\xef\xd9\x00\x00\x05$\x01a\
\x91%\x00\x00a\xb4\x01t(\x9e\x00\x00_d\x01w\
\xd1N\x00\x002\xfe\x01~(8\x00\x00\xb3\x96\x01\x84\
\x12\xae\x00\x00\x08+\x01\x8c9$\x00\x00\x12+\x01\x8c\
9$\x00\x000\xb1\x01\x9e\xd3\x81\x00\x00A\x89\x01\xac\
\x89n\x00\x00D-\x01\xc3\xa2>\x00\x00\x06\xd0\x01\xc4\
\x04`\x00\x00\x8f\xfd\x01\xc6\xdaU\x00\x00\x04\xd2\x01\xd6\
:~\x00\x00\xbax\x01\xdf\xe4-\x00\x00S@\x01\xe7\
\xbc\xfe\x00\x00_0\x01\xf1\xc2\x82\x00\x00>\xa2\x01\xfa\
od\x00\x004\x08\x02\x18V\xec\x00\x00\xd9<\x02\x18\
V\xfc\x00\x00\xeb\xb0\x02\x1c\xdbE\x00\x00]-\x02#\
\xf3\x8d\x00\x00D\x8a\x02+k\x17\x00\x00j\x08\x02+\
\xa7\xfe\x00\x00\x03\x15\x02-\xfd\xbe\x00\x00\xca\xa2\x02.\
\xfd\xbe\x00\x00\xc8\x96\x02/\xfa\x84\x00\x00\xc1\x0d\x02S\
\xc2\xb2\x00\x00=\x07\x02Ti\xbe\x00\x00J\xa2\x02Y\
\x9au\x00\x00/<\x02d\xb5.\x00\x00\x10\x9d\x02k\
\x16^\x00\x00\xb8H\x02t\xf1\xae\x00\x00C\xc0\x02v\
f\x8f\x00\x00\x13\x1d\x02vf\x8f\x00\x002?\x02\x92\
\x86\xae\x00\x00\xa0M\x02\x92\xa5\xe2\x00\x00@K\x02\xa0\
\x12\xc9\x00\x00\xb1\x03\x02\xa5\x9a4\x00\x00\xc0\xab\x02\xa6\
\xc0U\x00\x00\xbf\xa2\x02\xbc]\xbe\x00\x00\xa5\x94\x02\xbe\
\x19>\x00\x00N\x8e\x02\xbf\x12\xd3\x00\x00\x893\x02\xd5\
\xca$\x00\x001\x92\x02\xd7\xf6\xae\x00\x00\xc3\xc4\x02\xdd\
\xee]\x00\x00Q\xa4\x02\xe9DI\x00\x00f\x9f\x02\xea\
\x98\xab\x00\x00\x00\x9a\x02\xee\xbd\xbc\x00\x00 \x83\x02\xee\
\xbd\xbc\x00\x00\x99\xbf\x02\xfdC<\x00\x00\xce\x0b\x03\x05\
\xcb\x17\x00\x00\x1au\x03\x05\xcb\x17\x00\x00\x80\x96\x03\x1e\
\xb1l\x00\x00\xc5a\x03\x22\x88\xde\x00\x00T\xd5\x037\
\xe6\xbd\x00\x00R\x0a\x03B5E\x00\x00\x88\x9f\x03D\
\x95R\x00\x00\x83\x1a\x03K[\x04\x00\x00(3\x03L\
}\xde\x00\x00\x95U\x03L\xf5\xe3\x00\x00\xb5\xde\x03W\
\xb0\x17\x00\x00_\x03\x03f\x13\xc3\x00\x00\xc0\x12\x03o\
\xedQ\x00\x00(\xf5\x03u\x80\x02\x00\x00*o\x03\x82\
\x8d\x04\x00\x00\x22\xad\x03\x82\x8d\x04\x00\x00\xa7\x99\x03\x86\
\x96\xb5\x00\x00\xa3Y\x03\x8aT\xa0\x00\x00\x82]\x03\x90\
\x0e#\x00\x00#\xf1\x03\xa0\x02\xdc\x00\x00\xf1\x82\x03\xa6\
\x02\xdc\x00\x00\xf5v\x03\xa6\xbf\x14\x00\x00\x89\xbc\x03\xa7\
\x01\xa1\x00\x00:K\x03\xa7\xe9\xae\x00\x00(s\x03\xad\
\x02\xdc\x00\x00\xf3|\x03\xaf\x02\xdc\x00\x00\xef\x88\x03\xbb\
\xc2X\x00\x00\xb3\xf6\x03\xc4\xc2^\x00\x00 N\x03\xc4\
\xc2^\x00\x00\x99a\x03\xc5\x98\xd2\x00\x00\x8e\x9a\x03\xd0\
\x02\xdc\x00\x00\xe8\xf0\x03\xd2a\xb4\x00\x00\x17\xd4\x03\xd2\
a\xb4\x00\x00]a\x03\xd5\x88d\x00\x00\x85\xb9\x03\xd7\
\xf5N\x00\x00E\x1a\x03\xd9\x02\xdc\x00\x00\xe3\x02\x03\xdb\
\x02\xdc\x00\x00\xdf\x0e\x03\xdc\x02\xdc\x00\x00\xe1\x08\x03\xde\
\x02\xdc\x00\x00\xdd\x14\x03\xdf\x02\xdc\x00\x00\xe6\xf6\x03\xe0\
\xd1\x1f\x00\x00fo\x03\xe2\x02\xdc\x00\x00\xe4\xfc\x03\xec\
\xb8.\x00\x00\xacC\x03\xee\xf6\xe3\x00\x00Q]\x03\xf0\
\xe9c\x00\x00\x0fg\x03\xfb\xd7\xc5\x00\x00\xc3m\x04\x05\
\x03,\x00\x00\xa3/\x04\x07I\xae\x00\x00\xd6\xdc\x04\x07\
I\xbe\x00\x00\xeaR\x04\x07\xa4\xe2\x00\x00h\x99\x04\x11\
\x92\x14\x00\x00 \x1b\x04\x11\x92\x14\x00\x00\x98\xd9\x04\x11\
\xd3~\x00\x00I\xf2\x04\x1e\x98Y\x00\x00\x8a\xd2\x04#\
\xe0r\x00\x00a.\x04+\xf1\xb5\x00\x00UJ\x04:\
\xa1\xb1\x00\x00\x02l\x04@zG\x00\x00hW\x04B\
:u\x00\x00\x8c5\x04I\xa0\x14\x00\x00\x179\x04I\
\xa0\x14\x00\x00\x5c\xc8\x04TU\xbe\x00\x00h\x1b\x04\x5c\
\xb7\x83\x00\x00/\xf8\x04v\xb7<\x00\x00\xf8^\x04\x84\
7\xfc\x00\x00\x82\x05\x04\x8c\x8a\x82\x00\x00\xa8\xea\x04\x8c\
\x8a\x82\x00\x00\xbe\xa5\x04\x97\xd1\x93\x00\x00\x83\xda\x04\x98\
I\xbc\x00\x00\x0c\xaa\x04\x98I\xbc\x00\x00\x10\x16\x04\x98\
I\xbc\x00\x00\x11\xfd\x04\x98I\xbc\x00\x00'9\x04\x98\
I\xbc\x00\x00+\xf7\x04\x98I\xbc\x00\x000}\x04\x98\
I\xbc\x00\x0030\x04\x98I\xbc\x00\x007\x07\x04\x98\
I\xbc\x00\x00M\x7f\x04\x98I\xbc\x00\x00g\x7f\x04\x98\
I\xbc\x00\x00\xa0\xb7\x04\x98I\xbc\x00\x00\xa9\x14\x04\x98\
I\xbc\x00\x00\xb65\x04\x99n\x95\x00\x00\x0cu\x04\x99\
n\x95\x00\x00e\xe5\x04\xa8\xb8\xa5\x00\x00\x0c\xdf\x04\xac\
,\xa5\x00\x00\xa9o\x04\xac,\xa5\x00\x00\xbbJ\x04\xaf\
\x83W\x00\x00\x1a\x1b\x04\xaf\x83W\x00\x00i0\x04\xb7\
\x9b\x10\x00\x00j\x96\x04\xc6v>\x00\x00`b\x04\xc8\
\x02\xb4\x00\x00)4\x04\xc9L\xa5\x00\x00\xb2\xed\x04\xcf\
hD\x00\x00\x9d\x87\x04\xd0P\x98\x00\x007\x91\x04\xd6\
j\xde\x00\x00\x09\xc0\x04\xd9+\xbe\x00\x00T\x7f\x04\xf7\
\x8b0\x00\x00\x81v\x04\xfc\x89\xc7\x00\x00\x903\x04\xfd\
\x22S\x00\x00\xfaG\x04\xfdC<\x00\x00\xcf\x07\x05\x01\
\x0e\xd1\x00\x00\x9e\xff\x05\x07\xbaT\x00\x00\xb9\x83\x05\x08\
\xde4\x00\x00\x17j\x05\x0a\xab\xc3\x00\x00-<\x05\x13\
'-\x00\x00?\xb6\x05\x13\xabn\x00\x00\xcc\x9e\x05\x18\
\x12b\x00\x00\x5c\xf6\x05\x18V\xec\x00\x00\xdb\x1c\x05\x18\
V\xfc\x00\x00\xed\x90\x05\x1d\xe0b\x00\x00'\xdb\x05(\
\xabn\x00\x00\xc6\xce\x05)\x06\xc4\x00\x00\x1b\xe4\x051\
\x8c\xa2\x00\x00\x0e\x19\x051\x8c\xa2\x00\x00\x1b-\x055\
\xe6\xc4\x00\x003\xda\x05>\x1b\xfe\x00\x00k\xde\x05@\
\x5c\xa5\x00\x00\xb6\x87\x05E\x84\xce\x00\x00\xa1\x99\x05L\
\xa1\x0e\x00\x00Y\x94\x05L\xa1\x0e\x00\x00\x8e\xc2\x05Q\
I\xa4\x00\x00Q,\x05QI\xa4\x00\x00\x9a\xd1\x05Q\
I\xa4\x00\x00\x9e2\x05QI\xa4\x00\x00\xad\xdf\x05a\
\xb6%\x00\x00\x84_\x05f\xa5\xa5\x00\x00\x1f\xed\x05f\
\xa5\xa5\x00\x00\x98\xb0\x05k.\xfe\x00\x00M\xae\x05l\
g%\x00\x00\x12\xc1\x05lg%\x00\x001\xd7\x05m\
=\xc3\x00\x00\x85\x86\x05|Y\xd3\x00\x00\x94\xe6\x05\x81\
$\x1e\x00\x00\xc7\xac\x05\x8c5t\x00\x00[n\x05\x8c\
5t\x00\x00\x9b\xc3\x05\x8cF\xc5\x00\x004\xc4\x05\x8c\
v\x94\x00\x00! \x05\x8cv\x94\x00\x00\x9b\xee\x05\x90\
]\xbe\x00\x00\xbd\xd0\x05\x90_\xc2\x00\x00[\x16\x05\x90\
_\xc2\x00\x00\x9a\xfe\x05\x91\x04\xc3\x00\x00\x9e\xa9\x05\x91\
\x04\xc3\x00\x00\xaf\xb0\x05\x9b\x88\x98\x00\x00.\xbd\x05\x9b\
\x88\x98\x00\x009\xc4\x05\x9b\x88\x98\x00\x00\x8f\xd8\x05\x9b\
\x88\x98\x00\x00\xabD\x05\xa2\xfa\xc2\x00\x00\x22\x11\x05\xa2\
\xfa\xc2\x00\x00\xa6\xfe\x05\xa6\xc8\x95\x00\x00\x0a5\x05\xab\
\x94\x04\x00\x00\x11\x22\x05\xb0\xaa\xbd\x00\x00\xa4m\x05\xc1\
\xcd\xd4\x00\x00\x8b0\x05\xc2\xce1\x00\x00F\xad\x05\xc4\
\x14\x9e\x00\x00@\xbc\x05\xc55t\x00\x00k\x03\x05\xc5\
\x8bt\x00\x00\x97j\x05\xc75t\x00\x00\x12\xef\x05\xc7\
5t\x00\x002\x0b\x05\xc75t\x00\x00\xbe(\x05\xc8\
\xdcT\x00\x00\x97\xd6\x05\xcc\x8f\xd9\x00\x00P\x8e\x05\xe2\
\xf6\xd7\x00\x009*\x05\xe8~\x8e\x00\x00\x15\xa2\x05\xe9\
\xabn\x00\x00\xd1N\x05\xec\xabn\x00\x00\xd3(\x05\xed\
F\x89\x00\x00&]\x05\xedF\x89\x00\x00\xbfF\x05\xee\
\xabn\x00\x00\xcft\x05\xef\xabn\x00\x00\xd5\x02\x05\xf0\
\xad5\x00\x00\x06\x09\x05\xf57\xe4\x00\x00[\xe5\x05\xf8\
\xec\xd7\x00\x00\xa9\xf9\x06\x00\xd9\xfe\x00\x00I\x1f\x06\x06\
N\x92\x00\x00!\xd5\x06\x06N\x92\x00\x00\xa6\xbf\x06\x07\
\x9e>\x00\x00\x14)\x06\x11j\xce\x00\x00\xcb\xa4\x06\x18\
Q\x1c\x00\x00\xf7X\x06%\x15.\x00\x00\xb0_\x062\
\x835\x00\x00\x9d/\x069=\xc8\x00\x00\x19\x8a\x069\
=\xc8\x00\x00eJ\x06C\xc1\x13\x00\x00\x10o\x06L\
%c\x00\x00\xb1\xe8\x06W\x8a\x05\x00\x00.\xf2\x06X\
k4\x00\x00O\xbc\x06Z~\x13\x00\x00\x81\xad\x06Z\
\xf5\xa5\x00\x00A\xd6\x06c\x8b\x83\x00\x00\x87\xb4\x06l\
\x11^\x00\x00Y\xc7\x06l\x11^\x00\x00\x8e\xed\x06{\
\x06\x03\x00\x00\xab\x19\x06\x92\xc8$\x00\x002\xbf\x06\x96\
\xbb]\x00\x00\xa65\x06\x97\x8c\x13\x00\x00\x9f/\x06\x9e\
\xd9\xdf\x00\x005$\x06\xa7\xe71\x00\x00\x9f\xa7\x06\xa8\
\x12\xd4\x00\x00-\xba\x06\xa9\xef\x9e\x00\x00\xc5\xd0\x06\xb5\
R\xbe\x00\x00\x00\xe4\x06\xb8U\x83\x00\x00&\xbc\x06\xc4\
g\xb1\x00\x00\xa8[\x06\xd0g^\x00\x00=h\x06\xd6\
K\xae\x00\x00\x11\xbf\x06\xe4/\x8e\x00\x00\xae\x10\x06\xfb\
\xce>\x00\x00\x13\xc3\x06\xfd\xb2\x9d\x00\x00Rm\x07\x1b\
\xb1\xf7\x00\x00\x91\xdf\x07\x1d\x88\x89\x00\x00\x03\xbf\x07&\
\x02\xa2\x00\x00\x19S\x07&\x02\xa2\x00\x00e\x13\x076\
\xdc\xce\x00\x00\x85<\x078\xbdu\x00\x00\xbeM\x07I\
\xbed\x00\x00\x1d\xd8\x07I\xbed\x00\x00\x96E\x07L\
\xd8\xd4\x00\x00\x1c\x10\x07L\xd8\xd4\x00\x00i\x8d\x07L\
\xd8\xd4\x00\x00\x8d\x03\x07M\xd9\xce\x00\x00Z}\x07M\
\xd9\xce\x00\x00\x8f\xa7\x07Z\xc6g\x00\x00\x84\x22\x07_\
mn\x00\x00\x88\x13\x07|n.\x00\x00\x1e\x9b\x07|\
\x97.\x00\x00H\x13\x07\x8f#\xd4\x00\x00\x87\x18\x07\x92\
\x93\xa7\x00\x00b\x9c\x07\x9al\x14\x00\x00\x13l\x07\x9a\
l\x14\x00\x002\x94\x07\x9al\x14\x00\x00\xfb\xac\x07\x9a\
\x97\x94\x00\x00-s\x07\x9e\xfc\xd4\x00\x00\xac\xb5\x07\xaa\
\x02\xb3\x00\x00\x16V\x07\xaa\x02\xb3\x00\x00[\x95\x07\xab\
\x8c\xe3\x00\x00\xa8\x98\x07\xab\x8c\xe3\x00\x00\xbe{\x07\xad\
\xac\x83\x00\x00\x88p\x07\xc5\x85?\x00\x00f0\x07\xc7\
\x86s\x00\x00\xa2f\x07\xd0\xa4\x95\x00\x00)f\x07\xdb\
\x87n\x00\x00?d\x07\xde\xc6\x9e\x00\x00>B\x07\xe8\
\xe7\xae\x00\x00G\xb8\x07\xf8t\xa7\x00\x00\x88\xd9\x08\x0e\
\x9b\xfe\x00\x00;\xff\x08\x17@\xf5\x00\x00\x94_\x08\x22\
^~\x00\x00\xd5\xe0\x08+\xaa!\x00\x00'm\x08,\
N\x12\x00\x00\x81K\x08;}\xf5\x00\x00a\x81\x08B\
^~\x00\x00\xd2,\x08Fk~\x00\x00\xbc\xd3\x08N\
\xb2\xf5\x00\x00\xa2\xdc\x08\x8a\x0d\xee\x00\x00\x01R\x08\x96\
\xcd,\x00\x00\x18\x9e\x08\x96\xcd,\x00\x00bo\x08\x98\
\x94a\x00\x00\xae\xa8\x08\x98\xb5\x7f\x00\x006\xac\x08\x98\
\xd0\x05\x00\x00\xfa\xcd\x08\x9f\x984\x00\x003Z\x08\xa5\
\x11T\x00\x00\xb3D\x08\xaa\xe3\xe4\x00\x00N]\x08\xb4\
\xea\xe3\x00\x00\x82\x97\x08\xba\xcaw\x00\x00&1\x08\xba\
\xcaw\x00\x00\xbf\x1d\x08\xbb@5\x00\x00\xfbP\x08\xbd\
\x8c\xc8\x00\x00a\xfe\x08\xbd\x8c\xc8\x00\x00\x9b\x9b\x08\xbd\
\x8c\xc8\x00\x00\xafL\x08\xcc\x0fC\x00\x00\x0e\x7f\x08\xcc\
\xc7\xb3\x00\x00\xa8(\x08\xcd\x03\xb3\x00\x009p\x08\xcf\
\xbf\xbf\x00\x00\xa4\x9a\x08\xd5\x8f%\x00\x007a\x08\xd5\
\x8f%\x00\x00\xa1\xf6\x08\xd5\x8f%\x00\x00\xb5#\x08\xdf\
e.\x00\x005\xb3\x08\xf0/T\x00\x00\xc1\xdc\x08\xf2\
R>\x00\x00]\xbe\x08\xff\xeb\x1c\x00\x00\xafx\x09\x09\
\xa3\xdc\x00\x00\xab\xc9\x09\x0b!N\x00\x00\x0c)\x09\x0d\
\x83\xae\x00\x00\x07o\x09\x11j\xbe\x00\x00\xc9\xa0\x09(\
0|\x00\x00\x9a%\x09*\x95\xb7\x00\x00#?\x09*\
\x95\xb7\x00\x00\xab\x9c\x091\xe2\xfc\x00\x00\xc9%\x092\
\xe2\xfc\x00\x00\xcb-\x09=\xf2\x83\x00\x00\x0a\xd8\x09M\
g\xfe\x00\x00\x11\x8b\x09Mg\xfe\x00\x001$\x09T\
\xcf\x03\x00\x00\xc1q\x09^\x89\xd3\x00\x00\x1f\xbd\x09^\
\x89\xd3\x00\x00\x98\x83\x09lM\x88\x00\x00\x1a\xd1\x09l\
M\x88\x00\x00\x82.\x09r\x95\xc4\x00\x00\x22=\x09r\
\x95\xc4\x00\x00\xa7%\x09z\x80N\x00\x00\x83[\x09}\
k\xce\x00\x00S\xa2\x09\x87\xa9\xa1\x00\x00\x18o\x09\x87\
\xa9\xa1\x00\x00a\x03\x09\x93\xf1~\x00\x007\xf2\x09\x98\
\xec\xfe\x00\x00G`\x09\x9f\x92~\x00\x00^\xd0\x09\xa2\
\x0a.\x00\x00B\x1b\x09\xa60\xe9\x00\x00\xab\xfe\x09\xbb\
\x1f\xc3\x00\x00\x0eK\x09\xbb\x1f\xc3\x00\x000D\x09\xc2\
\x8bU\x00\x00\x9c\xfe\x09\xc9C\xf5\x00\x00P\x1f\x09\xcb\
:7\x00\x00\x80\xc5\x09\xcb\xb6\x13\x00\x00\x18\x08\x09\xcb\
\xb6\x13\x00\x00]\x95\x09\xce_\xe3\x00\x00.t\x09\xd1\
\x0e\xc5\x00\x0070\x09\xdc\xf5^\x00\x00\x84\xbe\x09\xe8\
\xeb\xec\x00\x00\xc4P\x09\xe9\xe3\x0e\x00\x00\x08\xcb\x09\xf5\
\x1aS\x00\x00\x9c\x9d\x09\xfe\x06\xae\x00\x00O\x04\x0a\x06\
\x9c \x00\x00\x89\xfa\x0a\x07\xe9r\x00\x00\x0bB\x0a\x09\
\xc4\x07\x00\x00\x82\xc8\x0a\x0b\xbe\xc4\x00\x00\xc2o\x0a\x0c\
6s\x00\x00\xb0\x14\x0a\x0c6s\x00\x00\xc2\xbf\x0a\x11\
\xb5\xc9\x00\x00\xa2&\x0a\x11\xd0I\x00\x00\x89g\x0a\x12\
]\xee\x00\x00\xd4\x06\x0a!\xeb_\x00\x00g1\x0a#\
%\x9e\x00\x00\xf3\xdc\x0a#)\x9e\x00\x00\xd7\xba\x0a#\
*~\x00\x00\xef\xe8\x0a#*\x8e\x00\x00\xf1\xe2\x0a#\
*\xae\x00\x00\xf5\xd6\x0a#+.\x00\x00\xddt\x0a#\
+>\x00\x00\xdfn\x0a#+N\x00\x00\xe1h\x0a#\
+^\x00\x00\xe3b\x0a#+n\x00\x00\xe5\x5c\x0a#\
+~\x00\x00\xe7V\x0a#+\x8e\x00\x00\xe9P\x0a#\
+\xae\x00\x00\xec\x0e\x0a#+\xbe\x00\x00\xed\xee\x0a#\
.\xae\x00\x00\xd9\x9a\x0a#.\xbe\x00\x00\xdbz\x0a#\
Rn\x00\x00\xf8\xce\x0a'4c\x00\x00\x0f(\x0a.\
\xfbn\x00\x00\x06y\x0a2]\xee\x00\x00\xd0R\x0a8\
\xf34\x00\x00\x89\x07\x0aQbS\x00\x00*5\x0aW\
\x19\x0e\x00\x00?\x01\x0ad<\x14\x00\x00\x10B\x0ad\
g\xe4\x00\x00\xa1@\x0aj1\xf2\x00\x00%\x10\x0aj\
1\xf2\x00\x00\xb6\xfe\x0akIb\x00\x00\x19\xba\x0ak\
Ib\x00\x00ew\x0as\xc0\x84\x00\x00\xc3\x0c\x0av\
;\x0d\x00\x00;_\x0aw{\x13\x00\x00\x9d\xd8\x0aw\
\xcf\x97\x00\x00#\x10\x0aw\xcf\x97\x00\x00\xa7\xfd\x0a\x82\
T\x93\x00\x00)\xec\x0a\x86\x03\xee\x00\x00\xb2\x1b\x0a\x8d\
\x10\xf4\x00\x00\x8aL\x0a\x98i\xa4\x00\x00\xa3\x9c\x0a\x9a\
 4\x00\x00/\xbd\x0a\x9b4\x01\x00\x00\x9e|\x0a\xa3\
\xa0\xf4\x00\x00\x1du\x0a\xa3\xe7\xb5\x00\x00PR\x0a\xa7\
w\xd8\x00\x00kY\x0a\xa8\x16\x95\x00\x00 \xba\x0a\xa8\
\x16\x95\x00\x00\x99\xf8\x0a\xb9\x0b\xf4\x00\x00/\x87\x0a\xc4\
\x0e0\x00\x00\xa7\xd0\x0a\xc8\xc7\xc5\x00\x00\x22\xe3\x0a\xc9\
e\x0b\x00\x00&\x8d\x0a\xc9e\x0b\x00\x00\xbfu\x0a\xca\
\x80s\x00\x00\x12\x92\x0a\xca\x80s\x00\x001]\x0a\xcf\
\x898\x00\x00#\xc2\x0a\xcf\x898\x00\x00\xb4\xb5\x0a\xde\
:>\x00\x00\x97\xfc\x0a\xebF\x09\x00\x00e\xac\x0a\xec\
@\x17\x00\x00$\xe3\x0a\xf8\xed~\x00\x00\xb5\x87\x0a\xfd\
I\x01\x00\x00(\xb6\x0b\x01\xb6~\x00\x00Z\xe5\x0b\x01\
\xb6~\x00\x00\x9a\x9c\x0b\x07I\xae\x00\x00\xd8\xbc\x0b\x07\
I\xbe\x00\x00\xeb0\x0b\x08\x16\x04\x00\x00\x1e2\x0b\x08\
\x16\x04\x00\x00\x98B\x0b\x09ye\x00\x00\x8d\xc0\x0b\x09\
\xd8\xe3\x00\x008Q\x0b\x18V\xec\x00\x00\xd7\x5c\x0b\x18\
V\xfc\x00\x00\xea\xd2\x0b)\x1cs\x00\x00\x84\x90\x0bL\
\xe7\xee\x00\x00]\xfa\x0bL\xe7\xee\x00\x00\xbb\x10\x0bQ\
\xf9g\x00\x00V\xad\x0bVc\xde\x00\x00\x16\x85\x0bW\
\xd0\xa9\x00\x00*\xf6\x0bbC\x8c\x00\x00\x9f}\x0bc\
?\x18\x00\x00\xb4x\x0bf;P\x00\x00%\xd6\x0bf\
;P\x00\x00\xbcy\x0bu\x83\xd2\x00\x00\x9b8\x0bv\
\xd3>\x00\x00\x96\xfe\x0b\x84\x0e\x0c\x00\x00\xa9>\x0b\x87\
\xfe\x94\x00\x00\xbb\xd0\x0b\x8a>~\x00\x00\x0d\x14\x0b\xa3\
\xdc\x0c\x00\x00\xabn\x0b\xc1\x1e\x1d\x00\x00\x07\xbf\x0b\xc9\
\x7f\x09\x00\x00T\x09\x0b\xcd\xe4,\x00\x00\x85\xea\x0b\xdc\
\x8aB\x00\x00\x86'\x0b\xdf\x8b2\x00\x00\xb4\xe0\x0b\xe0\
\xaa\xb4\x00\x004\xee\x0b\xe2^~\x00\x00\xcd|\x0b\xee\
\xc5\x0e\x00\x00G\x18\x0b\xf8\x09.\x00\x00^\x9c\x0b\xf8\
\x0fc\x00\x00\xb8\x19\x0b\xfd\xac-\x00\x00R\xd0\x0c\x01\
\xb0.\x00\x00\xc4\xb8\x0c\x03\x9d$\x00\x00*\xb0\x0c\x04\
\x83\xb3\x00\x00\xad\x19\x0c\x0d#\xbe\x00\x00N\x1d\x0c\x0d\
\xa5\xde\x00\x00\x01\xd7\x0c!'\xf4\x00\x00\xb5P\x0c,\
\xb4,\x00\x00\xcd \x0c7\xb4,\x00\x00\xc7P\x0c<\
\xa2\xb9\x00\x00,\xf4\x0cA%N\x00\x00E{\x0cG\
\x92\xf4\x00\x00\xadI\x0c`J\x0e\x00\x00<\x91\x0c\x90\
\x1d\x9e\x00\x00\xee\xf0\x0c\x92\x1d\x9e\x00\x00\xf2\xe4\x0c\x94\
\x01\xdc\x00\x00\xb1\x92\x0c\x99\x1d\x9e\x00\x00\xf4\xde\x0c\x9e\
=\x5c\x00\x00\xc84\x0c\x9f\x1d\x9e\x00\x00\xf0\xea\x0c\xb8\
o\xe0\x00\x00\xbbr\x0c\xbb\x01s\x00\x00\x13\x97\x0c\xbb\
\x01s\x00\x00\xa4B\x0c\xbb\x01s\x00\x00\xfb\xd6\x0c\xbf\
;5\x00\x00\xaa,\x0c\xc0\x1d\x9e\x00\x00\xe6^\x0c\xc1\
\x1d\x9e\x00\x00\xdc|\x0c\xc3\x1d\x9e\x00\x00\xe0p\x0c\xc4\
\x1d\x9e\x00\x00\xdev\x0c\xc6\x1d\x9e\x00\x00\xe2j\x0c\xcf\
\x1d\x9e\x00\x00\xe8X\x0c\xd48\x8e\x00\x00\x07 \x0c\xd6\
i\x9e\x00\x00_\x99\x0c\xdd\x1d\x9e\x00\x00\xe4d\x0c\xf0\
\xb4,\x00\x00\xd5\x84\x0c\xf1\xb4,\x00\x00\xcf\xf6\x0c\xf3\
\xb4,\x00\x00\xd3\xaa\x0c\xf6\xb4,\x00\x00\xd1\xd0\x0c\xfa\
n\xf4\x00\x00\xa1j\x0c\xfd\x7f\xce\x00\x00\x0e\xdb\x0d\x19\
\x82N\x00\x00\xf9\xd0\x0d$Cs\x00\x00.6\x0d'\
\xdd\xf4\x00\x00\x96\xd7\x0d.w\x8c\x00\x00\xcc'\x0d<\
\xe3\x0c\x00\x00\x0a`\x0d=&\xed\x00\x00\x0b\x0b\x0d?\
\x22\xd5\x00\x00\x83\xa1\x0d`Z\xa3\x00\x00_\xce\x0db\
\xac\x0e\x00\x00\x9a[\x0di\xaa~\x00\x00\xf7\xb6\x0dk\
\xc9\x0e\x00\x00\xbdl\x0d\x97\xe2>\x00\x00J\xf5\x0d\xb0\
\x1a\x9e\x00\x00L\xad\x0d\xb0]\xee\x00\x00JH\x0d\xb6\
\xf0\xdc\x00\x00\xc6X\x0d\xc4\xe9\xd3\x00\x00\x9dU\x0d\xcb\
tE\x00\x00\x02\xa8\x0d\xd1R\x04\x00\x00!u\x0d\xd1\
R\x04\x00\x00\xa0\x17\x0d\xd1\xeb\xcb\x00\x00\x86\x87\x0d\xdf\
v.\x00\x00\x0b\xca\x0d\xe2]\xc3\x00\x00+=\x0d\xe2\
]\xc3\x00\x00:\xc0\x0d\xe2^~\x00\x00\xcex\x0d\xe6\
\xb7\x14\x00\x00b'\x0d\xf1\x10\xe2\x00\x00 \xe9\x0d\xf9\
\xc0\xa5\x00\x00\xaf\x12\x0d\xfe1\x0e\x00\x00\x97\x90\x0e\x07\
I\xae\x00\x00\xda\x9c\x0e\x07I\xbe\x00\x00\xed\x10\x0e\x09\
.c\x00\x00+|\x0e\x09.c\x00\x00:\xf6\x0e\x09\
.c\x00\x00P\xbd\x0e\x19[\xfe\x00\x00\xa9\x99\x0e\x1f\
\x138\x00\x00,,\x0e K.\x00\x00E\xd9\x0e$\
\xd7\x84\x00\x004J\x0e$\xd7\x84\x00\x00\xb42\x0e0\
\xf8\xee\x00\x00O4\x0e7\x01\x93\x00\x00\xae\xdc\x0eQ\
\xf0\xf4\x00\x00Z\xb6\x0eR\xfbi\x00\x00\x9e\x03\x0eq\
+\xae\x00\x00Bp\x0eys\xc2\x00\x00\x0dP\x0e|\
N\xe3\x00\x00+\xbb\x0e|N\xe3\x00\x00;,\x0e|\
N\xe3\x00\x00P\xf6\x0e~\xf0\xb3\x00\x00-\xf5\x0e\x83\
\xf2\xce\x00\x00\x96\x94\x0e\x88\x81\xee\x00\x00h\xde\x0e\x8c\
\x8a\xc7\x00\x00\x1cl\x0e\x8c\x8a\xc7\x00\x00\x95\xe3\x0e\x90\
T4\x00\x00\xc0a\x0e\xaf9\x9e\x00\x00\x09i\x0e\xb7\
\xf2\x95\x00\x00g\xa6\x0e\xb9\xfd\xf8\x00\x00\x18\xf9\x0e\xb9\
\xfd\xf8\x00\x00cX\x0e\xbd\x86U\x00\x00\x8bv\x0e\xce\
\xe2\xb7\x00\x00\x81\x09\x0e\xe0C\xd2\x00\x00CI\x0f\x00\
{\xee\x00\x00d\xbc\x0f\x07P^\x00\x00\xf6\xd8\x0f\x19\
\xd4\xb8\x00\x00%v\x0f\x19\xd4\xb8\x00\x00\xb7\xe2\x0f\x1b\
+\xce\x00\x00KK\x0f\x1eu\xf5\x00\x004\x92\x0f2\
\x0b4\x00\x00,\xb4\x0f=C<\x00\x00\xd6o\x0f>\
^q\x00\x00LN\x0fC\xb6~\x00\x00\x0f\xa0\x0fC\
\xef\xd2\x00\x00\x185\x0fC\xef\xd2\x00\x00`\xc6\x0fF\
\xc4c\x00\x00\xc2\x1c\x0fU\xc1W\x00\x00\x94(\x0fV\
z~\x00\x00\x1f8\x0fX\x82\x05\x00\x00\x0d\xd7\x0f]\
C<\x00\x00\xd2\xbb\x0fhN\x02\x00\x00\x1aG\x0fh\
N\x02\x00\x00k.\x0fp\xea\x95\x00\x00\x8c\x9c\x0f\x86\
\x81\x08\x00\x00\x87l\x0f\x95k\xf7\x00\x00jN\x0f\x99\
K\x8e\x00\x00\xb9\xca\x0f\xa2Cu\x00\x00\xaa\xc7\x0f\xa3\
Es\x00\x00MC\x0f\xaf@n\x00\x00H\xbe\x0f\xb3\
X\x03\x00\x00:\x8d\x0f\xba\xa7N\x00\x00I\x93\x0f\xc1\
Y~\x00\x00`\x93\x0f\xd1t\x22\x00\x00\xa51\x0f\xdd\
\xe8\x9e\x00\x00\x1c\x9f\x0f\xf50l\x00\x00\xb9S\x0f\xf8\
\xef\xee\x00\x00K\xf6i\x00\x00\xfc(\x03\x00\x00\x00\x12\
QlS\xf8Q\x85\x7fQ\x00 \x00K\x00i\x00m\
\x00i\x08\x00\x00\x00\x00\x06\x00\x00\x00\x15Comp\
any Intranet Kim\
i\x07\x00\x00\x00\x10AISettings\
Bridge\x01\x03\x00\x00\x00\x18\x8b\xf7\x8f\x93\
Qe\x00 \x00A\x00P\x00I\x00 \x00K\x00e\
\x00y0\x02\x08\x00\x00\x00\x00\x06\x00\x00\x00\x11En\
ter an API key.\x07\
\x00\x00\x00\x10AISettingsBr\
idge\x01\x03\x00\x00\x00\x16Ql\x7fQ\x00 \
\x00D\x00e\x00e\x00p\x00S\x00e\x00e\x00k\
\x08\x00\x00\x00\x00\x06\x00\x00\x00\x0fPublic\
 DeepSeek\x07\x00\x00\x00\x10AI\
SettingsBridge\x01\x03\
\x00\x00\x00\x22e\xe0l\xd5n\x05\x96d\x00 \x00A\
\x00P\x00I\x00 \x00K\x00e\x00y\xff\x0c\x8b\xf7\
\x91\xcd\x8b\xd50\x02\x08\x00\x00\x00\x00\x06\x00\x00\x00'\
Unable to clear \
the API key. Try\
 again.\x07\x00\x00\x00\x10AISe\
ttingsBridge\x01\x03\x00\x00\
\x00(e\xe0l\xd5O\xdd[X\x00 \x00A\x00P\
\x00I\x00 \x00K\x00e\x00y\xff\x0c\x8b\xf7h\xc0\
g\xe5T\x0e\x91\xcd\x8b\xd50\x02\x08\x00\x00\x00\x00\x06\
\x00\x00\x008Unable to sa\
ve the API key. \
Check the key an\
d try again.\x07\x00\x00\x00\
\x10AISettingsBridg\
e\x01\x03\x00\x00\x00\x1ee\xe0l\xd5\x90\x09b\xe9\x00\
 \x00A\x00I\x00 j!W\x8b\xff\x0c\x8b\xf7\x91\
\xcd\x8b\xd50\x02\x08\x00\x00\x00\x00\x06\x00\x00\x00)U\
nable to select \
the AI model. Tr\
y again.\x07\x00\x00\x00\x10AIS\
ettingsBridge\x01\x03\x00\
\x00\x00\x04QsN\x8e\x08\x00\x00\x00\x00\x06\x00\x00\x00\
\x05About\x07\x00\x00\x00\x0bAbout\
Window\x01\x03\x00\x00\x00\x0e\x7f\x16\x8b\xd1\
e\xf6\x95\xf4\xff\x1a\x00%\x001\x08\x00\x00\x00\x00\x06\
\x00\x00\x00\x0eBuild time: \
%1\x07\x00\x00\x00\x0bAboutWind\
ow\x01\x03\x00\x00\x00\x10\x7f\x16\x8b\xd1e\xf6\x95\xf4\
\xff\x1aN\x0dS\xefu(\x08\x00\x00\x00\x00\x06\x00\x00\
\x00\x17Build time: un\
available\x07\x00\x00\x00\x0bAb\
outWindow\x01\x03\x00\x00\x00\x04x\
n[\x9a\x08\x00\x00\x00\x00\x06\x00\x00\x00\x02OK\x07\
\x00\x00\x00\x0bAboutWindow\x01\
\x03\x00\x00\x00\x1c\x9e\xd8\x8b\xa4y\x81u(f\xf4e\
\xb0h\xc0g\xe5T\x8cY\x16\x90\xe8\x94\xfec\xa50\
\x02\x08\x00\x00\x00\x00\x06\x00\x00\x009Updat\
e checks and ext\
ernal links are \
disabled by defa\
ult.\x07\x00\x00\x00\x0bAboutWi\
ndow\x01\x03\x00\x00\x00\x0arHg,\xff\x1a\
\x00%\x001\x08\x00\x00\x00\x00\x06\x00\x00\x00\x0bVe\
rsion: %1\x07\x00\x00\x00\x0bAb\
outWindow\x01\x03\x00\x00\x00\xd4\x00\
1\x00.\x00 O\xeeY\x0dmK\x8b\xd5b\xa5T\
J[\xfcQ\xfae\xe0T\xcd^\x940\x02\x00\x0a\x00\
2\x00.\x00 O\xeeY\x0dmK\x8b\xd5b\xa5T\
Je\xe0f\x0e~\xc60\x02\x00\x0a\x003\x00.\x00\
 O\xeeY\x0d\x00 \x00r\x00e\x00b\x00o\x00\
o\x00t\x00 N\x0e\x00 \x00s\x00u\x00s\x00\
p\x00e\x00n\x00d\x00 Y\x1ak!\x8f\xd0\x88\
Le\xf6b\xa5\x95\x190\x02\x00\x0a\x004\x00.\x00\
 O\xeeY\x0dg,W0d\xade>u(O\
\x8bf\xf4cb\x00 \x00U\x00 v\xd8T\x0eb\
\xa5\x95\x190\x02\x00\x0a\x005\x00.\x00 O\xeeY\
\x0d\x00 \x00C\x00P\x00U\x00 \x98\x91s\x87Q\
\x99QeY1\x8d%N\xcdc\xd0y:b\x10R\
\x9f0\x02\x08\x00\x00\x00\x00\x06\x00\x00\x00\x1fabo\
ut.release.v1_1_\
0.fixes.body\x07\x00\x00\x00\
\x0bAboutWindow\x01\x03\x00\x00\
\x00\x12\x00v\x001\x00.\x001\x00.\x000\x00 \
O\xeeY\x0d\x08\x00\x00\x00\x00\x06\x00\x00\x00 ab\
out.release.v1_1\
_0.fixes.title\x07\x00\
\x00\x00\x0bAboutWindow\x01\x03\
\x00\x00\x00\xa8\x001\x00.\x00 \x00W\x00i\x00-\
\x00F\x00i\x00/\x00B\x00l\x00u\x00e\x00t\
\x00o\x00o\x00t\x00h\x00 \x00o\x00n\x00-\
\x00o\x00f\x00f\x00 u(O\x8be\xb0X\x9e\
\x95\xf4\x96\x94\x8b\xbe\x7fn0\x02\x00\x0a\x002\x00.\
\x00 e\xb0X\x9ee\xe5_\xd7c\x09\x00 \x00d\
\x00o\x00m\x00a\x00i\x00n\x00 T\x8c\x00 \
\x00l\x00e\x00v\x00e\x00l\x00 \x91M\x82r\
g:R60\x02\x00\x0a\x003\x00.\x00 mK\
\x8b\xd5b\xa5TJe9N:\x00 \x00H\x00T\
\x00M\x00L\x00 h<_\x0f0\x02\x08\x00\x00\x00\
\x00\x06\x00\x00\x00\x1dabout.rele\
ase.v1_1_0.new.b\
ody\x07\x00\x00\x00\x0bAboutWin\
dow\x01\x03\x00\x00\x00\x12\x00v\x001\x00.\x00\
1\x00.\x000\x00 e\xb0X\x9e\x08\x00\x00\x00\x00\
\x06\x00\x00\x00\x1eabout.relea\
se.v1_1_0.new.ti\
tle\x07\x00\x00\x00\x0bAboutWin\
dow\x01\x03\x00\x00\x00\x04\x90\x00Q\xfa\x08\x00\x00\
\x00\x00\x06\x00\x00\x00\x04Quit\x07\x00\x00\x00\x03\
App\x01\x03\x00\x00\x00\x14\x8d&S\xf7b\x16[\
\xc6x\x01N\x0d\x80\xfdN:zz0\x02\x08\x00\x00\
\x00\x00\x06\x00\x00\x00$Account o\
r password canno\
t be empty.\x07\x00\x00\x00\x0a\
AuthBridge\x01\x03\x00\x00\x00\x10\
\x8d&S\xf7b\x16[\xc6x\x01\x95\x19\x8b\xef0\x02\
\x08\x00\x00\x00\x00\x06\x00\x00\x00!Accoun\
t or password is\
 incorrect.\x07\x00\x00\x00\x0a\
AuthBridge\x01\x03\x00\x00\x00\x10\
\x8b\xf7\x91\xcde\xb0\x8f\x93Qe[\xc6x\x010\x02\
\x08\x00\x00\x00\x00\x06\x00\x00\x00 Please\
 enter the passw\
ord again.\x07\x00\x00\x00\x0aA\
uthBridge\x01\x03\x00\x00\x00\x12k\
cW(v{_U\xff\x0c\x8b\xf7z\x0dP\x190\
\x02\x08\x00\x00\x00\x00\x06\x00\x00\x00\x1fSign-\
in is already in\
 progress.\x07\x00\x00\x00\x0aA\
uthBridge\x01\x03\x00\x00\x00&v\
{_Ub\x10R\x9f\xff\x0ck\x22\x8f\xceO`\xff\
\x0c\x00{\x00u\x00s\x00e\x00r\x00n\x00a\x00\
m\x00e\x00}\x08\x00\x00\x00\x00\x06\x00\x00\x00'S\
ign-in successfu\
l. Welcome, {use\
rname}\x07\x00\x00\x00\x0aAuthB\
ridge\x01\x03\x00\x00\x00\x18]\xf2v{_\
U\xff\x0cOF[\xc6x\x01g*\x80\xfdO\xdd[\
X0\x02\x08\x00\x00\x00\x00\x06\x00\x00\x00/Sig\
ned in, but the \
password could n\
ot be saved.\x07\x00\x00\x00\
\x0aAuthBridge\x01\x03\x00\x00\x00\
\x0ekcW(v{_U\x00.\x00.\x00.\x08\
\x00\x00\x00\x00\x06\x00\x00\x00\x0dSigning\
 in...\x07\x00\x00\x00\x0aAuthB\
ridge\x01\x03\x00\x00\x00*\x8d&S\xf7]\
\xf2y\xfb\x96d\xff\x0cOFO\xdd[Xv\x84Q\
\xedcng*\x80\xfdR \x96d\xff\x0c\x8b\xf7\x91\
\xcd\x8b\xd50\x02\x08\x00\x00\x00\x00\x06\x00\x00\x00UT\
he account was r\
emoved, but its \
saved credential\
 could not be de\
leted. Please re\
try.\x07\x00\x00\x00\x0aAuthBri\
dge\x01\x03\x00\x00\x00\x12b@\x90\x09\x8d&S\
\xf7]\xf2N\x0d[XW(0\x02\x08\x00\x00\x00\x00\
\x06\x00\x00\x00&The selecte\
d account no lon\
ger exists.\x07\x00\x00\x00\x0a\
AuthBridge\x01\x03\x00\x00\x00$\
f\x82e\xf6e\xe0l\xd5\x8f\xdec\xa5\x00 \x00L\
\x00D\x00A\x00P\xff\x0c\x8b\xf7z\x0dT\x0e\x91\xcd\
\x8b\xd50\x02\x08\x00\x00\x00\x00\x06\x00\x00\x002Un\
able to connect \
to LDAP. Please \
try again later.\
\x07\x00\x00\x00\x0aAuthBridge\x01\
\x03\x00\x00\x00\x04n\x90x\x01\x08\x00\x00\x00\x00\x06\x00\
\x00\x00\x06Source\x07\x00\x00\x00\x0cCo\
deExpander\x01\x03\x00\x00\x00\x08\
Y\x0dR6b\x10R\x9f\x08\x00\x00\x00\x00\x06\x00\x00\
\x00\x16The Copy is Su\
ccessful\x07\x00\x00\x00\x0cCod\
eExpander\x01\x03\x00\x00\x00\x08S\
\xcb`\xc5c\xd0y:\x08\x00\x00\x00\x00\x06\x00\x00\x00\
\x11Friendly Remind\
er\x07\x00\x00\x00\x0bCrashWind\
ow\x01\x03\x00\x00\x00\x08N\x0ab\xa5e\xe5_\xd7\
\x08\x00\x00\x00\x00\x06\x00\x00\x00\x0bReport\
 Logs\x07\x00\x00\x00\x0bCrashW\
indow\x01\x03\x00\x00\x00\x08\x91\xcdT/z\
\x0b^\x8f\x08\x00\x00\x00\x00\x06\x00\x00\x00\x0fRes\
tart Program\x07\x00\x00\x00\
\x0bCrashWindow\x01\x03\x00\x00\
\x00([\xf9N\x8ea\x0fY\x16\x95\x19\x8b\xef~\xd9\
`\xa8^&gev\x84N\x0dO\xbf\xff\x0cb\x11\
N\xecm\xf1\x88hkIa\x0f\x08\x00\x00\x00\x00\x06\
\x00\x00\x00@We apologize\
 for the inconve\
nience caused by\
 an unexpected e\
rror\x07\x00\x00\x00\x0bCrashWi\
ndow\x01\x03\x00\x00\x00\x1a\x00K\x00P\x00I\
\x00 \x89\xc6\x98\x91R\xa0\x8f}kcW(\x8f\xdb\
\x88L0\x02\x08\x00\x00\x00\x00\x06\x00\x00\x00%KP\
I video loading \
is already runni\
ng.\x07\x00\x00\x00\x0bDebugBri\
dge\x01\x03\x00\x00\x00\x12\x8b\xf7QH\x90\x09b\
\xe9\x89\xc6\x98\x91e\x87N\xf60\x02\x08\x00\x00\x00\x00\
\x06\x00\x00\x00\x1aSelect a vi\
deo file first.\x07\
\x00\x00\x00\x0bDebugBridge\x01\
\x03\x00\x00\x00\x04mO\x89\xc8\x08\x00\x00\x00\x00\x06\x00\
\x00\x00\x06Browse\x07\x00\x00\x00\x16Fl\
uentInitializrWi\
ndow\x01\x03\x00\x00\x00\x04S\xd6m\x88\x08\x00\
\x00\x00\x00\x06\x00\x00\x00\x06Cancel\x07\x00\
\x00\x00\x16FluentInitial\
izrWindow\x01\x03\x00\x00\x00\x04R\
\x1b^\xfa\x08\x00\x00\x00\x00\x06\x00\x00\x00\x06Cre\
ate\x07\x00\x00\x00\x16FluentIn\
itializrWindow\x01\x03\
\x00\x00\x00\x08R\x1b^\xfa\x8d\xef_\x84\x08\x00\x00\x00\
\x00\x06\x00\x00\x00\x09Create In\x07\
\x00\x00\x00\x16FluentInitia\
lizrWindow\x01\x03\x00\x00\x00\x16\
\x00F\x00l\x00u\x00e\x00n\x00t\x00U\x00I\
\x81\x1abKg\xb6\x08\x00\x00\x00\x00\x06\x00\x00\x00\x13\
FluentUI Initial\
izr\x07\x00\x00\x00\x16FluentIn\
itializrWindow\x01\x03\
\x00\x00\x00\x04T\x0dy\xf0\x08\x00\x00\x00\x00\x06\x00\x00\
\x00\x04Name\x07\x00\x00\x00\x16Fluen\
tInitializrWindo\
w\x01\x03\x00\x00\x00\x0eb\xd6Qe\x00q\x00m\x00\
le\x87N\xf6\x08\x00\x00\x00\x00\x06\x00\x00\x00\x12D\
rag in a qml fil\
e\x07\x00\x00\x00\x0dHotloadWin\
dow\x01\x03\x00\x00\x00\x06p\xedR\xa0\x8f}\x08\
\x00\x00\x00\x00\x06\x00\x00\x00\x0aHot Loa\
der\x07\x00\x00\x00\x0dHotloadW\
indow\x01\x03\x00\x00\x00\x04\x96DN\xf6\x08\
\x00\x00\x00\x00\x06\x00\x00\x00\x0bAttachm\
ents\x07\x00\x00\x00\x10IssueAt\
tachments\x01\x03\x00\x00\x00\x18\x5c\
\x06e\x87N\xf6b\xd6R0kdY\x04b\x16\x90\
\x09b\xe9e\x87N\xf6\x08\x00\x00\x00\x00\x06\x00\x00\x00\
\x1fDrop files here\
 or select files\
\x07\x00\x00\x00\x10IssueAttach\
ments\x01\x03\x00\x00\x00\x12kcW(R\
\xa0\x8f}\x96DN\xf6\x00.\x00.\x00.\x08\x00\x00\
\x00\x00\x06\x00\x00\x00\x16Loading a\
ttachments...\x07\x00\x00\
\x00\x10IssueAttachmen\
ts\x01\x03\x00\x00\x00\x08\x90\x09b\xe9\x96DN\xf6\
\x08\x00\x00\x00\x00\x06\x00\x00\x00\x12Select\
 attachments\x07\x00\x00\x00\
\x10IssueAttachment\
s\x01\x03\x00\x00\x00\x08\x90\x09b\xe9e\x87N\xf6\x08\
\x00\x00\x00\x00\x06\x00\x00\x00\x0cSelect \
files\x07\x00\x00\x00\x10IssueA\
ttachments\x01\x03\x00\x00\x00\x0e\
kcW(N\x0aO \x00.\x00.\x00.\x08\x00\
\x00\x00\x00\x06\x00\x00\x00\x0cUploadin\
g...\x07\x00\x00\x00\x10IssueAt\
tachments\x01\x03\x00\x00\x00\x08m\
\xfbR\xa0\x8b\xc4\x8b\xba\x08\x00\x00\x00\x00\x06\x00\x00\x00\
\x0dAdd a comment\x07\x00\
\x00\x00\x0dIssueComments\
\x01\x03\x00\x00\x00\x04S\xd6m\x88\x08\x00\x00\x00\x00\x06\
\x00\x00\x00\x06Cancel\x07\x00\x00\x00\x0dI\
ssueComments\x01\x03\x00\x00\
\x00\x04\x8b\xc4\x8b\xba\x08\x00\x00\x00\x00\x06\x00\x00\x00\x07\
Comment\x07\x00\x00\x00\x0dIssu\
eComments\x01\x03\x00\x00\x00\x04\x8b\
\xc4\x8b\xba\x08\x00\x00\x00\x00\x06\x00\x00\x00\x08Com\
ments\x07\x00\x00\x00\x0dIssueC\
omments\x01\x03\x00\x00\x00\x12kcW\
(R\xa0\x8f}\x8b\xc4\x8b\xba\x00.\x00.\x00.\x08\
\x00\x00\x00\x00\x06\x00\x00\x00\x13Loading\
 comments...\x07\x00\x00\x00\
\x0dIssueComments\x01\x03\
\x00\x00\x00\x0c\x8f\xd8l\xa1g\x09\x8b\xc4\x8b\xba0\x02\
\x08\x00\x00\x00\x00\x06\x00\x00\x00\x10No com\
ments yet.\x07\x00\x00\x00\x0dI\
ssueComments\x01\x03\x00\x00\
\x00\x04c\xd0N\xa4\x08\x00\x00\x00\x00\x06\x00\x00\x00\x06\
Submit\x07\x00\x00\x00\x0dIssue\
Comments\x01\x03\x00\x00\x00\x0ekc\
W(c\xd0N\xa4\x00.\x00.\x00.\x08\x00\x00\x00\
\x00\x06\x00\x00\x00\x0dSubmitting\
...\x07\x00\x00\x00\x0dIssueCom\
ments\x01\x03\x00\x00\x00\x04c\xcf\x8f\xf0\x08\
\x00\x00\x00\x00\x06\x00\x00\x00\x0bDescrip\
tion\x07\x00\x00\x00\x10IssueDe\
scription\x01\x03\x00\x00\x00\x0af\
\x82e\xe0c\xcf\x8f\xf00\x02\x08\x00\x00\x00\x00\x06\x00\
\x00\x00\x0fNo descriptio\
n.\x07\x00\x00\x00\x10IssueDesc\
ription\x01\x03\x00\x00\x00\x04S\xd6m\
\x88\x08\x00\x00\x00\x00\x06\x00\x00\x00\x06Cance\
l\x07\x00\x00\x00\x0fIssueDetai\
lView\x01\x03\x00\x00\x00\x08xn\x8b\xa4N\
\x0aO \x08\x00\x00\x00\x00\x06\x00\x00\x00\x0eCon\
firm upload\x07\x00\x00\x00\x0f\
IssueDetailView\x01\
\x03\x00\x00\x00\x04e\xe5g\x1f\x08\x00\x00\x00\x00\x06\x00\
\x00\x00\x05Dates\x07\x00\x00\x00\x0fIss\
ueDetailView\x01\x03\x00\x00\
\x00\x04\x8b\xe6`\xc5\x08\x00\x00\x00\x00\x06\x00\x00\x00\x07\
Details\x07\x00\x00\x00\x0fIssu\
eDetailView\x01\x03\x00\x00\x00\
\x04N\xbaTX\x08\x00\x00\x00\x00\x06\x00\x00\x00\x06P\
eople\x07\x00\x00\x00\x0fIssueD\
etailView\x01\x03\x00\x00\x00\x04N\
\x0aO \x08\x00\x00\x00\x00\x06\x00\x00\x00\x06Upl\
oad\x07\x00\x00\x00\x0fIssueDet\
ailView\x01\x03\x00\x00\x00\x12N\x0aO\
 b\xd6Qev\x84e\x87N\xf6T\x17\xff\x1f\x08\
\x00\x00\x00\x00\x06\x00\x00\x00\x19Upload \
the dropped file\
s?\x07\x00\x00\x00\x0fIssueDeta\
ilView\x01\x03\x00\x00\x00\x04\x8d&S\xf7\
\x08\x00\x00\x00\x00\x06\x00\x00\x00\x07Accoun\
t\x07\x00\x00\x00\x0bItemsFoote\
r\x01\x03\x00\x00\x00\x04\x8b\xbe\x7fn\x08\x00\x00\x00\x00\
\x06\x00\x00\x00\x08Settings\x07\x00\x00\
\x00\x0bItemsFooter\x01\x03\x00\
\x00\x00\x1au(b7S\xefN\xe5\x90\x09b\xe9b\
\x16n\x05\x96dv\x84c\xa7N\xf60\x02\x08\x00\x00\
\x00\x00\x06\x00\x00\x00*A control\
 that a user can\
 select or clear\
.\x07\x00\x00\x00\x0dItemsOrigi\
nal\x01\x03\x00\x00\x002N\x00N*c\xa7N\
\xf6\xff\x0cu(N\x8ef>y:S\xefu(N\
\x8ef>y:Y\x1aN*e\x87hcv\x84\x90\
\x09\x98ySa\x96\xc6T\x080\x02\x08\x00\x00\x00\x00\
\x06\x00\x00\x00ZA control t\
hat displays a c\
ollection of tab\
s thatcan be use\
d to display sev\
eral documents.\x07\
\x00\x00\x00\x0dItemsOrigina\
l\x01\x03\x00\x00\x00HN\x00N*c\xa7N\xf6\xff\
\x0cQA\x8b\xb8u(b7\x90\x1a\x8f\xc7l\xbf\x8f\
h\x90Sy\xfbR\xa8\x00 \x00T\x00h\x00u\x00\
m\x00b\x00 c\xa7N\xf6N\xceN\x00|\xfbR\
\x17P<N-\x8f\xdb\x88L\x90\x09b\xe90\x02\x08\
\x00\x00\x00\x00\x06\x00\x00\x00aA contr\
ol that lets the\
 user select fro\
m a rangeof valu\
es by moving a T\
humb control alo\
ng atrack.\x07\x00\x00\x00\x0dI\
temsOriginal\x01\x03\x00\x00\
\x00,T\xcd^\x94u(b7\x8f\x93Qe^v\
_\x15S\xd1\x00 \x00C\x00l\x00i\x00c\x00k\
\x00 N\x8bN\xf6v\x84c\xa7N\xf60\x02\x08\x00\
\x00\x00\x00\x06\x00\x00\x00>A contro\
l that responds \
to user input an\
d raisesa Click \
event.\x07\x00\x00\x00\x0dItems\
Original\x01\x03\x00\x00\x00\x04\x00A\
\x00I\x08\x00\x00\x00\x00\x06\x00\x00\x00\x02AI\x07\x00\
\x00\x00\x0dItemsOriginal\
\x01\x03\x00\x00\x00\x06N\x9aQKR\x9b\x08\x00\x00\x00\
\x00\x06\x00\x00\x00\x07Acrylic\x07\x00\x00\
\x00\x0dItemsOriginal\x01\
\x03\x00\x00\x00(u(N\x8ef>y:^\x94u\
(\x83\x03V\xf4r\xb6`\x01f\xf4e9O\xe1`\
ov\x84Q\x85\x80Tm\x88`o0\x02\x08\x00\x00\
\x00\x00\x06\x00\x00\x00?An inline\
 message to disp\
lay app-wide sta\
tuschange inform\
ation.\x07\x00\x00\x00\x0dItems\
Original\x01\x03\x00\x00\x00\x04_\xbd\
z\xe0\x08\x00\x00\x00\x00\x06\x00\x00\x00\x05Badg\
e\x07\x00\x00\x00\x0dItemsOrigi\
nal\x01\x03\x00\x00\x00\x06ga_bV\xfe\x08\
\x00\x00\x00\x00\x06\x00\x00\x00\x09Bar Cha\
rt\x07\x00\x00\x00\x0dItemsOrig\
inal\x01\x03\x00\x00\x00\x08W\xfag,\x8f\x93\
Qe\x08\x00\x00\x00\x00\x06\x00\x00\x00\x0bBasi\
c Input\x07\x00\x00\x00\x0dItem\
sOriginal\x01\x03\x00\x00\x00\x06\x97\
bS\x05\x5cQ\x08\x00\x00\x00\x00\x06\x00\x00\x00\x0dB\
readcrumbBar\x07\x00\x00\x00\
\x0dItemsOriginal\x01\x03\
\x00\x00\x00\x06l\x14l\xe1V\xfe\x08\x00\x00\x00\x00\x06\
\x00\x00\x00\x0cBubble Chart\
\x07\x00\x00\x00\x0dItemsOrigin\
al\x01\x03\x00\x00\x00\x04c\x09\x94\xae\x08\x00\x00\x00\
\x00\x06\x00\x00\x00\x07Buttons\x07\x00\x00\
\x00\x0dItemsOriginal\x01\
\x03\x00\x00\x00\x0ae\xe5S\x86\x90\x09b\xe9Vh\x08\
\x00\x00\x00\x00\x06\x00\x00\x00\x0eCalenda\
rPicker\x07\x00\x00\x00\x0dItem\
sOriginal\x01\x03\x00\x00\x00\x06\x9a\
\x8c\x8b\xc1x\x01\x08\x00\x00\x00\x00\x06\x00\x00\x00\x07C\
aptcha\x07\x00\x00\x00\x0dItems\
Original\x01\x03\x00\x00\x00\x06\x8fn\
d\xadV\xfe\x08\x00\x00\x00\x00\x06\x00\x00\x00\x08Ca\
rousel\x07\x00\x00\x00\x0dItems\
Original\x01\x03\x00\x00\x00\x04V\xfe\
\x88h\x08\x00\x00\x00\x00\x06\x00\x00\x00\x05Char\
t\x07\x00\x00\x00\x0dItemsOrigi\
nal\x01\x03\x00\x00\x00\x06Y\x0d\x90\x09hF\x08\
\x00\x00\x00\x00\x06\x00\x00\x00\x08CheckBo\
x\x07\x00\x00\x00\x0dItemsOrigi\
nal\x01\x03\x00\x00\x00\x04\x88\xc1Rj\x08\x00\x00\
\x00\x00\x06\x00\x00\x00\x04Clip\x07\x00\x00\x00\x0d\
ItemsOriginal\x01\x03\x00\
\x00\x00\x0a\x98\x9c\x82r\x90\x09b\xe9Vh\x08\x00\x00\
\x00\x00\x06\x00\x00\x00\x0bColorPick\
er\x07\x00\x00\x00\x0dItemsOrig\
inal\x01\x03\x00\x00\x00\x06~\xc4T\x08hF\
\x08\x00\x00\x00\x00\x06\x00\x00\x00\x08ComboB\
ox\x07\x00\x00\x00\x0dItemsOrig\
inal\x01\x03\x00\x00\x00\x0ae\xe5g\x1f\x90\x09\
b\xe9Vh\x08\x00\x00\x00\x00\x06\x00\x00\x00\x0aDa\
tePicker\x07\x00\x00\x00\x0dIte\
msOriginal\x01\x03\x00\x00\x00\x04\
\x8c\x03\x8b\xd5\x08\x00\x00\x00\x00\x06\x00\x00\x00\x05De\
bug\x07\x00\x00\x00\x0dItemsOri\
ginal\x01\x03\x00\x00\x00\x04_9z\x97\x08\
\x00\x00\x00\x00\x06\x00\x00\x00\x06Dialog\x07\
\x00\x00\x00\x0dItemsOrigina\
l\x01\x03\x00\x00\x00\x04\x5cU_\x00\x08\x00\x00\x00\x00\
\x06\x00\x00\x00\x08Expander\x07\x00\x00\
\x00\x0dItemsOriginal\x01\
\x03\x00\x00\x00\x08\x7f\xfb\x8fl\x89\xc6V\xfe\x08\x00\x00\
\x00\x00\x06\x00\x00\x00\x08FlipView\x07\
\x00\x00\x00\x0dItemsOrigina\
l\x01\x03\x00\x00\x00\x04\x88hSU\x08\x00\x00\x00\x00\
\x06\x00\x00\x00\x04Form\x07\x00\x00\x00\x0dIt\
emsOriginal\x01\x03\x00\x00\x00\
\x08R\x06~\xc4[\xb9Vh\x08\x00\x00\x00\x00\x06\x00\
\x00\x00\x08GroupBox\x07\x00\x00\x00\x0d\
ItemsOriginal\x01\x03\x00\
\x00\x00\x04\x99\x96\x98u\x08\x00\x00\x00\x00\x06\x00\x00\x00\
\x04Home\x07\x00\x00\x00\x0dItemsO\
riginal\x01\x03\x00\x00\x00\x06p\xedR\
\xa0\x8f}\x08\x00\x00\x00\x00\x06\x00\x00\x00\x0aHot\
 Loader\x07\x00\x00\x00\x0dItem\
sOriginal\x01\x03\x00\x00\x00\x04V\
\xfeh\x07\x08\x00\x00\x00\x00\x06\x00\x00\x00\x05Ico\
ns\x07\x00\x00\x00\x0dItemsOrig\
inal\x01\x03\x00\x00\x00\x04V\xfeP\xcf\x08\x00\
\x00\x00\x00\x06\x00\x00\x00\x05Image\x07\x00\x00\
\x00\x0dItemsOriginal\x01\
\x03\x00\x00\x00\x06O\xe1`oh\x0f\x08\x00\x00\x00\x00\
\x06\x00\x00\x00\x07InfoBar\x07\x00\x00\x00\
\x0dItemsOriginal\x01\x03\
\x00\x00\x00\x04^\x03\x5c@\x08\x00\x00\x00\x00\x06\x00\x00\
\x00\x06Layout\x07\x00\x00\x00\x0dIte\
msOriginal\x01\x03\x00\x00\x00\x06\
~\xbfW\x8bV\xfe\x08\x00\x00\x00\x00\x06\x00\x00\x00\x0a\
Line Chart\x07\x00\x00\x00\x0dI\
temsOriginal\x01\x03\x00\x00\
\x00\x04\x83\xdcSU\x08\x00\x00\x00\x00\x06\x00\x00\x00\x04\
Menu\x07\x00\x00\x00\x0dItemsOr\
iginal\x01\x03\x00\x00\x00\x06Y\x1az\x97\
S\xe3\x08\x00\x00\x00\x00\x06\x00\x00\x00\x0bMult\
iWindow\x07\x00\x00\x00\x0dItem\
sOriginal\x01\x03\x00\x00\x00\x04[\
\xfc\x82*\x08\x00\x00\x00\x00\x06\x00\x00\x00\x0aNav\
igation\x07\x00\x00\x00\x0dItem\
sOriginal\x01\x03\x00\x00\x00\x04Q\
vN\xd6\x08\x00\x00\x00\x00\x06\x00\x00\x00\x05Oth\
er\x07\x00\x00\x00\x0dItemsOrig\
inal\x01\x03\x00\x00\x00\x04R\x06\x98u\x08\x00\
\x00\x00\x00\x06\x00\x00\x00\x0aPaginati\
on\x07\x00\x00\x00\x0dItemsOrig\
inal\x01\x03\x00\x00\x00\x18\x00P\x00a\x00n\
\x00e\x00I\x00t\x00e\x00m\x00 ]\xf2y\x81\
u(\x08\x00\x00\x00\x00\x06\x00\x00\x00\x11Pane\
Item Disabled\x07\x00\x00\
\x00\x0dItemsOriginal\x01\
\x03\x00\x00\x00(\x00P\x00a\x00n\x00e\x00I\x00\
t\x00e\x00m\x00E\x00x\x00p\x00a\x00n\x00\
d\x00e\x00r\x00 ]\xf2y\x81u(\x08\x00\x00\
\x00\x00\x06\x00\x00\x00\x19PaneItemE\
xpander Disabled\
\x07\x00\x00\x00\x0dItemsOrigin\
al\x01\x03\x00\x00\x00\x04\x99|V\xfe\x08\x00\x00\x00\
\x00\x06\x00\x00\x00\x09Pie Chart\x07\
\x00\x00\x00\x0dItemsOrigina\
l\x01\x03\x00\x00\x00\x04\x8ft\x8fl\x08\x00\x00\x00\x00\
\x06\x00\x00\x00\x05Pivot\x07\x00\x00\x00\x0dI\
temsOriginal\x01\x03\x00\x00\
\x00\x0cg\x81WPh\x07S:W\xdfV\xfe\x08\x00\
\x00\x00\x00\x06\x00\x00\x00\x10Polar Ar\
ea Chart\x07\x00\x00\x00\x0dIte\
msOriginal\x01\x03\x00\x00\x00\x04\
_9z\x97\x08\x00\x00\x00\x00\x06\x00\x00\x00\x05Po\
pus\x07\x00\x00\x00\x0dItemsOri\
ginal\x01\x03\x00\x00\x00*f>y:u\
(b7S\xefN\xe5\x7f\xfb\x96\x05v\x84\x98y\x96\
\xc6T\x08\xff\x0cN\x00k!\x7f\xfb\x96\x05N\x00N\
*\x98y0\x02\x08\x00\x00\x00\x00\x06\x00\x00\x00QP\
resents a collec\
tion of items th\
at the user canf\
lip through, one\
 item at a time.\
\x07\x00\x00\x00\x0dItemsOrigin\
al\x01\x03\x00\x00\x00&W(\x90\x09\x98ySa\
_\x0f\x89\xc6V\xfeN-f>y:ge\x81\xea\
N\x0dT\x0cn\x90v\x84O\xe1`o0\x02\x08\x00\
\x00\x00\x00\x06\x00\x00\x00=Presents\
 information fro\
m different sour\
ces in a tabbed \
view.\x07\x00\x00\x00\x0dItemsO\
riginal\x01\x03\x00\x00\x00\x06\x8f\xdb^\
\xa6ga\x08\x00\x00\x00\x00\x06\x00\x00\x00\x08Pro\
gress\x07\x00\x00\x00\x0dItemsO\
riginal\x01\x03\x00\x00\x00\x06N\x8c~\
\xf4x\x01\x08\x00\x00\x00\x00\x06\x00\x00\x00\x06QRC\
ode\x07\x00\x00\x00\x0dItemsOri\
ginal\x01\x03\x00\x00\x00\x06\x96\xf7\x8f\xbeV\
\xfe\x08\x00\x00\x00\x00\x06\x00\x00\x00\x0bRadar\
 Chart\x07\x00\x00\x00\x0dItems\
Original\x01\x03\x00\x00\x00\x08SU\
\x90\x09c\x09\x94\xae\x08\x00\x00\x00\x00\x06\x00\x00\x00\x0b\
RadioButton\x07\x00\x00\x00\x0d\
ItemsOriginal\x01\x03\x00\
\x00\x00\x08\x8b\xc4~\xa7c\xa7R6\x08\x00\x00\x00\x00\
\x06\x00\x00\x00\x0dRatingContr\
ol\x07\x00\x00\x00\x0dItemsOrig\
inal\x01\x03\x00\x00\x00\x04w\xe9_b\x08\x00\
\x00\x00\x00\x06\x00\x00\x00\x09Rectangl\
e\x07\x00\x00\x00\x0dItemsOrigi\
nal\x01\x03\x00\x00\x00\x08\x8f\xdcz\x0bR\xa0\x8f\
}\x08\x00\x00\x00\x00\x06\x00\x00\x00\x0dRemot\
e Loader\x07\x00\x00\x00\x0dIte\
msOriginal\x01\x03\x00\x00\x00\x04\
b\xa5TJ\x08\x00\x00\x00\x00\x06\x00\x00\x00\x06Re\
port\x07\x00\x00\x00\x0dItemsOr\
iginal\x01\x03\x00\x00\x00\x04\x8f\xd0\x88L\
\x08\x00\x00\x00\x00\x06\x00\x00\x00\x03Run\x07\x00\x00\
\x00\x0dItemsOriginal\x01\
\x03\x00\x00\x00\x06ecp\xb9V\xfe\x08\x00\x00\x00\x00\
\x06\x00\x00\x00\x0dScatter Cha\
rt\x07\x00\x00\x00\x0dItemsOrig\
inal\x01\x03\x00\x00\x00\x04b\xbd\x5cI\x08\x00\
\x00\x00\x00\x06\x00\x00\x00\x05Sheet\x07\x00\x00\
\x00\x0dItemsOriginal\x01\
\x03\x00\x00\x00\x0c_\xebcw\x95.\x90\x09b\xe9V\
h\x08\x00\x00\x00\x00\x06\x00\x00\x00\x0eShort\
cutPicker\x07\x00\x00\x00\x0dIt\
emsOriginal\x01\x03\x00\x00\x00\
\x04n\xd1WW\x08\x00\x00\x00\x00\x06\x00\x00\x00\x06S\
lider\x07\x00\x00\x00\x0dItemsO\
riginal\x01\x03\x00\x00\x00\x08b\xc6R\
\x06^\x03\x5c@\x08\x00\x00\x00\x00\x06\x00\x00\x00\x0bS\
plitLayout\x07\x00\x00\x00\x0dI\
temsOriginal\x01\x03\x00\x00\
\x00\x0ap\x11^\x03mA^\x03\x5c@\x08\x00\x00\x00\
\x00\x06\x00\x00\x00\x0fStaggeredL\
ayout\x07\x00\x00\x00\x0dItemsO\
riginal\x01\x03\x00\x00\x00\x08r\xb6`\
\x01^\x03\x5c@\x08\x00\x00\x00\x00\x06\x00\x00\x00\x0cS\
tatusLayout\x07\x00\x00\x00\x0d\
ItemsOriginal\x01\x03\x00\
\x00\x00\x04\x88h\x97b\x08\x00\x00\x00\x00\x06\x00\x00\x00\
\x07Surface\x07\x00\x00\x00\x0dIte\
msOriginal\x01\x03\x00\x00\x00\x06\
\x90\x09\x98ySa\x08\x00\x00\x00\x00\x06\x00\x00\x00\x07\
TabView\x07\x00\x00\x00\x0dItem\
sOriginal\x01\x03\x00\x00\x00\x04\x88\
hh<\x08\x00\x00\x00\x00\x06\x00\x00\x00\x09Tab\
leView\x07\x00\x00\x00\x0dItems\
Original\x01\x03\x00\x00\x00\x04mK\
\x8b\xd5\x08\x00\x00\x00\x00\x06\x00\x00\x00\x04Test\
\x07\x00\x00\x00\x0dItemsOrigin\
al\x01\x03\x00\x00\x00\x04e\x87g,\x08\x00\x00\x00\
\x00\x06\x00\x00\x00\x04Text\x07\x00\x00\x00\x0dI\
temsOriginal\x01\x03\x00\x00\
\x00\x06e\x87g,hF\x08\x00\x00\x00\x00\x06\x00\x00\
\x00\x07TextBox\x07\x00\x00\x00\x0dIt\
emsOriginal\x01\x03\x00\x00\x00\
D\x00T\x00a\x00b\x00l\x00e\x00V\x00i\x00\
e\x00w\x00 c\xa7N\xf6c\xd0O\x9bN\x86N\
\x00y\xcdN\xe5\x88LT\x8cR\x17_b_\x0ff\
>y:epcn\x96\xc6T\x08v\x84pum\
;e\xb9l\xd5\x08\x00\x00\x00\x00\x06\x00\x00\x00aT\
he TableView con\
trol provides a \
flexible way to \
display a collec\
tion of data in \
rows and columns\
\x07\x00\x00\x00\x0dItemsOrigin\
al\x01\x03\x00\x00\x00\x04N;\x98\x98\x08\x00\x00\x00\
\x00\x06\x00\x00\x00\x05Theme\x07\x00\x00\x00\x0d\
ItemsOriginal\x01\x03\x00\
\x00\x00\x04N;\x98\x98\x08\x00\x00\x00\x00\x06\x00\x00\x00\
\x07Theming\x07\x00\x00\x00\x0dIte\
msOriginal\x01\x03\x00\x00\x00\x0a\
e\xf6\x95\xf4\x90\x09b\xe9Vh\x08\x00\x00\x00\x00\x06\
\x00\x00\x00\x0aTimePicker\x07\x00\
\x00\x00\x0dItemsOriginal\
\x01\x03\x00\x00\x00\x06e\xf6\x95\xf4\x8ft\x08\x00\x00\x00\
\x00\x06\x00\x00\x00\x08Timeline\x07\x00\
\x00\x00\x0dItemsOriginal\
\x01\x03\x00\x00\x00\x08R\x07cb_\x00Qs\x08\x00\
\x00\x00\x00\x06\x00\x00\x00\x0cToggleSw\
itch\x07\x00\x00\x00\x0dItemsOr\
iginal\x01\x03\x00\x00\x00\x04]\xe5Qw\
\x08\x00\x00\x00\x00\x06\x00\x00\x00\x04Tool\x07\x00\
\x00\x00\x0dItemsOriginal\
\x01\x03\x00\x00\x00\x08]\xe5Qwc\xd0y:\x08\x00\
\x00\x00\x00\x06\x00\x00\x00\x07Tooltip\x07\
\x00\x00\x00\x0dItemsOrigina\
l\x01\x03\x00\x00\x00\x04n8\x89\xc8\x08\x00\x00\x00\x00\
\x06\x00\x00\x00\x04Tour\x07\x00\x00\x00\x0dIt\
emsOriginal\x01\x03\x00\x00\x00\
\x02h\x11\x08\x00\x00\x00\x00\x06\x00\x00\x00\x08Tre\
eView\x07\x00\x00\x00\x0dItemsO\
riginal\x01\x03\x00\x00\x00\x04[WO\
S\x08\x00\x00\x00\x00\x06\x00\x00\x00\x0aTypog\
raphy\x07\x00\x00\x00\x0dItemsO\
riginal\x01\x03\x00\x00\x00\x04l4S\
p\x08\x00\x00\x00\x00\x06\x00\x00\x00\x09Water\
mark\x07\x00\x00\x00\x0dItemsOr\
iginal\x01\x03\x00\x00\x00\x0c\x00%\x001\
\x00 N*\x83Iz?\x08\x00\x00\x00\x00\x06\x00\x00\
\x00\x09%1 drafts\x07\x00\x00\x00\x15\
JiraCreateBatchD\
ialog\x01\x03\x00\x00\x00\x08by\x91\xcfR\
\x1b^\xfa\x08\x00\x00\x00\x00\x06\x00\x00\x00\x0cBat\
ch Create\x07\x00\x00\x00\x15Ji\
raCreateBatchDia\
log\x01\x03\x00\x00\x00\x04S\xd6m\x88\x08\x00\x00\
\x00\x00\x06\x00\x00\x00\x06Cancel\x07\x00\x00\
\x00\x15JiraCreateBatc\
hDialog\x01\x03\x00\x00\x00(\x5c\x06\x00\
 \x00R\x00e\x00d\x00m\x00i\x00n\x00e\x00\
 \x95\xee\x98\x98QK\x96\x86R0\x00 \x00J\x00\
i\x00r\x00a\x08\x00\x00\x00\x00\x06\x00\x00\x00\x1cC\
lone Redmine iss\
ues to Jira\x07\x00\x00\x00\x15\
JiraCreateBatchD\
ialog\x01\x03\x00\x00\x00\x18kcW(Q\
\xc6Y\x07\x83Iz?\x00 \x00%\x001\x00/\x00\
%\x002\x08\x00\x00\x00\x00\x06\x00\x00\x00\x16Pre\
paring drafts %1\
/%2\x07\x00\x00\x00\x15JiraCrea\
teBatchDialog\x01\x03\x00\
\x00\x00\x0a\x91\xcd\x8b\xd5Y1\x8d%\x98y\x08\x00\x00\
\x00\x00\x06\x00\x00\x00\x0cRetry fai\
led\x07\x00\x00\x00\x15JiraCrea\
teBatchDialog\x01\x03\x00\
\x00\x00\x08\x91\xcd\x8b\xd5Q\xc6Y\x07\x08\x00\x00\x00\x00\
\x06\x00\x00\x00\x11Retry prepa\
ration\x07\x00\x00\x00\x15JiraC\
reateBatchDialog\
\x01\x03\x00\x00\x00\x0c]\xf2R\x1b^\xfa\xff\x1a\x00%\
\x001\x08\x00\x00\x00\x00\x06\x00\x00\x00\x0bCrea\
ted: %1\x07\x00\x00\x00\x13Jira\
CreateDraftCard\x01\
\x03\x00\x00\x00\x0a\x91\xcdY\x0d\xff\x1a\x00%\x001\x08\
\x00\x00\x00\x00\x06\x00\x00\x00\x0dDuplica\
te: %1\x07\x00\x00\x00\x13JiraC\
reateDraftCard\x01\x03\
\x00\x00\x00\x04Y1\x8d%\x08\x00\x00\x00\x00\x06\x00\x00\
\x00\x06Failed\x07\x00\x00\x00\x13Jir\
aCreateDraftCard\
\x01\x03\x00\x00\x00\x0abS_\x00n\x90\x95\xee\x98\x98\
\x08\x00\x00\x00\x00\x06\x00\x00\x00\x0bOpen s\
ource\x07\x00\x00\x00\x13JiraCr\
eateDraftCard\x01\x03\x00\
\x00\x00\x16\x00R\x00e\x00d\x00m\x00i\x00n\x00\
e\x00 \x00#\x00%\x001\x08\x00\x00\x00\x00\x06\x00\
\x00\x00\x0bRedmine #%1\x07\x00\
\x00\x00\x13JiraCreateDra\
ftCard\x01\x03\x00\x00\x00\x14d\x1c}\x22\
\x00 \x00J\x00i\x00r\x00a\x00 u(b7\
\x08\x00\x00\x00\x00\x06\x00\x00\x00\x11Search\
 Jira users\x07\x00\x00\x00\x0f\
JiraCreateField\x01\
\x03\x00\x00\x00\x08\x90\x09b\xe9\x90\x09\x98y\x08\x00\x00\
\x00\x00\x06\x00\x00\x00\x0eSelect op\
tions\x07\x00\x00\x00\x0fJiraCr\
eateField\x01\x03\x00\x00\x00\x0e\x00\
%\x001\x00 \x00/\x00 \x00%\x002\x08\x00\x00\
\x00\x00\x06\x00\x00\x00\x08%1 of %2\x07\
\x00\x00\x00\x16JiraIssueBro\
wserLayout\x01\x03\x00\x00\x00\x10\
]\xf2\x90\x09b\xe9\x00 \x00%\x001\x00 \x98y\
\x08\x00\x00\x00\x00\x06\x00\x00\x00\x0b%1 sel\
ected\x07\x00\x00\x00\x16JiraIs\
sueBrowserLayout\
\x01\x03\x00\x00\x00\x0e\x00A\x00M\x00L\x00 g*\
f\xf4e\xb0\x08\x00\x00\x00\x00\x06\x00\x00\x00\x0eAM\
L inactivity\x07\x00\x00\x00\
\x16JiraIssueBrowse\
rLayout\x01\x03\x00\x00\x00\x08b@g\
\x09\x98yv\xee\x08\x00\x00\x00\x00\x06\x00\x00\x00\x0cA\
ll projects\x07\x00\x00\x00\x16\
JiraIssueBrowser\
Layout\x01\x03\x00\x00\x00\x08b@g\x09\
r\xb6`\x01\x08\x00\x00\x00\x00\x06\x00\x00\x00\x0cAl\
l statuses\x07\x00\x00\x00\x16J\
iraIssueBrowserL\
ayout\x01\x03\x00\x00\x00\x08Qh\x90\xe8|\
{W\x8b\x08\x00\x00\x00\x00\x06\x00\x00\x00\x09All\
 types\x07\x00\x00\x00\x16JiraI\
ssueBrowserLayou\
t\x01\x03\x00\x00\x00\x04S\xd6m\x88\x08\x00\x00\x00\x00\
\x06\x00\x00\x00\x06Cancel\x07\x00\x00\x00\x16\
JiraIssueBrowser\
Layout\x01\x03\x00\x00\x00\x08S\xd6m\x88\
d\x1c}\x22\x08\x00\x00\x00\x00\x06\x00\x00\x00\x0dCa\
ncel search\x07\x00\x00\x00\x16\
JiraIssueBrowser\
Layout\x01\x03\x00\x00\x00\x10QK\x96\x86\
R0\x00 \x00J\x00i\x00r\x00a\x08\x00\x00\x00\
\x00\x06\x00\x00\x00\x0dClone to J\
ira\x07\x00\x00\x00\x16JiraIssu\
eBrowserLayout\x01\x03\
\x00\x00\x00\x08S\x05T+e\x87g,\x08\x00\x00\x00\
\x00\x06\x00\x00\x00\x0dContains t\
ext\x07\x00\x00\x00\x16JiraIssu\
eBrowserLayout\x01\x03\
\x00\x00\x00\x0a[\xa2b7g*f\xf4e\xb0\x08\x00\
\x00\x00\x00\x06\x00\x00\x00\x13Customer\
 inactivity\x07\x00\x00\x00\x16\
JiraIssueBrowser\
Layout\x01\x03\x00\x00\x00\x06\x95\xee\x98\x98\
SU\x08\x00\x00\x00\x00\x06\x00\x00\x00\x06Issu\
es\x07\x00\x00\x00\x16JiraIssue\
BrowserLayout\x01\x03\x00\
\x00\x00\x0c\x5c\x1ag*R\xa0\x8f}\x95\xee\x98\x98\x08\
\x00\x00\x00\x00\x06\x00\x00\x00\x10No issu\
es loaded\x07\x00\x00\x00\x16Ji\
raIssueBrowserLa\
yout\x01\x03\x00\x00\x00\x06g*QK\x96\x86\
\x08\x00\x00\x00\x00\x06\x00\x00\x00\x0aNot cl\
oned\x07\x00\x00\x00\x16JiraIss\
ueBrowserLayout\x01\
\x03\x00\x00\x00\x08Q\xc6Y\x07\x83Iz?\x08\x00\x00\
\x00\x00\x06\x00\x00\x00\x0ePrepare d\
rafts\x07\x00\x00\x00\x16JiraIs\
sueBrowserLayout\
\x01\x03\x00\x00\x00\x08_\xebcw\x89\xc6V\xfe\x08\x00\
\x00\x00\x00\x06\x00\x00\x00\x0bQuick vi\
ews\x07\x00\x00\x00\x16JiraIssu\
eBrowserLayout\x01\x03\
\x00\x00\x00\x0eO\xdd[XQsl\xe8\x00 \x00I\
\x00D\x08\x00\x00\x00\x00\x06\x00\x00\x00\x10Save\
 watched IDs\x07\x00\x00\x00\
\x16JiraIssueBrowse\
rLayout\x01\x03\x00\x00\x00\x04d\x1c}\
\x22\x08\x00\x00\x00\x00\x06\x00\x00\x00\x06Searc\
h\x07\x00\x00\x00\x16JiraIssueB\
rowserLayout\x01\x03\x00\x00\
\x00\x10\x00A\x00M\x00L\x00 \x95\x7fg\x1f\x95\xee\
\x98\x98\x08\x00\x00\x00\x00\x06\x00\x00\x00\x0fStal\
e AML issue\x07\x00\x00\x00\x16\
JiraIssueBrowser\
Layout\x01\x03\x00\x00\x00\x0c[\xa2b7\
\x95\x7fg\x1f\x95\xee\x98\x98\x08\x00\x00\x00\x00\x06\x00\x00\
\x00\x14Stale customer\
 issue\x07\x00\x00\x00\x16JiraI\
ssueBrowserLayou\
t\x01\x03\x00\x00\x00\x04N;\x98\x98\x08\x00\x00\x00\x00\
\x06\x00\x00\x00\x07Subject\x07\x00\x00\x00\
\x16JiraIssueBrowse\
rLayout\x01\x03\x00\x00\x00\x06g*R\
\x06\x91M\x08\x00\x00\x00\x00\x06\x00\x00\x00\x0aUna\
ssigned\x07\x00\x00\x00\x16Jira\
IssueBrowserLayo\
ut\x01\x03\x00\x00\x00\x10Qsl\xe8v\x84\x95\xee\
\x98\x98\x00 \x00I\x00D\x08\x00\x00\x00\x00\x06\x00\x00\
\x00\x11Watched issue \
IDs\x07\x00\x00\x00\x16JiraIssu\
eBrowserLayout\x01\x03\
\x00\x00\x00\x04\x96DN\xf6\x08\x00\x00\x00\x00\x06\x00\x00\
\x00\x0bAttachments\x07\x00\x00\
\x00\x15JiraIssueDetai\
lLayout\x01\x03\x00\x00\x00\x04S\xd6m\
\x88\x08\x00\x00\x00\x00\x06\x00\x00\x00\x06Cance\
l\x07\x00\x00\x00\x15JiraIssueD\
etailLayout\x01\x03\x00\x00\x00\
\x08xn\x8b\xa4N\x0aO \x08\x00\x00\x00\x00\x06\x00\
\x00\x00\x0eConfirm uploa\
d\x07\x00\x00\x00\x15JiraIssueD\
etailLayout\x01\x03\x00\x00\x00\
\x04e\xe5g\x1f\x08\x00\x00\x00\x00\x06\x00\x00\x00\x05D\
ates\x07\x00\x00\x00\x15JiraIss\
ueDetailLayout\x01\x03\
\x00\x00\x00\x04c\xcf\x8f\xf0\x08\x00\x00\x00\x00\x06\x00\x00\
\x00\x0bDescription\x07\x00\x00\
\x00\x15JiraIssueDetai\
lLayout\x01\x03\x00\x00\x00\x04\x8b\xe6`\
\xc5\x08\x00\x00\x00\x00\x06\x00\x00\x00\x07Detai\
ls\x07\x00\x00\x00\x15JiraIssue\
DetailLayout\x01\x03\x00\x00\
\x00\x0ag*\x90\x09b\xe9\x95\xee\x98\x98\x08\x00\x00\x00\
\x00\x06\x00\x00\x00\x11No issue s\
elected\x07\x00\x00\x00\x15Jira\
IssueDetailLayou\
t\x01\x03\x00\x00\x00\x04N\xbaTX\x08\x00\x00\x00\x00\
\x06\x00\x00\x00\x06People\x07\x00\x00\x00\x15\
JiraIssueDetailL\
ayout\x01\x03\x00\x00\x00\x04N\x0aO \x08\
\x00\x00\x00\x00\x06\x00\x00\x00\x06Upload\x07\
\x00\x00\x00\x15JiraIssueDet\
ailLayout\x01\x03\x00\x00\x00\x12N\
\x0aO b\xd6Qev\x84e\x87N\xf6T\x17\xff\
\x1f\x08\x00\x00\x00\x00\x06\x00\x00\x00\x19Uploa\
d the dropped fi\
les?\x07\x00\x00\x00\x15JiraIss\
ueDetailLayout\x01\x03\
\x00\x00\x00\x04\x8d&S\xf7\x08\x00\x00\x00\x00\x06\x00\x00\
\x00\x07Account\x07\x00\x00\x00\x0bLo\
ginWindow\x01\x03\x00\x00\x00\x0cm\
\xfbR\xa0QvN\xd6\x8d&S\xf7\x08\x00\x00\x00\x00\
\x06\x00\x00\x00\x13Add another\
 account\x07\x00\x00\x00\x0bLog\
inWindow\x01\x03\x00\x00\x00\x08\x81\xea\
R\xa8v{_U\x08\x00\x00\x00\x00\x06\x00\x00\x00\x0a\
Auto login\x07\x00\x00\x00\x0bL\
oginWindow\x01\x03\x00\x00\x00\x04\
S\xd6m\x88\x08\x00\x00\x00\x00\x06\x00\x00\x00\x06Ca\
ncel\x07\x00\x00\x00\x0bLoginWi\
ndow\x01\x03\x00\x00\x00\x04\x90\xe8\x95\xe8\x08\x00\
\x00\x00\x00\x06\x00\x00\x00\x0aDepartme\
nt\x07\x00\x00\x00\x0bLoginWind\
ow\x01\x03\x00\x00\x00\x04\x80L~\xa7\x08\x00\x00\x00\
\x00\x06\x00\x00\x00\x05Grade\x07\x00\x00\x00\x0b\
LoginWindow\x01\x03\x00\x00\x00\
\x04v{_U\x08\x00\x00\x00\x00\x06\x00\x00\x00\x05L\
ogin\x07\x00\x00\x00\x0bLoginWi\
ndow\x01\x03\x00\x00\x00\x08\x90\x00Q\xfav{\
_U\x08\x00\x00\x00\x00\x06\x00\x00\x00\x06Logo\
ut\x07\x00\x00\x00\x0bLoginWind\
ow\x01\x03\x00\x00\x00\x0a\x8b\xf7\x8f\x93Qe\x8d&\
S\xf7\x08\x00\x00\x00\x00\x06\x00\x00\x00\x18Plea\
se enter the acc\
ount\x07\x00\x00\x00\x0bLoginWi\
ndow\x01\x03\x00\x00\x00\x0e\x8b\xf7\x8f\x93Qe\
`\xa8v\x84[\xc6x\x01\x08\x00\x00\x00\x00\x06\x00\x00\
\x00\x1aPlease enter y\
our password\x07\x00\x00\x00\
\x0bLoginWindow\x01\x03\x00\x00\
\x00\x06N\xa7T\xc1~\xbf\x08\x00\x00\x00\x00\x06\x00\x00\
\x00\x0cProduct Line\x07\x00\
\x00\x00\x0bLoginWindow\x01\x03\
\x00\x00\x00\x04y\xfb\x96d\x08\x00\x00\x00\x00\x06\x00\x00\
\x00\x06Remove\x07\x00\x00\x00\x0bLog\
inWindow\x01\x03\x00\x00\x00\x08y\xfb\
\x96d\x8d&S\xf7\x08\x00\x00\x00\x00\x06\x00\x00\x00\x0e\
Remove account\x07\x00\
\x00\x00\x0bLoginWindow\x01\x03\
\x00\x00\x00\x08v\xf4\x5c^N\x0a~\xa7\x08\x00\x00\x00\
\x00\x06\x00\x00\x00\x0aReports To\
\x07\x00\x00\x00\x0bLoginWindow\
\x01\x03\x00\x00\x00\x08O\xdd[X[\xc6x\x01\x08\x00\
\x00\x00\x00\x06\x00\x00\x00\x0dSave pas\
sword\x07\x00\x00\x00\x0bLoginW\
indow\x01\x03\x00\x00\x00\x04V\xe2\x96\x1f\x08\
\x00\x00\x00\x00\x06\x00\x00\x00\x04Team\x07\x00\x00\
\x00\x0bLoginWindow\x01\x03\x00\
\x00\x00J\x8f\xd9O\x1ay\xfb\x96dkd\x8b\xbeY\
\x07N\x0aO\xdd[Xv\x84v{_UO\xe1`\
o\xff\x0cOFN\x0dO\x1aR \x96d\x00 \x00\
S\x00m\x00a\x00r\x00t\x00T\x00e\x00s\x00\
t\x00 N\x1aR\xa1epcn0\x02\x08\x00\x00\
\x00\x00\x06\x00\x00\x00gThis remo\
ves the saved si\
gn-in informatio\
n on this device\
. SmartTest busi\
ness data will n\
ot be deleted.\x07\x00\
\x00\x00\x0bLoginWindow\x01\x03\
\x00\x00\x00\x04QsN\x8e\x08\x00\x00\x00\x00\x06\x00\x00\
\x00\x05About\x07\x00\x00\x00\x0aMain\
Window\x01\x03\x00\x00\x00\x12`\xa8xn\
[\x9a\x89\x81\x90\x00Q\xfaz\x0b^\x8fT\x17\x08\x00\
\x00\x00\x00\x06\x00\x00\x00*Are you \
sure you want to\
 exit the progra\
m?\x07\x00\x00\x00\x0aMainWindo\
w\x01\x03\x00\x00\x00\x04S\xd6m\x88\x08\x00\x00\x00\x00\
\x06\x00\x00\x00\x06Cancel\x07\x00\x00\x00\x0a\
MainWindow\x01\x03\x00\x00\x00\x08\
p\xb9Q\xfbk!ep\x08\x00\x00\x00\x00\x06\x00\x00\
\x00\x0aClick Time\x07\x00\x00\x00\
\x0aMainWindow\x01\x03\x00\x00\x00\
\x08Y\x1c\x95\xf4j!_\x0f\x08\x00\x00\x00\x00\x06\x00\
\x00\x00\x09Dark Mode\x07\x00\x00\x00\
\x0aMainWindow\x01\x03\x00\x00\x00\
\x04[\x8cb\x10\x08\x00\x00\x00\x00\x06\x00\x00\x00\x06F\
inish\x07\x00\x00\x00\x0aMainWi\
ndow\x01\x03\x00\x00\x00\x08S\xcb`\xc5c\xd0\
y:\x08\x00\x00\x00\x00\x06\x00\x00\x00\x11Frie\
ndly Reminder\x07\x00\x00\
\x00\x0aMainWindow\x01\x03\x00\x00\
\x00\x1eW(\x8f\xd9\x91\xcc\xff\x0c`\xa8S\xefN\xe5\
R\x07cbR0Y\x1c\x95\xf4j!_\x0f0\x02\
\x08\x00\x00\x00\x00\x06\x00\x00\x00\x22Here y\
ou can switch to\
 night mode.\x07\x00\x00\x00\
\x0aMainWindow\x01\x03\x00\x00\x00\
\x08\x96\x90\x85\xcf_i\x86\xcb\x08\x00\x00\x00\x00\x06\x00\
\x00\x00\x10Hide Easter e\
ggs\x07\x00\x00\x00\x0aMainWind\
ow\x01\x03\x00\x00\x00\x04\x99\x96\x98u\x08\x00\x00\x00\
\x00\x06\x00\x00\x00\x04Home\x07\x00\x00\x00\x0aM\
ainWindow\x01\x03\x00\x00\x00\x06g\
\x00\x5c\x0fS\x16\x08\x00\x00\x00\x00\x06\x00\x00\x00\x08M\
inimize\x07\x00\x00\x00\x0aMain\
Window\x01\x03\x00\x00\x00\x06N\x0bN\x00\
ke\x08\x00\x00\x00\x00\x06\x00\x00\x00\x04Next\
\x07\x00\x00\x00\x0aMainWindow\x01\
\x03\x00\x00\x00\x04xn[\x9a\x08\x00\x00\x00\x00\x06\x00\
\x00\x00\x02OK\x07\x00\x00\x00\x0aMainWi\
ndow\x01\x03\x00\x00\x00\x10W(r\xecz\xcb\
z\x97S\xe3N-bS_\x00\x08\x00\x00\x00\x00\x06\
\x00\x00\x00\x17Open in Sepa\
rate Window\x07\x00\x00\x00\x0a\
MainWindow\x01\x03\x00\x00\x00\x06\
N\x0aN\x00ke\x08\x00\x00\x00\x00\x06\x00\x00\x00\x08\
Previous\x07\x00\x00\x00\x0aMai\
nWindow\x01\x03\x00\x00\x00\x04\x90\x00Q\
\xfa\x08\x00\x00\x00\x00\x06\x00\x00\x00\x04Quit\x07\
\x00\x00\x00\x0aMainWindow\x01\x03\
\x00\x00\x00\x04d\x1c}\x22\x08\x00\x00\x00\x00\x06\x00\x00\
\x00\x06Search\x07\x00\x00\x00\x0aMai\
nWindow\x01\x03\x00\x00\x00\x16_SR\
MrHg,]\xf2~\xcff/g\x00e\xb0r\
Hg,\x08\x00\x00\x00\x00\x06\x00\x00\x00)The\
 current version\
 is already the \
latest\x07\x00\x00\x00\x0aMainW\
indow\x01\x03\x00\x00\x00\x0cQ\x8d\x8b\xd5Q\
\xe0N\x0b\xff\x01\xff\x01\x08\x00\x00\x00\x00\x06\x00\x00\x00\
\x17Try a few more \
clicks!!\x07\x00\x00\x00\x0aMai\
nWindow\x01\x03\x00\x00\x00\x08SG~\
\xa7c\xd0y:\x08\x00\x00\x00\x00\x06\x00\x00\x00\x0cU\
pgrade Tips\x07\x00\x00\x00\x0a\
MainWindow\x01\x03\x00\x00\x00\x08\
b@g\x09\x98yv\xee\x08\x00\x00\x00\x00\x06\x00\x00\
\x00\x0cAll projects\x07\x00\
\x00\x00\x0dRedmineBridge\
\x01\x03\x00\x00\x00\x08b@g\x09r\xb6`\x01\x08\x00\
\x00\x00\x00\x06\x00\x00\x00\x0cAll stat\
uses\x07\x00\x00\x00\x0dRedmine\
Bridge\x01\x03\x00\x00\x00\x08Qh\x90\xe8\
|{W\x8b\x08\x00\x00\x00\x00\x06\x00\x00\x00\x09Al\
l types\x07\x00\x00\x00\x0dRedm\
ineBridge\x01\x03\x00\x00\x00Jk\
cW(R\x06g\x90\x00 \x00R\x00e\x00d\x00\
m\x00i\x00n\x00e\x00 \x95\xee\x98\x98m;R\
\xa8\x00.\x00.\x00.\x00 \x00{\x00l\x00o\x00\
a\x00d\x00e\x00d\x00}\x00/\x00{\x00t\x00\
o\x00t\x00a\x00l\x00}\x08\x00\x00\x00\x00\x06\x00\
\x00\x004Analyzing Red\
mine issue activ\
ity... {loaded}/\
{total}\x07\x00\x00\x00\x0dRedm\
ineBridge\x01\x03\x00\x00\x00>\x96\
DN\xf6\x00 \x00%\x001\x00 Y'\x5c\x0fN\
:\x00 \x00%\x002\x00 [W\x82\x82\xff\x1b\x00\
J\x00i\x00r\x00a\x00 \x96PR6N:\x00\
 \x00%\x003\x00 [W\x82\x820\x02\x08\x00\x00\
\x00\x00\x06\x00\x00\x002Attachmen\
t %1 is %2 bytes\
; Jira limit is \
%3 bytes.\x07\x00\x00\x00\x0dRe\
dmineBridge\x01\x03\x00\x00\x00\
(\x96DN\xf6\x00 \x00%\x001\x00 N\x0b\x8f\
}Y1\x8d%\xff\x08\x00H\x00T\x00T\x00P\x00\
 \x00%\x002\xff\x090\x02\x08\x00\x00\x00\x00\x06\x00\
\x00\x00,Attachment do\
wnload failed fo\
r %1 (HTTP %2).\x07\
\x00\x00\x00\x0dRedmineBridg\
e\x01\x03\x00\x00\x00\x1a\x96DN\xf6\x00 \x00%\x00\
1\x00 N\x0b\x8f}Y1\x8d%\xff\x1a\x00%\x00\
2\x08\x00\x00\x00\x00\x06\x00\x00\x00%Attac\
hment download f\
ailed for %1: %2\
\x07\x00\x00\x00\x0dRedmineBrid\
ge\x01\x03\x00\x00\x00\x22\x96DN\xf6N\x0b\x8f}\
VhN\x0dS\xefu(\xff\x0ce\xe0l\xd5Y\x04\
t\x06\x00 \x00%\x0010\x02\x08\x00\x00\x00\x00\x06\
\x00\x00\x00,Attachment d\
ownloader is una\
vailable for %1.\
\x07\x00\x00\x00\x0dRedmineBrid\
ge\x01\x03\x00\x00\x00\x1c\x96DN\xf6\x00 \x00%\
\x001\x00 v\x84n\x90W0W@N\x0dS\xef\
u(0\x02\x08\x00\x00\x00\x00\x06\x00\x00\x00,At\
tachment source \
URL is unavailab\
le for %1.\x07\x00\x00\x00\x0dR\
edmineBridge\x01\x03\x00\x00\
\x00\x1a\x96DN\xf6\x00 \x00%\x001\x00 v\x84\
n\x90e\x87N\xf6e\xe0eH0\x02\x08\x00\x00\x00\
\x00\x06\x00\x00\x00$Attachment\
 source is inval\
id for %1.\x07\x00\x00\x00\x0dR\
edmineBridge\x01\x03\x00\x00\
\x00\x1a\x96DN\xf6\x00 \x00%\x001\x00 N\x0a\
O Y1\x8d%\xff\x1a\x00%\x002\x08\x00\x00\x00\
\x00\x06\x00\x00\x00#Attachment\
 upload failed f\
or %1: %2\x07\x00\x00\x00\x0dRe\
dmineBridge\x01\x03\x00\x00\x00\
\x1a\x96DN\xf6\x00 \x00%\x001\x00 v\x84N\
\x0aO ]\xf2S\xd6m\x880\x02\x08\x00\x00\x00\x00\
\x06\x00\x00\x00'Attachment \
upload was cance\
lled for %1.\x07\x00\x00\x00\
\x0dRedmineBridge\x01\x03\
\x00\x00\x00\x16\x96DN\xf6\x00 \x00%\x001\x00 \
[XW(\x8bfTJ0\x02\x08\x00\x00\x00\x00\x06\
\x00\x00\x00\x1aAttachment w\
arning for %1.\x07\x00\
\x00\x00\x0dRedmineBridge\
\x01\x03\x00\x00\x00DkcW(h\xc0g\xe5\x00 \
\x00J\x00i\x00r\x00a\x00 QK\x96\x86r\xb6\
`\x01\x00.\x00.\x00.\x00 \x00{\x00l\x00o\
\x00a\x00d\x00e\x00d\x00}\x00/\x00{\x00t\
\x00o\x00t\x00a\x00l\x00}\x08\x00\x00\x00\x00\x06\
\x00\x00\x00/Checking clo\
ned Jira issues.\
.. {loaded}/{tot\
al}\x07\x00\x00\x00\x0dRedmineB\
ridge\x01\x03\x00\x00\x00$e\xe0l\xd5h\
\xc0g\xe5\x00 \x00J\x00i\x00r\x00a\x00 \x96\
DN\xf6\x00 \x00%\x001\xff\x1a\x00%\x002\x08\
\x00\x00\x00\x00\x06\x00\x00\x00+Could n\
ot check Jira at\
tachments for %1\
: %2\x07\x00\x00\x00\x0dRedmine\
Bridge\x01\x03\x00\x00\x00*kcW(\
S\xd1s\xb0\x00 \x00R\x00e\x00d\x00m\x00i\
\x00n\x00e\x00 \x98yv\xeeT\x8c\x95\xee\x98\x98\
\x00.\x00.\x00.\x08\x00\x00\x00\x00\x06\x00\x00\x00*\
Discovering Redm\
ine projects and\
 issues...\x07\x00\x00\x00\x0dR\
edmineBridge\x01\x03\x00\x00\
\x00\x12\x8b\xf7\x8f\x93QebKg:\x9a\x8c\x8b\xc1\
x\x010\x02\x08\x00\x00\x00\x00\x06\x00\x00\x00#En\
ter the mobile v\
erification code\
.\x07\x00\x00\x00\x0dRedmineBri\
dge\x01\x03\x00\x00\x00\x16e\xe0eHv\x84\x95\
\xee\x98\x98\x00 \x00I\x00D\xff\x1a\x00%\x001\x08\
\x00\x00\x00\x00\x06\x00\x00\x00\x15Invalid\
 issue IDs: %1\x07\x00\
\x00\x00\x0dRedmineBridge\
\x01\x03\x00\x00\x00\x0eR\x06\x91M~\xd9b\x11v\x84\
\x95\xee\x98\x98\x08\x00\x00\x00\x00\x06\x00\x00\x00\x15Is\
sues assigned to\
 me\x07\x00\x00\x00\x0dRedmineB\
ridge\x01\x03\x00\x00\x00\x16R\x06\x91M~\
\xd9b\x11v\x84\x95\xee\x98\x98]\xf2R\xa0\x8f}0\
\x02\x08\x00\x00\x00\x00\x06\x00\x00\x00\x1dIssue\
s assigned to me\
 loaded.\x07\x00\x00\x00\x0dRed\
mineBridge\x01\x03\x00\x00\x00\x18\
R\x06\x91M~\xd9b\x11v\x84\x95\xee\x98\x98R\xa0\
\x8f}Y1\x8d%0\x02\x08\x00\x00\x00\x00\x06\x00\x00\
\x00%Issues assigne\
d to me loading \
failed.\x07\x00\x00\x00\x0dRedm\
ineBridge\x01\x03\x00\x00\x00.\x00\
J\x00i\x00r\x00a\x00 N-]\xf2[XW\
(T\x0cT\x0dOFY'\x5c\x0fN\x0dT\x0cv\
\x84\x96DN\xf6\x00 \x00%\x0010\x02\x08\x00\x00\
\x00\x00\x06\x00\x00\x00*Jira alre\
ady has %1 with \
a different size\
.\x07\x00\x00\x00\x0dRedmineBri\
dge\x01\x03\x00\x00\x00$\x00J\x00i\x00r\x00\
a\x00 \x96DN\xf6\x00 \x00%\x001\x00 T\
\x0ckeY1\x8d%\xff\x1a\x00%\x002\x08\x00\x00\
\x00\x00\x06\x00\x00\x001Jira atta\
chment synchroni\
zation failed fo\
r %1: %2\x07\x00\x00\x00\x0dRed\
mineBridge\x01\x03\x00\x00\x00&\
\x00J\x00i\x00r\x00a\x00 ]\xf2y\x81u(\
\x96DN\xf6\xff\x0ce\xe0l\xd5N\x0aO \x00 \
\x00%\x0010\x02\x08\x00\x00\x00\x00\x06\x00\x00\x00%\
Jira attachments\
 are disabled fo\
r %1.\x07\x00\x00\x00\x0dRedmin\
eBridge\x01\x03\x00\x00\x00$kcW\
(R\xa0\x8f}\x00 \x00R\x00e\x00d\x00m\x00\
i\x00n\x00e\x00 epcn\x00.\x00.\x00\
.\x08\x00\x00\x00\x00\x06\x00\x00\x00\x17Loadi\
ng Redmine data.\
..\x07\x00\x00\x00\x0dRedmineBr\
idge\x01\x03\x00\x00\x00F\x00?\x00?\x00?\
\x00?\x00 \x00R\x00e\x00d\x00m\x00i\x00n\
\x00e\x00 \x00?\x00?\x00.\x00.\x00.\x00 \
\x00{\x00l\x00o\x00a\x00d\x00e\x00d\x00}\
\x00/\x00{\x00t\x00o\x00t\x00a\x00l\x00}\
\x08\x00\x00\x00\x00\x06\x00\x00\x00(Loadin\
g Redmine data..\
. {loaded}/{tota\
l}\x07\x00\x00\x00\x0dRedmineBr\
idge\x01\x03\x00\x00\x00$kcW(R\xa0\
\x8f}\x00 \x00R\x00e\x00d\x00m\x00i\x00n\
\x00e\x00 \x98yv\xee\x00.\x00.\x00.\x08\x00\
\x00\x00\x00\x06\x00\x00\x00\x1bLoading \
Redmine projects\
...\x07\x00\x00\x00\x0dRedmineB\
ridge\x01\x03\x00\x00\x00\x1ckcW(R\
\xa0\x8f}R\x06\x91M~\xd9b\x11v\x84\x95\xee\x98\
\x98\x00.\x00.\x00.\x08\x00\x00\x00\x00\x06\x00\x00\x00\
 Loading issues \
assigned to me..\
.\x07\x00\x00\x00\x0dRedmineBri\
dge\x01\x03\x00\x00\x00\x18kcW(R\xa0\x8f\
}Qsl\xe8v\x84\x95\xee\x98\x98\x00.\x00.\x00\
.\x08\x00\x00\x00\x00\x06\x00\x00\x00\x19Loadi\
ng watched issue\
s...\x07\x00\x00\x00\x0dRedmine\
Bridge\x01\x03\x00\x00\x00(g*R\xa0\
\x8f}R0\x00 \x00R\x00e\x00d\x00m\x00i\
\x00n\x00e\x00 \x98yv\xee\xff\x0c\x8b\xf7\x91\xcd\
\x8b\xd50\x02\x08\x00\x00\x00\x00\x06\x00\x00\x007No\
 Redmine project\
s were loaded. R\
etry project loa\
ding.\x07\x00\x00\x00\x0dRedmin\
eBridge\x01\x03\x00\x00\x00 g*b\
~R0g\x09eHv\x84Qsl\xe8\x95\xee\x98\
\x98\x00 \x00I\x00D\xff\x1a\x00%\x001\x08\x00\x00\
\x00\x00\x06\x00\x00\x00)No valid \
watched issue ID\
s were found: %1\
\x07\x00\x00\x00\x0dRedmineBrid\
ge\x01\x03\x00\x00\x00\x0e\x98yv\xee\x5c\x1ag*\
R\xa0\x8f}0\x02\x08\x00\x00\x00\x00\x06\x00\x00\x00\x18\
Projects are not\
 loaded.\x07\x00\x00\x00\x0dRed\
mineBridge\x01\x03\x00\x00\x00\x1a\
Q\xc6Y\x07v{_U\x00 \x00R\x00e\x00d\
\x00m\x00i\x00n\x00e0\x02\x08\x00\x00\x00\x00\x06\
\x00\x00\x00\x1cReady to sig\
n in to Redmine.\
\x07\x00\x00\x00\x0dRedmineBrid\
ge\x01\x03\x00\x00\x00\x1e\x00R\x00e\x00d\x00m\
\x00i\x00n\x00e\x00 epcn\x5c\x1ag*\
R\xa0\x8f}0\x02\x08\x00\x00\x00\x00\x06\x00\x00\x00\x1b\
Redmine data is \
not loaded.\x07\x00\x00\x00\x0d\
RedmineBridge\x01\x03\x00\
\x00\x00\x1e\x00R\x00e\x00d\x00m\x00i\x00n\x00\
e\x00 epcnR\xa0\x8f}Y1\x8d%0\
\x02\x08\x00\x00\x00\x00\x06\x00\x00\x00\x19Redmi\
ne data load fai\
led.\x07\x00\x00\x00\x0dRedmine\
Bridge\x01\x03\x00\x00\x00\x1c\x00R\x00e\
\x00d\x00m\x00i\x00n\x00e\x00 epcn\
]\xf2R\xa0\x8f}0\x02\x08\x00\x00\x00\x00\x06\x00\x00\
\x00\x14Redmine data l\
oaded.\x07\x00\x00\x00\x0dRedmi\
neBridge\x01\x03\x00\x00\x00 \x00R\
\x00e\x00d\x00m\x00i\x00n\x00e\x00 \x95\xee\
\x98\x98\x8b\xe6`\xc5]\xf2R7e\xb00\x02\x08\x00\
\x00\x00\x00\x06\x00\x00\x00\x1fRedmine \
issue detail ref\
reshed.\x07\x00\x00\x00\x0dRedm\
ineBridge\x01\x03\x00\x00\x00$\x00\
R\x00e\x00d\x00m\x00i\x00n\x00e\x00 \x97\
\x00\x89\x81QvN\xd6\x8d&S\xf7b\x16[\xc6x\
\x010\x02\x08\x00\x00\x00\x00\x06\x00\x00\x00.Red\
mine needs a dif\
ferent account o\
r password.\x07\x00\x00\x00\x0d\
RedmineBridge\x01\x03\x00\
\x00\x00\x1e\x00R\x00e\x00d\x00m\x00i\x00n\x00\
e\x00 \x98yv\xeeR\xa0\x8f}Y1\x8d%0\
\x02\x08\x00\x00\x00\x00\x06\x00\x00\x00\x1fRedmi\
ne project loadi\
ng failed.\x07\x00\x00\x00\x0dR\
edmineBridge\x01\x03\x00\x00\
\x00\x1c\x00R\x00e\x00d\x00m\x00i\x00n\x00e\
\x00 \x98yv\xee]\xf2R\xa0\x8f}0\x02\x08\x00\
\x00\x00\x00\x06\x00\x00\x00\x18Redmine \
projects loaded.\
\x07\x00\x00\x00\x0dRedmineBrid\
ge\x01\x03\x00\x00\x00\x1e]\xf2S\xd6m\x88\x00 \
\x00R\x00e\x00d\x00m\x00i\x00n\x00e\x00 \
v{_U0\x02\x08\x00\x00\x00\x00\x06\x00\x00\x00\x1a\
Redmine sign-in \
cancelled.\x07\x00\x00\x00\x0dR\
edmineBridge\x01\x03\x00\x00\
\x00\x1a\x00R\x00e\x00d\x00m\x00i\x00n\x00e\
\x00 v{_UY1\x8d%0\x02\x08\x00\x00\x00\
\x00\x06\x00\x00\x00\x17Redmine si\
gn-in failed.\x07\x00\x00\
\x00\x0dRedmineBridge\x01\
\x03\x00\x00\x00\x1a\x00R\x00e\x00d\x00m\x00i\x00\
n\x00e\x00 v{_Ub\x10R\x9f0\x02\x08\
\x00\x00\x00\x00\x06\x00\x00\x00\x1aRedmine\
 sign-in succeed\
ed.\x07\x00\x00\x00\x0dRedmineB\
ridge\x01\x03\x00\x00\x00(kcW(R\
7e\xb0\x00 \x00R\x00e\x00d\x00m\x00i\x00\
n\x00e\x00 \x95\xee\x98\x98\x8b\xe6`\xc5\x00.\x00\
.\x00.\x08\x00\x00\x00\x00\x06\x00\x00\x00\x22Ref\
reshing Redmine \
issue detail...\x07\
\x00\x00\x00\x0dRedmineBridg\
e\x01\x03\x00\x00\x00\x0cd\x1c}\x22]\xf2S\xd6m\
\x880\x02\x08\x00\x00\x00\x00\x06\x00\x00\x00\x11Sea\
rch cancelled.\x07\x00\
\x00\x00\x0dRedmineBridge\
\x01\x03\x00\x00\x00\x1ekcW(v{_U\x00 \
\x00R\x00e\x00d\x00m\x00i\x00n\x00e\x00.\
\x00.\x00.\x08\x00\x00\x00\x00\x06\x00\x00\x00\x18Si\
gning in to Redm\
ine...\x07\x00\x00\x00\x0dRedmi\
neBridge\x01\x03\x00\x00\x00\x16N4\
e\xf6\x96DN\xf6n\x05t\x06Y1\x8d%\xff\x1a\
\x00%\x001\x08\x00\x00\x00\x00\x06\x00\x00\x00'Te\
mporary attachme\
nt cleanup faile\
d: %1\x07\x00\x00\x00\x0dRedmin\
eBridge\x01\x03\x00\x00\x00*\x9a\x8c\x8b\
\xc1x\x01]\xf2\x88\xabb\xd2~\xdd\xff\x0c\x8b\xf7\x8f\
\x93QebKg:N\x0ag\x00e\xb0v\x84\x9a\
\x8c\x8b\xc1x\x010\x02\x08\x00\x00\x00\x00\x06\x00\x00\x00\
JThe verificatio\
n code was rejec\
ted. Enter the l\
atest code from \
your phone.\x07\x00\x00\x00\x0d\
RedmineBridge\x01\x03\x00\
\x00\x00\x0cb\x11Qsl\xe8v\x84\x95\xee\x98\x98\x08\
\x00\x00\x00\x00\x06\x00\x00\x00\x0eWatched\
 issues\x07\x00\x00\x00\x0dRedm\
ineBridge\x01\x03\x00\x00\x00\x04S\
\xd6m\x88\x08\x00\x00\x00\x00\x06\x00\x00\x00\x06Can\
cel\x07\x00\x00\x00\x10RedmineL\
oginView\x01\x03\x00\x00\x00\x1a\x8b\xf7\
\x8f\x93QebKg:N\x0af>y:v\x84\
\x9a\x8c\x8b\xc1x\x010\x02\x08\x00\x00\x00\x00\x06\x00\x00\
\x000Enter the veri\
fication code sh\
own on your phon\
e.\x07\x00\x00\x00\x10RedmineLo\
ginView\x01\x03\x00\x00\x00\x08bKg\
:\x9a\x8c\x8b\xc1\x08\x00\x00\x00\x00\x06\x00\x00\x00\x13M\
obile verificati\
on\x07\x00\x00\x00\x10RedmineLo\
ginView\x01\x03\x00\x00\x00\x04[\xc6x\
\x01\x08\x00\x00\x00\x00\x06\x00\x00\x00\x08Passw\
ord\x07\x00\x00\x00\x10RedmineL\
oginView\x01\x03\x00\x00\x00\x14v{\
_U\x00 \x00R\x00e\x00d\x00m\x00i\x00n\
\x00e\x08\x00\x00\x00\x00\x06\x00\x00\x00\x0fRedm\
ine sign in\x07\x00\x00\x00\x10\
RedmineLoginView\
\x01\x03\x00\x00\x00\x04\x91\xcd\x8b\xd5\x08\x00\x00\x00\x00\x06\
\x00\x00\x00\x05Retry\x07\x00\x00\x00\x10Re\
dmineLoginView\x01\x03\
\x00\x00\x00\x04v{_U\x08\x00\x00\x00\x00\x06\x00\x00\
\x00\x07Sign in\x07\x00\x00\x00\x10Re\
dmineLoginView\x01\x03\
\x00\x00\x006kcW(O\x7fu(\x00 \x00S\
\x00m\x00a\x00r\x00t\x00T\x00e\x00s\x00t\
\x00 \x00L\x00D\x00A\x00P\x00 \x8d&S\xf7\
v{_U\x00.\x00.\x00.\x08\x00\x00\x00\x00\x06\
\x00\x00\x00-Signing in w\
ith the SmartTes\
t LDAP account..\
.\x07\x00\x00\x00\x10RedmineLog\
inView\x01\x03\x00\x00\x00 O\x7fu(\
SUr\xecv\x84\x00 \x00R\x00e\x00d\x00m\
\x00i\x00n\x00e\x00 \x8d&S\xf7\x08\x00\x00\x00\
\x00\x06\x00\x00\x00\x1eUse a sepa\
rate Redmine acc\
ount\x07\x00\x00\x00\x10Redmine\
LoginView\x01\x03\x00\x00\x00\x06u\
(b7T\x0d\x08\x00\x00\x00\x00\x06\x00\x00\x00\x08U\
sername\x07\x00\x00\x00\x10Redm\
ineLoginView\x01\x03\x00\x00\
\x00\x06\x9a\x8c\x8b\xc1x\x01\x08\x00\x00\x00\x00\x06\x00\x00\
\x00\x11Verification c\
ode\x07\x00\x00\x00\x10RedmineL\
oginView\x01\x03\x00\x00\x00\x04\x9a\x8c\
\x8b\xc1\x08\x00\x00\x00\x00\x06\x00\x00\x00\x06Veri\
fy\x07\x00\x00\x00\x10RedmineLo\
ginView\x01\x03\x00\x00\x00\x08b@g\
\x09r\xb6`\x01\x08\x00\x00\x00\x00\x06\x00\x00\x00\x0cA\
ll statuses\x07\x00\x00\x00\x10\
RedmineWorkspace\
\x01\x03\x00\x00\x00\x08Qh\x90\xe8|{W\x8b\x08\x00\
\x00\x00\x00\x06\x00\x00\x00\x09All type\
s\x07\x00\x00\x00\x10RedmineWor\
kspace\x01\x03\x00\x00\x00\x0ae\xe0\x00 \
\x00D\x00U\x00T\x08\x00\x00\x00\x00\x06\x00\x00\x00\x06\
No DUT\x07\x00\x00\x00\x0cRepor\
tBridge\x01\x03\x00\x00\x00\x1a\x00{\x00\
c\x00o\x00u\x00n\x00t\x00}\x00 S\xf0\x00\
 \x00D\x00U\x00T\x08\x00\x00\x00\x00\x06\x00\x00\x00\
\x0c{count} DUTs\x07\x00\x00\
\x00\x0cReportBridge\x01\x03\
\x00\x00\x00.\x00{\x00c\x00o\x00u\x00n\x00t\
\x00}\x00 S\xf0\x00 \x00D\x00U\x00T\xff\x1a\
\x00{\x00s\x00e\x00r\x00i\x00a\x00l\x00s\
\x00}\x08\x00\x00\x00\x00\x06\x00\x00\x00\x17{cou\
nt} DUTs: {seria\
ls}\x07\x00\x00\x00\x0cReportBr\
idge\x01\x03\x00\x00\x00\x22~\xd3g_mK\
\x8b\xd5\x8f\xd0\x88LY1\x8d%\xff\x1a\x00{\x00d\
\x00e\x00t\x00a\x00i\x00l\x00}\x08\x00\x00\x00\
\x00\x06\x00\x00\x00#Failed to \
finish test run.\
 {detail}\x07\x00\x00\x00\x09Ru\
nBridge\x01\x03\x00\x00\x00\x22O\xdd[\
X\x8f\xd0\x88Lb\xa5TJY1\x8d%0\x02\x00\
{\x00d\x00e\x00t\x00a\x00i\x00l\x00}\x08\
\x00\x00\x00\x00\x06\x00\x00\x00#Failed \
to save run repo\
rt. {detail}\x07\x00\x00\x00\
\x09RunBridge\x01\x03\x00\x00\x00.\
T/R\xa8\x00 \x00p\x00y\x00t\x00e\x00s\
\x00t\x00 \x8f\xd0\x88LY1\x8d%0\x02\x00{\
\x00d\x00e\x00t\x00a\x00i\x00l\x00}\x08\x00\
\x00\x00\x00\x06\x00\x00\x00$Failed t\
o start pytest r\
un. {detail}\x07\x00\x00\x00\
\x09RunBridge\x01\x03\x00\x00\x00\x22\
T/R\xa8mK\x8b\xd5\x8f\xd0\x88LY1\x8d%\
\xff\x1a\x00{\x00d\x00e\x00t\x00a\x00i\x00l\
\x00}\x08\x00\x00\x00\x00\x06\x00\x00\x00\x22Fail\
ed to start test\
 run. {detail}\x07\x00\
\x00\x00\x09RunBridge\x01\x03\x00\x00\
\x00\x1c\x8b\xf7QH\x88e\x9fP_\xc5XkmK\
\x8b\xd5S\xc2epQ\x8dT/R\xa80\x02\x08\x00\
\x00\x00\x00\x06\x00\x00\x00-Fix requ\
ired test parame\
ters before star\
ting.\x07\x00\x00\x00\x09RunBri\
dge\x01\x03\x00\x00\x00,\x7f:\x5c\x11_\xc5X\
kS\xc2ep\xff\x1a\x00{\x00p\x00a\x00r\x00\
a\x00m\x00}\xff\x08\x00{\x00c\x00a\x00s\x00\
e\x00}\xff\x09\x08\x00\x00\x00\x00\x06\x00\x00\x00,M\
issing required \
parameter: {para\
m} ({case})\x07\x00\x00\x00\x09\
RunBridge\x01\x03\x00\x00\x00\x1al\
\xa1g\x09S\xef\x8f\xd0\x88Lv\x84]\xf2\x90\x09m\
K\x8b\xd5u(O\x8b0\x02\x08\x00\x00\x00\x00\x06\x00\
\x00\x00\x1eNo selected t\
est cases to run\
.\x07\x00\x00\x00\x09RunBridge\x01\
\x03\x00\x00\x00\x22T/R\xa8b@\x90\x09mK\x8b\
\xd5u(O\x8bRM\x8b\xf7\x90\x09b\xe9\x00 \x00\
D\x00U\x00T0\x02\x08\x00\x00\x00\x00\x06\x00\x00\x00\
5Select a DUT be\
fore starting th\
e selected test \
cases.\x07\x00\x00\x00\x09RunBr\
idge\x01\x03\x00\x00\x00\xd8\x00I\x00&\x00a\
\x00p\x00o\x00s\x00;\x00m\x00 \x00a\x00 \
\x00S\x00i\x00n\x00g\x00l\x00e\x00I\x00n\
\x00s\x00t\x00a\x00n\x00c\x00e\x00 \x00w\
\x00i\x00n\x00d\x00o\x00w\x00,\x00 \x00a\
\x00n\x00d\x00 \x00i\x00f\x00 \x00I\x00 \
\x00e\x00x\x00i\x00s\x00t\x00,\x00 \x00I\
\x00&\x00a\x00p\x00o\x00s\x00;\x00l\x00l\
\x00 \x00d\x00e\x00s\x00t\x00r\x00o\x00y\
\x00 \x00t\x00h\x00e\x00 \x00p\x00r\x00e\
\x00v\x00i\x00o\x00u\x00s\x00 \x00w\x00i\
\x00n\x00d\x00o\x00w\x00 \x00a\x00n\x00d\
\x00 \x00c\x00r\x00e\x00a\x00t\x00e\x00 \
\x00a\x00 \x00n\x00e\x00w\x00 \x00o\x00n\
\x00e\x08\x00\x00\x00\x00\x06\x00\x00\x00bI'm \
a SingleInstance\
 window, and if \
I exist, I'll de\
stroy the previo\
us window and cr\
eate a new one\x07\x00\
\x00\x00\x14SingleInstanc\
eWindow\x01\x03\x00\x00\x00\x90\x00I\x00\
&\x00a\x00p\x00o\x00s\x00;\x00m\x00 \x00\
a\x00 \x00S\x00i\x00n\x00g\x00l\x00e\x00\
T\x00a\x00s\x00k\x00 \x00m\x00o\x00d\x00\
e\x00 \x00w\x00i\x00n\x00d\x00o\x00w\x00\
,\x00 \x00a\x00n\x00d\x00 \x00i\x00f\x00\
 \x00I\x00 \x00e\x00x\x00i\x00s\x00t\x00\
,\x00 \x00I\x00 \x00a\x00c\x00t\x00i\x00\
v\x00a\x00t\x00e\x00 \x00t\x00h\x00e\x00\
 \x00w\x00i\x00n\x00d\x00o\x00w\x08\x00\x00\
\x00\x00\x06\x00\x00\x00CI'm a Sin\
gleTask mode win\
dow, and if I ex\
ist, I activate \
the window\x07\x00\x00\x00\x10S\
ingleTaskWindow\x01\
\x03\x00\x00\x00\x04QsN\x8e\x08\x00\x00\x00\x00\x06\x00\
\x00\x00\x05About\x07\x00\x00\x00\x0eSta\
ndardWindow\x01\x03\x00\x00\x00\
\x04Y\x0dR6\x08\x00\x00\x00\x00\x06\x00\x00\x00\x04C\
opy\x07\x00\x00\x00\x0eStandard\
Window\x01\x03\x00\x00\x00\x04RjR\x07\
\x08\x00\x00\x00\x00\x06\x00\x00\x00\x03Cut\x07\x00\x00\
\x00\x0eStandardWindow\
\x01\x03\x00\x00\x00\x04\x7f\x16\x8f\x91\x08\x00\x00\x00\x00\x06\
\x00\x00\x00\x04Edit\x07\x00\x00\x00\x0eSta\
ndardWindow\x01\x03\x00\x00\x00\
\x04e\x87N\xf6\x08\x00\x00\x00\x00\x06\x00\x00\x00\x04F\
ile\x07\x00\x00\x00\x0eStandard\
Window\x01\x03\x00\x00\x00\x04^.R\xa9\
\x08\x00\x00\x00\x00\x06\x00\x00\x00\x04Help\x07\x00\
\x00\x00\x0eStandardWindo\
w\x01\x03\x00\x00\x00\x8a\x00I\x00&\x00a\x00p\x00\
o\x00s\x00;\x00m\x00 \x00a\x00 \x00S\x00\
t\x00a\x00n\x00d\x00a\x00r\x00d\x00 \x00\
m\x00o\x00d\x00e\x00 \x00w\x00i\x00n\x00\
d\x00o\x00w\x00,\x00 \x00a\x00n\x00d\x00\
 \x00e\x00v\x00e\x00r\x00y\x00 \x00t\x00\
i\x00m\x00e\x00 \x00I\x00 \x00c\x00r\x00\
e\x00a\x00t\x00e\x00 \x00a\x00 \x00n\x00\
e\x00w\x00 \x00w\x00i\x00n\x00d\x00o\x00\
w\x08\x00\x00\x00\x00\x06\x00\x00\x00@I'm a\
 Standard mode w\
indow, and every\
 time I create a\
 new window\x07\x00\x00\x00\x0e\
StandardWindow\x01\x03\
\x00\x00\x00\x0ae\xb0^\xfa\x00.\x00.\x00.\x08\x00\
\x00\x00\x00\x06\x00\x00\x00\x06New...\x07\x00\
\x00\x00\x0eStandardWindo\
w\x01\x03\x00\x00\x00\x0abS_\x00\x00.\x00.\x00\
.\x08\x00\x00\x00\x00\x06\x00\x00\x00\x07Open.\
..\x07\x00\x00\x00\x0eStandardW\
indow\x01\x03\x00\x00\x00\x04|\x98\x8d4\x08\
\x00\x00\x00\x00\x06\x00\x00\x00\x05Paste\x07\x00\
\x00\x00\x0eStandardWindo\
w\x01\x03\x00\x00\x00\x04\x90\x00Q\xfa\x08\x00\x00\x00\x00\
\x06\x00\x00\x00\x04Quit\x07\x00\x00\x00\x0eSt\
andardWindow\x01\x03\x00\x00\
\x00\x04O\xdd[X\x08\x00\x00\x00\x00\x06\x00\x00\x00\x04\
Save\x07\x00\x00\x00\x0eStandar\
dWindow\x01\x03\x00\x00\x00\x0cS\xe6[\
XN:\x00.\x00.\x00.\x08\x00\x00\x00\x00\x06\x00\
\x00\x00\x0aSave As...\x07\x00\x00\
\x00\x0eStandardWindow\
\x01\x03\x00\x00\x00\x0a\x00A\x00I\x00 R\xa9bK\
\x08\x00\x00\x00\x00\x06\x00\x00\x00\x0cAI Ass\
istant\x07\x00\x00\x00\x04T_AI\x01\
\x03\x00\x00\x00\x0ekcW(R\xa0\x8f}\x00.\x00\
.\x00.\x08\x00\x00\x00\x00\x06\x00\x00\x00\x0aLoa\
ding...\x07\x00\x00\x00\x04T_AI\
\x01\x03\x00\x00\x00\x0eW(mO\x89\xc8VhN-\
bS_\x00\x08\x00\x00\x00\x00\x06\x00\x00\x00\x0fOp\
en in browser\x07\x00\x00\
\x00\x04T_AI\x01\x03\x00\x00\x00\x04\x5c1~\xea\
\x08\x00\x00\x00\x00\x06\x00\x00\x00\x05Ready\x07\
\x00\x00\x00\x04T_AI\x01\x03\x00\x00\x00\x08\x91\xcd\
e\xb0R\xa0\x8f}\x08\x00\x00\x00\x00\x06\x00\x00\x00\x06\
Reload\x07\x00\x00\x00\x04T_AI\x01\
\x03\x00\x00\x00\x06N\x9aQKR\x9b\x08\x00\x00\x00\x00\
\x06\x00\x00\x00\x07Acrylic\x07\x00\x00\x00\
\x09T_Acrylic\x01\x03\x00\x00\x00\x04\
_\xbdz\xe0\x08\x00\x00\x00\x00\x06\x00\x00\x00\x05Ba\
dge\x07\x00\x00\x00\x07T_Badge\x01\
\x03\x00\x00\x00<N\x00\x82,Q\xfas\xb0W(\x90\
\x1aw\xe5V\xfeh\x07b\x16Y4P\xcfv\x84S\
\xf3N\x0a\x89\xd2\xff\x0cu(N\x8ef>y:\x97\
\x00\x89\x81Y\x04t\x06v\x84m\x88`ogae\
p\x08\x00\x00\x00\x00\x06\x00\x00\x00\x8bIt us\
ually appears in\
 the upper right\
 corner of the n\
otification icon\
 or avatar to di\
splay the number\
 of messages tha\
t need to be pro\
cessed\x07\x00\x00\x00\x07T_Bad\
ge\x01\x03\x00\x00\x00\x06ga_bV\xfe\x08\x00\
\x00\x00\x00\x06\x00\x00\x00\x09Bar Char\
t\x07\x00\x00\x00\x0aT_BarChart\
\x01\x03\x00\x00\x00\x06\x97bS\x05\x5cQ\x08\x00\x00\x00\
\x00\x06\x00\x00\x00\x0dBreadcurmb\
Bar\x07\x00\x00\x00\x0fT_Breadc\
rumbBar\x01\x03\x00\x00\x00\x04\x91\xcd\x7f\
n\x08\x00\x00\x00\x00\x06\x00\x00\x00\x0cReset\
 sample\x07\x00\x00\x00\x0fT_Br\
eadcrumbBar\x01\x03\x00\x00\x00\
\x06l\x14l\xe1V\xfe\x08\x00\x00\x00\x00\x06\x00\x00\x00\
\x0cBubble Chart\x07\x00\x00\
\x00\x0dT_BubbleChart\x01\
\x03\x00\x00\x00\x04c\x09\x94\xae\x08\x00\x00\x00\x00\x06\x00\
\x00\x00\x07Buttons\x07\x00\x00\x00\x09T\
_Buttons\x01\x03\x00\x00\x00\x0cp\xb9\
Q\xfbXkQEc\x09\x94\xae\x08\x00\x00\x00\x00\x06\
\x00\x00\x00\x12Click Filled\
Button\x07\x00\x00\x00\x09T_But\
tons\x01\x03\x00\x00\x00\x0cp\xb9Q\xfbV\xfe\
h\x07c\x09\x94\xae\x08\x00\x00\x00\x00\x06\x00\x00\x00\x10\
Click IconButton\
\x07\x00\x00\x00\x09T_Buttons\x01\x03\
\x00\x00\x00\x0cp\xb9Q\xfbh\x07Q\xc6c\x09\x94\xae\
\x08\x00\x00\x00\x00\x06\x00\x00\x00\x14Click \
StandardButton\x07\x00\
\x00\x00\x09T_Buttons\x01\x03\x00\x00\
\x00\x04y\x81u(\x08\x00\x00\x00\x00\x06\x00\x00\x00\x08\
Disabled\x07\x00\x00\x00\x09T_B\
uttons\x01\x03\x00\x00\x00\x08N\x0bb\xc9\
c\x09\x94\xae\x08\x00\x00\x00\x00\x06\x00\x00\x00\x0eDr\
opDownButton\x07\x00\x00\x00\
\x09T_Buttons\x01\x03\x00\x00\x00\x08\
XkQEc\x09\x94\xae\x08\x00\x00\x00\x00\x06\x00\x00\
\x00\x0dFilled Button\x07\
\x00\x00\x00\x09T_Buttons\x01\x03\x00\
\x00\x00\x08kcW(R\xa0\x8f}\x08\x00\x00\x00\x00\
\x06\x00\x00\x00\x07Loading\x07\x00\x00\x00\
\x09T_Buttons\x01\x03\x00\x00\x00\x08\
R\xa0\x8f}c\x09\x94\xae\x08\x00\x00\x00\x00\x06\x00\x00\
\x00\x0eLoading Button\
\x07\x00\x00\x00\x09T_Buttons\x01\x03\
\x00\x00\x00\x08\x8f\xdb^\xa6c\x09\x94\xae\x08\x00\x00\x00\
\x00\x06\x00\x00\x00\x0fProgress B\
utton\x07\x00\x00\x00\x09T_Butt\
ons\x01\x03\x00\x00\x00\x08h\x07Q\xc6c\x09\x94\
\xae\x08\x00\x00\x00\x00\x06\x00\x00\x00\x0fStand\
ard Button\x07\x00\x00\x00\x09T\
_Buttons\x01\x03\x00\x00\x00(e/\
c\x01\x00T\x00a\x00b\x95.R\x07cbq&\
p\xb9\xff\x0czzh<\x95.bg\x88Lp\xb9\
Q\xfbN\x8bN\xf6\x08\x00\x00\x00\x00\x06\x00\x00\x00N\
Support the Tab \
key to switch fo\
cus, and the Spa\
ce key to perfor\
m click events\x07\x00\
\x00\x00\x09T_Buttons\x01\x03\x00\x00\
\x00\x08e\x87g,c\x09\x94\xae\x08\x00\x00\x00\x00\x06\
\x00\x00\x00\x0bText Button\x07\
\x00\x00\x00\x09T_Buttons\x01\x03\x00\
\x00\x00\x08_\x00Qsc\x09\x94\xae\x08\x00\x00\x00\x00\
\x06\x00\x00\x00\x0dToggle Butt\
on\x07\x00\x00\x00\x09T_Buttons\
\x01\x03\x00\x00\x00\x0ae\xe5S\x86\x90\x09b\xe9Vh\
\x08\x00\x00\x00\x00\x06\x00\x00\x00\x0eCalend\
arPicker\x07\x00\x00\x00\x10T_C\
alendarPicker\x01\x03\x00\
\x00\x00\x06\x9a\x8c\x8b\xc1x\x01\x08\x00\x00\x00\x00\x06\x00\
\x00\x00\x07Captcha\x07\x00\x00\x00\x09T\
_Captcha\x01\x03\x00\x00\x00\x14\x95\x19\
\x8b\xef\x9a\x8c\x8b\xc1\xff\x0c\x8b\xf7\x91\xcde\xb0\x8f\x93\
Qe\x08\x00\x00\x00\x00\x06\x00\x00\x00!Erro\
r validation, pl\
ease re-enter\x07\x00\x00\
\x00\x09T_Captcha\x01\x03\x00\x00\x00\
\x0a_\xfdueY'\x5c\x0fQ\x99\x08\x00\x00\x00\x00\
\x06\x00\x00\x00\x0bIgnore Case\
\x07\x00\x00\x00\x09T_Captcha\x01\x03\
\x00\x00\x00\x0c\x8b\xf7\x8f\x93Qe\x9a\x8c\x8b\xc1x\x01\
\x08\x00\x00\x00\x00\x06\x00\x00\x00 Please\
 enter a verific\
ation code\x07\x00\x00\x00\x09T\
_Captcha\x01\x03\x00\x00\x00\x04R7\
e\xb0\x08\x00\x00\x00\x00\x06\x00\x00\x00\x07Refr\
esh\x07\x00\x00\x00\x09T_Captch\
a\x01\x03\x00\x00\x00\x0a\x9a\x8c\x8b\xc1x\x01\x95\x19\x8b\
\xef\x08\x00\x00\x00\x00\x06\x00\x00\x00 The v\
erification code\
 is correct\x07\x00\x00\x00\x09\
T_Captcha\x01\x03\x00\x00\x00\x06\x8f\
nd\xadV\xfe\x08\x00\x00\x00\x00\x06\x00\x00\x00\x08C\
arousel\x07\x00\x00\x00\x0aT_Ca\
rousel\x01\x03\x00\x00\x00<\x8fnd\xad\
V\xfe\xff\x0ce/c\x01e\xe0\x96P\x8fnd\xad\
\xff\x0ce\xe0\x96Pn\xd1R\xa8\xff\x0cu(\x00L\
\x00i\x00s\x00t\x00V\x00i\x00e\x00w[\x9e\
s\xb0v\x84~\xc4N\xf6\x08\x00\x00\x00\x00\x06\x00\x00\
\x00aCarousel map, \
support infinite\
 carousel, infin\
ite swipe, and c\
omponents implem\
ented with ListV\
iew\x07\x00\x00\x00\x0aT_Carous\
el\x01\x03\x00\x00\x00\x06Y\x0d\x90\x09hF\x08\x00\
\x00\x00\x00\x06\x00\x00\x00\x08CheckBox\
\x07\x00\x00\x00\x0aT_CheckBox\x01\
\x03\x00\x00\x00\x04y\x81u(\x08\x00\x00\x00\x00\x06\x00\
\x00\x00\x08Disabled\x07\x00\x00\x00\x0a\
T_CheckBox\x01\x03\x00\x00\x00\x02\
]\xe6\x08\x00\x00\x00\x00\x06\x00\x00\x00\x04Left\
\x07\x00\x00\x00\x0aT_CheckBox\x01\
\x03\x00\x00\x00\x02S\xf3\x08\x00\x00\x00\x00\x06\x00\x00\x00\
\x05Right\x07\x00\x00\x00\x0aT_Che\
ckBox\x01\x03\x00\x00\x00\x04\x88\xc1Rj\x08\
\x00\x00\x00\x00\x06\x00\x00\x00\x04Clip\x07\x00\x00\
\x00\x06T_Clip\x01\x03\x00\x00\x006\x91M\
T\x08V\xferGO\x7fu(\x00(\x00s\x00o\
\x00f\x00t\x00w\x00a\x00r\x00en2g\xd3\
N\x0b\x8b\xe5~\xc4N\xf6\x5c\x06l\xa1g\x09eH\
g\x9c\x00)\x08\x00\x00\x00\x00\x06\x00\x00\x00MUs\
e with images (t\
his component wi\
ll have no effec\
t under software\
 rendering)\x07\x00\x00\x00\x06\
T_Clip\x01\x03\x00\x00\x00\x1a\x94\x10tp\
V\xae\x95\xabY\x09\x81Qh\xf0n\xc6X\xca\x00 \
\x00-\x00 \x00>\x08\x00\x00\x00\x00\x06\x00\x00\x00\x1b\
Click to Select \
a Color - >\x07\x00\x00\x00\x0d\
T_ColorPicker\x01\x03\x00\
\x00\x00\x0a\x98\x9c\x82r\x90\x09b\xe9Vh\x08\x00\x00\
\x00\x00\x06\x00\x00\x00\x0bColorPick\
er\x07\x00\x00\x00\x0dT_ColorPi\
cker\x01\x03\x00\x00\x00\x06~\xc4T\x08hF\
\x08\x00\x00\x00\x00\x06\x00\x00\x00\x08ComboB\
ox\x07\x00\x00\x00\x0aT_ComboBo\
x\x01\x03\x00\x00\x00\x0ae\xe5g\x1f\x90\x09b\xe9V\
h\x08\x00\x00\x00\x00\x06\x00\x00\x00\x0aDateP\
icker\x07\x00\x00\x00\x0cT_Date\
Picker\x01\x03\x00\x00\x00\x10b@g\x09\
e\x87N\xf6\x00 \x00(\x00*\x00)\x08\x00\x00\x00\
\x00\x06\x00\x00\x00\x0dAll files \
(*)\x07\x00\x00\x00\x07T_Debug\x01\
\x03\x00\x00\x00\x04mO\x89\xc8\x08\x00\x00\x00\x00\x06\x00\
\x00\x00\x06Browse\x07\x00\x00\x00\x07T_\
Debug\x01\x03\x00\x00\x00\x04\x8c\x03\x8b\xd5\x08\
\x00\x00\x00\x00\x06\x00\x00\x00\x05Debug\x07\x00\
\x00\x00\x07T_Debug\x01\x03\x00\x00\x00\x0c\
\x90\x09b\xe9_UR6\x89\xc6\x98\x91\x08\x00\x00\x00\
\x00\x06\x00\x00\x00\x17Select a r\
ecorded video\x07\x00\x00\
\x00\x07T_Debug\x01\x03\x00\x00\x00\x08\x90\
\x09b\xe9\x89\xc6\x98\x91\x08\x00\x00\x00\x00\x06\x00\x00\x00\
\x0cSelect video\x07\x00\x00\
\x00\x07T_Debug\x01\x03\x00\x00\x00J\x89\
\xc6\x98\x91e\x87N\xf6\x00 \x00(\x00*\x00.\x00\
m\x00p\x004\x00 \x00*\x00.\x00m\x00o\x00\
v\x00 \x00*\x00.\x00m\x00k\x00v\x00 \x00\
*\x00.\x00a\x00v\x00i\x00 \x00*\x00.\x00\
w\x00e\x00b\x00m\x00)\x08\x00\x00\x00\x00\x06\x00\
\x00\x00,Video files (\
*.mp4 *.mov *.mk\
v *.avi *.webm)\x07\
\x00\x00\x00\x07T_Debug\x01\x03\x00\x00\x00\
\x10`\xa8xn[\x9a\x89\x81\x90\x00Q\xfaT\x17\xff\
\x1f\x08\x00\x00\x00\x00\x06\x00\x00\x00!Are y\
ou sure you want\
 to opt out?\x07\x00\x00\x00\
\x08T_Dialog\x01\x03\x00\x00\x00\x04S\
\xd6m\x88\x08\x00\x00\x00\x00\x06\x00\x00\x00\x06Can\
cel\x07\x00\x00\x00\x08T_Dialog\
\x01\x03\x00\x00\x00\x0aSUQ\xfbg\x00\x5c\x0fS\x16\
\x08\x00\x00\x00\x00\x06\x00\x00\x00\x0eClick \
Minimize\x07\x00\x00\x00\x08T_D\
ialog\x01\x03\x00\x00\x00\x0cSUQ\xfbS\
\xd6m\x88c\x09\x94\xae\x08\x00\x00\x00\x00\x06\x00\x00\x00\
\x17Click the Cance\
l Button\x07\x00\x00\x00\x08T_D\
ialog\x01\x03\x00\x00\x00\x0cSUQ\xfbx\
n[\x9ac\x09\x94\xae\x08\x00\x00\x00\x00\x06\x00\x00\x00\
\x13Click the OK Bu\
tton\x07\x00\x00\x00\x08T_Dialo\
g\x01\x03\x00\x00\x00\x10\x81\xea[\x9aNI[\xf9\x8b\
\xddhFQ\x85[\xb9\x08\x00\x00\x00\x00\x06\x00\x00\x00\
\x15Custom Content \
Dialog\x07\x00\x00\x00\x08T_Dia\
log\x01\x03\x00\x00\x00\x12\x81\xea[\x9aNI[\
\xf9\x8b\xddhFQ\x85[\xb9\x002\x08\x00\x00\x00\x00\
\x06\x00\x00\x00\x16Custom Cont\
ent Dialog2\x07\x00\x00\x00\x08\
T_Dialog\x01\x03\x00\x00\x00\x16kc\
W(R\xa0\x8f}\xff\x0c\x8b\xf7z\x0d{I\x00.\
\x00.\x00.\x08\x00\x00\x00\x00\x06\x00\x00\x00\x1fDa\
ta is loading, p\
lease wait...\x07\x00\x00\
\x00\x08T_Dialog\x01\x03\x00\x00\x00\x04\
_9z\x97\x08\x00\x00\x00\x00\x06\x00\x00\x00\x06Di\
alog\x07\x00\x00\x00\x08T_Dialo\
g\x01\x03\x00\x00\x00\x08S\xcb`\xc5c\xd0y:\x08\
\x00\x00\x00\x00\x06\x00\x00\x00\x11Friendl\
y Reminder\x07\x00\x00\x00\x08T\
_Dialog\x01\x03\x00\x00\x00\x06~\xbfW\
\x8bV\xfe\x08\x00\x00\x00\x00\x06\x00\x00\x00\x0aLin\
e Chart\x07\x00\x00\x00\x08T_Di\
alog\x01\x03\x00\x00\x00\x06g\x00\x5c\x0fS\x16\
\x08\x00\x00\x00\x00\x06\x00\x00\x00\x08Minimi\
ze\x07\x00\x00\x00\x08T_Dialog\x01\
\x03\x00\x00\x00\x04xn[\x9a\x08\x00\x00\x00\x00\x06\x00\
\x00\x00\x02OK\x07\x00\x00\x00\x08T_Dial\
og\x01\x03\x00\x00\x00\x10f>y:S\xccc\x09\
\x94\xae[\xf9\x8b\xddhF\x08\x00\x00\x00\x00\x06\x00\x00\
\x00\x19Show Double Bu\
tton Dialog\x07\x00\x00\x00\x08\
T_Dialog\x01\x03\x00\x00\x00\x12f>\
y:N\x09N*c\x09\x94\xae[\xf9\x8b\xddhF\
\x08\x00\x00\x00\x00\x06\x00\x00\x00\x19Show T\
riple Button Dia\
log\x07\x00\x00\x00\x08T_Dialog\
\x01\x03\x00\x00\x00&mK\x8b\xd5\x00I\x00n\x00f\
\x00o\x00B\x00a\x00r\x5cB~\xa7W(\x00P\
\x00o\x00p\x00u\x00pNKN\x0a\x08\x00\x00\x00\
\x00\x06\x00\x00\x00*Test the I\
nfoBar level on \
top of the Popup\
\x07\x00\x00\x00\x08T_Dialog\x01\x03\x00\
\x00\x00\x08S\xd6m\x88R\xa0\x8f}\x08\x00\x00\x00\x00\
\x06\x00\x00\x00\x06Unload\x07\x00\x00\x00\x08\
T_Dialog\x01\x03\x00\x00\x00\x04\x5cU\
_\x00\x08\x00\x00\x00\x00\x06\x00\x00\x00\x08Expa\
nder\x07\x00\x00\x00\x0aT_Expan\
der\x01\x03\x00\x00\x00\x0ebS_\x00N\x00N\
*SU\x90\x09hF\x08\x00\x00\x00\x00\x06\x00\x00\x00\
\x10Open a radio bo\
x\x07\x00\x00\x00\x0aT_Expander\
\x01\x03\x00\x00\x00\x12bS_\x00N\x00N*n\xd1\
R\xa8e\x87g,hF\x08\x00\x00\x00\x00\x06\x00\x00\
\x00\x17Open a sliding\
 text box\x07\x00\x00\x00\x0aT_\
Expander\x01\x03\x00\x00\x05\xcaQH\
^\x1dR\x1bN\x1ag*SJ\x80\x0cN-\x90S\
])k\x82\xff\x0cN\xcaY)N\x0bN\x09R\x06\
\xff\x0cv\xca]\xdeu\xb2_\x0a\xff\x0ckd\x8b\xda\
Sq`%[XN\xa1NKy\xcbN_0\x02\
q6O\x8dSkNK\x81\xe3N\x0da\xc8N\x8e\
Q\x85\xff\x0c_\xe0_\xd7NKX\xeb_\xd8\x8e\xab\
N\x8eY\x16\x80\x05\xff\x0cv\xd6\x8f\xfdQH^\x1d\
NKk\x8a\x90G\xff\x0ck2b\xa5NKN\x8e\
\x96[N\x0bN_0\x02\x8b\xda[\x9c_\x00_ \
W#T,\xff\x0cN\xe5QIQH^\x1d\x90W\
_\xb7\xff\x0c`b_\x18_\xd7X\xebNKl\x14\
\xff\x0cN\x0d[\x9cY\x84\x81\xea\x83\xf2\x85\x84\xff\x0c\
_\x15U\xbbY1NI\xff\x0cN\xe5X^_\xe0\
\x8c\x0fNK\x8d\xefN_0\x02[\xabN-^\x9c\
N-\xff\x0cO\xf1N:N\x00OS\xff\x1b\x96_\
\x7fZ\x81\xe7T&\xff\x0cN\x0d[\x9c_\x02T\x0c\
0\x02\x82\xe5g\x09O\x5cYxr\xafy\xd1S\xca\
N:_\xe0U\x84\x80\x05\xff\x0c[\x9cN\xd8g\x09\
S\xf8\x8b\xbaQvR\x11\x8dO\xff\x0cN\xe5f-\
\x96[N\x0b^sf\x0eNKt\x06\xff\x0cN\x0d\
[\x9cPOy\xc1\xff\x0cO\x7fQ\x85Y\x16_\x02\
l\xd5N_0\x02O\x8dN-0\x01O\x8d\x90\xce\
\x90\xede8NK0\x01\x8d9yN0\x01\x84c\
QA{I\xff\x0ckdv\x86\x82o[\x9e\xff\x0c\
_\xd7\x86Q_\xe0~\xaf\xff\x0cf/N\xe5QH\
^\x1d{\x80b\xd4N\xe5\x90W\x96[N\x0b0\x02\
a\x1aN\xe5N:[\xabN-NKN\x8b\xff\x0c\
N\x8be\xe0Y'\x5c\x0f\xff\x0c`\x89N\xe5T\xa8\
NK\xff\x0cq6T\x0ee\xbd\x88L\xff\x0c_\xc5\
\x80\xfd\x88\xe8\x88e\x96\x19o\x0f\xff\x0cg\x09b@\
^\x7fv\xca0\x02\x5c\x06Q\x9bT\x11[\xa0\xff\x0c\
`'\x88Lm\xd1WG\xff\x0cfSuEQ\x9b\
N\x8b\xff\x0c\x8b\xd5u(N\x8ef\x14e\xe5\xff\x0c\
QH^\x1dy\xf0NKf\xf0\x80\xfd\xff\x0cf/\
N\xe5O\x17\x8b\xaeN>[\xa0N:wc0\x02\
a\x1aN\xe5N:\x84%N-NKN\x8b\xff\x0c\
`\x89N\xe5T\xa8NK\xff\x0c_\xc5\x80\xfdO\x7f\
\x88L\x965T\x8cwf\xff\x0cO\x18R\xa3_\x97\
b@0\x02N\xb2\x8d$\x81\xe3\xff\x0c\x8f\xdc\x5c\x0f\
N\xba\xff\x0ckdQHlIb@N\xe5Qt\
\x96\x86N_\xff\x1bN\xb2\x5c\x0fN\xba\xff\x0c\x8f\xdc\
\x8d$\x81\xe3\xff\x0ckdT\x0elIb@N\xe5\
P>\x98\x93N_0\x02QH^\x1dW(e\xf6\
\xff\x0ck\xcfN\x0e\x81\xe3\x8b\xbakdN\x8b\xff\x0c\
g*\x5c\x1dN\x0dS\xf9`ou\xdb`hN\x8e\
hS0\x01puN_0\x02O\x8dN-0\x01\
\x5c\x1aNf0\x01\x95\x7fS\xf20\x01S\xc2Q\x9b\
\xff\x0ckd`\x89\x8d\x1e\x82ok{\x82\x82NK\
\x81\xe3\xff\x0ca?\x96[N\x0bN\xb2NKO\xe1\
NK\xff\x0cR\x19lI[\xa4NK\x96\x86\xff\x0c\
S\xef\x8b\xa1e\xe5\x80\x0c_\x85N_0\x02\x81\xe3\
g,^\x03\x88c\xff\x0c\x8e\xac\x80\x15N\x8eSW\
\x963\xff\x0c\x82\xdfQh`'T}N\x8eNq\
N\x16\xff\x0cN\x0dlB\x95\xfb\x8f\xbeN\x8e\x8b\xf8\
O\xaf0\x02QH^\x1dN\x0dN\xe5\x81\xe3SQ\
\x91\x19\xff\x0cs%\x81\xeag\x89\x5cH\xff\x0cN\x09\
\x98~\x81\xe3N\x8e\x83I^\x90NKN-\xff\x0c\
T\xa8\x81\xe3N\xe5_SN\x16NKN\x8b\xff\x0c\
u1f/a\x1fo\xc0\xff\x0c\x90B\x8b\xb8QH\
^\x1dN\xe5\x9aq\x9ap0\x02T\x0eP<P>\
\x89\x86\xff\x0cS\xd7N\xfbN\x8e\x8d%Q\x9bNK\
\x96E\xff\x0cYIT}N\x8eSq\x96\xbeNK\
\x95\xf4\xff\x0c\x5c\x14geN\x8cSAg\x09N\x00\
^tw\xe30\x02QH^\x1dw\xe5\x81\xe3\x8c(\
aN\xff\x0ceEN4])[\xc4\x81\xe3N\xe5\
Y'N\x8bN_0\x02S\xd7T}N\xe5ge\
\xff\x0cY\x19Y\x1c_\xe7S\xf9\xff\x0c`PbX\
N\xd8N\x0deH\xff\x0cN\xe5O$QH^\x1d\
NKf\x0e\xff\x1beEN\x94g\x08n!l\xf8\
\xff\x0cm\xf1QeN\x0dk\xdb0\x02N\xcaSW\
e\xb9]\xf2[\x9a\xff\x0cQuu2]\xf2\x8d\xb3\
\xff\x0c_SYVs\x87N\x09Q\x9b\xff\x0cS\x17\
[\x9aN-S\x9f\xff\x0c^\xb6z\xed\x9a}\x94\x9d\
\xff\x0ce\x18\x96dYxQ\xf6\xff\x0cQtY\x0d\
lI[\xa4\xff\x0c\x8f\xd8N\x8ee\xe7\x90\xfd0\x02\
kd\x81\xe3b@N\xe5b\xa5QH^\x1d\x80\x0c\
_\xe0\x96[N\x0bNK\x80LR\x06N_0\x02\
\x81\xf3N\x8ee\x9f\x91Lc_v\xca\xff\x0c\x8f\xdb\
\x5c=_\xe0\x8a\x00\xff\x0cR\x19e8NK0\x01\
yN0\x01QANKN\xfbN_0\x02a?\
\x96[N\x0bbX\x81\xe3N\xe5\x8b\xa8\x8d<Qt\
Y\x0dNKeH\xff\x0cN\x0deH\xff\x0cR\x19\
l\xbb\x81\xe3NK\x7fj\xff\x0cN\xe5TJQH\
^\x1dNKpu0\x02\x82\xe5e\xe0Qt_\xb7\
NK\x8a\x00\xff\x0cR\x19\x8d#e8NK0\x01\
yN0\x01QA{INKab\xff\x0cN\xe5\
_pQvT\x8e\xff\x1b\x96[N\x0bN\xa6[\x9c\
\x81\xea\x8c\x0b\xff\x0cN\xe5T\xa8\x8b\xf9U\x84\x90S\
\xff\x0c[\xdf~\xb3\x96\xc5\x8a\x00\xff\x0cm\xf1\x8f\xfd\
QH^\x1d\x90W\x8b\xcf0\x02\x81\xe3N\x0d\x80\xdc\
S\xd7`ia\x1fo\xc00\x02N\xca_S\x8f\xdc\
y\xbb\xff\x0cN4\x88hm\x95\x96\xf6\xff\x0cN\x0d\
w\xe5b@\x8a\x000\x02\x08\x00\x00\x00\x00\x06\x00\x00\
\x0e\xcfPermit me to o\
bserve: the late\
 emperor was tak\
en from us befor\
e he could finis\
h his life`s wor\
k, the restorati\
on of Han. Today\
, the empire is \
still divided in\
 three, and our \
very survival is\
 threatened. Yet\
 still the offic\
ials at court an\
d the soldiers t\
hroughout the re\
alm remain loyal\
 to you, your ma\
jesty. Because t\
hey remember the\
 late emperor, a\
ll of them, and \
they wish to rep\
ay his kindness \
in service to yo\
u. This is the m\
oment to extend \
your divine infl\
uence, to honour\
 the memory of t\
he late Emperor \
and strengthen t\
he morale of you\
r officers. It i\
s not time to li\
sten to bad advi\
ce, or close you\
r ears to the su\
ggestions of loy\
al men.\x0aThe cour\
t and the admini\
stration are as \
one. Both must b\
e judged by one \
standard. Those \
who are loyal an\
d good must get \
what they deserv\
e, but so must t\
he evil-doers wh\
o break the law.\
 This will demon\
strate the justi\
ce of your rule.\
 There cannot be\
 one law for the\
 court and anoth\
er for the admin\
istration.\x0aCouns\
elors and attend\
ants like Guo Yo\
uzhi, Fei Yi, an\
d Dong Yun are a\
ll reliable men,\
 loyal of purpos\
e and pure in mo\
tive. The late E\
mperor selected \
them for office \
so that they wou\
ld serve you aft\
er his death.The\
se are the men w\
ho should be con\
sulted on all pa\
lace affairs. Xi\
ang Chong has pr\
oved himself a f\
ine general in b\
attle, and the l\
ate Emperor beli\
eved in him. Tha\
t is why the ass\
embly has recomm\
ended him for ov\
erall command. I\
t will keep the \
troops happy if \
he is consulted \
on all military \
matters.\x0aXiang C\
hong has proved \
himself a fine g\
eneral in battle\
, and the late E\
mperor believed \
in him. That is \
why the assembly\
 has recommended\
 him for overall\
 command. It wil\
l keep the troop\
s happy if he is\
 consulted on al\
l military matte\
rs.\x0aThe emperors\
 of the Western \
Han chose their \
courtiers wisely\
, and their dyna\
sty flourished. \
The emperors of \
the Eastern Han \
chose poorly, an\
d they doomed th\
e empire to ruin\
. Whenever the l\
ate Emperor disc\
ussed this probl\
em with me, he l\
amented the fail\
ings of Emperors\
 Huan and Ling. \
Advisors like Gu\
o Youzhi, Fei Yi\
, Chen Zhen, Zha\
ng Yi, and Jiang\
 Wan \xe2\x80\x93 these a\
re all men of gr\
eat integrity an\
d devotion. I en\
courage you to t\
rust them, your \
majesty, if the \
house of Han is \
to rise again.\x0aI\
 begin as a comm\
on man, farming \
in my fields in \
Nanyang, doing w\
hat I could to s\
urvive in an age\
 of chaos. I nev\
er had any inter\
est in making a \
name for myself \
as a noble. The \
late Emperor was\
 not ashamed to \
visit my cottage\
 and seek my adv\
ice. Grateful fo\
r his regard, I \
responded to his\
 appeal and thre\
w myself into hi\
s service. Now t\
wenty-one years \
has passed, the \
late Emperor alw\
ays appreciated \
my caution and, \
in his final day\
s, entrusted me \
with his cause.\x0a\
Since that momen\
t, I have been t\
ormented day and\
 night by the fe\
ar that I might \
let him down. Th\
at is why I cros\
sed the Lu river\
 at the height o\
f summer, and en\
tered the wastel\
ands beyond. Now\
 the south has b\
een subdued, and\
 our forces are \
fully armed.I sh\
ould lead our so\
ldiers to conque\
r the northern h\
eartland and att\
empt to remove t\
he hateful trait\
ors, restore the\
 house of Han, a\
nd return it to \
the former capit\
al.This the way \
I mean to honor \
my debt to the l\
ate Emperor and \
fulfill my duty \
to you. Guo Youz\
hi, Fei Yi, and \
Dong Yun are the\
 ones who should\
 be making polic\
y decisions and \
recommendations.\
\x0aMy only desire \
is to be permitt\
ed to drive out \
the traitors and\
 restore the Han\
. If I should le\
t you down, puni\
sh my offense an\
d report it to t\
he spirit of the\
 late Emperor. I\
f those three ad\
visors should fa\
il in their duti\
es, then they sh\
ould be punished\
 for their negli\
gence.Your Majes\
ty, consider you\
r course of acti\
on carefully. Se\
ek out good advi\
ce, and never fo\
rget the late Em\
peror. I depart \
now on a long ex\
pedition, and I \
will be forever \
grateful if you \
heed my advice. \
Blinded by my ow\
n tears, I know \
not what I write\
.\x07\x00\x00\x00\x0aT_Expander\
\x01\x03\x00\x00\x00\x08\x7f\xfb\x8fl\x89\xc6V\xfe\x08\x00\
\x00\x00\x00\x06\x00\x00\x00\x08FlipView\
\x07\x00\x00\x00\x0aT_FlipView\x01\
\x03\x00\x00\x00\x12l4^se\xb9T\x11v\x84\x7f\
\xfb\x8fl\x89\xc6V\xfe\x08\x00\x00\x00\x00\x06\x00\x00\x00\
\x13Horizontal Flip\
View\x07\x00\x00\x00\x0aT_FlipV\
iew\x01\x03\x00\x00\x00\x12W\x82v\xf4e\xb9T\
\x11v\x84\x7f\xfb\x8fl\x89\xc6V\xfe\x08\x00\x00\x00\x00\
\x06\x00\x00\x00\x11Vertical Fl\
ipView\x07\x00\x00\x00\x0aT_Fli\
pView\x01\x03\x00\x00\x00\x04e\xe5S\x86\x08\
\x00\x00\x00\x00\x06\x00\x00\x00\x08Calenda\
r\x07\x00\x00\x00\x0aT_GroupBox\
\x01\x03\x00\x00\x00\x0aY\x0d\x90\x09hFR\x06~\xc4\
\x08\x00\x00\x00\x00\x06\x00\x00\x00\x0eCheckB\
ox Group\x07\x00\x00\x00\x0aT_G\
roupBox\x01\x03\x00\x00\x00\x06\x80T|\
\xfbN\xba\x08\x00\x00\x00\x00\x06\x00\x00\x00\x08Con\
tacts\x07\x00\x00\x00\x0aT_Grou\
pBox\x01\x03\x00\x00\x00\x04y\x81u(\x08\x00\
\x00\x00\x00\x06\x00\x00\x00\x08Disabled\
\x07\x00\x00\x00\x0aT_GroupBox\x01\
\x03\x00\x00\x00\x04\x90\xae{\xb1\x08\x00\x00\x00\x00\x06\x00\
\x00\x00\x06E-mail\x07\x00\x00\x00\x0aT_\
GroupBox\x01\x03\x00\x00\x00\x08R\x06\
~\xc4[\xb9Vh\x08\x00\x00\x00\x00\x06\x00\x00\x00\x08\
GroupBox\x07\x00\x00\x00\x0aT_G\
roupBox\x01\x03\x00\x00\x00\x0aSU\x90\
\x09hFR\x06~\xc4\x08\x00\x00\x00\x00\x06\x00\x00\x00\
\x11RadioButton Gro\
up\x07\x00\x00\x00\x0aT_GroupBo\
x\x01\x03\x00\x00\x00\x0c\x001\x004\x00 N\xba\x96\
\x05\x8b\xfb\x08\x00\x00\x00\x00\x06\x00\x00\x00\x0a14 \
readers\x07\x00\x00\x00\x06T_Ho\
me\x01\x03\x00\x00\x00\x18\x00A\x00D\x00B\x00 \
rygC^\x94u([\x89\x88\xc5mAz\x0b\
\x08\x00\x00\x00\x00\x06\x00\x00\x00\x1fADB pr\
ivileged app ins\
tall flow\x07\x00\x00\x00\x06T_\
Home\x01\x03\x00\x00\x00\x12\x00B\x00i\x00n\
\x00g\x00 k\xcfe\xe5X\xc1~\xb8\x08\x00\x00\x00\
\x00\x06\x00\x00\x00\x14Bing daily\
 wallpaper\x07\x00\x00\x00\x06T\
_Home\x01\x03\x00\x00\x00\x10QlS\xf8T\
\x8c[\x9e\x9a\x8c[\xa4O\xe1`o\x08\x00\x00\x00\x00\
\x06\x00\x00\x00\x1bCompany and\
 lab information\
\x07\x00\x00\x00\x06T_Home\x01\x03\x00\x00\x00\
\x14\x00C\x00o\x00n\x00f\x00l\x00u\x00e\x00\
n\x00c\x00e\x08\x00\x00\x00\x00\x06\x00\x00\x00\x0aC\
onfluence\x07\x00\x00\x00\x06T_\
Home\x01\x03\x00\x00\x00\x1a\x00C\x00o\x00n\
\x00f\x00l\x00u\x00e\x00n\x00c\x00e\x00 \
p\xedp\xb9\x08\x00\x00\x00\x00\x06\x00\x00\x00\x13Co\
nfluence Hotspot\
s\x07\x00\x00\x00\x06T_Home\x01\x03\x00\x00\
\x00\x0c~\xe7~\xedmK\x8b\xd5mAz\x0b\x08\x00\
\x00\x00\x00\x06\x00\x00\x00\x16Continue\
 test workflow\x07\x00\
\x00\x00\x06T_Home\x01\x03\x00\x00\x00\x0c\x00\
D\x00U\x00T\x00 W(~\xbf\x08\x00\x00\x00\x00\
\x06\x00\x00\x00\x0aDUT Online\x07\
\x00\x00\x00\x06T_Home\x01\x03\x00\x00\x00\x08\
Y1\x8d%\x8f\xd0\x88L\x08\x00\x00\x00\x00\x06\x00\x00\
\x00\x0bFailed Runs\x07\x00\x00\
\x00\x06T_Home\x01\x03\x00\x00\x00$\x96\xc6\
N-g\xe5w\x0bmK\x8b\xd50\x01\x95\xee\x98\x98\
0\x01w\xe5\x8b\xc6T\x8cQ\x85\x90\xe8O\xe1`o\
0\x02\x08\x00\x00\x00\x00\x06\x00\x00\x00?Focu\
sed view for tes\
ts, issues, know\
ledge and intern\
al signals.\x07\x00\x00\x00\x06\
T_Home\x01\x03\x00\x00\x00\x16\x00I\x00P\
\x00T\x00V\x00 k\xcfe\xe5g\x84^\xfa\x90\x1a\
\x8f\xc7\x08\x00\x00\x00\x00\x06\x00\x00\x00\x19IPTV\
 daily build is \
green\x07\x00\x00\x00\x06T_Home\
\x01\x03\x00\x00\x00\x08Q\x85\x90\xe8O\xe1`o\x08\x00\
\x00\x00\x00\x06\x00\x00\x00\x10Internal\
 Signals\x07\x00\x00\x00\x06T_H\
ome\x01\x03\x00\x00\x00\x08Q\x85\x7fQO\x18Q\
H\x08\x00\x00\x00\x00\x06\x00\x00\x00\x0eIntra\
net first\x07\x00\x00\x00\x06T_\
Home\x01\x03\x00\x00\x00\x14\x00J\x00e\x00n\
\x00k\x00i\x00n\x00s\x00 O\xe1S\xf7\x08\x00\
\x00\x00\x00\x06\x00\x00\x00\x0eJenkins \
signal\x07\x00\x00\x00\x06T_Hom\
e\x01\x03\x00\x00\x00\x1cN\xceO\xa7\x8f\xb9h\x0fb\
S_\x00mK\x8b\xd50\x01\x8f\xd0\x88Lb\x16b\
\xa5TJ\x08\x00\x00\x00\x00\x06\x00\x00\x00)Ope\
n Test, Run or R\
eport from the s\
idebar\x07\x00\x00\x00\x06T_Hom\
e\x01\x03\x00\x00\x00R\x00P\x00a\x00g\x00e\x00\
s\x00 \x00l\x00i\x00k\x00e\x00l\x00y\x00\
 \x00u\x00s\x00e\x00f\x00u\x00l\x00 \x00\
f\x00o\x00r\x00 \x00t\x00o\x00d\x00a\x00\
y\x00&\x00a\x00p\x00o\x00s\x00;\x00s\x00\
 \x00w\x00o\x00r\x00k\x08\x00\x00\x00\x00\x06\x00\
\x00\x00$Pages likely \
useful for today\
's work\x07\x00\x00\x00\x06T_Ho\
me\x01\x03\x00\x00\x00\x1c\x00S\x006\x00 \x00U\
\x001\x00 ^sS\xf0mK\x8b\xd5h\xc0g\xe5\
n\x05SU\x08\x00\x00\x00\x00\x06\x00\x00\x00\x1dS6\
 U1 platform tes\
t checklist\x07\x00\x00\x00\x06\
T_Home\x01\x03\x00\x00\x00\x1a\x00S\x00m\
\x00a\x00r\x00t\x00T\x00e\x00s\x00t\x00 \
]\xe5O\x5cS\xf0\x08\x00\x00\x00\x00\x06\x00\x00\x00\x13\
SmartTest Workbe\
nch\x07\x00\x00\x00\x06T_Home\x01\x03\
\x00\x00\x00$\x00S\x00m\x00a\x00r\x00t\x00T\
\x00e\x00s\x00t\x00 bSS\x05\x8f\xd0\x88L\
s\xafX\x83\x8b\xf4f\x0e\x08\x00\x00\x00\x00\x06\x00\x00\
\x00 SmartTest pack\
aged runtime not\
es\x07\x00\x00\x00\x06T_Home\x01\x03\x00\
\x00\x00$\x002\x00 S\xf0\x00 \x00D\x00U\x00\
T\x00 \x97\x00\x89\x81\x91\xcde\xb0\x8f\xdec\xa5\x00\
 \x00U\x00S\x00B\x08\x00\x00\x00\x00\x06\x00\x00\x00\
\x1eTwo DUTs need U\
SB reconnection\x07\
\x00\x00\x00\x06T_Home\x01\x03\x00\x00\x00\x0a\
[\x9e\x9a\x8c[\xa4r\xb6`\x01\x08\x00\x00\x00\x00\x06\
\x00\x00\x00\x0alab status\x07\x00\
\x00\x00\x06T_Home\x01\x03\x00\x00\x00\x0cg\
\x00\x8f\xd1\x8b\xbeY\x07W(~\xbf\x08\x00\x00\x00\x00\
\x06\x00\x00\x00\x13latest devi\
ce alive\x07\x00\x00\x00\x06T_H\
ome\x01\x03\x00\x00\x00\x08\x97\x00\x89\x81g\xe5w\
\x0b\x08\x00\x00\x00\x00\x06\x00\x00\x00\x0bneed \
review\x07\x00\x00\x00\x06T_Hom\
e\x01\x03\x00\x00\x00\x06e\xb0\x8b\xc4\x8b\xba\x08\x00\x00\
\x00\x00\x06\x00\x00\x00\x0bnew comme\
nt\x07\x00\x00\x00\x06T_Home\x01\x03\x00\
\x00\x00\x0ce\xb0v\x84p\xedp\xb9\x98u\x97b\x08\
\x00\x00\x00\x00\x06\x00\x00\x00\x0dnew hot\
 pages\x07\x00\x00\x00\x06T_Hom\
e\x01\x03\x00\x00\x00\x08N\xcaY)f\xf4e\xb0\x08\
\x00\x00\x00\x00\x06\x00\x00\x00\x0dupdated\
 today\x07\x00\x00\x00\x06T_Hom\
e\x01\x03\x00\x00\x00\x04V\xfeh\x07\x08\x00\x00\x00\x00\
\x06\x00\x00\x00\x05Icons\x07\x00\x00\x00\x07T\
_Icons\x01\x03\x00\x00\x00\x0c\x8b\xf7\x8f\x93\
QeQs\x95.[W\x08\x00\x00\x00\x00\x06\x00\x00\
\x00\x16Please enter a\
 keyword\x07\x00\x00\x00\x07T_I\
cons\x01\x03\x00\x00\x00\x06`\xa8Y\x0dR6\
\x08\x00\x00\x00\x00\x06\x00\x00\x00\x0bYou Co\
pied \x07\x00\x00\x00\x07T_Icon\
s\x01\x03\x00\x00\x00\x04V\xfeP\xcf\x08\x00\x00\x00\x00\
\x06\x00\x00\x00\x05Image\x07\x00\x00\x00\x07T\
_Image\x01\x03\x00\x00\x00\x18V\xferG\
R\xa0\x8f}Y1\x8d%\xff\x0c\x8b\xf7\x91\xcde\xb0\
R\xa0\x8f}\x08\x00\x00\x00\x00\x06\x00\x00\x00'Th\
e image failed t\
o load, please r\
eload\x07\x00\x00\x00\x07T_Imag\
e\x01\x03\x00\x00\x00\x06O\xe1`oh\x0f\x08\x00\x00\
\x00\x00\x06\x00\x00\x00\x07InfoBar\x07\x00\
\x00\x00\x09T_InfoBar\x01\x03\x00\x00\
\x00\x14\x97\x00\x89\x81bKR\xa8Qs\x95\xedv\x84\
O\xe1`oh\x0f\x08\x00\x00\x00\x00\x06\x00\x00\x00,\
InfoBar that nee\
ds to be turned \
off manually\x07\x00\x00\x00\
\x09T_InfoBar\x01\x03\x00\x00\x00\x0c\
e/c\x01bKR\xa8Qs\x95\xed\x08\x00\x00\x00\
\x00\x06\x00\x00\x00\x1cManual shu\
tdown is support\
ed\x07\x00\x00\x00\x09T_InfoBar\
\x01\x03\x00\x00\x00\x1e\x8f\xd9f/N\x00N*\x00E\
\x00r\x00r\x00o\x00rh7_\x0fv\x84O\xe1\
`oh\x0f\x08\x00\x00\x00\x00\x06\x00\x00\x00%Th\
is is an InfoBar\
 in the Error St\
yle\x07\x00\x00\x00\x09T_InfoBa\
r\x01\x03\x00\x00\x00\x1c\x8f\xd9f/N\x00N*\x00\
I\x00n\x00f\x00oh7_\x0fv\x84O\xe1`\
oh\x0f\x08\x00\x00\x00\x00\x06\x00\x00\x00$Thi\
s is an InfoBar \
in the Info Styl\
e\x07\x00\x00\x00\x09T_InfoBar\x01\
\x03\x00\x00\x00\x22\x8f\xd9f/N\x00N*\x00S\x00\
u\x00c\x00c\x00e\x00s\x00sh7_\x0fv\
\x84O\xe1`oh\x0f\x08\x00\x00\x00\x00\x06\x00\x00\x00\
'This is an Info\
Bar in the Succe\
ss Style\x07\x00\x00\x00\x09T_I\
nfoBar\x01\x03\x00\x00\x00\x22\x8f\xd9f/\
N\x00N*\x00W\x00a\x00r\x00n\x00i\x00n\
\x00gh7_\x0fv\x84O\xe1`oh\x0f\x08\x00\
\x00\x00\x00\x06\x00\x00\x00'This is \
an InfoBar in th\
e Warning Style\x07\
\x00\x00\x00\x09T_InfoBar\x01\x03\x00\
\x00\x00\x06~\xbfW\x8bV\xfe\x08\x00\x00\x00\x00\x06\x00\
\x00\x00\x0aLine Chart\x07\x00\x00\
\x00\x0bT_LineChart\x01\x03\x00\
\x00\x00\x04QsN\x8e\x08\x00\x00\x00\x00\x06\x00\x00\x00\
\x05About\x07\x00\x00\x00\x06T_Men\
u\x01\x03\x00\x00\x00\x04Y\x0d\x90\x09\x08\x00\x00\x00\x00\
\x06\x00\x00\x00\x05Check\x07\x00\x00\x00\x06T\
_Menu\x01\x03\x00\x00\x00\x04Y\x0dR6\x08\
\x00\x00\x00\x00\x06\x00\x00\x00\x04Copy\x07\x00\x00\
\x00\x06T_Menu\x01\x03\x00\x00\x00\x04Rj\
R\x07\x08\x00\x00\x00\x00\x06\x00\x00\x00\x03Cut\x07\
\x00\x00\x00\x06T_Menu\x01\x03\x00\x00\x00\x08\
N\x0dS\xefd\xcdO\x5c\x08\x00\x00\x00\x00\x06\x00\x00\
\x00\x07Disable\x07\x00\x00\x00\x06T_\
Menu\x01\x03\x00\x00\x00\x06\x00D\x00O\x00C\
\x08\x00\x00\x00\x00\x06\x00\x00\x00\x03Doc\x07\x00\x00\
\x00\x06T_Menu\x01\x03\x00\x00\x00\x04\x7f\x16\
\x8f\x91\x08\x00\x00\x00\x00\x06\x00\x00\x00\x04Edit\
\x07\x00\x00\x00\x06T_Menu\x01\x03\x00\x00\x00\
\x04e\x87N\xf6\x08\x00\x00\x00\x00\x06\x00\x00\x00\x04F\
ile\x07\x00\x00\x00\x06T_Menu\x01\x03\
\x00\x00\x00\x04^.R\xa9\x08\x00\x00\x00\x00\x06\x00\x00\
\x00\x04Help\x07\x00\x00\x00\x06T_Men\
u\x01\x03\x00\x00\x00\x04\x83\xdcSU\x08\x00\x00\x00\x00\
\x06\x00\x00\x00\x04Menu\x07\x00\x00\x00\x06T_\
Menu\x01\x03\x00\x00\x00\x06\x83\xdcSUh\x0f\
\x08\x00\x00\x00\x00\x06\x00\x00\x00\x07MenuBa\
r\x07\x00\x00\x00\x06T_Menu\x01\x03\x00\x00\
\x00\x0ae\xb0^\xfa\x00.\x00.\x00.\x08\x00\x00\x00\
\x00\x06\x00\x00\x00\x06New...\x07\x00\x00\x00\
\x06T_Menu\x01\x03\x00\x00\x00\x0abS_\
\x00\x00.\x00.\x00.\x08\x00\x00\x00\x00\x06\x00\x00\x00\
\x07Open...\x07\x00\x00\x00\x06T_M\
enu\x01\x03\x00\x00\x00\x06\x00P\x00D\x00F\x08\
\x00\x00\x00\x00\x06\x00\x00\x00\x03PDF\x07\x00\x00\x00\
\x06T_Menu\x01\x03\x00\x00\x00\x04|\x98\x8d\
4\x08\x00\x00\x00\x00\x06\x00\x00\x00\x05Paste\
\x07\x00\x00\x00\x06T_Menu\x01\x03\x00\x00\x00\
\x04\x90\x00Q\xfa\x08\x00\x00\x00\x00\x06\x00\x00\x00\x04Q\
uit\x07\x00\x00\x00\x06T_Menu\x01\x03\
\x00\x00\x00\x04O\xdd[X\x08\x00\x00\x00\x00\x06\x00\x00\
\x00\x04Save\x07\x00\x00\x00\x06T_Men\
u\x01\x03\x00\x00\x00\x0cS\xe6[XN:\x00.\x00\
.\x00.\x08\x00\x00\x00\x00\x06\x00\x00\x00\x0aSav\
e As...\x07\x00\x00\x00\x06T_Me\
nu\x01\x03\x00\x00\x00\x04d\x1c}\x22\x08\x00\x00\x00\
\x00\x06\x00\x00\x00\x06Search\x07\x00\x00\x00\
\x06T_Menu\x01\x03\x00\x00\x00\x0cbS_\
\x00\x83\xdcSU_9hF\x08\x00\x00\x00\x00\x06\x00\
\x00\x00\x0fShow Menu Pop\
up\x07\x00\x00\x00\x06T_Menu\x01\x03\x00\
\x00\x01\x14\x00&\x00l\x00t\x00;\x00f\x00o\x00\
n\x00t\x00 \x00c\x00o\x00l\x00o\x00r\x00\
=\x00&\x00a\x00p\x00o\x00s\x00;\x00r\x00\
e\x00d\x00&\x00a\x00p\x00o\x00s\x00;\x00\
&\x00g\x00t\x00;\x00S\x00i\x00n\x00g\x00\
l\x00e\x00I\x00n\x00s\x00t\x00a\x00n\x00\
c\x00e\x00&\x00l\x00t\x00;\x00/\x00f\x00\
o\x00n\x00t\x00&\x00g\x00t\x00;\x00 \x00\
m\x00o\x00d\x00e\x00 \x00w\x00i\x00n\x00\
d\x00o\x00w\xff\x0c\x00I\x00f\x00 \x00t\x00\
h\x00e\x00 \x00w\x00i\x00n\x00d\x00o\x00\
w\x00 \x00e\x00x\x00i\x00s\x00t\x00s\x00\
,\x00 \x00d\x00e\x00s\x00t\x00r\x00o\x00\
y\x00 \x00t\x00h\x00e\x00 \x00w\x00i\x00\
n\x00d\x00o\x00w\x00 \x00a\x00n\x00d\x00\
 \x00c\x00r\x00e\x00a\x00t\x00e\x00 \x00\
a\x00 \x00n\x00e\x00w\x00 \x00w\x00i\x00\
n\x00d\x00o\x00w\x08\x00\x00\x00\x00\x06\x00\x00\x00\
v<font color='re\
d'>SingleInstanc\
e</font> mode wi\
ndow\xef\xbc\x8cIf the wi\
ndow exists, des\
troy the window \
and create a new\
 window\x07\x00\x00\x00\x0dT_Mu\
ltiWindow\x01\x03\x00\x00\x00\xe6\x00\
&\x00l\x00t\x00;\x00f\x00o\x00n\x00t\x00\
 \x00c\x00o\x00l\x00o\x00r\x00=\x00&\x00\
a\x00p\x00o\x00s\x00;\x00r\x00e\x00d\x00\
&\x00a\x00p\x00o\x00s\x00;\x00&\x00g\x00\
t\x00;\x00S\x00i\x00n\x00g\x00l\x00e\x00\
T\x00a\x00s\x00k\x00&\x00l\x00t\x00;\x00\
/\x00f\x00o\x00n\x00t\x00&\x00g\x00t\x00\
;\x00 \x00m\x00o\x00d\x00e\x00 \x00w\x00\
i\x00n\x00d\x00o\x00w\xff\x0c\x00I\x00f\x00\
 \x00a\x00 \x00w\x00i\x00n\x00d\x00o\x00\
w\x00 \x00e\x00x\x00i\x00s\x00t\x00s\x00\
,\x00 \x00t\x00h\x00i\x00s\x00 \x00a\x00\
c\x00t\x00i\x00v\x00a\x00t\x00e\x00s\x00\
 \x00t\x00h\x00e\x00 \x00w\x00i\x00n\x00\
d\x00o\x00w\x08\x00\x00\x00\x00\x06\x00\x00\x00_<\
font color='red'\
>SingleTask</fon\
t> mode window\xef\xbc\
\x8cIf a window exi\
sts, this activa\
tes the window\x07\x00\
\x00\x00\x0dT_MultiWindow\
\x01\x03\x00\x00\x00n\x00<\x00f\x00o\x00n\x00t\
\x00 \x00c\x00o\x00l\x00o\x00r\x00=\x00'\
\x00r\x00e\x00d\x00'\x00>\x00S\x00t\x00a\
\x00n\x00d\x00a\x00r\x00d\x00<\x00/\x00f\
\x00o\x00n\x00t\x00>\x00 Y\xaf 3}!\
~\xd0i@_[\x95\x1b\x5c~v!Z\x06\xff\xe0\
QXm|l,W\xb1[\xe4p\xd8g\xca~\xd0\
i@_[\x08\x00\x00\x00\x00\x06\x00\x00\x00R<f\
ont color='red'>\
Standard</font> \
mode window\xef\xbc\x8ca \
new window is cr\
eated every time\
\x07\x00\x00\x00\x0dT_MultiWind\
ow\x01\x03\x00\x00\x00\x08R\x1b^\xfaz\x97S\xe3\
\x08\x00\x00\x00\x00\x06\x00\x00\x00\x0dCreate\
 Window\x07\x00\x00\x00\x0dT_Mu\
ltiWindow\x01\x03\x00\x00\x000R\
\x1b^\xfaN\x00N*z\x97S\xe3\xff\x0c^vd\
:^&S\xc2epu(b7T\x0d\xff\x1a\x00\
z\x00h\x00u\x00z\x00i\x00c\x00h\x00u\x08\
\x00\x00\x00\x00\x06\x00\x00\x005Create \
a window with th\
e parameter user\
name: zhuzichu\x07\x00\
\x00\x00\x0dT_MultiWindow\
\x01\x03\x00\x00\x00\x1cR\x1b^\xfaN\x00N*z\x97\
S\xe3\xff\x0cN\x0dd:^&N\xfbOUS\xc2\
ep\x08\x00\x00\x00\x00\x06\x00\x00\x001Crea\
te the window wi\
thout carrying a\
ny parameters\x07\x00\x00\
\x00\x0dT_MultiWindow\x01\
\x03\x00\x00\x00J\x00L\x00o\x00g\x00i\x00n\x00\
 \x00W\x00i\x00n\x00d\x00o\x00w\x00 \x00\
R\x00e\x00t\x00u\x00r\x00n\x00e\x00d\x00\
 \x00P\x00a\x00s\x00s\x00w\x00o\x00r\x00\
d\x00 \x00-\x00 \x00&\x00g\x00t\x00;\x08\
\x00\x00\x00\x00\x06\x00\x00\x00\x22Login W\
indow Returned P\
assword - >\x07\x00\x00\x00\x0d\
T_MultiWindow\x01\x03\x00\
\x00\x00\x06Y\x1az\x97S\xe3\x08\x00\x00\x00\x00\x06\x00\
\x00\x00\x0bMultiWindow\x07\x00\
\x00\x00\x0dT_MultiWindow\
\x01\x03\x00\x00\x00\x04R\x06\x98u\x08\x00\x00\x00\x00\x06\
\x00\x00\x00\x0aPagination\x07\x00\
\x00\x00\x0cT_Pagination\x01\
\x03\x00\x00\x00\x04\x99|V\xfe\x08\x00\x00\x00\x00\x06\x00\
\x00\x00\x09Pie Chart\x07\x00\x00\x00\
\x0aT_PieChart\x01\x03\x00\x00\x00\
\x04b@g\x09\x08\x00\x00\x00\x00\x06\x00\x00\x00\x03A\
ll\x07\x00\x00\x00\x07T_Pivot\x01\x03\
\x00\x00\x00\x14b@g\x09u5[P\x90\xaeN\xf6\
\x90\xfdW(\x8f\xd9\x91\xcc\x08\x00\x00\x00\x00\x06\x00\x00\
\x00\x13All emails go \
here.\x07\x00\x00\x00\x07T_Pivo\
t\x01\x03\x00\x00\x00\x04h\x07\x8b\xb0\x08\x00\x00\x00\x00\
\x06\x00\x00\x00\x07Flagged\x07\x00\x00\x00\
\x07T_Pivot\x01\x03\x00\x00\x00\x14h\x07\
\x8b\xb0u5[P\x90\xaeN\xf6\x90\xfdW(\x8f\xd9\
\x91\xcc\x08\x00\x00\x00\x00\x06\x00\x00\x00\x17Flag\
ged emails go he\
re.\x07\x00\x00\x00\x07T_Pivot\x01\
\x03\x00\x00\x00\x04\x8ft\x8fl\x08\x00\x00\x00\x00\x06\x00\
\x00\x00\x05Pivot\x07\x00\x00\x00\x07T_P\
ivot\x01\x03\x00\x00\x00\x04g*\x8b\xfb\x08\x00\
\x00\x00\x00\x06\x00\x00\x00\x06Unread\x07\x00\
\x00\x00\x07T_Pivot\x01\x03\x00\x00\x00\x14\
g*\x8b\xfbu5[P\x90\xaeN\xf6\x90\xfdW(\
\x8f\xd9\x91\xcc\x08\x00\x00\x00\x00\x06\x00\x00\x00\x16Un\
read emails go h\
ere.\x07\x00\x00\x00\x07T_Pivot\
\x01\x03\x00\x00\x00\x04}'`%\x08\x00\x00\x00\x00\x06\
\x00\x00\x00\x06Urgent\x07\x00\x00\x00\x07T\
_Pivot\x01\x03\x00\x00\x00\x14}'`%\
u5[P\x90\xaeN\xf6\x90\xfdW(\x8f\xd9\x91\xcc\
\x08\x00\x00\x00\x00\x06\x00\x00\x00\x16Urgent\
 emails go here.\
\x07\x00\x00\x00\x07T_Pivot\x01\x03\x00\x00\
\x00\x0cg\x81WPh\x07S:W\xdfV\xfe\x08\x00\
\x00\x00\x00\x06\x00\x00\x00\x10Polar Ar\
ea Chart\x07\x00\x00\x00\x10T_P\
olarAreaChart\x01\x03\x00\
\x00\x00\x06\x8f\xdb^\xa6ga\x08\x00\x00\x00\x00\x06\x00\
\x00\x00\x08Progress\x07\x00\x00\x00\x0a\
T_Progress\x01\x03\x00\x00\x00\x06\
N\x8c~\xf4x\x01\x08\x00\x00\x00\x00\x06\x00\x00\x00\x06\
QRCode\x07\x00\x00\x00\x08T_QRC\
ode\x01\x03\x00\x00\x00\x06\x96\xf7\x8f\xbeV\xfe\x08\
\x00\x00\x00\x00\x06\x00\x00\x00\x0bRadar C\
hart\x07\x00\x00\x00\x0cT_Radar\
Chart\x01\x03\x00\x00\x00\x04y\x81u(\x08\
\x00\x00\x00\x00\x06\x00\x00\x00\x08Disable\
d\x07\x00\x00\x00\x0dT_RadioBut\
ton\x01\x03\x00\x00\x00\x02]\xe6\x08\x00\x00\x00\x00\
\x06\x00\x00\x00\x04Left\x07\x00\x00\x00\x0dT_\
RadioButton\x01\x03\x00\x00\x00\
\x08SU\x90\x09c\x09\x94\xae\x08\x00\x00\x00\x00\x06\x00\
\x00\x00\x0bRadioButton\x07\x00\
\x00\x00\x0dT_RadioButton\
\x01\x03\x00\x00\x00\x02S\xf3\x08\x00\x00\x00\x00\x06\x00\x00\
\x00\x05Right\x07\x00\x00\x00\x0dT_Ra\
dioButton\x01\x03\x00\x00\x00\x08\x8b\
\xc4~\xa7c\xa7R6\x08\x00\x00\x00\x00\x06\x00\x00\x00\
\x0dRatingControl\x07\x00\
\x00\x00\x0fT_RatingContr\
ol\x01\x03\x00\x00\x00\x04w\xe9_b\x08\x00\x00\x00\
\x00\x06\x00\x00\x00\x09Rectangle\x07\
\x00\x00\x00\x0bT_Rectangle\x01\
\x03\x00\x00\x00\x0e[\xfcQ\xfa\x00 \x00H\x00T\x00\
M\x00L\x08\x00\x00\x00\x00\x06\x00\x00\x00\x0bExp\
ort HTML\x07\x00\x00\x00\x08T_R\
eport\x01\x03\x00\x00\x00\x0eb\xa5TJR\
\xa0\x8f}Y1\x8d%0\x02\x08\x00\x00\x00\x00\x06\x00\
\x00\x00\x16Failed to loa\
d report.\x07\x00\x00\x00\x08T_\
Report\x01\x03\x00\x00\x00\x0ekcW(\
R\xa0\x8f}\x00.\x00.\x00.\x08\x00\x00\x00\x00\x06\
\x00\x00\x00\x0aLoading...\x07\x00\
\x00\x00\x08T_Report\x01\x03\x00\x00\x00\
\x0ae\xe0\x00 \x00D\x00U\x00T\x08\x00\x00\x00\x00\
\x06\x00\x00\x00\x06No DUT\x07\x00\x00\x00\x08\
T_Report\x01\x03\x00\x00\x00\x0eW(\
mO\x89\xc8VhN-bS_\x00\x08\x00\x00\x00\
\x00\x06\x00\x00\x00\x0fOpen in br\
owser\x07\x00\x00\x00\x08T_Repo\
rt\x01\x03\x00\x00\x00\x0ebS_\x00b\xa5TJ\
e\x87N\xf6Y9\x08\x00\x00\x00\x00\x06\x00\x00\x00\x12\
Open report fold\
er\x07\x00\x00\x00\x08T_Report\x01\
\x03\x00\x00\x00\x04\x5c1~\xea\x08\x00\x00\x00\x00\x06\x00\
\x00\x00\x05Ready\x07\x00\x00\x00\x08T_R\
eport\x01\x03\x00\x00\x00\x04R7e\xb0\x08\
\x00\x00\x00\x00\x06\x00\x00\x00\x07Refresh\
\x07\x00\x00\x00\x08T_Report\x01\x03\x00\
\x00\x00\x08\x91\xcde\xb0R\xa0\x8f}\x08\x00\x00\x00\x00\
\x06\x00\x00\x00\x06Reload\x07\x00\x00\x00\x08\
T_Report\x01\x03\x00\x00\x00\x04b\xa5\
TJ\x08\x00\x00\x00\x00\x06\x00\x00\x00\x06Repo\
rt\x07\x00\x00\x00\x08T_Report\x01\
\x03\x00\x00\x00\x1a\x8f\xd0\x88LmK\x8b\xd5N\xe5u\
\x1fb\x10{,N\x00N\xfdb\xa5TJ0\x02\x08\
\x00\x00\x00\x00\x06\x00\x00\x00(Run a t\
est to generate \
the first report\
.\x07\x00\x00\x00\x08T_Report\x01\x03\
\x00\x00\x00\x08\x8f\xd0\x88L\x8b\xb0_U\x08\x00\x00\x00\
\x00\x06\x00\x00\x00\x04Runs\x07\x00\x00\x00\x08T\
_Report\x01\x03\x00\x00\x00&`;e\
p\x00 \x00%\x001\x00 \x00 \x90\x1a\x8f\xc7\x00\
 \x00%\x002\x00 \x00 Y1\x8d%\x00 \x00\
%\x003\x08\x00\x00\x00\x00\x06\x00\x00\x00\x1eTot\
al %1  Passed %2\
  Failed %3\x07\x00\x00\x00\x08\
T_Report\x01\x03\x00\x00\x00\x08g*\
w\xe5e\xf6\x95\xf4\x08\x00\x00\x00\x00\x06\x00\x00\x00\x0c\
Unknown time\x07\x00\x00\x00\
\x08T_Report\x01\x03\x00\x00\x00\x04e\
6\x8dw\x08\x00\x00\x00\x00\x06\x00\x00\x00\x08Col\
lapse\x07\x00\x00\x00\x05T_Run\x01\
\x03\x00\x00\x00\x0c\x00D\x00U\x00T\x00 \x8f\xdb^\
\xa6\x08\x00\x00\x00\x00\x06\x00\x00\x00\x0cDUT P\
rogress\x07\x00\x00\x00\x05T_Ru\
n\x01\x03\x00\x00\x00\x04\x5cU_\x00\x08\x00\x00\x00\x00\
\x06\x00\x00\x00\x06Expand\x07\x00\x00\x00\x05\
T_Run\x01\x03\x00\x00\x00\x0aY1\x8d%\x00\
 \x00%\x001\x08\x00\x00\x00\x00\x06\x00\x00\x00\x09F\
ailed %1\x07\x00\x00\x00\x05T_R\
un\x01\x03\x00\x00\x00\x08\x96\x90\x85\xcfe\xe5_\xd7\
\x08\x00\x00\x00\x00\x06\x00\x00\x00\x09Hide l\
ogs\x07\x00\x00\x00\x05T_Run\x01\x03\x00\
\x00\x00\x0ce\xe5_\xd7\xff\x08\x00%\x001\xff\x09\x08\
\x00\x00\x00\x00\x06\x00\x00\x00\x09Logs (%\
1)\x07\x00\x00\x00\x05T_Run\x01\x03\x00\x00\
\x00\x0ae\xe0\x00 \x00D\x00U\x00T\x08\x00\x00\x00\
\x00\x06\x00\x00\x00\x06No DUT\x07\x00\x00\x00\
\x05T_Run\x01\x03\x00\x00\x00\x04xn[\x9a\
\x08\x00\x00\x00\x00\x06\x00\x00\x00\x02OK\x07\x00\x00\x00\
\x05T_Run\x01\x03\x00\x00\x00\x0a\x90\x1a\x8f\xc7\
\x00 \x00%\x001\x08\x00\x00\x00\x00\x06\x00\x00\x00\x09\
Passed %1\x07\x00\x00\x00\x05T_\
Run\x01\x03\x00\x00\x00\x08_\xc5XkS\xc2e\
p\x08\x00\x00\x00\x00\x06\x00\x00\x00\x13Requi\
red Parameters\x07\x00\
\x00\x00\x05T_Run\x01\x03\x00\x00\x00\x04\x8f\xd0\
\x88L\x08\x00\x00\x00\x00\x06\x00\x00\x00\x03Run\x07\
\x00\x00\x00\x05T_Run\x01\x03\x00\x00\x00\x0c\x8f\
\xd0\x88LN-\x00 \x00%\x001\x08\x00\x00\x00\x00\
\x06\x00\x00\x00\x0aRunning %1\x07\
\x00\x00\x00\x05T_Run\x01\x03\x00\x00\x00\x08f\
>y:e\xe5_\xd7\x08\x00\x00\x00\x00\x06\x00\x00\x00\
\x09Show logs\x07\x00\x00\x00\x05T\
_Run\x01\x03\x00\x00\x00\x04_\x00Y\xcb\x08\x00\
\x00\x00\x00\x06\x00\x00\x00\x05Start\x07\x00\x00\
\x00\x05T_Run\x01\x03\x00\x00\x00\x08Qh\x90\
\xe8P\x5ckb\x08\x00\x00\x00\x00\x06\x00\x00\x00\x08S\
top All\x07\x00\x00\x00\x05T_Ru\
n\x01\x03\x00\x00\x00\x0a`;ep\x00 \x00%\x00\
1\x08\x00\x00\x00\x00\x06\x00\x00\x00\x08Total\
 %1\x07\x00\x00\x00\x05T_Run\x01\x03\x00\
\x00\x00\x04u(O\x8b\x08\x00\x00\x00\x00\x06\x00\x00\x00\
\x04case\x07\x00\x00\x00\x05T_Run\x01\
\x03\x00\x00\x00\x04ke\x9a\xa4\x08\x00\x00\x00\x00\x06\x00\
\x00\x00\x04step\x07\x00\x00\x00\x05T_Ru\
n\x01\x03\x00\x00\x00\x06ecp\xb9V\xfe\x08\x00\x00\
\x00\x00\x06\x00\x00\x00\x0dScatter C\
hart\x07\x00\x00\x00\x0eT_Scatt\
erChart\x01\x03\x00\x00\x00\x0e\x00A\x00\
I\x00 j!W\x8b\x91M\x7fn\x08\x00\x00\x00\x00\
\x06\x00\x00\x00\x16AI Model Co\
nfiguration\x07\x00\x00\x00\x0a\
T_Settings\x01\x03\x00\x00\x00\x04\
\x81\xeaR\xa8\x08\x00\x00\x00\x00\x06\x00\x00\x00\x04Au\
to\x07\x00\x00\x00\x0aT_Setting\
s\x01\x03\x00\x00\x00\x04S\xd6m\x88\x08\x00\x00\x00\x00\
\x06\x00\x00\x00\x06Cancel\x07\x00\x00\x00\x0a\
T_Settings\x01\x03\x00\x00\x00\x08\
h\xc0g\xe5f\xf4e\xb0\x08\x00\x00\x00\x00\x06\x00\x00\
\x00\x11Check for Upda\
tes\x07\x00\x00\x00\x0aT_Settin\
gs\x01\x03\x00\x00\x00\x04n\x05\x96d\x08\x00\x00\x00\
\x00\x06\x00\x00\x00\x05Clear\x07\x00\x00\x00\x0a\
T_Settings\x01\x03\x00\x00\x00\x04\
}'Q\xd1\x08\x00\x00\x00\x00\x06\x00\x00\x00\x07Co\
mpact\x07\x00\x00\x00\x0aT_Sett\
ings\x01\x03\x00\x00\x00\x06]\xf2\x91M\x7fn\
\x08\x00\x00\x00\x00\x06\x00\x00\x00\x0aConfig\
ured\x07\x00\x00\x00\x0aT_Setti\
ngs\x01\x03\x00\x00\x00\x08_SRMrHg\
,\x08\x00\x00\x00\x00\x06\x00\x00\x00\x0fCurre\
nt Version\x07\x00\x00\x00\x0aT\
_Settings\x01\x03\x00\x00\x00\x04m\
\xf1\x82r\x08\x00\x00\x00\x00\x06\x00\x00\x00\x04Dar\
k\x07\x00\x00\x00\x0aT_Settings\
\x01\x03\x00\x00\x00\x08Y\x1c\x95\xf4j!_\x0f\x08\x00\
\x00\x00\x00\x06\x00\x00\x00\x09Dark Mod\
e\x07\x00\x00\x00\x0aT_Settings\
\x01\x03\x00\x00\x00\x14\x8f\x93Qe\x00 \x00A\x00P\
\x00I\x00 \x00K\x00e\x00y\x08\x00\x00\x00\x00\x06\
\x00\x00\x00\x0dEnter API ke\
y\x07\x00\x00\x00\x0aT_Settings\
\x01\x03\x00\x00\x00\x0cl\x89mx_\x0f^\x94u(\
h\x0f\x08\x00\x00\x00\x00\x06\x00\x00\x00\x13Fits\
 AppBar Windows\x07\
\x00\x00\x00\x0aT_Settings\x01\x03\
\x00\x00\x00\x08S\xcb`\xc5c\xd0y:\x08\x00\x00\x00\
\x00\x06\x00\x00\x00\x11Friendly R\
eminder\x07\x00\x00\x00\x0aT_Se\
ttings\x01\x03\x00\x00\x00\x04\x8b\xed\x8a\x00\
\x08\x00\x00\x00\x00\x06\x00\x00\x00\x08Langua\
ge\x07\x00\x00\x00\x0aT_Setting\
s\x01\x03\x00\x00\x00\x04mE\x82r\x08\x00\x00\x00\x00\
\x06\x00\x00\x00\x05Light\x07\x00\x00\x00\x0aT\
_Settings\x01\x03\x00\x00\x00\x04g\
\x81{\x80\x08\x00\x00\x00\x00\x06\x00\x00\x00\x07Min\
imal\x07\x00\x00\x00\x0aT_Setti\
ngs\x01\x03\x00\x00\x00\x08[\xfc\x82*\x89\xc6V\
\xfe\x08\x00\x00\x00\x00\x06\x00\x00\x00\x1cNavig\
ation View Displ\
ay Mode\x07\x00\x00\x00\x0aT_Se\
ttings\x01\x03\x00\x00\x00\x06g*\x91M\
\x7fn\x08\x00\x00\x00\x00\x06\x00\x00\x00\x0eNot \
configured\x07\x00\x00\x00\x0aT\
_Settings\x01\x03\x00\x00\x00\x04x\
n[\x9a\x08\x00\x00\x00\x00\x06\x00\x00\x00\x02OK\x07\
\x00\x00\x00\x0aT_Settings\x01\x03\
\x00\x00\x00\x04bS_\x00\x08\x00\x00\x00\x00\x06\x00\x00\
\x00\x04Open\x07\x00\x00\x00\x0aT_Set\
tings\x01\x03\x00\x00\x00\x04O\xdd[X\x08\
\x00\x00\x00\x00\x06\x00\x00\x00\x04Save\x07\x00\x00\
\x00\x0aT_Settings\x01\x03\x00\x00\
\x00\x04\x8b\xbe\x7fn\x08\x00\x00\x00\x00\x06\x00\x00\x00\x08\
Settings\x07\x00\x00\x00\x0aT_S\
ettings\x01\x03\x00\x00\x00\x08\x8d\xdf\x96\
\x8f|\xfb~\xdf\x08\x00\x00\x00\x00\x06\x00\x00\x00\x06S\
ystem\x07\x00\x00\x00\x0aT_Sett\
ings\x01\x03\x00\x00\x00*kdd\xcdO\x5c\
\x97\x00\x89\x81\x91\xcdT/z\x0b^\x8fbM\x80\xfd\
u\x1feH\xff\x0cf/T&\x91\xcde\xb0T/\
R\xa8\xff\x1f\x08\x00\x00\x00\x00\x06\x00\x00\x00NTh\
is action requir\
es a restart of \
the program to t\
ake effect, is i\
t restarted?\x07\x00\x00\x00\
\x0aT_Settings\x01\x03\x00\x00\x00\
\x0eO\x7fu(|\xfb~\xdf^\x94u(h\x0f\x08\
\x00\x00\x00\x00\x06\x00\x00\x00\x11Use Sys\
tem AppBar\x07\x00\x00\x00\x0aT\
_Settings\x01\x03\x00\x00\x00\x04b\
\xbd\x5cI\x08\x00\x00\x00\x00\x06\x00\x00\x00\x05She\
et\x07\x00\x00\x00\x07T_Sheet\x01\x03\
\x00\x00\x00.N\x00N\x9bQ\x85[\xb9\x00.\x00.\
\x00.\x00\x0aN\x00N\x9bQ\x85[\xb9\x00.\x00.\
\x00.\x00\x0aN\x00N\x9bQ\x85[\xb9\x00.\x00.\
\x00.\x08\x00\x00\x00\x00\x06\x00\x00\x002Some\
 contents...\x0aSom\
e contents...\x0aSo\
me contents...\x07\x00\
\x00\x00\x07T_Sheet\x01\x03\x00\x00\x00\x04\
h\x07\x98\x98\x08\x00\x00\x00\x00\x06\x00\x00\x00\x05Ti\
tle\x07\x00\x00\x00\x07T_Sheet\x01\
\x03\x00\x00\x00\x02N\x0b\x08\x00\x00\x00\x00\x06\x00\x00\x00\
\x06bottom\x07\x00\x00\x00\x07T_Sh\
eet\x01\x03\x00\x00\x00\x02]\xe6\x08\x00\x00\x00\x00\
\x06\x00\x00\x00\x04left\x07\x00\x00\x00\x07T_\
Sheet\x01\x03\x00\x00\x00\x02S\xf3\x08\x00\x00\
\x00\x00\x06\x00\x00\x00\x05right\x07\x00\x00\x00\
\x07T_Sheet\x01\x03\x00\x00\x00\x02N\x0a\
\x08\x00\x00\x00\x00\x06\x00\x00\x00\x03top\x07\x00\x00\
\x00\x07T_Sheet\x01\x03\x00\x00\x00\x0c_\
\xebcw\x95.\x90\x09b\xe9Vh\x08\x00\x00\x00\x00\
\x06\x00\x00\x00\x0eShortcutPic\
ker\x07\x00\x00\x00\x10T_Shortc\
utPicker\x01\x03\x00\x00\x00\x04n\xd1\
WW\x08\x00\x00\x00\x00\x06\x00\x00\x00\x06Slid\
er\x07\x00\x00\x00\x08T_Slider\x01\
\x03\x00\x00\x00\x08b\xc6R\x06^\x03\x5c@\x08\x00\x00\
\x00\x00\x06\x00\x00\x00\x0bSplitLayo\
ut\x07\x00\x00\x00\x0dT_SplitLa\
yout\x01\x03\x00\x00\x00\x0ap\x11^\x03mA\
^\x03\x5c@\x08\x00\x00\x00\x00\x06\x00\x00\x00\x0fSt\
aggeredLayout\x07\x00\x00\
\x00\x11T_StaggeredLay\
out\x01\x03\x00\x00\x00\x08r\xb6`\x01^\x03\x5c\
@\x08\x00\x00\x00\x00\x06\x00\x00\x00\x0cStatu\
sLayout\x07\x00\x00\x00\x0eT_St\
atusLayout\x01\x03\x00\x00\x00\x06\
e\x87hc\x00 \x08\x00\x00\x00\x00\x06\x00\x00\x00\x09\
Document \x07\x00\x00\x00\x09T_\
TabView\x01\x03\x00\x00\x00\x06\x90\x09\x98\
ySa\x08\x00\x00\x00\x00\x06\x00\x00\x00\x07Tab\
View\x07\x00\x00\x00\x09T_TabVi\
ew\x01\x03\x00\x00\x00\x0a\x00<m\x93ZAz\xf4\
i$\x08\x00\x00\x00\x00\x06\x00\x00\x00\x09<Pre\
vious\x07\x00\x00\x00\x0bT_Tabl\
eView\x01\x03\x00\x00\x00\x0cm\xfbR\xa0N\
\x00\x88Lepcn\x08\x00\x00\x00\x00\x06\x00\x00\x00\
\x11Add a row of Da\
ta\x07\x00\x00\x00\x0bT_TableVi\
ew\x01\x03\x00\x00\x00\x04W0W@\x08\x00\x00\x00\
\x00\x06\x00\x00\x00\x07Address\x07\x00\x00\
\x00\x0bT_TableView\x01\x03\x00\
\x00\x00\x04^t\x9f\x84\x08\x00\x00\x00\x00\x06\x00\x00\x00\
\x03Age\x07\x00\x00\x00\x0bT_Table\
View\x01\x03\x00\x00\x00\x04Y4P\xcf\x08\x00\
\x00\x00\x00\x06\x00\x00\x00\x06Avatar\x07\x00\
\x00\x00\x0bT_TableView\x01\x03\
\x00\x00\x00\x04S\xd6m\x88\x08\x00\x00\x00\x00\x06\x00\x00\
\x00\x06Cancel\x07\x00\x00\x00\x0bT_T\
ableView\x01\x03\x00\x00\x00\x08n\x05\
\x96db@g\x09\x08\x00\x00\x00\x00\x06\x00\x00\x00\x09\
Clear All\x07\x00\x00\x00\x0bT_\
TableView\x01\x03\x00\x00\x00\x04R\
 \x96d\x08\x00\x00\x00\x00\x06\x00\x00\x00\x06Del\
ete\x07\x00\x00\x00\x0bT_TableV\
iew\x01\x03\x00\x00\x00\x08R \x96d\x90\x09N\
-\x08\x00\x00\x00\x00\x06\x00\x00\x00\x10Delet\
e Selection\x07\x00\x00\x00\x0b\
T_TableView\x01\x03\x00\x00\x00\
\x04\x7f\x16\x8f\x91\x08\x00\x00\x00\x00\x06\x00\x00\x00\x04E\
dit\x07\x00\x00\x00\x0bT_TableV\
iew\x01\x03\x00\x00\x00\x08\x95\x7f[W{&N\
2\x08\x00\x00\x00\x00\x06\x00\x00\x00\x0bLong \
String\x07\x00\x00\x00\x0bT_Tab\
leView\x01\x03\x00\x00\x00\x08O\xeee9\
R\x17T\x0d\x08\x00\x00\x00\x00\x06\x00\x00\x00\x16Mo\
dify the column \
name\x07\x00\x00\x00\x0bT_Table\
View\x01\x03\x00\x00\x00\x04T\x0dy\xf0\x08\x00\
\x00\x00\x00\x06\x00\x00\x00\x04Name\x07\x00\x00\x00\
\x0bT_TableView\x01\x03\x00\x00\
\x00\x10\x00N\x00e\x00x\x00t\x00&\x00g\x00t\
\x00;\x08\x00\x00\x00\x00\x06\x00\x00\x00\x05Next\
>\x07\x00\x00\x00\x0bT_TableVie\
w\x01\x03\x00\x00\x00\x04f5y\xf0\x08\x00\x00\x00\x00\
\x06\x00\x00\x00\x08Nickname\x07\x00\x00\
\x00\x0bT_TableView\x01\x03\x00\
\x00\x00\x04xn[\x9a\x08\x00\x00\x00\x00\x06\x00\x00\x00\
\x02OK\x07\x00\x00\x00\x0bT_TableV\
iew\x01\x03\x00\x00\x00\x04d\xcdO\x5c\x08\x00\x00\
\x00\x00\x06\x00\x00\x00\x07Options\x07\x00\
\x00\x00\x0bT_TableView\x01\x03\
\x00\x00\x00\x04d\x1c}\x22\x08\x00\x00\x00\x00\x06\x00\x00\
\x00\x06Search\x07\x00\x00\x00\x0bT_T\
ableView\x01\x03\x00\x00\x00\x04Qh\
\x90\x09\x08\x00\x00\x00\x00\x06\x00\x00\x00\x0aSele\
ct All\x07\x00\x00\x00\x0bT_Tab\
leView\x01\x03\x00\x00\x00\x04\x88hh<\
\x08\x00\x00\x00\x00\x06\x00\x00\x00\x09TableV\
iew\x07\x00\x00\x00\x0bT_TableV\
iew\x01\x03\x00\x00\x00\x08m\xfbR\xa0z\xef[\
P\x08\x00\x00\x00\x00\x06\x00\x00\x00\x0cAdd t\
erminal\x07\x00\x00\x00\x0cT_Te\
stConfig\x01\x03\x00\x00\x00\x10u(\
O\x8bS\xc2ep\xff\x08\x00%\x001\xff\x09\x08\x00\
\x00\x00\x00\x06\x00\x00\x00\x14Case Par\
ameters (%1)\x07\x00\x00\x00\
\x0cT_TestConfig\x01\x03\x00\
\x00\x00\x12W(\x00 \x00D\x00U\x00T\x00 N\
\x0b\x91M\x7fn\x08\x00\x00\x00\x00\x06\x00\x00\x00\x15C\
onfigured under \
DUT.\x07\x00\x00\x00\x0cT_TestC\
onfig\x01\x03\x00\x00\x00\x06\x00D\x00U\x00\
T\x08\x00\x00\x00\x00\x06\x00\x00\x00\x03DUT\x07\x00\
\x00\x00\x0cT_TestConfig\x01\
\x03\x00\x00\x00\x0c\x00D\x00U\x00T\x00 ~\xf4^\
\xa6\x08\x00\x00\x00\x00\x06\x00\x00\x00\x0aDUT s\
coped\x07\x00\x00\x00\x0cT_Test\
Config\x01\x03\x00\x00\x00\x04y\x81u(\
\x08\x00\x00\x00\x00\x06\x00\x00\x00\x08Disabl\
ed\x07\x00\x00\x00\x0cT_TestCon\
fig\x01\x03\x00\x00\x00\x08R\xa8`\x01S\xc2e\
p\x08\x00\x00\x00\x00\x06\x00\x00\x00\x07Dynam\
ic\x07\x00\x00\x00\x0cT_TestCon\
fig\x01\x03\x00\x00\x00\x04T/u(\x08\x00\x00\
\x00\x00\x06\x00\x00\x00\x07Enabled\x07\x00\
\x00\x00\x0cT_TestConfig\x01\
\x03\x00\x00\x00\x04\x96jmK\x08\x00\x00\x00\x00\x06\x00\
\x00\x00\x03Env\x07\x00\x00\x00\x0cT_Tes\
tConfig\x01\x03\x00\x00\x00\x10c\x09e\
\x87N\xf6\x8f\xc7n\xe4\x00.\x00.\x00.\x08\x00\x00\
\x00\x00\x06\x00\x00\x00\x11Filter by\
 file...\x07\x00\x00\x00\x0cT_T\
estConfig\x01\x03\x00\x00\x00\x0ae\
\xe0\x00 \x00D\x00U\x00T\x08\x00\x00\x00\x00\x06\x00\
\x00\x00\x06No DUT\x07\x00\x00\x00\x0cT_\
TestConfig\x01\x03\x00\x00\x00\x1a\
\x8f\xd9N*u(O\x8bN\x0d\x97\x00\x89\x81S\xef\
\x91M\x7fnS\xc2ep0\x02\x08\x00\x00\x00\x00\x06\
\x00\x00\x006No configura\
ble parameters a\
re required for \
this case.\x07\x00\x00\x00\x0cT\
_TestConfig\x01\x03\x00\x00\x00\
\x04xn[\x9a\x08\x00\x00\x00\x00\x06\x00\x00\x00\x02O\
K\x07\x00\x00\x00\x0cT_TestConf\
ig\x01\x03\x00\x00\x00\x0a\x966k\xb5\xff\x1a\x00%\
\x001\x08\x00\x00\x00\x00\x06\x00\x00\x00\x09Phas\
e: %1\x07\x00\x00\x00\x0cT_Test\
Config\x01\x03\x00\x00\x00\x08c\x09S\x8b\
y\xd2ep\x08\x00\x00\x00\x00\x06\x00\x00\x00\x0dPr\
ess seconds\x07\x00\x00\x00\x0c\
T_TestConfig\x01\x03\x00\x00\
\x00\x0c\x8f\xdb^\xa6\xff\x1a\x00%\x001\x00%\x08\x00\
\x00\x00\x00\x06\x00\x00\x00\x0dProgress\
: %1%\x07\x00\x00\x00\x0cT_Test\
Config\x01\x03\x00\x00\x00\x04R7e\xb0\
\x08\x00\x00\x00\x00\x06\x00\x00\x00\x07Refres\
h\x07\x00\x00\x00\x0cT_TestConf\
ig\x01\x03\x00\x00\x00\x08R \x96dz\xef[P\
\x08\x00\x00\x00\x00\x06\x00\x00\x00\x0fRemove\
 terminal\x07\x00\x00\x00\x0cT_\
TestConfig\x01\x03\x00\x00\x00\x08\
_\xc5XkS\xc2ep\x08\x00\x00\x00\x00\x06\x00\x00\
\x00\x13Required Param\
eters\x07\x00\x00\x00\x0cT_Test\
Config\x01\x03\x00\x00\x00\x04\x8f\xd0\x88L\
\x08\x00\x00\x00\x00\x06\x00\x00\x00\x03Run\x07\x00\x00\
\x00\x0cT_TestConfig\x01\x03\
\x00\x00\x00\x16kcW(bkc\xcf\x00 \x00A\
\x00D\x00B\x00 \x8b\xbeY\x07\x08\x00\x00\x00\x00\x06\
\x00\x00\x00\x14Scanning ADB\
 devices\x07\x00\x00\x00\x0cT_T\
estConfig\x01\x03\x00\x00\x004\x8b\
\xf7\x90\x09b\xe9N\x00N*b\x16Y\x1aN*m\
K\x8b\xd5e\x87N\xf6\xff\x0cN\xe5g\xe5w\x0bk\
\xcfN*u(O\x8bb@\x97\x00v\x84S\xc2e\
p0\x02\x08\x00\x00\x00\x00\x06\x00\x00\x00OSel\
ect one or more \
test files to in\
spect the requir\
ed parameters fo\
r each case.\x07\x00\x00\x00\
\x0cT_TestConfig\x01\x03\x00\
\x00\x00\x0e]\xf2\x90\x09b\xe9\xff\x08\x00%\x001\xff\
\x09\x08\x00\x00\x00\x00\x06\x00\x00\x00\x0dSelec\
ted (%1)\x07\x00\x00\x00\x0cT_T\
estConfig\x01\x03\x00\x00\x00\x04_\
\x00Y\xcb\x08\x00\x00\x00\x00\x06\x00\x00\x00\x05Sta\
rt\x07\x00\x00\x00\x0cT_TestCon\
fig\x01\x03\x00\x00\x00\x04P\x5ckb\x08\x00\x00\
\x00\x00\x06\x00\x00\x00\x04Stop\x07\x00\x00\x00\x0c\
T_TestConfig\x01\x03\x00\x00\
\x00\x04z\xef[P\x08\x00\x00\x00\x00\x06\x00\x00\x00\x08\
Terminal\x07\x00\x00\x00\x0cT_T\
estConfig\x01\x03\x00\x00\x00\x04m\
K\x8b\xd5\x08\x00\x00\x00\x00\x06\x00\x00\x00\x04Tes\
t\x07\x00\x00\x00\x0cT_TestConf\
ig\x01\x03\x00\x00\x00\x08mK\x8b\xd5u(O\x8b\
\x08\x00\x00\x00\x00\x06\x00\x00\x00\x0aTest C\
ases\x07\x00\x00\x00\x0cT_TestC\
onfig\x01\x03\x00\x00\x00B\x5c\x06QHf\
\xf4e\xb0\x00 \x00D\x00U\x00T\x00 R\x17\x88\
h\xff\x0cQ\x8d_\x00Y\xcbQ\xc6Y\x07\x00 \x00\
A\x00n\x00d\x00r\x00o\x00i\x00d\x00 \x00\
C\x00l\x00i\x00e\x00n\x00t0\x02\x08\x00\x00\
\x00\x00\x06\x00\x00\x00FThe DUT l\
ist will be upda\
ted before Andro\
id Client prepar\
ation starts.\x07\x00\x00\
\x00\x0cT_TestConfig\x01\x03\
\x00\x00\x00\x04|{W\x8b\x08\x00\x00\x00\x00\x06\x00\x00\
\x00\x04Type\x07\x00\x00\x00\x0cT_Tes\
tConfig\x01\x03\x00\x00\x00\x08c\xa5~\
\xbfj!_\x0f\x08\x00\x00\x00\x00\x06\x00\x00\x00\x0bW\
iring mode\x07\x00\x00\x00\x0cT\
_TestConfig\x01\x03\x00\x00\x00\
\x04e\x87g,\x08\x00\x00\x00\x00\x06\x00\x00\x00\x04T\
ext\x07\x00\x00\x00\x06T_Text\x01\x03\
\x00\x00\x00\x16\x8f\xd9f/N\x00N*S\xefN\xe5\
Y\x0dR6v\x84e\x87g,\x08\x00\x00\x00\x00\x06\
\x00\x00\x00!This is a te\
xt that can be c\
opied\x07\x00\x00\x00\x06T_Text\
\x01\x03\x00\x00\x00\x0a\x81\xeaR\xa8^\xfa\x8b\xaehF\
\x08\x00\x00\x00\x00\x06\x00\x00\x00\x0eAutoSu\
ggestBox\x07\x00\x00\x00\x09T_T\
extBox\x01\x03\x00\x00\x00\x04y\x81u(\
\x08\x00\x00\x00\x00\x06\x00\x00\x00\x08Disabl\
ed\x07\x00\x00\x00\x09T_TextBox\
\x01\x03\x00\x00\x00\x0aY\x1a\x88L\x8f\x93QehF\
\x08\x00\x00\x00\x00\x06\x00\x00\x00\x14Multi-\
line Input Box\x07\x00\
\x00\x00\x09T_TextBox\x01\x03\x00\x00\
\x00\x0e\x8b\xf7\x8f\x93Qe`\xa8v\x84[\xc6x\x01\
\x08\x00\x00\x00\x00\x06\x00\x00\x00\x1aPlease\
 enter your pass\
word\x07\x00\x00\x00\x09T_TextB\
ox\x01\x03\x00\x00\x00\x0aSU\x88L\x8f\x93Qe\
hF\x08\x00\x00\x00\x00\x06\x00\x00\x00\x15Sing\
le-line Input Bo\
x\x07\x00\x00\x00\x09T_TextBox\x01\
\x03\x00\x00\x00\x06e\x87g,hF\x08\x00\x00\x00\x00\
\x06\x00\x00\x00\x07TextBox\x07\x00\x00\x00\
\x09T_TextBox\x01\x03\x00\x00\x00\x0e\
\x81\xea[\x9aNIN;\x98\x98\x98\x9c\x82r\x08\x00\
\x00\x00\x00\x06\x00\x00\x00\x19Customiz\
e the Theme Colo\
r\x07\x00\x00\x00\x07T_Theme\x01\x03\x00\
\x00\x00\x08Y\x1c\x95\xf4j!_\x0f\x08\x00\x00\x00\x00\
\x06\x00\x00\x00\x09Dark Mode\x07\x00\
\x00\x00\x07T_Theme\x01\x03\x00\x00\x00\x10\
\x00N\x00a\x00t\x00i\x00v\x00ee\x87g,\
\x08\x00\x00\x00\x00\x06\x00\x00\x00\x0bNative\
 Text\x07\x00\x00\x00\x07T_Them\
e\x01\x03\x00\x00\x00\x08_\x00T/R\xa8u;\x08\
\x00\x00\x00\x00\x06\x00\x00\x00\x0eOpen An\
imation\x07\x00\x00\x00\x07T_Th\
eme\x01\x03\x00\x00\x00\x04N;\x98\x98\x08\x00\x00\
\x00\x00\x06\x00\x00\x00\x05Theme\x07\x00\x00\x00\
\x07T_Theme\x01\x03\x00\x00\x00\x08N;\
\x98\x98\x98\x9c\x82r\x08\x00\x00\x00\x00\x06\x00\x00\x00\x0c\
Theme colors\x07\x00\x00\x00\
\x07T_Theme\x01\x03\x00\x00\x00\x04N\x0a\
SH\x08\x00\x00\x00\x00\x06\x00\x00\x00\x02AM\x07\x00\
\x00\x00\x0cT_TimePicker\x01\
\x03\x00\x00\x00\x04S\xd6m\x88\x08\x00\x00\x00\x00\x06\x00\
\x00\x00\x06Cancel\x07\x00\x00\x00\x0cT_\
TimePicker\x01\x03\x00\x00\x00\x02\
e\xf6\x08\x00\x00\x00\x00\x06\x00\x00\x00\x04Hour\
\x07\x00\x00\x00\x0cT_TimePicke\
r\x01\x03\x00\x00\x00\x02R\x06\x08\x00\x00\x00\x00\x06\x00\
\x00\x00\x06Minute\x07\x00\x00\x00\x0cT_\
TimePicker\x01\x03\x00\x00\x00\x04\
xn[\x9a\x08\x00\x00\x00\x00\x06\x00\x00\x00\x02OK\
\x07\x00\x00\x00\x0cT_TimePicke\
r\x01\x03\x00\x00\x00\x04N\x0bSH\x08\x00\x00\x00\x00\
\x06\x00\x00\x00\x02PM\x07\x00\x00\x00\x0cT_Ti\
mePicker\x01\x03\x00\x00\x00\x0ae\xf6\
\x95\xf4\x90\x09b\xe9Vh\x08\x00\x00\x00\x00\x06\x00\x00\
\x00\x0aTimePicker\x07\x00\x00\x00\
\x0cT_TimePicker\x01\x03\x00\
\x00\x00\x06e\xf6\x95\xf4\x8ft\x08\x00\x00\x00\x00\x06\x00\
\x00\x00\x08Timeline\x07\x00\x00\x00\x0a\
T_Timeline\x01\x03\x00\x00\x00\x04\
y\x81u(\x08\x00\x00\x00\x00\x06\x00\x00\x00\x08Di\
sabled\x07\x00\x00\x00\x0eT_Tog\
gleSwitch\x01\x03\x00\x00\x00\x02]\
\xe6\x08\x00\x00\x00\x00\x06\x00\x00\x00\x04Left\x07\
\x00\x00\x00\x0eT_ToggleSwit\
ch\x01\x03\x00\x00\x00\x02S\xf3\x08\x00\x00\x00\x00\x06\
\x00\x00\x00\x05Right\x07\x00\x00\x00\x0eT_\
ToggleSwitch\x01\x03\x00\x00\
\x00\x08R\x07cb_\x00Qs\x08\x00\x00\x00\x00\x06\
\x00\x00\x00\x0cToggleSwitch\
\x07\x00\x00\x00\x0eT_ToggleSwi\
tch\x01\x03\x00\x00\x00\x08[\x9aR6]\xe5Q\
w\x08\x00\x00\x00\x00\x06\x00\x00\x00\x0cCusto\
m Tools\x07\x00\x00\x00\x06T_To\
ol\x01\x03\x00\x00\x00r\x8b\xf7[\x89\x88\xc5\x00 \
\x00G\x00o\x00o\x00g\x00l\x00e\x00 \x00C\
\x00h\x00r\x00o\x00m\x00e\x00 b\x16\x00 \
\x00M\x00i\x00c\x00r\x00o\x00s\x00o\x00f\
\x00t\x00 \x00E\x00d\x00g\x00e\x00 N\xe5\
O\x7fu(\x00 \x00R\x00e\x00d\x00m\x00i\
\x00n\x00e0\x02f\x82N\x0de/c\x01Qv\
N\xd6mO\x89\xc8Vh0\x02\x08\x00\x00\x00\x00\x06\
\x00\x00\x00]Install Goog\
le Chrome or Mic\
rosoft Edge to u\
se Redmine. Othe\
r browsers are n\
ot supported yet\
.\x07\x00\x00\x00\x06T_Tool\x01\x03\x00\x00\
\x00\x04xn[\x9a\x08\x00\x00\x00\x00\x06\x00\x00\x00\x02\
OK\x07\x00\x00\x00\x06T_Tool\x01\x03\x00\
\x00\x00\x08\x90\x09b\xe9]\xe5Qw\x08\x00\x00\x00\x00\
\x06\x00\x00\x00\x0dSelect a to\
ol\x07\x00\x00\x00\x06T_Tool\x01\x03\x00\
\x00\x00\x12\x97\x00\x89\x81S\xd7e/c\x01v\x84m\
O\x89\xc8Vh\x08\x00\x00\x00\x00\x06\x00\x00\x00\x1aS\
upported browser\
 required\x07\x00\x00\x00\x06T_\
Tool\x01\x03\x00\x00\x00$kdS:W\xdf\
\x98\x84uY~\xd9b@\x90\x09]\xe5Qw\xff\x0c\
f\x82N\x0de/c\x01bg\x88L0\x02\x08\x00\
\x00\x00\x00\x06\x00\x00\x00LThis are\
a is reserved fo\
r the selected t\
ool. Execution i\
s not available \
yet.\x07\x00\x00\x00\x06T_Tool\x01\
\x03\x00\x00\x00\x04]\xe5Qw\x08\x00\x00\x00\x00\x06\x00\
\x00\x00\x04Tool\x07\x00\x00\x00\x06T_To\
ol\x01\x03\x00\x00\x00(~\xd9N\x00N*\x00B\
\x00u\x00t\x00t\x00o\x00nm\xfbR\xa0\x00T\
\x00o\x00o\x00l\x00t\x00i\x00peHg\x9c\
\x08\x00\x00\x00\x00\x06\x00\x00\x00 Add a \
Tooltip pop-up t\
o a Button\x07\x00\x00\x00\x09T\
_Tooltip\x01\x03\x00\x00\x00\x08p\xb9\
Q\xfbc\x09\x94\xae\x08\x00\x00\x00\x00\x06\x00\x00\x00\x0c\
Click Button\x07\x00\x00\x00\
\x09T_Tooltip\x01\x03\x00\x00\x00\x0c\
p\xb9Q\xfbV\xfeh\x07c\x09\x94\xae\x08\x00\x00\x00\
\x00\x06\x00\x00\x00\x10Click Icon\
Button\x07\x00\x00\x00\x09T_Too\
ltip\x01\x03\x00\x00\x00\x04R \x96d\x08\x00\
\x00\x00\x00\x06\x00\x00\x00\x06Delete\x07\x00\
\x00\x00\x09T_Tooltip\x01\x03\x00\x00\
\x00 \x9f h\x07`\xacP\x5cN\x0dR\xa8\xff\x0c\
_9Q\xfa\x00T\x00o\x00o\x00l\x00t\x00i\
\x00p\x08\x00\x00\x00\x00\x06\x00\x00\x00 Hove\
r over Tultip an\
d it pops up\x07\x00\x00\x00\
\x09T_Tooltip\x01\x03\x00\x00\x00>\
\x00F\x00l\x00u\x00I\x00c\x00o\x00n\x00B\
\x00u\x00t\x00t\x00o\x00nv\x84\x00t\x00e\
\x00x\x00t\x5c^`'\x81\xea^&\x00T\x00o\
\x00o\x00l\x00t\x00i\x00peHg\x9c\x08\x00\
\x00\x00\x00\x06\x00\x00\x00MText pro\
perties of FluIc\
onButton support\
 the Tooltip pop\
-up window by de\
fault\x07\x00\x00\x00\x09T_Tool\
tip\x01\x03\x00\x00\x00\x08]\xe5Qwc\xd0y\
:\x08\x00\x00\x00\x00\x06\x00\x00\x00\x07Toolt\
ip\x07\x00\x00\x00\x09T_Tooltip\
\x01\x03\x00\x00\x00\x08_\x00Y\xcbn8\x89\xc8\x08\x00\
\x00\x00\x00\x06\x00\x00\x00\x0aBegin To\
ur\x07\x00\x00\x00\x06T_Tour\x01\x03\x00\
\x00\x00\x10p\xb9Q\xfbg\xe5w\x0bQvN\xd6d\
\xcdO\x5c\x08\x00\x00\x00\x00\x06\x00\x00\x00\x1bCli\
ck to see other \
actions.\x07\x00\x00\x00\x06T_T\
our\x01\x03\x00\x00\x00\x04f\xf4Y\x1a\x08\x00\x00\
\x00\x00\x06\x00\x00\x00\x04More\x07\x00\x00\x00\x06\
T_Tour\x01\x03\x00\x00\x00\x08QvN\xd6\
d\xcdO\x5c\x08\x00\x00\x00\x00\x06\x00\x00\x00\x0dOt\
her Actions\x07\x00\x00\x00\x06\
T_Tour\x01\x03\x00\x00\x00\x12b\x8aO`\
v\x84e\x87N\xf6e>W(\x8f\xd9\x91\xcc\x08\x00\
\x00\x00\x00\x06\x00\x00\x00\x14Put your\
 files here.\x07\x00\x00\x00\
\x06T_Tour\x01\x03\x00\x00\x00\x04O\xdd[\
X\x08\x00\x00\x00\x00\x06\x00\x00\x00\x04Save\x07\
\x00\x00\x00\x06T_Tour\x01\x03\x00\x00\x00\x08\
O\xdd[Xf\xf4e9\x08\x00\x00\x00\x00\x06\x00\x00\
\x00\x12Save your chan\
ges.\x07\x00\x00\x00\x06T_Tour\x01\
\x03\x00\x00\x00\x04n8\x89\xc8\x08\x00\x00\x00\x00\x06\x00\
\x00\x00\x04Tour\x07\x00\x00\x00\x06T_To\
ur\x01\x03\x00\x00\x00\x04N\x0aO \x08\x00\x00\x00\
\x00\x06\x00\x00\x00\x06Upload\x07\x00\x00\x00\
\x06T_Tour\x01\x03\x00\x00\x00\x08N\x0aO\
 e\x87N\xf6\x08\x00\x00\x00\x00\x06\x00\x00\x00\x0bU\
pload File\x07\x00\x00\x00\x06T\
_Tour\x01\x03\x00\x00\x00\x04W0W@\x08\
\x00\x00\x00\x00\x06\x00\x00\x00\x07Address\
\x07\x00\x00\x00\x0aT_TreeView\x01\
\x03\x00\x00\x00\x04Y4P\xcf\x08\x00\x00\x00\x00\x06\x00\
\x00\x00\x06Avatar\x07\x00\x00\x00\x0aT_\
TreeView\x01\x03\x00\x00\x00\x04T\x0d\
y\xf0\x08\x00\x00\x00\x00\x06\x00\x00\x00\x04Name\
\x07\x00\x00\x00\x0aT_TreeView\x01\
\x03\x00\x00\x00\x04h\x07\x98\x98\x08\x00\x00\x00\x00\x06\x00\
\x00\x00\x05Title\x07\x00\x00\x00\x0aT_T\
reeView\x01\x03\x00\x00\x00\x02h\x11\x08\
\x00\x00\x00\x00\x06\x00\x00\x00\x08TreeVie\
w\x07\x00\x00\x00\x0aT_TreeView\
\x01\x03\x00\x00\x00\x04[WOS\x08\x00\x00\x00\x00\x06\
\x00\x00\x00\x0aTypography\x07\x00\
\x00\x00\x0cT_Typography\x01\
\x03\x00\x00\x00\x04l4Sp\x08\x00\x00\x00\x00\x06\x00\
\x00\x00\x09Watermark\x07\x00\x00\x00\
\x0bT_Watermark\x01\x03\x00\x00\
\x00.kcW(h\xc0g\xe5\x00 \x00A\x00n\
\x00d\x00r\x00o\x00i\x00d\x00 \x00C\x00l\
\x00i\x00e\x00n\x00t\x00 [\x89\x88\xc5S\x05\
\x08\x00\x00\x00\x00\x06\x00\x00\x00\x1fChecki\
ng Android Clien\
t package\x07\x00\x00\x00\x0eTe\
stPageBridge\x01\x03\x00\x00\
\x00\x10kcW(h\xc0g\xe5[\x89\x88\xc5r\xb6\
`\x01\x08\x00\x00\x00\x00\x06\x00\x00\x00\x1cChec\
king installatio\
n status\x07\x00\x00\x00\x0eTes\
tPageBridge\x01\x03\x00\x00\x00\
\x12\x00D\x00U\x00T\x00 R7e\xb0]\xf2[\
\x8cb\x10\x08\x00\x00\x00\x00\x06\x00\x00\x00\x15DUT\
 refresh complet\
ed\x07\x00\x00\x00\x0eTestPageB\
ridge\x01\x03\x00\x00\x00&kcW([\
\x89\x88\xc5\x00 \x00A\x00n\x00d\x00r\x00o\x00\
i\x00d\x00 \x00C\x00l\x00i\x00e\x00n\x00\
t\x08\x00\x00\x00\x00\x06\x00\x00\x00\x19Insta\
lling Android Cl\
ient\x07\x00\x00\x00\x0eTestPag\
eBridge\x01\x03\x00\x00\x00&kcW\
(\x90\xe8\x7fr\x00 \x00A\x00n\x00d\x00r\x00\
o\x00i\x00d\x00 \x00C\x00l\x00i\x00e\x00\
n\x00t\x08\x00\x00\x00\x00\x06\x00\x00\x00\x1bPro\
visioning Androi\
d Client\x07\x00\x00\x00\x0eTes\
tPageBridge\x01\x03\x00\x00\x00\
,kcW(c\xa8\x90\x01\x00 \x00A\x00n\x00\
d\x00r\x00o\x00i\x00d\x00 \x00C\x00l\x00\
i\x00e\x00n\x00t\x00 e\x87N\xf6\x08\x00\x00\
\x00\x00\x06\x00\x00\x00\x1cPushing A\
ndroid Client fi\
les\x07\x00\x00\x00\x0eTestPage\
Bridge\x01\x03\x00\x00\x00\x10kcW(\
\x91\xcdT/\x00 \x00D\x00U\x00T\x08\x00\x00\x00\
\x00\x06\x00\x00\x00\x0dRebooting \
DUT\x07\x00\x00\x00\x0eTestPage\
Bridge\x01\x03\x00\x00\x00\x14kcW(\
\x91\xcde\xb0c\x02\x8f}|\xfb~\xdfR\x06S:\
\x08\x00\x00\x00\x00\x06\x00\x00\x00\x1cRemoun\
ting system part\
itions\x07\x00\x00\x00\x0eTestP\
ageBridge\x01\x03\x00\x00\x00\x1ak\
cW(\x8b\xf7lB\x00 \x00A\x00D\x00B\x00\
 \x00r\x00o\x00o\x00t\x08\x00\x00\x00\x00\x06\x00\
\x00\x00\x13Requesting AD\
B root\x07\x00\x00\x00\x0eTestP\
ageBridge\x01\x03\x00\x00\x00\x16k\
cW(bkc\xcf\x00 \x00A\x00D\x00B\x00\
 \x8b\xbeY\x07\x08\x00\x00\x00\x00\x06\x00\x00\x00\x14S\
canning ADB devi\
ces\x07\x00\x00\x00\x0eTestPage\
Bridge\x01\x03\x00\x00\x00&kcW(\
\x9a\x8c\x8b\xc1\x00 \x00A\x00n\x00d\x00r\x00o\
\x00i\x00d\x00 \x00C\x00l\x00i\x00e\x00n\
\x00t\x08\x00\x00\x00\x00\x06\x00\x00\x00\x18Veri\
fying Android Cl\
ient\x07\x00\x00\x00\x0eTestPag\
eBridge\x01\x03\x00\x00\x00\x16kcW\
({I_\x85\x00 \x00D\x00U\x00T\x00 N\
\x0a~\xbf\x08\x00\x00\x00\x00\x06\x00\x00\x00\x1eWai\
ting for DUT to \
come online\x07\x00\x00\x00\x0e\
TestPageBridge\x01\x03\
\x00\x00\x002\x8f\x93Qe_\xc5\x98{Q\xfas\xb0\
W(\x00 \x00U\x00S\x00B\x00 WW\x8b\xbe\
Y\x07T\x8cc\x02\x8f}\x8b\xc1cnN-v\x84\
e\x87g,0\x02\x08\x00\x00\x00\x00\x06\x00\x00\x007\
test.param.iptv_\
middle_screen_00\
4.usb_match.desc\
ription\x07\x00\x00\x00\x0eTest\
PageBridge\x01\x03\x00\x00\x00\x14\
\x00U\x00S\x00B\x00 \x8b\xbeY\x07S9\x91M\
gaN\xf6\x08\x00\x00\x00\x00\x06\x00\x00\x001te\
st.param.iptv_mi\
ddle_screen_004.\
usb_match.label\x07\
\x00\x00\x00\x0eTestPageBrid\
ge\x01\x03\x00\x00\x00FS\xef\x90\x09\xff\x1a\x8f\x93\
Qe\x8f\xd4V\xde\x00 \x00H\x00D\x00M\x00I\
\x00 \x8f\xdec\xa5T\x8cg\x09eH\x8f\x93Q\xfa\
j!_\x0f\x8b\xc1cnv\x84\x00 \x00s\x00h\
\x00e\x00l\x00l\x00 T}N\xe40\x02\x08\x00\
\x00\x00\x00\x06\x00\x00\x00@test.par\
am.iptv_middle_s\
creen_005.hdmi_s\
tate_command.des\
cription\x07\x00\x00\x00\x0eTes\
tPageBridge\x01\x03\x00\x00\x00\
\x12\x00H\x00D\x00M\x00I\x00 r\xb6`\x01T\
}N\xe4\x08\x00\x00\x00\x00\x06\x00\x00\x00:tes\
t.param.iptv_mid\
dle_screen_005.h\
dmi_state_comman\
d.label\x07\x00\x00\x00\x0eTest\
PageBridge\x01\x03\x00\x00\x00$\
\x8f\x93Qeg,u(O\x8b\x89\x81lBv\x84\
N\xe5Y*\x7fQ[\x9e\x96ESOUF\x90\x1f\
s\x870\x02\x08\x00\x00\x00\x00\x06\x00\x00\x00Ate\
st.param.iptv_mi\
ddle_screen_010.\
expected_speed_m\
bps.description\x07\
\x00\x00\x00\x0eTestPageBrid\
ge\x01\x03\x00\x00\x00\x18\x98\x84g\x1f\x94\xfe\x8d\xef\
\x90\x1fs\x87\xff\x08\x00M\x00b\x00p\x00s\xff\x09\
\x08\x00\x00\x00\x00\x06\x00\x00\x00;test.p\
aram.iptv_middle\
_screen_010.expe\
cted_speed_mbps.\
label\x07\x00\x00\x00\x0eTestPa\
geBridge\x01\x03\x00\x00\x00(\x8f\x93\
Qeg,u(O\x8bO\x7fu(v\x84\x00 \
\x00D\x00U\x00T\x00 \x7fQ~\xdcc\xa5S\xe3\
T\x0dy\xf00\x02\x08\x00\x00\x00\x00\x06\x00\x00\x007\
test.param.iptv_\
middle_screen_01\
0.interface.desc\
ription\x07\x00\x00\x00\x0eTest\
PageBridge\x01\x03\x00\x00\x00\x08\
\x7fQ~\xdcc\xa5S\xe3\x08\x00\x00\x00\x00\x06\x00\x00\
\x001test.param.ipt\
v_middle_screen_\
010.interface.la\
bel\x07\x00\x00\x00\x0eTestPage\
Bridge\x01\x03\x00\x00\x00,\x90\x09b\xe9\
\x97\x00\x89\x81\x90\x10N\x00\x8b\xbe\x7fn^v\x9a\x8c\
\x8b\xc1v\x84Qh\x90\xe8\x00 \x00C\x00P\x00U\
\x00 \x98\x91p\xb90\x02\x08\x00\x00\x00\x00\x06\x00\x00\
\x009test.param.ipt\
v_middle_screen_\
018.frequencies.\
description\x07\x00\x00\x00\x0e\
TestPageBridge\x01\x03\
\x00\x00\x00\x0c\x00C\x00P\x00U\x00 \x98\x91p\xb9\
\x08\x00\x00\x00\x00\x06\x00\x00\x003test.p\
aram.iptv_middle\
_screen_018.freq\
uencies.label\x07\x00\x00\
\x00\x0eTestPageBridge\
\x01\x03\x00\x00\x00.\x8f\x93Qe\x91M\x7fnv\x84\
\x00 \x002\x00.\x004\x00 \x00G\x00H\x00z\
\x00 mK\x8b\xd5\x7fQ~\xdcf\x0ee\x87[\xc6\
x\x010\x02\x08\x00\x00\x00\x00\x06\x00\x00\x00>te\
st.param.iptv_mi\
ddle_screen_021.\
wifi_2g_password\
.description\x07\x00\x00\x00\
\x0eTestPageBridge\x01\
\x03\x00\x00\x00 \x002\x00.\x004\x00 \x00G\x00\
H\x00z\x00 \x00W\x00i\x00-\x00F\x00i\x00\
 [\xc6x\x01\x08\x00\x00\x00\x00\x06\x00\x00\x008t\
est.param.iptv_m\
iddle_screen_021\
.wifi_2g_passwor\
d.label\x07\x00\x00\x00\x0eTest\
PageBridge\x01\x03\x00\x00\x00*\
\x8f\x93Qe_\xc5Xkv\x84\x00 \x002\x00.\
\x004\x00 \x00G\x00H\x00z\x00 mK\x8b\xd5\
\x7fQ~\xdcT\x0dy\xf00\x02\x08\x00\x00\x00\x00\x06\
\x00\x00\x00:test.param.i\
ptv_middle_scree\
n_021.wifi_2g_ss\
id.description\x07\x00\
\x00\x00\x0eTestPageBridg\
e\x01\x03\x00\x00\x00$\x002\x00.\x004\x00 \x00\
G\x00H\x00z\x00 \x00W\x00i\x00-\x00F\x00\
i\x00 \x00S\x00S\x00I\x00D\x08\x00\x00\x00\x00\
\x06\x00\x00\x004test.param.\
iptv_middle_scre\
en_021.wifi_2g_s\
sid.label\x07\x00\x00\x00\x0eTe\
stPageBridge\x01\x03\x00\x00\
\x00*\x8f\x93Qe\x91M\x7fnv\x84\x00 \x005\
\x00 \x00G\x00H\x00z\x00 mK\x8b\xd5\x7fQ\
~\xdcf\x0ee\x87[\xc6x\x010\x02\x08\x00\x00\x00\
\x00\x06\x00\x00\x00>test.param\
.iptv_middle_scr\
een_021.wifi_5g_\
password.descrip\
tion\x07\x00\x00\x00\x0eTestPag\
eBridge\x01\x03\x00\x00\x00\x1c\x005\x00\
 \x00G\x00H\x00z\x00 \x00W\x00i\x00-\x00\
F\x00i\x00 [\xc6x\x01\x08\x00\x00\x00\x00\x06\x00\
\x00\x008test.param.ip\
tv_middle_screen\
_021.wifi_5g_pas\
sword.label\x07\x00\x00\x00\x0e\
TestPageBridge\x01\x03\
\x00\x00\x00&\x8f\x93Qe_\xc5Xkv\x84\x00 \
\x005\x00 \x00G\x00H\x00z\x00 mK\x8b\xd5\
\x7fQ~\xdcT\x0dy\xf00\x02\x08\x00\x00\x00\x00\x06\
\x00\x00\x00:test.param.i\
ptv_middle_scree\
n_021.wifi_5g_ss\
id.description\x07\x00\
\x00\x00\x0eTestPageBridg\
e\x01\x03\x00\x00\x00 \x005\x00 \x00G\x00H\x00\
z\x00 \x00W\x00i\x00-\x00F\x00i\x00 \x00\
S\x00S\x00I\x00D\x08\x00\x00\x00\x00\x06\x00\x00\x00\
4test.param.iptv\
_middle_screen_0\
21.wifi_5g_ssid.\
label\x07\x00\x00\x00\x0eTestPa\
geBridge\x01\x03\x00\x00\x00(\x8f\x93\
Qeg,u(O\x8bO\x7fu(v\x84\x00 \
\x00D\x00U\x00T\x00 \x7fQ~\xdcc\xa5S\xe3\
T\x0dy\xf00\x02\x08\x00\x00\x00\x00\x06\x00\x00\x007\
test.param.iptv_\
middle_screen_04\
9.interface.desc\
ription\x07\x00\x00\x00\x0eTest\
PageBridge\x01\x03\x00\x00\x00\x08\
\x7fQ~\xdcc\xa5S\xe3\x08\x00\x00\x00\x00\x06\x00\x00\
\x001test.param.ipt\
v_middle_screen_\
049.interface.la\
bel\x07\x00\x00\x00\x0eTestPage\
Bridge\x01\x03\x00\x00\x00.\x8f\x93Qe\
S\xef\x90\x1a\x8f\xc7b@\x90\x09c\xa5S\xe3O\x7f\
u(\x00 \x00I\x00P\x00v\x004\x00 \x8b\xbf\
\x95\xeev\x84N;g:0\x02\x08\x00\x00\x00\x00\x06\
\x00\x00\x00>test.param.i\
ptv_middle_scree\
n_049.ipv4_ping_\
target.descripti\
on\x07\x00\x00\x00\x0eTestPageB\
ridge\x01\x03\x00\x00\x00\x12\x00I\x00P\x00\
v\x004\x00 c\xa2mKv\xeeh\x07\x08\x00\x00\
\x00\x00\x06\x00\x00\x008test.para\
m.iptv_middle_sc\
reen_049.ipv4_pi\
ng_target.label\x07\
\x00\x00\x00\x0eTestPageBrid\
ge\x01\x03\x00\x00\x00.\x8f\x93QeS\xef\x90\x1a\
\x8f\xc7b@\x90\x09c\xa5S\xe3O\x7fu(\x00 \
\x00I\x00P\x00v\x006\x00 \x8b\xbf\x95\xeev\x84\
N;g:0\x02\x08\x00\x00\x00\x00\x06\x00\x00\x00>\
test.param.iptv_\
middle_screen_04\
9.ipv6_ping_targ\
et.description\x07\x00\
\x00\x00\x0eTestPageBridg\
e\x01\x03\x00\x00\x00\x12\x00I\x00P\x00v\x006\x00\
 c\xa2mKv\xeeh\x07\x08\x00\x00\x00\x00\x06\x00\
\x00\x008test.param.ip\
tv_middle_screen\
_049.ipv6_ping_t\
arget.label\x07\x00\x00\x00\x0e\
TestPageBridge\x01\x03\
\x00\x00\x00(\x8f\x93Qeg,u(O\x8bO\x7f\
u(v\x84\x00 \x00D\x00U\x00T\x00 \x7fQ\
~\xdcc\xa5S\xe3T\x0dy\xf00\x02\x08\x00\x00\x00\
\x00\x06\x00\x00\x007test.param\
.iptv_middle_scr\
een_052.interfac\
e.description\x07\x00\x00\
\x00\x0eTestPageBridge\
\x01\x03\x00\x00\x00\x08\x7fQ~\xdcc\xa5S\xe3\x08\x00\
\x00\x00\x00\x06\x00\x00\x001test.par\
am.iptv_middle_s\
creen_052.interf\
ace.label\x07\x00\x00\x00\x0eTe\
stPageBridge\x01\x03\x00\x00\
\x00.\x8f\x93QeS\xef\x90\x1a\x8f\xc7b@\x90\x09\
c\xa5S\xe3O\x7fu(\x00 \x00I\x00P\x00v\
\x004\x00 \x8b\xbf\x95\xeev\x84N;g:0\x02\
\x08\x00\x00\x00\x00\x06\x00\x00\x00>test.p\
aram.iptv_middle\
_screen_052.ipv4\
_ping_target.des\
cription\x07\x00\x00\x00\x0eTes\
tPageBridge\x01\x03\x00\x00\x00\
\x12\x00I\x00P\x00v\x004\x00 c\xa2mKv\
\xeeh\x07\x08\x00\x00\x00\x00\x06\x00\x00\x008tes\
t.param.iptv_mid\
dle_screen_052.i\
pv4_ping_target.\
label\x07\x00\x00\x00\x0eTestPa\
geBridge\x01\x03\x00\x00\x00(\x8f\x93\
Qeg,u(O\x8bO\x7fu(v\x84\x00 \
\x00D\x00U\x00T\x00 \x7fQ~\xdcc\xa5S\xe3\
T\x0dy\xf00\x02\x08\x00\x00\x00\x00\x06\x00\x00\x007\
test.param.iptv_\
middle_screen_05\
3.interface.desc\
ription\x07\x00\x00\x00\x0eTest\
PageBridge\x01\x03\x00\x00\x00\x08\
\x7fQ~\xdcc\xa5S\xe3\x08\x00\x00\x00\x00\x06\x00\x00\
\x001test.param.ipt\
v_middle_screen_\
053.interface.la\
bel\x07\x00\x00\x00\x0eTestPage\
Bridge\x01\x03\x00\x00\x00.\x8f\x93Qe\
S\xef\x90\x1a\x8f\xc7b@\x90\x09c\xa5S\xe3O\x7f\
u(\x00 \x00I\x00P\x00v\x006\x00 \x8b\xbf\
\x95\xeev\x84N;g:0\x02\x08\x00\x00\x00\x00\x06\
\x00\x00\x00>test.param.i\
ptv_middle_scree\
n_053.ipv6_ping_\
target.descripti\
on\x07\x00\x00\x00\x0eTestPageB\
ridge\x01\x03\x00\x00\x00\x12\x00I\x00P\x00\
v\x006\x00 c\xa2mKv\xeeh\x07\x08\x00\x00\
\x00\x00\x06\x00\x00\x008test.para\
m.iptv_middle_sc\
reen_053.ipv6_pi\
ng_target.label\x07\
\x00\x00\x00\x0eTestPageBrid\
ge\x01\x03\x00\x00\x00(\x8f\x93Qeg,u(\
O\x8bO\x7fu(v\x84\x00 \x00D\x00U\x00T\
\x00 \x7fQ~\xdcc\xa5S\xe3T\x0dy\xf00\x02\
\x08\x00\x00\x00\x00\x06\x00\x00\x007test.p\
aram.iptv_middle\
_screen_054.inte\
rface.descriptio\
n\x07\x00\x00\x00\x0eTestPageBr\
idge\x01\x03\x00\x00\x00\x08\x7fQ~\xdcc\xa5\
S\xe3\x08\x00\x00\x00\x00\x06\x00\x00\x001test\
.param.iptv_midd\
le_screen_054.in\
terface.label\x07\x00\x00\
\x00\x0eTestPageBridge\
\x01\x03\x00\x00\x00.\x8f\x93QeS\xef\x90\x1a\x8f\xc7\
b@\x90\x09c\xa5S\xe3O\x7fu(\x00 \x00I\
\x00P\x00v\x004\x00 \x8b\xbf\x95\xeev\x84N;\
g:0\x02\x08\x00\x00\x00\x00\x06\x00\x00\x00>te\
st.param.iptv_mi\
ddle_screen_054.\
ipv4_ping_target\
.description\x07\x00\x00\x00\
\x0eTestPageBridge\x01\
\x03\x00\x00\x00\x12\x00I\x00P\x00v\x004\x00 c\
\xa2mKv\xeeh\x07\x08\x00\x00\x00\x00\x06\x00\x00\x00\
8test.param.iptv\
_middle_screen_0\
54.ipv4_ping_tar\
get.label\x07\x00\x00\x00\x0eTe\
stPageBridge\x01\x03\x00\x00\
\x00(\x8f\x93Qeg,u(O\x8bO\x7fu(\
v\x84\x00 \x00D\x00U\x00T\x00 \x7fQ~\xdc\
c\xa5S\xe3T\x0dy\xf00\x02\x08\x00\x00\x00\x00\x06\
\x00\x00\x007test.param.i\
ptv_middle_scree\
n_055.interface.\
description\x07\x00\x00\x00\x0e\
TestPageBridge\x01\x03\
\x00\x00\x00\x08\x7fQ~\xdcc\xa5S\xe3\x08\x00\x00\x00\
\x00\x06\x00\x00\x001test.param\
.iptv_middle_scr\
een_055.interfac\
e.label\x07\x00\x00\x00\x0eTest\
PageBridge\x01\x03\x00\x00\x00.\
\x8f\x93QeS\xef\x90\x1a\x8f\xc7b@\x90\x09c\xa5\
S\xe3O\x7fu(\x00 \x00I\x00P\x00v\x006\
\x00 \x8b\xbf\x95\xeev\x84N;g:0\x02\x08\x00\
\x00\x00\x00\x06\x00\x00\x00>test.par\
am.iptv_middle_s\
creen_055.ipv6_p\
ing_target.descr\
iption\x07\x00\x00\x00\x0eTestP\
ageBridge\x01\x03\x00\x00\x00\x12\x00\
I\x00P\x00v\x006\x00 c\xa2mKv\xeeh\
\x07\x08\x00\x00\x00\x00\x06\x00\x00\x008test.\
param.iptv_middl\
e_screen_055.ipv\
6_ping_target.la\
bel\x07\x00\x00\x00\x0eTestPage\
Bridge\x01\x03\x00\x00\x00$\x90\x09b\xe9\
g,u(O\x8b\x97\x00\x89\x81v\x84\x00 \x00D\
\x00U\x00T\x00 Z\x92OSe\x87N\xf60\x02\
\x08\x00\x00\x00\x00\x06\x00\x00\x009test.p\
aram.iptv_middle\
_screen_057.medi\
a_files.descript\
ion\x07\x00\x00\x00\x0eTestPage\
Bridge\x01\x03\x00\x00\x00\x08Z\x92OS\
e\x87N\xf6\x08\x00\x00\x00\x00\x06\x00\x00\x003te\
st.param.iptv_mi\
ddle_screen_057.\
media_files.labe\
l\x07\x00\x00\x00\x0eTestPageBr\
idge\x01\x03\x00\x00\x000\x8f\x93Qe{I\
_\x85d\xade>Vh\x8f\xdbQe\x00 \x00P\
\x00L\x00A\x00Y\x00I\x00N\x00G\x00 v\x84\
g\x00\x95\x7fe\xf6\x95\xf40\x02\x08\x00\x00\x00\x00\x06\
\x00\x00\x00@test.param.i\
ptv_middle_scree\
n_057.playback_t\
imeout_s.descrip\
tion\x07\x00\x00\x00\x0eTestPag\
eBridge\x01\x03\x00\x00\x00\x12d\xade\
>T/R\xa8\x8d\x85e\xf6\xff\x08y\xd2\xff\x09\x08\
\x00\x00\x00\x00\x06\x00\x00\x00:test.pa\
ram.iptv_middle_\
screen_057.playb\
ack_timeout_s.la\
bel\x07\x00\x00\x00\x0eTestPage\
Bridge\x01\x03\x00\x00\x00$\x90\x09b\xe9\
g,u(O\x8b\x97\x00\x89\x81v\x84\x00 \x00D\
\x00U\x00T\x00 Z\x92OSe\x87N\xf60\x02\
\x08\x00\x00\x00\x00\x06\x00\x00\x009test.p\
aram.iptv_middle\
_screen_058.medi\
a_files.descript\
ion\x07\x00\x00\x00\x0eTestPage\
Bridge\x01\x03\x00\x00\x00\x08Z\x92OS\
e\x87N\xf6\x08\x00\x00\x00\x00\x06\x00\x00\x003te\
st.param.iptv_mi\
ddle_screen_058.\
media_files.labe\
l\x07\x00\x00\x00\x0eTestPageBr\
idge\x01\x03\x00\x00\x000\x8f\x93Qe{I\
_\x85d\xade>Vh\x8f\xdbQe\x00 \x00P\
\x00L\x00A\x00Y\x00I\x00N\x00G\x00 v\x84\
g\x00\x95\x7fe\xf6\x95\xf40\x02\x08\x00\x00\x00\x00\x06\
\x00\x00\x00@test.param.i\
ptv_middle_scree\
n_058.playback_t\
imeout_s.descrip\
tion\x07\x00\x00\x00\x0eTestPag\
eBridge\x01\x03\x00\x00\x00\x12d\xade\
>T/R\xa8\x8d\x85e\xf6\xff\x08y\xd2\xff\x09\x08\
\x00\x00\x00\x00\x06\x00\x00\x00:test.pa\
ram.iptv_middle_\
screen_058.playb\
ack_timeout_s.la\
bel\x07\x00\x00\x00\x0eTestPage\
Bridge\x01\x03\x00\x00\x00$\x90\x09b\xe9\
g,u(O\x8b\x97\x00\x89\x81v\x84\x00 \x00D\
\x00U\x00T\x00 Z\x92OSe\x87N\xf60\x02\
\x08\x00\x00\x00\x00\x06\x00\x00\x009test.p\
aram.iptv_middle\
_screen_059.medi\
a_files.descript\
ion\x07\x00\x00\x00\x0eTestPage\
Bridge\x01\x03\x00\x00\x00\x08Z\x92OS\
e\x87N\xf6\x08\x00\x00\x00\x00\x06\x00\x00\x003te\
st.param.iptv_mi\
ddle_screen_059.\
media_files.labe\
l\x07\x00\x00\x00\x0eTestPageBr\
idge\x01\x03\x00\x00\x000\x8f\x93Qe{I\
_\x85d\xade>Vh\x8f\xdbQe\x00 \x00P\
\x00L\x00A\x00Y\x00I\x00N\x00G\x00 v\x84\
g\x00\x95\x7fe\xf6\x95\xf40\x02\x08\x00\x00\x00\x00\x06\
\x00\x00\x00@test.param.i\
ptv_middle_scree\
n_059.playback_t\
imeout_s.descrip\
tion\x07\x00\x00\x00\x0eTestPag\
eBridge\x01\x03\x00\x00\x00\x12d\xade\
>T/R\xa8\x8d\x85e\xf6\xff\x08y\xd2\xff\x09\x08\
\x00\x00\x00\x00\x06\x00\x00\x00:test.pa\
ram.iptv_middle_\
screen_059.playb\
ack_timeout_s.la\
bel\x07\x00\x00\x00\x0eTestPage\
Bridge\x01\x03\x00\x00\x00>\x8f\x93Qe\
g,u(O\x8b\x97\x00\x89\x81v\x84d\xade>\
\x00 \x00U\x00R\x00L\xff\x1bN\xc5QA\x8b\xb8\
O\x7fu(]\xe5O\x5c|?\x9e\xd8\x8b\xa4n\x90\
e\xf6S\xefuYzz0\x02\x08\x00\x00\x00\x00\x06\
\x00\x00\x007test.param.i\
ptv_middle_scree\
n_060.media_url.\
description\x07\x00\x00\x00\x0e\
TestPageBridge\x01\x03\
\x00\x00\x00\x0cZ\x92OS\x00 \x00U\x00R\x00L\
\x08\x00\x00\x00\x00\x06\x00\x00\x001test.p\
aram.iptv_middle\
_screen_060.medi\
a_url.label\x07\x00\x00\x00\x0e\
TestPageBridge\x01\x03\
\x00\x00\x000\x8f\x93Qe{I_\x85d\xade>\
Vh\x8f\xdbQe\x00 \x00P\x00L\x00A\x00Y\
\x00I\x00N\x00G\x00 v\x84g\x00\x95\x7fe\xf6\
\x95\xf40\x02\x08\x00\x00\x00\x00\x06\x00\x00\x00@te\
st.param.iptv_mi\
ddle_screen_060.\
playback_timeout\
_s.description\x07\x00\
\x00\x00\x0eTestPageBridg\
e\x01\x03\x00\x00\x00\x12d\xade>T/R\xa8\x8d\
\x85e\xf6\xff\x08y\xd2\xff\x09\x08\x00\x00\x00\x00\x06\x00\
\x00\x00:test.param.ip\
tv_middle_screen\
_060.playback_ti\
meout_s.label\x07\x00\x00\
\x00\x0eTestPageBridge\
\x01\x03\x00\x00\x00>\x8f\x93Qeg,u(O\x8b\
\x97\x00\x89\x81v\x84d\xade>\x00 \x00U\x00R\
\x00L\xff\x1bN\xc5QA\x8b\xb8O\x7fu(]\xe5\
O\x5c|?\x9e\xd8\x8b\xa4n\x90e\xf6S\xefuY\
zz0\x02\x08\x00\x00\x00\x00\x06\x00\x00\x007te\
st.param.iptv_mi\
ddle_screen_061.\
media_url.descri\
ption\x07\x00\x00\x00\x0eTestPa\
geBridge\x01\x03\x00\x00\x00\x0cZ\x92\
OS\x00 \x00U\x00R\x00L\x08\x00\x00\x00\x00\x06\
\x00\x00\x001test.param.i\
ptv_middle_scree\
n_061.media_url.\
label\x07\x00\x00\x00\x0eTestPa\
geBridge\x01\x03\x00\x00\x000\x8f\x93\
Qe{I_\x85d\xade>Vh\x8f\xdbQe\
\x00 \x00P\x00L\x00A\x00Y\x00I\x00N\x00G\
\x00 v\x84g\x00\x95\x7fe\xf6\x95\xf40\x02\x08\x00\
\x00\x00\x00\x06\x00\x00\x00@test.par\
am.iptv_middle_s\
creen_061.playba\
ck_timeout_s.des\
cription\x07\x00\x00\x00\x0eTes\
tPageBridge\x01\x03\x00\x00\x00\
\x12d\xade>T/R\xa8\x8d\x85e\xf6\xff\x08y\
\xd2\xff\x09\x08\x00\x00\x00\x00\x06\x00\x00\x00:tes\
t.param.iptv_mid\
dle_screen_061.p\
layback_timeout_\
s.label\x07\x00\x00\x00\x0eTest\
PageBridge\x01\x03\x00\x00\x00>\
\x8f\x93Qeg,u(O\x8b\x97\x00\x89\x81v\x84\
d\xade>\x00 \x00U\x00R\x00L\xff\x1bN\xc5\
QA\x8b\xb8O\x7fu(]\xe5O\x5c|?\x9e\xd8\
\x8b\xa4n\x90e\xf6S\xefuYzz0\x02\x08\x00\
\x00\x00\x00\x06\x00\x00\x007test.par\
am.iptv_middle_s\
creen_062.media_\
url.description\x07\
\x00\x00\x00\x0eTestPageBrid\
ge\x01\x03\x00\x00\x00\x0cZ\x92OS\x00 \x00U\
\x00R\x00L\x08\x00\x00\x00\x00\x06\x00\x00\x001te\
st.param.iptv_mi\
ddle_screen_062.\
media_url.label\x07\
\x00\x00\x00\x0eTestPageBrid\
ge\x01\x03\x00\x00\x000\x8f\x93Qe{I_\x85\
d\xade>Vh\x8f\xdbQe\x00 \x00P\x00L\
\x00A\x00Y\x00I\x00N\x00G\x00 v\x84g\x00\
\x95\x7fe\xf6\x95\xf40\x02\x08\x00\x00\x00\x00\x06\x00\x00\
\x00@test.param.ipt\
v_middle_screen_\
062.playback_tim\
eout_s.descripti\
on\x07\x00\x00\x00\x0eTestPageB\
ridge\x01\x03\x00\x00\x00\x12d\xade>T\
/R\xa8\x8d\x85e\xf6\xff\x08y\xd2\xff\x09\x08\x00\x00\
\x00\x00\x06\x00\x00\x00:test.para\
m.iptv_middle_sc\
reen_062.playbac\
k_timeout_s.labe\
l\x07\x00\x00\x00\x0eTestPageBr\
idge\x01\x03\x00\x00\x00>\x8f\x93Qeg,\
u(O\x8b\x97\x00\x89\x81v\x84d\xade>\x00 \
\x00U\x00R\x00L\xff\x1bN\xc5QA\x8b\xb8O\x7f\
u(]\xe5O\x5c|?\x9e\xd8\x8b\xa4n\x90e\xf6\
S\xefuYzz0\x02\x08\x00\x00\x00\x00\x06\x00\x00\
\x007test.param.ipt\
v_middle_screen_\
063.media_url.de\
scription\x07\x00\x00\x00\x0eTe\
stPageBridge\x01\x03\x00\x00\
\x00\x0cZ\x92OS\x00 \x00U\x00R\x00L\x08\x00\
\x00\x00\x00\x06\x00\x00\x001test.par\
am.iptv_middle_s\
creen_063.media_\
url.label\x07\x00\x00\x00\x0eTe\
stPageBridge\x01\x03\x00\x00\
\x000\x8f\x93Qe{I_\x85d\xade>Vh\
\x8f\xdbQe\x00 \x00P\x00L\x00A\x00Y\x00I\
\x00N\x00G\x00 v\x84g\x00\x95\x7fe\xf6\x95\xf4\
0\x02\x08\x00\x00\x00\x00\x06\x00\x00\x00@test\
.param.iptv_midd\
le_screen_063.pl\
ayback_timeout_s\
.description\x07\x00\x00\x00\
\x0eTestPageBridge\x01\
\x03\x00\x00\x00\x12d\xade>T/R\xa8\x8d\x85e\
\xf6\xff\x08y\xd2\xff\x09\x08\x00\x00\x00\x00\x06\x00\x00\x00\
:test.param.iptv\
_middle_screen_0\
63.playback_time\
out_s.label\x07\x00\x00\x00\x0e\
TestPageBridge\x01\x03\
\x00\x00\x00>\x8f\x93Qeg,u(O\x8b\x97\x00\
\x89\x81v\x84d\xade>\x00 \x00U\x00R\x00L\
\xff\x1bN\xc5QA\x8b\xb8O\x7fu(]\xe5O\x5c\
|?\x9e\xd8\x8b\xa4n\x90e\xf6S\xefuYzz\
0\x02\x08\x00\x00\x00\x00\x06\x00\x00\x007test\
.param.iptv_midd\
le_screen_064.me\
dia_url.descript\
ion\x07\x00\x00\x00\x0eTestPage\
Bridge\x01\x03\x00\x00\x00\x0cZ\x92OS\
\x00 \x00U\x00R\x00L\x08\x00\x00\x00\x00\x06\x00\x00\
\x001test.param.ipt\
v_middle_screen_\
064.media_url.la\
bel\x07\x00\x00\x00\x0eTestPage\
Bridge\x01\x03\x00\x00\x000\x8f\x93Qe\
{I_\x85d\xade>Vh\x8f\xdbQe\x00 \
\x00P\x00L\x00A\x00Y\x00I\x00N\x00G\x00 \
v\x84g\x00\x95\x7fe\xf6\x95\xf40\x02\x08\x00\x00\x00\
\x00\x06\x00\x00\x00@test.param\
.iptv_middle_scr\
een_064.playback\
_timeout_s.descr\
iption\x07\x00\x00\x00\x0eTestP\
ageBridge\x01\x03\x00\x00\x00\x12d\
\xade>T/R\xa8\x8d\x85e\xf6\xff\x08y\xd2\xff\
\x09\x08\x00\x00\x00\x00\x06\x00\x00\x00:test.\
param.iptv_middl\
e_screen_064.pla\
yback_timeout_s.\
label\x07\x00\x00\x00\x0eTestPa\
geBridge\x01\x03\x00\x00\x00>\x8f\x93\
Qeg,u(O\x8b\x97\x00\x89\x81v\x84d\xad\
e>\x00 \x00U\x00R\x00L\xff\x1bN\xc5QA\
\x8b\xb8O\x7fu(]\xe5O\x5c|?\x9e\xd8\x8b\xa4\
n\x90e\xf6S\xefuYzz0\x02\x08\x00\x00\x00\
\x00\x06\x00\x00\x007test.param\
.iptv_middle_scr\
een_065.media_ur\
l.description\x07\x00\x00\
\x00\x0eTestPageBridge\
\x01\x03\x00\x00\x00\x0cZ\x92OS\x00 \x00U\x00R\
\x00L\x08\x00\x00\x00\x00\x06\x00\x00\x001test\
.param.iptv_midd\
le_screen_065.me\
dia_url.label\x07\x00\x00\
\x00\x0eTestPageBridge\
\x01\x03\x00\x00\x000\x8f\x93Qe{I_\x85d\xad\
e>Vh\x8f\xdbQe\x00 \x00P\x00L\x00A\
\x00Y\x00I\x00N\x00G\x00 v\x84g\x00\x95\x7f\
e\xf6\x95\xf40\x02\x08\x00\x00\x00\x00\x06\x00\x00\x00@\
test.param.iptv_\
middle_screen_06\
5.playback_timeo\
ut_s.description\
\x07\x00\x00\x00\x0eTestPageBri\
dge\x01\x03\x00\x00\x00\x12d\xade>T/R\
\xa8\x8d\x85e\xf6\xff\x08y\xd2\xff\x09\x08\x00\x00\x00\x00\
\x06\x00\x00\x00:test.param.\
iptv_middle_scre\
en_065.playback_\
timeout_s.label\x07\
\x00\x00\x00\x0eTestPageBrid\
ge\x01\x03\x00\x00\x00>\x8f\x93Qeg,u(\
O\x8b\x97\x00\x89\x81v\x84d\xade>\x00 \x00U\
\x00R\x00L\xff\x1bN\xc5QA\x8b\xb8O\x7fu(\
]\xe5O\x5c|?\x9e\xd8\x8b\xa4n\x90e\xf6S\xef\
uYzz0\x02\x08\x00\x00\x00\x00\x06\x00\x00\x007\
test.param.iptv_\
middle_screen_06\
6.media_url.desc\
ription\x07\x00\x00\x00\x0eTest\
PageBridge\x01\x03\x00\x00\x00\x0c\
Z\x92OS\x00 \x00U\x00R\x00L\x08\x00\x00\x00\
\x00\x06\x00\x00\x001test.param\
.iptv_middle_scr\
een_066.media_ur\
l.label\x07\x00\x00\x00\x0eTest\
PageBridge\x01\x03\x00\x00\x000\
\x8f\x93Qe{I_\x85d\xade>Vh\x8f\xdb\
Qe\x00 \x00P\x00L\x00A\x00Y\x00I\x00N\
\x00G\x00 v\x84g\x00\x95\x7fe\xf6\x95\xf40\x02\
\x08\x00\x00\x00\x00\x06\x00\x00\x00@test.p\
aram.iptv_middle\
_screen_066.play\
back_timeout_s.d\
escription\x07\x00\x00\x00\x0eT\
estPageBridge\x01\x03\x00\
\x00\x00\x12d\xade>T/R\xa8\x8d\x85e\xf6\xff\
\x08y\xd2\xff\x09\x08\x00\x00\x00\x00\x06\x00\x00\x00:t\
est.param.iptv_m\
iddle_screen_066\
.playback_timeou\
t_s.label\x07\x00\x00\x00\x0eTe\
stPageBridge\x01\x03\x00\x00\
\x00$\x90\x09b\xe9g,u(O\x8b\x97\x00\x89\x81\
v\x84\x00 \x00D\x00U\x00T\x00 Z\x92OS\
e\x87N\xf60\x02\x08\x00\x00\x00\x00\x06\x00\x00\x009\
test.param.iptv_\
middle_screen_06\
7.media_files.de\
scription\x07\x00\x00\x00\x0eTe\
stPageBridge\x01\x03\x00\x00\
\x00\x08Z\x92OSe\x87N\xf6\x08\x00\x00\x00\x00\x06\
\x00\x00\x003test.param.i\
ptv_middle_scree\
n_067.media_file\
s.label\x07\x00\x00\x00\x0eTest\
PageBridge\x01\x03\x00\x00\x00$\
\x90\x09b\xe9g,u(O\x8b\x97\x00\x89\x81v\x84\
\x00 \x00D\x00U\x00T\x00 Z\x92OSe\x87\
N\xf60\x02\x08\x00\x00\x00\x00\x06\x00\x00\x009te\
st.param.iptv_mi\
ddle_screen_068.\
media_files.desc\
ription\x07\x00\x00\x00\x0eTest\
PageBridge\x01\x03\x00\x00\x00\x08\
Z\x92OSe\x87N\xf6\x08\x00\x00\x00\x00\x06\x00\x00\
\x003test.param.ipt\
v_middle_screen_\
068.media_files.\
label\x07\x00\x00\x00\x0eTestPa\
geBridge\x01\x03\x00\x00\x000\x8f\x93\
Qe{I_\x85d\xade>Vh\x8f\xdbQe\
\x00 \x00P\x00L\x00A\x00Y\x00I\x00N\x00G\
\x00 v\x84g\x00\x95\x7fe\xf6\x95\xf40\x02\x08\x00\
\x00\x00\x00\x06\x00\x00\x00@test.par\
am.iptv_middle_s\
creen_068.playba\
ck_timeout_s.des\
cription\x07\x00\x00\x00\x0eTes\
tPageBridge\x01\x03\x00\x00\x00\
\x12d\xade>T/R\xa8\x8d\x85e\xf6\xff\x08y\
\xd2\xff\x09\x08\x00\x00\x00\x00\x06\x00\x00\x00:tes\
t.param.iptv_mid\
dle_screen_068.p\
layback_timeout_\
s.label\x07\x00\x00\x00\x0eTest\
PageBridge\x01\x03\x00\x00\x00$\
\x90\x09b\xe9g,u(O\x8b\x97\x00\x89\x81v\x84\
\x00 \x00D\x00U\x00T\x00 Z\x92OSe\x87\
N\xf60\x02\x08\x00\x00\x00\x00\x06\x00\x00\x009te\
st.param.iptv_mi\
ddle_screen_069.\
media_files.desc\
ription\x07\x00\x00\x00\x0eTest\
PageBridge\x01\x03\x00\x00\x00\x08\
Z\x92OSe\x87N\xf6\x08\x00\x00\x00\x00\x06\x00\x00\
\x003test.param.ipt\
v_middle_screen_\
069.media_files.\
label\x07\x00\x00\x00\x0eTestPa\
geBridge\x01\x03\x00\x00\x000\x8f\x93\
Qe{I_\x85d\xade>Vh\x8f\xdbQe\
\x00 \x00P\x00L\x00A\x00Y\x00I\x00N\x00G\
\x00 v\x84g\x00\x95\x7fe\xf6\x95\xf40\x02\x08\x00\
\x00\x00\x00\x06\x00\x00\x00@test.par\
am.iptv_middle_s\
creen_069.playba\
ck_timeout_s.des\
cription\x07\x00\x00\x00\x0eTes\
tPageBridge\x01\x03\x00\x00\x00\
\x12d\xade>T/R\xa8\x8d\x85e\xf6\xff\x08y\
\xd2\xff\x09\x08\x00\x00\x00\x00\x06\x00\x00\x00:tes\
t.param.iptv_mid\
dle_screen_069.p\
layback_timeout_\
s.label\x07\x00\x00\x00\x0eTest\
PageBridge\x01\x03\x00\x00\x00>\
\x8f\x93Qeg,u(O\x8b\x97\x00\x89\x81v\x84\
d\xade>\x00 \x00U\x00R\x00L\xff\x1bN\xc5\
QA\x8b\xb8O\x7fu(]\xe5O\x5c|?\x9e\xd8\
\x8b\xa4n\x90e\xf6S\xefuYzz0\x02\x08\x00\
\x00\x00\x00\x06\x00\x00\x007test.par\
am.iptv_middle_s\
creen_095.media_\
url.description\x07\
\x00\x00\x00\x0eTestPageBrid\
ge\x01\x03\x00\x00\x00\x0cZ\x92OS\x00 \x00U\
\x00R\x00L\x08\x00\x00\x00\x00\x06\x00\x00\x001te\
st.param.iptv_mi\
ddle_screen_095.\
media_url.label\x07\
\x00\x00\x00\x0eTestPageBrid\
ge\x01\x03\x00\x00\x000\x8f\x93Qe{I_\x85\
d\xade>Vh\x8f\xdbQe\x00 \x00P\x00L\
\x00A\x00Y\x00I\x00N\x00G\x00 v\x84g\x00\
\x95\x7fe\xf6\x95\xf40\x02\x08\x00\x00\x00\x00\x06\x00\x00\
\x00@test.param.ipt\
v_middle_screen_\
095.playback_tim\
eout_s.descripti\
on\x07\x00\x00\x00\x0eTestPageB\
ridge\x01\x03\x00\x00\x00\x12d\xade>T\
/R\xa8\x8d\x85e\xf6\xff\x08y\xd2\xff\x09\x08\x00\x00\
\x00\x00\x06\x00\x00\x00:test.para\
m.iptv_middle_sc\
reen_095.playbac\
k_timeout_s.labe\
l\x07\x00\x00\x00\x0eTestPageBr\
idge\x01\x03\x00\x00\x00>\x8f\x93Qeg,\
u(O\x8b\x97\x00\x89\x81v\x84d\xade>\x00 \
\x00U\x00R\x00L\xff\x1bN\xc5QA\x8b\xb8O\x7f\
u(]\xe5O\x5c|?\x9e\xd8\x8b\xa4n\x90e\xf6\
S\xefuYzz0\x02\x08\x00\x00\x00\x00\x06\x00\x00\
\x007test.param.ipt\
v_middle_screen_\
096.media_url.de\
scription\x07\x00\x00\x00\x0eTe\
stPageBridge\x01\x03\x00\x00\
\x00\x0cZ\x92OS\x00 \x00U\x00R\x00L\x08\x00\
\x00\x00\x00\x06\x00\x00\x001test.par\
am.iptv_middle_s\
creen_096.media_\
url.label\x07\x00\x00\x00\x0eTe\
stPageBridge\x01\x03\x00\x00\
\x000\x8f\x93Qe{I_\x85d\xade>Vh\
\x8f\xdbQe\x00 \x00P\x00L\x00A\x00Y\x00I\
\x00N\x00G\x00 v\x84g\x00\x95\x7fe\xf6\x95\xf4\
0\x02\x08\x00\x00\x00\x00\x06\x00\x00\x00@test\
.param.iptv_midd\
le_screen_096.pl\
ayback_timeout_s\
.description\x07\x00\x00\x00\
\x0eTestPageBridge\x01\
\x03\x00\x00\x00\x12d\xade>T/R\xa8\x8d\x85e\
\xf6\xff\x08y\xd2\xff\x09\x08\x00\x00\x00\x00\x06\x00\x00\x00\
:test.param.iptv\
_middle_screen_0\
96.playback_time\
out_s.label\x07\x00\x00\x00\x0e\
TestPageBridge\x01\x03\
\x00\x00\x00>\x8f\x93Qeg,u(O\x8b\x97\x00\
\x89\x81v\x84d\xade>\x00 \x00U\x00R\x00L\
\xff\x1bN\xc5QA\x8b\xb8O\x7fu(]\xe5O\x5c\
|?\x9e\xd8\x8b\xa4n\x90e\xf6S\xefuYzz\
0\x02\x08\x00\x00\x00\x00\x06\x00\x00\x007test\
.param.iptv_midd\
le_screen_097.me\
dia_url.descript\
ion\x07\x00\x00\x00\x0eTestPage\
Bridge\x01\x03\x00\x00\x00\x0cZ\x92OS\
\x00 \x00U\x00R\x00L\x08\x00\x00\x00\x00\x06\x00\x00\
\x001test.param.ipt\
v_middle_screen_\
097.media_url.la\
bel\x07\x00\x00\x00\x0eTestPage\
Bridge\x01\x03\x00\x00\x000\x8f\x93Qe\
{I_\x85d\xade>Vh\x8f\xdbQe\x00 \
\x00P\x00L\x00A\x00Y\x00I\x00N\x00G\x00 \
v\x84g\x00\x95\x7fe\xf6\x95\xf40\x02\x08\x00\x00\x00\
\x00\x06\x00\x00\x00@test.param\
.iptv_middle_scr\
een_097.playback\
_timeout_s.descr\
iption\x07\x00\x00\x00\x0eTestP\
ageBridge\x01\x03\x00\x00\x00\x12d\
\xade>T/R\xa8\x8d\x85e\xf6\xff\x08y\xd2\xff\
\x09\x08\x00\x00\x00\x00\x06\x00\x00\x00:test.\
param.iptv_middl\
e_screen_097.pla\
yback_timeout_s.\
label\x07\x00\x00\x00\x0eTestPa\
geBridge\x01\x03\x00\x00\x00>\x8f\x93\
Qeg,u(O\x8b\x97\x00\x89\x81v\x84d\xad\
e>\x00 \x00U\x00R\x00L\xff\x1bN\xc5QA\
\x8b\xb8O\x7fu(]\xe5O\x5c|?\x9e\xd8\x8b\xa4\
n\x90e\xf6S\xefuYzz0\x02\x08\x00\x00\x00\
\x00\x06\x00\x00\x007test.param\
.iptv_middle_scr\
een_098.media_ur\
l.description\x07\x00\x00\
\x00\x0eTestPageBridge\
\x01\x03\x00\x00\x00\x0cZ\x92OS\x00 \x00U\x00R\
\x00L\x08\x00\x00\x00\x00\x06\x00\x00\x001test\
.param.iptv_midd\
le_screen_098.me\
dia_url.label\x07\x00\x00\
\x00\x0eTestPageBridge\
\x01\x03\x00\x00\x000\x8f\x93Qe{I_\x85d\xad\
e>Vh\x8f\xdbQe\x00 \x00P\x00L\x00A\
\x00Y\x00I\x00N\x00G\x00 v\x84g\x00\x95\x7f\
e\xf6\x95\xf40\x02\x08\x00\x00\x00\x00\x06\x00\x00\x00@\
test.param.iptv_\
middle_screen_09\
8.playback_timeo\
ut_s.description\
\x07\x00\x00\x00\x0eTestPageBri\
dge\x01\x03\x00\x00\x00\x12d\xade>T/R\
\xa8\x8d\x85e\xf6\xff\x08y\xd2\xff\x09\x08\x00\x00\x00\x00\
\x06\x00\x00\x00:test.param.\
iptv_middle_scre\
en_098.playback_\
timeout_s.label\x07\
\x00\x00\x00\x0eTestPageBrid\
ge\x01\x03\x00\x00\x00$\x90\x09b\xe9g,u(\
O\x8b\x97\x00\x89\x81v\x84\x00 \x00D\x00U\x00T\
\x00 Z\x92OSe\x87N\xf60\x02\x08\x00\x00\x00\
\x00\x06\x00\x00\x009test.param\
.iptv_middle_scr\
een_114.media_fi\
les.description\x07\
\x00\x00\x00\x0eTestPageBrid\
ge\x01\x03\x00\x00\x00\x08Z\x92OSe\x87N\xf6\
\x08\x00\x00\x00\x00\x06\x00\x00\x003test.p\
aram.iptv_middle\
_screen_114.medi\
a_files.label\x07\x00\x00\
\x00\x0eTestPageBridge\
\x01\x03\x00\x00\x00D\x8f\x93Qec\x01~\xedh\xc0\
g\xe5\x00 \x00P\x00L\x00A\x00Y\x00I\x00N\
\x00G\x00 v\x84e\xf6\x95\x7f\xff\x1bg\x00~\xc8\
\x9a\x8ce6O\x7fu(\x00 \x008\x006\x004\
\x000\x000\x00 y\xd20\x02\x08\x00\x00\x00\x00\x06\
\x00\x00\x00Atest.param.i\
ptv_middle_scree\
n_114.playback_d\
uration_s.descri\
ption\x07\x00\x00\x00\x0eTestPa\
geBridge\x01\x03\x00\x00\x00\x12d\xad\
e>c\x01~\xede\xf6\x95\xf4\xff\x08y\xd2\xff\x09\
\x08\x00\x00\x00\x00\x06\x00\x00\x00;test.p\
aram.iptv_middle\
_screen_114.play\
back_duration_s.\
label\x07\x00\x00\x00\x0eTestPa\
geBridge\x01\x03\x00\x00\x000\x8f\x93\
Qe{I_\x85d\xade>Vh\x8f\xdbQe\
\x00 \x00P\x00L\x00A\x00Y\x00I\x00N\x00G\
\x00 v\x84g\x00\x95\x7fe\xf6\x95\xf40\x02\x08\x00\
\x00\x00\x00\x06\x00\x00\x00@test.par\
am.iptv_middle_s\
creen_114.playba\
ck_timeout_s.des\
cription\x07\x00\x00\x00\x0eTes\
tPageBridge\x01\x03\x00\x00\x00\
\x12d\xade>T/R\xa8\x8d\x85e\xf6\xff\x08y\
\xd2\xff\x09\x08\x00\x00\x00\x00\x06\x00\x00\x00:tes\
t.param.iptv_mid\
dle_screen_114.p\
layback_timeout_\
s.label\x07\x00\x00\x00\x0eTest\
PageBridge\x01\x03\x00\x00\x000\
mO\x89\xc8^vv{_U\x00 \x00S\x00m\
\x00a\x00r\x00t\x00H\x00o\x00m\x00e\x00 \
\x00R\x00e\x00d\x00m\x00i\x00n\x00e0\x02\
\x08\x00\x00\x00\x00\x06\x00\x00\x00(Browse\
 and sign in to \
SmartHome Redmin\
e.\x07\x00\x00\x00\x0aToolBridg\
e\x01\x03\x00\x00\x00\x08QlQq]\xe5Qw\x08\
\x00\x00\x00\x00\x06\x00\x00\x00\x0cCommon \
Tools\x07\x00\x00\x00\x0aToolBr\
idge\x01\x03\x00\x00\x00\x08\x00I\x00P\x00T\
\x00V\x08\x00\x00\x00\x00\x06\x00\x00\x00\x04IPTV\
\x07\x00\x00\x00\x0aToolBridge\x01\
\x03\x00\x00\x00\x06\x00S\x00T\x00B\x08\x00\x00\x00\x00\
\x06\x00\x00\x00\x03STB\x07\x00\x00\x00\x0aToo\
lBridge\x01\x03\x00\x00\x00\x08fz\x80\
\xfd[\xb6\x5cE\x08\x00\x00\x00\x00\x06\x00\x00\x00\x09S\
martHome\x07\x00\x00\x00\x0aToo\
lBridge\x01\x03\x00\x00\x00\x04\x00T\x00\
V\x08\x00\x00\x00\x00\x06\x00\x00\x00\x02TV\x07\x00\x00\
\x00\x0aToolBridge\x01\x03\x00\x00\
\x00\x0a\x00W\x00i\x00-\x00F\x00i\x08\x00\x00\x00\
\x00\x06\x00\x00\x00\x05Wi-Fi\x07\x00\x00\x00\x0a\
ToolBridge\x01\x03\x00\x00\x00\x0e\
\x00r\x00e\x00d\x00m\x00i\x00n\x00e\x08\x00\
\x00\x00\x00\x06\x00\x00\x00\x07redmine\x07\
\x00\x00\x00\x0aToolBridge\x01\x03\
\x00\x00\x00\x04QsN\x8e\x08\x00\x00\x00\x00\x06\x00\x00\
\x00\x05About\x07\x00\x00\x00\x0aTool\
Window\x01\x03\x00\x00\x00\x04\x8d&S\xf7\
\x08\x00\x00\x00\x00\x06\x00\x00\x00\x07Accoun\
t\x07\x00\x00\x00\x0aToolWindow\
\x01\x03\x00\x00\x00\x04\x8b\xbe\x7fn\x08\x00\x00\x00\x00\x06\
\x00\x00\x00\x08Settings\x07\x00\x00\x00\
\x0aToolWindow\x01\x03\x00\x00\x00\
\x04]\xe5Qw\x08\x00\x00\x00\x00\x06\x00\x00\x00\x04T\
ool\x07\x00\x00\x00\x0aToolWind\
ow\x01\
\x00\x00m<\
\x00\
\x01\x8d/x\xda\xec\xfdy\x80\x5cE\xb5\x00\x8cWg\
\xa6g\xe9\xd9\xb2\x11B\x08\xe1\x12\x08\x09a\xd2Y\x08\
\x8b!\x09\x99\xccd\x92\x81I2\xccL\x16\x10\x08w\
\xbaow_\xe6v\xdf\xe6\xde\xdb3\xe9\xb0<\x15D\
Y\x1e*\xa8 **\xa2\xf8\xd0\xf7\x14\xf7\xf5\xa9<\
\x14pC\x5c@\x047DYeQ\xe0\x01\x8a~\xa7\
NU\xdd\xaa{\xfb\xde\x9e\x89\xbe\xdf?\xbf\xef{<\
S\xd3\xddU\xa7\xaaN\x9d:\xe7\xd4\xa9S\xe7\xac\xff\
rv\xfe\xf7\x9e\xfb\xc0{~x\xd4\xc2o\x9e\xff\x91\
o\xfc\xea6BH\xd2(\xed\xdb5\xb2\x99\x90\x05\xaf\
\x10\xd2x\x16!G\xe5\xa1<\x97$\xba\xee\x80\x1fO\
%\xa4\xe1/\xac\xdc\xf1%V\xde\xf0\x0c+\x9f\x1b`\
\xe5\xcb\xdb\xb0L\x90\xbbX\x99\xdc\xc1\xca\x99\xe3\xac\x9c\
{1\x94\xdb\xe1\xf3uP\xbe\x97$\xca\xdf&d\xeb\
\xcf\x09\xf9\xdb\x7f\x13\xb2\xad\x9b\x90\xc7\x0e\x102p+\
I\xcc\xf8\x01!\xa7\x03\x8c\x03\xa7\xb0\xf2\x97\xd7\x12r\
\xc6\x08\x94\x8f\x122\xb8\x9b$\x1a~I\xc8\xe8\x15\x84\
<\xb2\x92\x90\xbdo\x018\xfb\x089\x0b`\xac|\x88\
\x95\xcf\xbd\x80e\xa2\xf9HB.:\x9f\x90\xd7\xba\x08\
yh/!\xff~+!O\xd2\xf2U\x92\xd8\xb0\x98\
$\x0e\x1b#\x89\xbb~M\xc8e6i\xbc\xe6\xd3\x84\
\xfc9I\x1a?\x0a\x88X\xd2\xc7\xcaw\xec\x22\x8d\x1f\
\xaf\xc28ZY\xf9\xcb<i\xfc\xc4\xd5\x84\xfc\xe5f\
\xd2\xf8\xb5F\xf8>\xcb\xca\x87\x9bX\xf9\xf7\x16\xd2\xf8\
\xe3%\xf0\xfd\xf5\xac|x\x05i|\xe0\xdf\x09Y\x0a\
\xdf\xff\x81\xcew-i|f\x15\xfc~'+\x1f\x1e\
%\x8d/\x9f\x08\xbf\x97Y\xb9c9\x94w\x02~\xda\
H\xb2\xf1>B~V \xc9\xe3\x7fF\xc8\xb5_g\
\xe5\x13\x04\xcb\xc4\xec\x0cI\xae\xdfE\xc8\xb2\xa7Y\xf9\
\xf0E$\xd9\xffV\x92X\xd0L\x92\xdb\x00\xce!e\
,\x13d5+\x17\xae%\xc9\xc1\x17\x01\xfe5$\x99\
\x03\xfc\xbc\x5c$\xc9k`\xbc\xad\xbc\xdc9\xc9\xca\x8b\
]V>r\x09I\xde\xf8\x1d\xf8|\x0b+\x1f\xb9\x95\
\x95/\xdf\x88eb\xc1\xdd$\xf9\x01X\x8f?%H\
\xf2\x93\xe7\x93Dk7\x94\x97\xc0\xda\x1dK\x92\x9f\x02\
\x1c\xafy3\x96\x89\xd6\xeb\xa0\x84~\xd7|\x1a\xcbD\
\xdb\xf9$\xf9\xc5s\x089\xf1\xcdX&\xe6me\xe5\
\x85\xbf\x83\xf2N\xf8\xfe\x8fX&\x0e?\x8d$\xbfe\
\x90D\xea\x05\xd2tV\x96\x90\xf9\xd7\x92\xa6\x1b\xdfC\
\xc8\x0b\x9d\xa4\x99\xe2\xe1\xd5\xaf\x93\xe6\xdb\xbf\x05\x9f\xd7\
\x92\xd6\x1c\xd0\xd8\x95\xab\xc8\x11mG\x01\xad>F\x8e\
\xbc\x19hj\xdd\xe9D\x9b\x95$\xe4\xe4\x99\xe4\xf8t\
\x82\x90g/%\xe9\xc9\xbf\x91\xc4\xf1\xa7\x91\xf5\xc7\xbf\
\x04\xfd$\xb0L\xccz\x81l\xec\xbb\x16\xc6\xf1\x0c\xd9\
\xfa^\xa0\xb3\x86CXy\xc6\xf9\xac\xac>\xc8\xca_\
\xce\xc12q\xe16\xb2m\xf6\x18!G\xef&\xdb\x0e\
\x00\xdd.\xfe\x18+/\x1d&\xdb\x1e\xdfH\xc8\xd02\
2\xf0\xc4\xbb\x099\xe6!2\xf0\xf4\xfb\xa1\xdd\x06r\
\xfa\xf1o\x01\xba\xfa\x1c9\xfd\xaa\xff!\xe4\xf0;Y\
\xd9\xbb\x86\x9c\xfe\x15\xd8C\xc7\xaed\xe5u\xffE\xce\
h\x05:4\x1e#\xdbO\xf9\x09\xac\xeb&V\xfe\xec\
:\xb2\xfd^X\xaf\xe5\x09V>\x96 ;\xde\xf61\
B\xfa/\x22;?\x0e\xf8_\xfakV\xfe\xe4\x8fd\
\xe8d\x18\xc7\xb2.V\xfe\xf4Sd\xa8\x7f\x0b\xac\xf7\
.V\xde\xf0%2\xf4g\xd8K7\xad$\xc3\xaf\xc3\
z\xbc\xb4\x9c\x8c\x9c\xfbw\x80s;\x199\x0f\xd6\xeb\
\xcck\xc8\xe8}\x97\x02\xbd\x9cKF\x7f\xb9\x88\x90s\
4\xb2\xfb*\xe8\xe7\xe2\x1eV>2Bv\xff\x17\xac\
\xcfq?&{:`=\x8e\xdf\xc4\xca?\x5cA\xf6\
\xe4a>\xc7\xff\x0f\xd9{%\xf0\x0b\xf8\xbf\xbd_\xfa\
\x0a!\x97\xfc\x80\x95O\x7f\x86\xec\xfd\xfe\xfb\x08)}\
\x98\xec\xa5\xfd^\xfb8+\x9f\xdc\x85eb\xf6u\xe4\
\xac\xa7\x01\xbf\xab\xb6\xb3\xf2\x95+\xc8\xd9\x9f\x00\xfc=\
\xfff,\x13-\x7f#g\x7f\xefB\xa0\xd3wA\xe9\
@\xf9e(](\x7f\x03\xa5GH\xaa\x09\xca\x0a\x94\
+\xa0\x9c\x80r\x14\xcaI(/\x82r?\x94\xb7\x90\
\xb3\x9f\x81\xfd\xb0\xf6,,\x13]\xfd\xe4\x8dm\xb0/\
_\xcd`\x99X\xb8\x8f\x9c\xfb\xed{a_\xfe\x91\x9c\
\xfb\xbbg\x81\xef\x9dK\xce;\xfc\xbf\x08\xb9`\x099\
\xef.\xe0-\x0f\x1dN\xc6g\x00~\x96\xf7\x90\xf2\x93\
\xf3a_\xbeB\xf6\xd3\xf1\xbf\xfa\x18\xb9\xfa\x93\x97\x12\
2\xf6-r\xf5\x1d\xb0\xeeG\xf6\x93\xebt\xc0[\xe7\
,r\xdd\xfba=\x0f\xbc@nx/\xec\xa3\xcb\xee\
e\xe5\xb5oe\xe5=\x9fc\xe5\xe3\xdf\xc52\xd1p\
\x22+\xdb\xb7\xb3r\xf62\xf2\xfe\xcd\x00\x87d\xc9'\
>\x02<\xef\xbcIr\xc7\x150\x9eg,rg\x19\
x\xe6\xac3Y\xb9\xbd\x91\x957t\xb3\xf2\xc5\x8f\x90\
{\x9e*\x11\xf2\x9e\x99\xe4gg\xc3~\xd8S \xbf\
]\xf1VB~\xbb\x96\xbc\xf8(\xec\xdb\x07O!/\
y\x8f\x11\xb2\xba\x87\x95\xaf\xbd\x94h\xdc\xdc\x0b\xfb8\
\x9dh}\xf5G$\xd1\xd8\x988z\x0f\xf0\xf8\x0d\xef\
H\x1cs\x03\xac\xe3;.N\x1c{\xc7\xe7\x81'\xff\
&\xb1b\xf3\xa7H\xe2\x0d\xfb\x12\xabn8\x8f\x90\xc3\
\x1eL\xac?\xe1\x19\x92\xd8\xf4W(a?\xf5^\x9f\
X\xbf\xb6\x9d$\x06+P.$\x89\x9d\xe3Pv\x93\
\xc4\xb0\x0e\xe5z\x92\xd8\xb5\x07J\x8b$\xfa\xaf\x84\xf2\
b\x92\x18\xf87(\x7f@\x12{\xb7C\x09p\xce\xe9\
\x82\x12\xe0\x9cw[b\xfdI\x8f\x90\xc4\xc6Lb\xfd\
\xc9\xd0N\xff \x94P/\x0b\xf0O\x86z\x17@\xbb\
u\xf0{\x1e\xe0\xec\x04\xf8\xa5o$\x06\x93\x0d\xb0\xaf\
\xf4\xc4v:\xbe\xb5[\x13\xfb\x9e\x03\xde\xdf\xfc\x99\x84\
\xfe.X\xdf\xab\xfe\x96\xf0\x96\xddL\xc8[_OL\
\xde\x0f\xf8\xd8\xf2\xc3\xc4\xa5\xcbN\x01<'\x13\x97\xcf\
\x06|v\x18\x89k\xdep\x0c\xecG\x8f\x95\x9b\x7f\x9d\
\xb8\xf9\xa7o\x06\xba\xffd\xe2SW\x02\x1e\xcf?7\
\xf1\xd9\x09\xa0\xabw\xbd\x94\xf8\x9f[`}\xdbF\x13\
w5\x82\x1c\xf9\xd5\xea\xc4w\x7f\x09\xfc\xb6yo\xe2\
\x81u\xb0_\xe6\x95\x12\xbfyl\x05!^c\xe2\xf1\
\xaf\xc3~\xba\xfc\xa5\xc4\x0bw\xc2~\xdf\xfb\x81\xc4k\
6\xec\x8f\xadm3\xe6\xef\x86\xf1\x9f\xf6\xdfP\xc2<\
\xcf\xfe\xc9\x8c\x85\x0f\xc3~|\xd37g\x1c\xfd\x17\x90\
\x0b\xe7\xdf5\xe3\xf8\xf1C\x09\xb9\xb1k\xc6\xf1\xb7A\
\xfb\xc6\xc3f\xacx\x1d\xe4\xd6\xf1_\x9d\x91\xa6\xe5q\
\xf3f\xac|\xedr\x92829c\xe4\xce\xcf\x12\xb2\
{\xf5\x8cQ\x13\xf8@\xe1\xbb3\xce\xba\x09\xc6\xd7\xd3\
:#\xfb\x854\xac\xcb\xc53\xc6\xe7\x9dG\x12sN\
\x9f\xe1\xbd\x00\xf3\xdb\xf7\x83\x19\x13\xb9w\x10\xb2\xf0&\
V\xf6}o\xc6\x95\xce\xe5\x84\x0c_5\xe3:JO\
/\xdc:\xe3\xba\x8f\x81,=\xfbW3><\x1b\xe8\
\xbf\xe5\xf33>v\xd3Z\x92Xt\xc3\x8c\x8f\x7fk\
\x17I\x1c\xb1q\xc6\xd7\xcf\x85~^\xb9c\xc6\x7f\x1f\
\x06\xf3/\xed\x98\xf1\xcd\xd9?\x05>36\xe3\xe7\xdf\
\x03|\xf5\xbe4\xe3\xc1\x97\xff\x8b$\x16\x8f\xcex8\
s#!?\x7fh\xc6\xaf\x9e=\x97\x10\xa7i\xc6\x93\
}\xa0\x0b\x5c\x7f`\xc6S7~\x12\xe8\xf8\xeb3\x9e\
\xfd\xc6\xd7\x09I?\xc0\xca'\xaf\x98\xf1z/\xac\xef\
\xaas\x1b\x92\xdf\x87y\x1f\xfb#V\xde}x\xc3\xa2\
;\x80N\x8e\xf9\xcf\x86\xc5o\x07>8\xb1\xb5\xe1\xe4\
?~\x03\xe0Y\x0d\x9bO\x04|\xdd\xff\xde\x86\xbe\xf7\
\x0c\x13\xf2\xbd]\x0dg\xbc\x11\xf6\xcf)\x977\x0c^\
\x02\xf5~\xdf\xdc0\xf8\xd2\xefa__\xd8p\xe6\x85\
\xb0no\xffl\xc3\x9e\xcf\x00\xbc\xcb\xefl\xc8\xcd\xf9\
\x1f\x98\xc7\x7f7\xe4\xbe\xf3\xbf\x84\xfc\xe3\xf4\x06\xfbO\
g\x12\xf2\x86\xfd\x0d\x957\xcd \xe4\xd4S\x1a\xde\xf2\
\xef\x00g\xf5;Y\xf9\xd7m\x0dW\xbc\xf7\x0b\xc0\x17\
\xafi\xb8j\xf4\xc3\x84\xdc;\xdc\xf0\xce\xce\xa3\x099\
an\xc3\x87g\x00\xdde\xcei\xf88-\xcdm\x0d\
\x1f\xff\xe6\x5c\xe0\xaf\xb3\x1anK|\x04\xf0yl\xc3\
mO\x02>O\xf9I\xc3\x7f\xd2\xdfs\xc3\x0d\x9f\xa6\
\xe5\xf9\xb9\x86\xaf\xdd\xb9\x17\xe8\xed\xb2\x86\xbb\xee\x84}\
\x93\xbe\x9e\x95O\xcen\xf8\xce\x8d\xc0\xd7\x1f\xbe\xa5\xe1\
\xc7\xb4\xde\x9ey\x0d?\xd1a\x9f\x1d\xfd!V\xbe\xb9\
\xb9\xe1\xe7o\x07\xba\xf9\x11ix\xf0%\xa0[\xfd\xbc\
\x86\x87h\xbd\x1dk\x1b\x1e\xa6\xe5\xb6m\x0d\x8f\xd0\xf2\
\x8c\x8d\x0d\xbf\xa6\xe5\x96\xe1\x86\xdf\xd0rTk\xf8\xed\
\xfd\xa0\xeb\x5c\xbf\xae\xe1Q\xfa\xf9\xcc\xe5\x0d\xcf|9\
\x0dz\x94\xd5\xf0\xec\xcb\xbf'\xe4\xc2o7<\xffd\
\x86\x90C\xff\xd6\xf0\x92\xd6\x0a\xfdlo\xf8\xeb\x83 \
\xc7\x8fz\xb01\xd9\x00z\xd7K{\x1b\x9b\x07`=\
\xd7\x17\xa0\x04\xba\xdb\xfbTc\xf3\xad@\x1f\xef=\xa6\
q\xd6u0\xdf\xf4\x10+\x1f\xbf\xbcq\xd6O\x81\xef\
\xe5\x9fi\x5ct#\xf0\x89\x9f}\xa7\xf1\xe8\xdf\x02_\
\xbej}\xe3\xf1/\x00\xfe&\x1b\x1b\xd7}\x04\xf8H\
C_\xe3\xa6\x03[\x81\x1f\xdd\xd3\xb8y\x1d\xd0\xe9\x83\
w6\x0e|\x18\xda/~\x80\x95oZ\xd78\xba\x0b\
\xe8\xeb=N\xe39_\xba\x0c\xe8\xf8\xd5\xc6\x89/\x01\
]\x14\xf76^~\xf2\xdf\x80O>\xd5x\xcdU\xb0\
\x8f\xfe\xf68\x96\x89\x85\x0d\x8d7\xdc\x7f=!\xdf?\
\xb3\xf1\xc6\x01\xa0\xa3\xb9\x83\xac\x9c\xff +\x0f\xdf\xc8\
\xca\x93\xcfc\xe5\x06\xc2\xca\xcd\xb7\xb0\xb2\xbf\x8d\x95\x83\
\xc7\xb3\xd2\xba\x9b\x95\xef\xbe\x89\x95\x7f^\xc5\xca\xd7\x0f\
\xc32\xd1\xf5\x8b\xc6\xf7\x95@\xdf\x98\xdb\xc5\xca\xeb\xde\
\xd4\xf8\x89/\x83\x1c\x9c{e\xe3\xa7\xba\xa1|\xfd\x0a\
,\x13\x87^\xdc\xf8\xe9\xcb\xf6\x00\x1d\x9f\xcf\xca\xf7\xbe\
\xde\xf8\xa5\xf7\xcf\x84\xfd\xfc\x9b\xc6\xefN\xc0\xbey\xbb\
\xdbx\xcf\x0cX\xd77\xdc\xddx\xef \xd4o[\xd4\
x_\xa1\x0f\xf4\x91\xe1\xc6\x1f\x0f\xc1\xbe\x19\xfci\xe3\
\x03\x17\x00\x1d\xcflj|\xe8x\xc0G\xe5\xbe\xc6\x97\
\xef\xb8\x17\xf4\xb7\xdb\x1a\xff\xf7j\xd0\x0f\xef9\xa1\xf1\
oW\xde\x0d|\xa7\xda\xf8\xfa\xe2\x11\x92\xb0_h\xc4\
\xfd\xb3\xfak\xc9D\xe7\xfd '\xe7&\x9b\xbf:\x0a\
z\xf5o\x92-\xbf^\x0bt4'\x99\xfa$\xc8\xe3\
\x8d7$\xe7,\x05\xbetv:9\xe7\x93%\x92H\
\xefH\xce\xa7z\xcb\x9b\xbc$\xf2\xa3\xcd\xbb\x93\xc8\x8f\
\xce\xbd y\xc4o\xe1\xfbS\xe6'\x97\xd1z\xc7\xde\
\x94<\xae\x09\xe4\xf0\xb2\xc9\xe4\xeakn!d\xde\x1a\
V.\xbd9y\xe2\x1f\xe1\xfb\xfe\x87\x92\xeb\xdf\x08z\
\xd6[7@\xb9\x18\xca\x22\x94\xb0O\xde\xfaA(\x81\
/\xbc\xf5\x87\xc9\x8d\x87\x03\x1f\xbb\xe9\xfa\xe4\xa6s`\
\xbe3OIn\xb9\xfcG\xa0/\x0f'\x07?\xd2\x09\
\xba\xf8\xcfX\xf9\xf0O\x92g\x82\x9eO.\xbc\x96\x95\
O=\xc6\xca\xe7\x8e\xc02\xd1\xb87\xa9\x7f\x11\xf8\xf8\
\x0ff$s\x1f\x03|\xa7\x17\xb2\xf2\xf1]\xc9\xdc\x9d\
\xb0N\xc7}\x80\x95\xbf\xffIr<\x0d\xfdY\x7fO\
Zy\xa8\xbf0\xcd\xca\xbe\xe1dq\x03\xe0\xe1\x87_\
H^|\x16\xf0\xadG\x87\x93o>f\x11I,\xbd\
'y\xcd\x89\xa07\x5c\xf2\x22+\x9f\xe9L^\xd3\x0f\
\xf2q\xdb\x92\xe45\x13\xa0w\xac\xfc\x18+\x9f\xd9\x90\
|'\xf0\xbf\xc4\x82g\x93\xef\xdc\x07z\xcf%W\xb0\
\xf2\xe99\xc9w5\x02\xdc\xe7n\xc62\xd1\xf4\x9d\xe4\
u\xb3\x1e'\x89\xce\xd7\x92\xef\x7f;\xac\xe7&\x8f\x95\
;\xff\x97\x95\xbfj\xc42\x01\x0c\xfc\x03s\xdf\x09z\
\xd6\xba\xe4-\xaf\x01\x9cU\xdfc\xe5k\x97%?~\
\x0f\xd0\xd7\xcc\xaf%?\xf9n\xe0C\x0b\x8eK~\xe6\
v\xe0{/\xbf\x96\xfc\xf6\x0fA\xcf\xfdy>y\xe7\
\x8fV\x13\x92y[\xf2\xae\xb9 \xcf\xde\xf8\xa6\xe4w\
\xe8\xb8\xdfw \xf9\x9d\xab\xa1\xfc\xc3\x1d\xc9\xbb\xe9\xe7\
\x85YV\xf6]\x8be\xe2\xf0\x5c\xf2\x9eGF\x09\xf9\
\xe3\x86\xe4\x0f\xde\x01r\xb1\xfc\xa3\xe4\xa3/?\x08\xfa\
\xe0#\xc9\xc7\x0a\xa0\xff\xee\x1fI>q)\xe8\x17\xda\
\xd5\xc9'\xe9\xba\xaf\xbd+\xf9\x0c-O\x1eJ\xfe\xa9\
\xffJBN\xda\x81eb\xe1]\xc9g\xe9\xf7kN\
I>G\xcb7<\x92|\xfe?A\x9fj=<\xf9\
\xd2\xc9\xa0G\x5czI\xf2\x95g\x00\xee?\xaem\x22\
\x0f\xc1:\xe4\xbe\xdd\xd4\xb4\x03\xf4\x91U\x97\xb2\xf2\xb5\
\xb5M\xcd7\xc3>X4\xafi\xd6\x05\xa0g\xac8\
\xa6i\xfe\x99\xa0'\x8c\xff\xb2i\xc9!\xc0\x9f\x9a?\
\xde\xb4\xe62\x80\xf7\xa7G\x9b\xde\xb0\xe1\x1e8w}\
\x81\x95\xefZ\xdb\xd4\xfb\xed9 \xd767\x0d.\xc9\
\xc09\xe2\x9bM{\xae\x02}~\xd3\x1dM{\xc7\x81\
\xce\xed\xaf6\x9d})\xfc~\xcf\xc5Mg\xbf\x04t\
qn{S\xe6j\xe0#?.6Y\xb3\x80\xcf^\
\xdc\xca\xca\x87\xff\xd1tQS\x03\xe8\xb5O5]w\
\x0f\xd0\xe7\x16\xaf\xe9\xbd_\x039\xf5\xea\xb5M7\x5c\
\x03\xed\x9f\x1fl\xba\xf9\xa1\xdf\xc0\xfa\x7f\xa4\xe9\xb6\xc7\
\x01\xcf\xcf?\xd2\xf4\x89\xd9\x80\xf7\xd3V6\xfd\xc7s\
7\x93\xc4\x92t\xd3\x17\x86a_&:\x9b\xbe\xbc\x0b\
\xe0\x9f\xf4\xfd\xa6\xbb\xf2\xc0\xdf\xfevR\xd3\x8f\xf3\x00\
\x7f\xf7\x9dM\x0f\x9c\x01\xfc\x7f\xc13M\x8f\xad\x84s\
D\xe3\xd5M\x7f\xfd\x11\xcc\xf7\x88\x89\xa6\xd7?\xfbA\
\x90_\x7fi&C\x87\x80>uHs\xe7\xbb\xee\x81\
\xf3\x86\xdb|\xf8\x1d \x8f~\xfdj\xf3\x11o\x07<\
'\x974\x1f;\x03\xf6\xd7\x12\x87\x95\xef|\xa1\xf9\xa4\
G`\xbf\xfcpg\xf3)\xdf\xa8\xc0:^\x0f\xec\x98\
\xea\xdb\x0d\xac|lS\xf3\xe0/`|\xcb>\xc9\xca\
\x1b.f\xe5C?o\xde\xfe\x10\xb4\xbb\xf8~V>\
\xf2\xfd\xe6\x9dG\x02\x7f~\xf3K\xcdg\x7f\x17\xce\xf0\
\xdf\xffX\xf3\xbe\x22\xc8\xc7\x1f?\xd1|q\x09\xf4\x85\
\xe3_l\xbe\xf8\x06(\x8d\xc9\xe6w\x1c\x0d\xed\xef\xbb\
\xad\xf9\xba\xebo#\xe4\x9a\xb1\xe6\x9b,\xe0\xcfG\xb4\
\xb2r\xcbiX&.\x9ch\xbe\xe9\x06\xd8\x17\x1b\x7f\
\xd6|\xf3\xdf\xe0\xfc9\xe3\xe5\xe6\xdbg|\x8e\x90\xa3\
\xde\xc1\xcaK\x8fl\xfe\xe45 g\xfev%\x96\x89\
\xc3\xefk\xfe\xcfO\x01\xbe\xee?\xb7\xf9;o=\x0d\
\xf8\xe7C\xcdw_\x01z\xfb\x8b\x03\xcd?\xbe\x15\xe8\
}]\xa2\xf9\xe1\xb7\x95\xe8\x19\xbd\xf9\xd7\xdf\x05\xba\xde\
\xdb\xd9\xfc\xc4\xe3\x80G\xa3\xb1\xf9\x15\x0f\xc6q\xffS\
-\x9d\xef\x07z\x1a\xfdi\xcb\xa1\x9b\x80^\x7f\xf7\xae\
\x96\xc5\xe7\x81\xbeuj\xaa\xe5\xf8\xdb\x81\xff\x9c|S\
K\xf7\x8e\xd9\xa07\xfc\xad\xe5\xd4K\xe0\xf7\xab\xbe\xd1\
\xb2\x99\xfe~\xe2\x9f[\xfa\xc7\xa1<\xec\xfd-;>\
\x0b\xdf\xbf\xf8\x97\x96]w\x03\xbc\x07\xceo\xb9\xaa\x03\
\xf4\xfb\xc4'Z\xde\xfbC\x90w\xc7|\x88\x95\xd7\x1c\
\xdfr\xe3\xbbu\x92HVZn\xfc\xc2\xbf\xc1\xb9\xef\
\xda\x96\x1b\x7f\x9c\x84\xf3\xc0\xdbZ>t#\xd0Y\xff\
\x86\x96\x8f\xcd\x02\xfe\xda\xf6\xb6\x96\xdb\x7f\x0f\xf4^\x9a\
\xd5\xf2\xf9\xa7`\x9e\xf7\xde\xda\xf2Uz\xce8i.\
\x96\x89\x85\xff\xde\xf2\xb5Mp\xbe\xb8pn\xcb7\xae\
\x01\xfa\xbd\xfa\x00+\x9f~\x04\xcbDSO\xcb\x0f\xba\
z\x81\x9f~\xb9\xe5\x07w\x03\xbe\xfe\xfa\xd7\x96\x1f6\
@\xb9sS\xcb}\xdf\xfc&!\xff{|\xcb\xcf\xdf\
\x01|k\xf0}\xac\xfc\xcb\xbdX&:7\xb5\xfc\xc6\
\x80u\x1a\x18ny|\x15\xe0\xe7\xcd7\xb6<\xbf\x12\
\xc6s\xe4\xf3-\x7f\x1e\x06:{\xcb\x0f[\xfe\xf14\
\xec\xa7\xa6\xc9\xd6\xd6\x8f\x82\xdcO|\xaf\xb5\xed(\xd0\
\x1b\xe6|\xa4\xb5\xe32\xa8\xdf\xbe\xabu\xd6\x05\xc0\xc7\
\x96\xbf\xbdu\xd9\xaa\x8b\x81\xcf\xb6\xb7.\x7f\x0f\x9cO\
\xd6\xf4a\x99H\xbc\xa3u\xf5\xa3 \x07\x96'Z\xd7\
\xd0\xb2\xfb#\xad\x1b\xfe\x0c\xeb6\xeb\xd6\xd6\xedy\xc0\
\xff\x82\x8f\xb3\xb2w\xbcu\xf4>\xd8GGV[\xcf\
\xbb\x12\xf8\xe9\x8aGY\xf9\xf8\xa2Vk\xfb\xdbA>\
\x9c\xc4\xca{\x0fou\xdeC\xcfs\x7fg\xe5k\x9f\
m\xf5N\x05\xb9\xf8P\xa6\xf5\xc0\x9b`\x5c\xdf\xfbT\
\xeb%\xe3@\x9f\xde\xdb[\xdf\xf6\x1f\xa0?\x1dS`\
\xe5U\xad\xad\xd7\xbf\x00z\xc5\xf6\xdd\xad7>\x03\xfd\
e\xafm\xfd\xd0u\xf0\xf9\xf2\xad\xad\xb7\xa4`\xfe\xe7\
\x16[?\xbe\xeaI\xa0\xbb\xae\xd6\xaf\x1d\x09\xfcw\x9e\
\xc3\xca\xcd{Z\xef\xbc\x1a\xf4\xf1?}\xa4\xf5\xde^\
X\xef\xf2\x1bZ\xbf\xbf\xeed\xa0\x8b\xe1\xd6\xef\x7f\x11\
\xf6\xf7\xd1\x7f`\xe5[nj\xfd\xd1>X\xb7M\x87\
\xb5\xde\xdf\x09\xfc~\xf0\x9c\xd6G^\x82\xfd\xfb\x83\xc9\
\xd6'\x9e\x06yx\xf4\xfa\xd6'\x7f\x0fr\xa9sO\
\xebK\x0b\xa8]cy\xeb\xdf\x9b\x00\x7f\xa5\x9f\xa5\x9a\
>\xa0\x81\xbeg\xa7\x9a\x9f\x04=g\xf6\x9aT\xeb]\
\xcd0\xcf_\xa5\xda\xfe\xfb.\x92\xd0\xeeH\xb5\x9f\xe4\
\x02\x1f\x1b`\xe5Q\x1d\xa9Y_\x00\xf9\xfdbCj\
\xd6\x8fA\x0f\xfe\xc9\xad\xa9\xd9\xe7>K\x12\xa7\x5c\x9a\
:\xea\xe9}\xa0o,H\x1d\xbd\x04\xf8J\xee\xcb\xa9\
\xa3\x8f\x83r\xc3u\xa9\xa3\x97\x03\xbd\x9e\xff\x03(\x81\
\x7fd\xee\x84\x12\xf40\xf3\xbfRG\x1f\x0f\xfcq\x0b\
\xd4;~#\xe8}\xf4\xf3\x0e\xd0\xfbn\x85\x12\xf4\xfc\
\x1d7A\x09\xfc\xf8\xccwB\x09\xedG\xaf\x80\x12\xda\
\xef\xb9\x18Jh\xff\xc6\x8dP\xc2\xba\x9f\xfb@\xea\xe8\
4|\xde\xb4\x1cJ\xf8\xbc\x19\xe0\x0fC\xbb\xe23\xa9\
\xa5k\xa9>\xf8\x91T\xfa\xaf\xb0\x0fS\xf7\xa6\xd6\xd0\
q\x9e\x90K\x9d\xf2\x17\xa0\xfb\x9f\x1c\x9b:s\x0c\xf0\
\xb0\xee\xa9\xd4\x9e\xc3\x00/g-Met\x98\xd7\xe5\
\xd7\xa4\xb2\xeb\x81/\x1c\xd6\x96\xca\xe6a?\xfc\xf9w\
\xa9\x0bV\xff\x19\xce\xd7\xdf\xc621\xf3+\xa9\xf1\x01\
\xd0'\x96<\xc7\xcaw\x8d\xa7\xdco\xc1\xf9\xe5(+\
5qj\x07\xec\xe7CR\x93\x17\xc1z<\xfb\xb9\xd4\
\xe4}7\x00\x1dv\xb0\xf2\xaf\xf7\xa4\xde2\x0a\xfa\xdd\
\xba\xebSW4\xc08Z\xff\x9e\xfa\xf7\x99p\xce\xfe\
\xe9\x83\xa9\x1bM\xd0\x0b^\xfaG\xea&\x0d\xc6\xd5\xf3\
\x99\xd4\xfb\xd7&@\xfe\x9a\xa9\x8f~\x18~_\xfe\xde\
\xd4G\x1f\x07\xbd\xb3<\x91\xbam\xf2\x17 \x17\x7f\x9b\
\xfa\xc4<\xe0/+\x8fd\xe5\x93\xf7\xa7\xbe\xd2\x06\xf5\
z\xca\xa9\xbb:A\x9f\xfa\xeb;R\xf7\xdc\x0d\xeb\xbf\
\xfa\x81\xd4\xbdF\x1b\xec\xdfk\xb1L\x1c\xd1\x90\xfa\xde\
\x9b\x80?\x1d\xfe\x12+{\xbf\x98\xba\xef\xcaS`|\
\xbf\xc22\xd1\xf1\xf1\xd4\xaf\xd7\xc1~\xfb\xe3x\xea\xe9\
~\xd0\x9f\xaf\xdb\x90zf\x13\x9c3\xd6^\x95z\xe5\
O\x80\xff\xce\xcf\xa7^\x1f\x80q\xbdae[\xe2\x8b\
@\xb7\x97\xecd\xe5S\xff\xd1\x86z\xf5i\xa4\x0d\xf5\
\xea\xb3\xe7\xb6\xb5\xcc\x039\x7f\xfc\x85\xac\xfc\xe3\xbdm\
\xadU\x83\x90_~\xb6\xad\xf5\x17@\x9f\xdb\x1fnk\
\x1b\x019t\xc56V>\x91\x86r\x0d|~'+\
\x9f8\x00\xe5\x09\xf0\xf9\x17\xac|\xe2\xbbm\xa8\xcfm\
8\xb6\x0d\xf5\xb9\xb3>\xd1v\xdcB\x18\xff\x0fNm\
\x1b|\x1c\xf8\xddeGa\x9984\xdd6\xf4\xa1\xb7\
\xc2z\xdc\xdev\xe6\xab \x0f\xf6\x7f\xbcmw\x06\xf4\
\xce\xa3\xbe\xdb\xb6\xe7\xc7\xff\x01\xe7\xa1\xbb\xdb\xc6z\xaf\
\x01\xf9w{[\xe6\xb4\xf90\xdf\x81\xb6\xdc\xa9C\x84\
\x9c\xf8i,\x13\x87\xadl\xab\x5c\x06\xe7\x96\xa7\xcfm\
\x9b\xf8)\xe0\xe1\x0fK\xda.\xefl\x07=\xf8\x8c\xb6\
\xb7\xfd\xfd\xdd$1\x7fy\xdbU\x1ba\xbes\xbf\xdb\
\xf6\xd1G\xda\x81\xaf\x9c\xd9\xf6\xedEG\x00\xff\xb9\xbf\
\xed\x9e\xede\xe0\xab\xc9\xb6{\xff\x0d\xf0VY\xd1\xf6\
\xc3\xc7\x80\xef\xfehK\xdb\x83'\x83\x5c\xdcyK\xdb\
#Wm\x86\xcfW\xb5\xfd\xe6\xea5\xd0\xefCm\xbf\
\xbd\x9d\xda\x1d\xf6\xb4=J\xf9\xf9\xca\x8b\xdb\x9e\xfd\x0e\
\xd0_\xf6\x98\xb6WZ\x81\x0f\x5c\xf6\x8f\xb6W\xba@\
\x1f\x98\xd3\xd6\xf6\xfa\xa7@\xbfu\x0f\xb4'>\x03\xfb\
\xe4\xe8\xcf\xb47|\x10\xe4\xfb\xa9\x17\xb57^\xf69\
\x92h(\xb5w\x1c\x0dr\xbb\xf8\xb9\xf6\x8e\x8f\xc1<\
gT\xda\x8fZ\xfa\x22\xac\xd3d{\xf7\xe7\xbb\x01n\
S\xfb\xc9\xb4\x5c:\xdc\xbe\xfe\x96\xaf\x80\x5c;\xa1\xbd\
g\x09=o\xdd\xdf\xbe\xf5:\xa8\xd7pk\xfb\xf9\xa7\
C\xbf\xbb\xaen\x7f\xe7\x11\xb0O\xf7\xf5\xb5_GK\
cU\xfb\xbb\x13\xc0g[\xcfj\x7f\x1f\xfd\x5c8\xb6\
\xfd\xe6\x0d\xe7\x90\xc4\xb2[\xda?D?\x8f\xadk\xff\
l3\xf4\xfb\x96M\xed_\xb6\x7f\x0bx\xffT\xfb\xd7\
\x12\xb0\x1eGld\xe5\xcb\xff\x83e\xe2\xc2\xdb\xdb\xbf\
y*\xe8=\xff\xb8\xaf\xfd[\xb4\xdd\xf0\xdf\xdb\xbfM\
\xcb\xbeU\xed\xffC\xcb\xd3\x17\xb6\xdfE\xcb\xad\xc7\xb6\
\x7f\x97\x96\xdbg\xb7\xdfG\xcb]/\xb6\xff\xec\x14\xd0\
\xdb\xda\x1eh\x7f\xc0\x04\xb9\xf96\xad\xfdW\xf4\xfb\xa1\
\x96\xf6\xe7\xe9|\xd6\xbd\xbb\xfd\x05Z\xaey\xbe\xfd/\
\xb4<\xa5\xa5\xfdeZ\x9exq\xfb\xabc\xef\x83\xf3\
\xc8k\xed\xaf\x95`?\xfc\xe5\x90\xf6\xd7\xff\x0d\xf8\xf0\
\xa1\xeb:\x0e{\x0b\xf0\x15\xfb\xec\x8ecza|\xa7\
\xfd\xb0c\xe9\xaf\xe0\xf7\xc7^\xecHO^\x03\xfa\xda\
\x83\x1d\xeb\x7f\x0f\xeb<\xf3\xd9\x8e\x0d\xc7\xfe\x09\xe4\xc2\
\x1f:N[\xfcs\xd0'\xe6w\x9c\x7f\xf6G\xa1\xff\
\xf1\x8e\xb1O\x01\x9e\x9e:\xbd\xc3\xbc\x1d\xd6\xcb\xea\xef\
\x18\xbf\xb7\x13\xf4\xe6r\xc7\x95C\xb0?~\xf1D\xc7\
\x0d\x8f\x02\xbd\x98+:>\xb3\x00\xc6;~Q\xc7g\
\x80\xcf\x90\xc2\xee\x8e/>\x0fx<\xb6\xa5\xe3\xae'\
A\x8e<;\xb7\xe3\xfb\x1e\x9c\xf3\x1b\xae\xed\xb8\x7f\x18\
\xf6\xc5\xaaFV\xbepv\xc7\xfdO\x7f\x1f\xf4\x13\xad\
\xe37\x13\xb0\xfesfw<z.\xf0\xfd\xf5\x0bY\
92\xd8\x81t\xb2\xea\x97\x1d\x7f\xfc\x12\xf0\xa5\xab\xff\
\xb3\xe3\x85\x99pn]yN\xc7\xab\xdf\x82\xf3G\xf2\
\xd5\x8e\xbf\xaf\x86\xf1\xfd\xe17\x9d\xb8\x0f{n\xec\xc4\
}x\xce\xa7:[\xd3\xc0\xff\xd6\x8f\xb3r\xe4:V\
^\x98\xec<\xec\x8d \x7f^\xffr\xe7\x91s`\xff\
o\xd8\xd0\xa9\x9d\x01\xfd\x8e\x8dt\x1e\xf3\xe0\xe5\x84l\
u\xb1L\xb4\xff\xaas\xc9\xf0\xd9\x84\x9c~[\xe7\xca\
\x96\x87\x09\xa9\xbe\xbbs\xd5+0/\xbb\xb3\xf3\xe4\xc4\
\xf5\xd0\xef\x1d\x9dg>\x0fx\xbcdv\xe7\xf0_M\
\x98\xdf\x13\x9d\x17\x02_&\xe7\xfe\xb1\xb3\xea\x82\xde\x7f\
H{\xe7\xc5;`\xbf\xaf\xff*+G~\xc1\xca\x0b\
wt^\xfa<\xe8\x05\xa7\xed\xef\xbc\xec\xcf\xb0>\x8f\
}\xa8\xf3\xedo\x06\xb8\xef\xbd\xac\xf3\x9a\xab\xe0\x1cx\
\xdca\xac\xfc\xfd;:\xdf9J\xed5'v~\xfa\
\x0d\x80\xd7\xaeJ\xe7\x97\xfe\x0c\xfc\xee\xdd\xf7v~\xe5\
\xf5W\x80\xff\xa6Xy\xed\x8e\xceo\x5c\x01\xf2\xf1\x81\
Ov\xfe\xe8Q\x90\xfbw\xdf\xde\xf9\xdb^\xd8\xc7\xfb\
\x0e\xed\x22\x17\x01\xdcw^\xda\xd5<\x04\xf2d|a\
\xd7a?\xfb2\xec\xf7S\xb1L\xcc\xbe\xab\xeb\xf0\xe3\
\xa1\x7f\xf3\x83]\x8b* W\xb7\xfe\xaekM\x1b\xf0\
\xdf\x0d\xbf\xeb\xda@\xcf\x9f\xa7>\xdd\xb5\xf1\xbc\x0b\x09\
\xb9\xe0\xb1\xae^\xca\xe7\xe6o\xe9\xea}\x0e\xe0\x1e\xb3\
\x90\x95W~\xb5\xab\xff.\xd8\xa7\xda\xba\xae\xe1\xcb\xe0\
\x9c\xfa\xf7\xb5]\xbb\xbe\x0dz\xc0\xef\xb6u\xed>\x00\
\xf5W\xb4v\xed}\x0b\xe8\xf3\x87\xfc\xb2\xeb\x5c\x0a\xef\
\xa4\x9fv\x15v\xcc\x80s\xf4\xbbY\xf9\xbe\xff\xe82\
\xd3\xb3@o\xf8PW\xf9)\x98\xd7/vu]\xf1\
\xe6\x16\xd0_\x0f\xebz\xcf8\xe8\xcf7Nv\xbd\xef\
\x0c\x90w\x87l\xeb\xba\xa5\x17\xf4drM\xd7G\xb7\
\x00\xfdZ\x17u}z\x13\xc8\xb3\xdc\xe6\xae\xcf\xedm\
\x00\xbc\xb6v}\xf56\xd8\xd7\xf9b\xd7\xb7\xcf\x82~\
\xaf\xact\xdd\xef\xc1\xb9\xf5\x95\xb5]\xbfz\x02\xf0v\
\xdc9]/\xad\xb2\xe0\xfc\xfc\xc1\xaeW\x9e\x03|\x5c\
p\xc0$\x09\xa7\x1dZ\x92\xe5\xa4\x97\xd8\xa4H\xcaD\
'%R%\x1a\x19\x80\xd2#\x0e~6\xe0/\x8d\x9c\
AL\xa8a\xb6P\xbbw\x13\xfc\xef\x90^\xbbX\xd6\
KUm\xa0\xe49z\xc9\xf0\xb43\xcc\xa2\x09\xfa\x02\
\x99\xd930bx\x9eY\xca\xbb\x9b\x1d3\x9b7\x12\
\xb4\x8f\xc5d\x0b\xc24\x00\xaa\x86p5\xd2C\x86\xa0\
'\x8d\x8c\xc3\xb7U\x92\xf6a\xcf\xdaR\xf2\x0cG\xd3\
KZ\xcf\xd0\x806nT\xd3\xf1p\x17\x01\x8c\x0a\x19\
#\x16\x8c/\x03\xb0\xfa\x00\x96\x013\x19\xc1r\xdc\x87\
\xd95T\x19\xb3\xcc\x8c\xd6g\x18\xe5\x11\xc3\x18\x8f\x87\
\xb8\x83\xec\x82\xd1\xe9\x08\xd3\x00\x88\x1e\xe0F\x03\xd8\xf4\
\x93\x8e\xa3\xf7H\x01\x7f\x09\x8d\x1f\xfe\x1a\x85\xdf\xab8\
\xbf<\xfc\xcf\x048rVKw\x95\xf41\xcb\xd0<\
[\xcbX\x86\xeeh^\xc1\xf0'\xa8\x8d:UM\xcf\
\xebf\xa9\xce\x5c\xcb\x91#s\xe1\x9b\x09\xfe9n\x5c\
\xbd\xf8K\x06\xbe\x91\xb5\xd8\xafl-\xb2\xf8}\xfc\xd8\
O\x91cw\xf5\x09#8\xf4\xde\x82\x91\x19\xc7\xaf\xe0\
#\xacZV\xf3\xa61\x99\xe1\x98\xc9\x18\xf89\x83D\
''D\xa7S\x84\x1aY\xfc}*T\x1f\xa7\x0c\xd7\
\xb0\x8c\x8c\xc7\x06<\xa0\x15\xed\xacaM\x0f\xd9)\xe8\
u\x0cz\xac\x10\xcf\x87\x9b\xec\x19\xb3+\x1em\xd3\x86\
\x7f\xed1KY{\x12\xab/$\x9b\xa1\xaa\x09\x83c\
\xb8\xa4\xbb\xc5 \xeb\xe0\xef%d\xb5\x0f\xa0ss\xc5\
\xb4\x00?f\xd1X\xa7-Y\x1d\x09)\x1d\x0b\xa9\x82\
\x08\x9b\xc0\xe9Z\x02u>\xecCU\xd8\x95\x92>\xa1\
\x9b\x16\xc5Bd'\x8dd'9\xc3o:c\xe7\x19\
\x91\xb5\x1cX\xa32\x0cC\xc7\x8dK7\x81 #W\
!\x1c\x83\xec\xe7\x1b\x9b\x0e\xcf\x82o,\x5c\x0fQ\xcb\
\xc1\xb6Y\xf8\xce\xf5\xd7\x9b\xb6\x1b\xc3\xf5\xa3+\x9a\x83\
\xef+\xf0\xbd\xa7\xac\xe1\x1bv\x95\xb3\xbagh\x19J\
].\x92\x95\xb1\x1f\xd8BI\xb74\xcb,\xd1\xaf\x1c\
C\xcb\x9a.\x9dcV\x1b\xabjY#\xa7W,/\
\x1d9\x95yd7\x0e\xd1\x85a\xd80\xb8\xf0\xca\xb4\
\xed6\x1c\xd7\xb4Kq\xcb\x92x\x91\xacF\xba\xeb\x07\
\x00\xfb\xf9\x0c\x1cd56\x94\x1e\xc7\x83\xfcT\x82\xbf\
<^\xc7\xc5\xefK\x88\x83\x12\xd0k\x1a\xa8kM\x0d\
\xb4\x22b\xc8\xe5u\xc2\xd0\xb3\xc8\x88\xd9\xd2\xbb\x08\xe1\
\x84\xc8\xf1P\x9ae=\x8b\xf5q\x01\xb7t\x04\x06\xff\
\x9c\xe3P*|l\x1a\x8eM\xf4g\xf0\xd5f\xf0(\
\xc9\xb1\xde\xd6\xd6\xf4fA\xbb\x0c_\xf12\x12d\x15\
z\xd79\x9b\xa1\xc8vp\xf4\x8c\x0ar>\xf3\xa7T\
\xa4\xe3\x1c\xc5Lw\x01\xbb\xde\x8c#\xf5\xb0\x05\xdd\xd3\
\x06\xf6zbM\xaf\xbd\xc0\xdcv\xe1,\xe8x/\x84\
\x11\xd2ye\x90\x96&\xe1;\x93\xd3j\xed,\xc7\xa0\
\x8c\xc2-\x83\xabc\x1d\x8a\xab\x0c\xfcg\xe0JHj\
<R\xa7\xe4\x90v\x80\x9b\xe8\xae\x91\x9eX\xbdo\xf5\
\xbeU\xe9\x9c\xb9\xdfp\xd3cv\xb6\x1aIs\xf3a\
\xafR\xa2\xa1\xff[\xa5L\xc3\xf5\xc1ju\xc0z\xa6\
\x17\xbdy\x13iN\x8a=0\xf0,\x1f\xbe\xe9K\xd7\
\x09\xbe$.\x12\x8c\xc7\xa7\xec\x22Jl\x5c\x80=\xf0\
\xdd\x0a\x1c\xcdJ@\xbb\x85(\xf48\xd9\x1489\xac\
\x80\x7fs\xf0\x9f\x86K\xec\x22B$\xd9\xaa=S2\
\xc8c=\x1b\xffv82)!\xe7\x01R\x11\x17\xc8\
S6<\xd55\x18\xcb\x96DJ\x99\xc2\x04g\xee\x82\
\xb4{}B18/4\x90D\x82\xcb\xe7\xfa\xc2c\
\x1b\x08\x85\xedd\xd0\x9fi\x11IY.\xe2\x11\x91\xd8\
.\x19\x93\xf1K87\xb4\x84;\xa0\xe3I\x1f\xe0\xa2\
X\x80\xb1\x8bGZ\xc8\x99\xc8\xde\xa5Ti<\xb3b\
\xa2Pi\xe8)\x97\xb9\xec\x19\xe5S\x95\x0c*9j\
\xb8\xde\xea\x98jk\x82\xd5\xd6\xc4T;!X\xed\x84\
\x98jk\x83\xd5\xd6\xc6T;1X\xed\xc4\x98j'\
\x05\xab\x9d\x14S\xed\xe4`\xb5\x93c\xaa\x9d\x12\xacv\
J\xa0\xda6 \xcc\x0c\x12b\x85\x93\x1c#\xc72'\
\xc8I\xfc\x9c\xe5D]\xf2y\xf4\x18r\x0c\x03U`\
/\xa0\x8a\x1e\xd3\x93\xc9\xd8\x95\x92\xa7\xd9\x8eV\xd6]\
w\xd2v\xb2ZF/\x95lO\x1b34\xa3X\xf6\
\x98v\x9a\xea\xa9x\x05E}\xd8<\xed\xa1\x98H\xc1\
&21\x1b\x99&S\x7f\xe4 \x8e\x8a\x1a\x84\xe9j\
f)c;\x0e\xa87\x91#\xd8\x04\x8c\x92\xe9\xac.\
\x9f\x9e\xd4\xbf\x85bU;\x9a(uJ\x1bB\xfa\xd6\
\x0cT\xcb\xa9*\xe5\x8fBjQ\xe1\xee7\x02Og\
\x0c`\x05\xdf\xea&\x97\x04\x16NQ\x87\xee\xaa|\xe2\
t \x0e\xb2\x11\xa7\x96\xf3\x8e\x98\xf9\xd2\x0a\xb3D'\
\xac[\x8e\xa1g\xab0q\xad\xec\xd8y\xc7p\xdd\xc8\
\xbew\xd4\xf4\x1d\xe4\xeb9\xd46\xd2\xc8\x0a)\xcb\xc9\
 K2H7|s\x11JK\xa1\xcd\xd0o/\x91\
*\xbc\x18\x8b[\xc9d\xa0\xf3\x5c\x05\x94\xc9=\x86\x95\
\xb1\x8bF\xb7vQ\xc5\xa5\xeaI\xd1\xb8$jL\xe7\
\xf9c\x92\x0c\xbb\x1bi\xaf\x12\xd0u\xa3h\xd5\xc6\xf1\
f\x15\xad\x82Q\xacP\xfd\xb3\x0a\xbeV\xd21\x82B\
d\x96\xba\xb5\xb1\x8a\x17\x5c. #P\x119\xf1R\
M>\x1b\x89\xbf\x05\xfeX\x85\xbcD\x82\xa0\xff\xf9\xfd\
t\xd0~@g\x86\x8e\xd2\xe9H(\xb7\xc3\xa6es\
\xd2C[a\x92K[\x07\xf7\x9c\xcd\xe7\xa0b\xc3\xe4\
\x8c]\xce\x90\xe2\xc1\xc1\xbf\x18!\x9b\x5c\xcc\xc5c'\
\xcb\xcf\x12L\xc2\xd3\xd5\x0en\x08\x07\x7fs\x02\xfb}\
\xd7(\xa0K\xe7\xdbmRw5\xc7(\xda\x80&\x86\
K\xd3s\x19\xd6\xb4\x8ccda;\x98\xa0\x8c\x06p\
\x0a\xc7\x0b\xc3\x03\xac\x8a-\xe3\x18p\x16\x8a\xc4\xce\xa0\
\x8f\x1d\xf5\xcc#t\x91 \xbeJ(\xde,\x14\xccy\
\xbe\x85\xa9\xb6i\x22KTw\xcb\xb1t\xfc\xec\xcc\x03\
\xa3\x14\x13)\xd9\x9ae\x97\xf2\xb0y\x8d\xfd\xa6\xebE\
o\x9al\xcc\xb9\xd7FF)\x8fd\xf4\xdbA8g\
\xd3Sf-RkO\x91\x1a\xaa\x86\x8c\xf3\xc8\x81\xae\
QN\xc3v\xa9\x84g4[\x1b\xec\xeb\x19\xf2q\xe7\
\x9f\x225\x0b\x0e\x02N\xe4\xa0\xdb\x81Rm\xd4\xf12\
\xcaQ\xa8i\xc4\xae8\x19\x94\xbf\xed\xbdp\xe4\xdb\xb2\
\xbf\x0c\xe7\x07\xc3\xc1&\xdd>\xe2\xa9\xd5\xa3\xcc\x99\x10\
%\xb6\x91Z&\xe1\x83\x9cG\x11\xdbk\x97\xab\x94\x0f\
\x8d\xf8\xdb?\xba\x8b\xc5\xa0\x5cQM\x94i\xdc\x16v\
1\x8c\xb4n\xe27\x80\x0ai\xec\xe8wL\xa3\x94\xb5\
\xaa\xda\xb0Q4)\x08T\x1bz\x1d\xdd-\x04\xce/\
\xc3\x81\xe3\xc0 \xb2K\xa9I\xb6\x0d\x1be\xdb\xf1\xb4\
A;\xefF\x02X\x84\x00\x5c<C0\x10C>\xcf\
\x05>'\x0d%\xc3 Vu\x804D9\xac^\x8c\
\x04\xf6&d\x9ct\x95\xcb\x5c\xeb\xa3\xca\xfc\x01\xaex\
\xdb\x01\x19#$[\x097r\x89\xa3%\xc3\x0f\x94:\
g\xb7\xf2@\xc8lC\x15\xa4\xb9\xfdx \x91\x1b\xc3\
?T\xf8\xc3\xdd\xb4\x07\xf6k\xd9\xb6\xec\xbcy\xc0\xd0\
r6\x93OT2\x96&\x8c\x12`6\x03GH\x1d\
83\x1e\x11\xf5\x12\x9c\x8c\x8d\xfde\xb6=\x0c\xc7\xb1\
\xa3\xb1}:9\x83\xdbP&`\xbct\xc1\xc4\x06\xd4\
\xfdC\x5c\x9c@c\x87&\xc1:%\xc5/9ch\
@\x9b0\xb3\x06\xdd\x8cz\x16Y\xa7\x14iN\xa5D\
\xb9);\xbc\xf6\x19c\x95\xbcB\xe5k\xd1\x9c%\xed\
\x22zh`9<\xe9\x18\xfc/\x07WYv\xbc`\
\x84\xd9@t\xde{\xce\x84}\x973\x1d\xd7\x8b\xee\xad\
\x1d\x94\x17\x8a\xe4I\xba0rOmv\xecI\x17\xf7\
\xd4\xbc~\xab\x02\xcco\xa0dR\x06h\x1ep\x14\xcc\
\xb5\xc3\xae\xd2\xf9\xfa\xca\xdd\xd3\xd4\xab\xc3BX\xd3i\
\xec\x88\x13\xa8\xd2\x18P\xe4M\xd9\xf3l\xb51\xb3a\
\xfa Z\x19\x08m\xa04\x15\x94ca\xebZ\xfcP\
\xe9\x01G\x1c\xe0\xd6P\xd3\x179\x94\xce%\xfd\xcda\
\xb0v\x0dh\x12\xdcT}\xb4\x80\x82\x82\xaa\x85<\x02\
\xec\x00\xb5aj\xeclC\xf9\x86\x86;\x89\x9dm\xb6\
7n\xe0\xe9\xa5\x9d\xfd\xa949\x06\xf84;Nk\
\xfeyK\x83Cs\x11E''\x1b\x1f\xd4\xec>G\
\xa7\xf2\x1c(\xe5\xc2\xa2\x85tB\xc1v\x00XJ\xb1\
\x81c\xd16.j\x07\xf9\x9ePYZ\x0a\x1a\x00#\
\xd29/\x8bh?\x0f\xa4\x87\x87\xac\x88\x1a\x03\xc4\x09\
Q\xe1f=\x9e\xa7g\x0aE@\x05r\xb3\x99\x03\xae\
[1\x94/\xb9\x8a\xd9\x87\x84ZV\xb6\x00\xdd\x91\x05\
\xe4\x13\x86\xafs\x07\x8d\x8a~M\xa9b\xf69v\x19\
\xa7\xebj\x05\xc31\xa8\x9e\xcd\xed\x86\xf8e\xfc\x08\xba\
\xfd\xf9\x0b\x9e\xa0G\xcd+\xa4:\xcd\x1b\xe4\xfb_\x97\
\xe0\xb8\x0e\x15\xdd\xcd15\xfb\xbf\x1e\xf2f\x8b\xfd>\
\x1d\x1c\xce\x0f\x81\xae\xc5N\xfb\xc8\xb4P1\x1fm\x85\
A\x16\x19\x9cv\xfb\xae2g|u'\xbb\x80[\x17\
\x18\xad2\xd5\x9cOR*\x9f=Y\xd0n@s(\
\xd2vHd\x08\xab\x97}\xe1N\x8f\x15E\xb4\xe9\xe4\
W!\xe1\x0e\x9b{\xebv53\xd8L\xc1^\x8b\xa8\
\x17\xd3\xf2\xd8\x1a\x0a\xca\x04!\x85\x908G\xd0\x0e\x9f\
\xbb \x9c\x08\xd0\xd4ZaG\x00\xd4@L\x19\x01\x09\
1s\x87\xed\xc3\xd3\xaa\x86\x97\x8e\xc5\xe8\x08^\xb6\x14\
\x03\xf6\x8b\xa6\x91\xcaX\xd1\x8cC\xcd\x02\xb5\x8do\x8e\
\x0a\x9f%\x10\x82'I#\x02\xd0<\xbc\xdbq\xf1\x18\
`\xe2A\x1d-\xb9\x92g\xf4\x19n\xc61\xcb\x9ei\
\x97$u)_r5\x88!%\x1b\x05K\x19R\x17\
\xa0$+\xdb\xa6\xe3!NIf]\xbc\x99\xa7\x9b\xd6\
n\xd3\x10\xf7\x05\xbd\xd8#\x13\xd8E\xd4x\xfc\xed#\
\xef\x0bz\xed\x12H\xea\xa2V\xc1\xad\x13\x0b-\x05\xb8\
arOR^\xb2\x0f$\x9e\x1b\xdb\xa4\x13\xd1\xe9[\
\x94%\xa5\xb3z\xf1\x0d\xdbA32\x90\xeb\xaa\xb2\xa3\
i\xc8\xb0\xcbL^\xc4\xb4\xda\x151\xbf\xa6]\xf5\xe7\
\xb5&\xc0T\xa4N\x99\xe5|\xbf\xcc\xf5B\xc9\xfdO\
\xf3a\x1f\xc6`\xa3>\x98\x05\x06_\x06\x8d\x0fy\xd8\
iup\x120\xdaH\x9cp\x03\x0c\xaaK\x03\x9eQ\
t\xfbm\xdb\xe3\xca\xfeL\xe4\xa0\x8a\xa5U\xee}q\
\xad\x14\xd9n\x14:\x13\xe7+\x0f\xe7c\xf1\x19\xea\xbe\
\x92'L\x11\xc2`\x15\x96e6\xffM\xdcMJ\xfa\
]\xdeC\xcfU\x9ec[\x80\x00\x9d*\x7f\xd4:A\
MWB\xb4\x81\x90\xc3{H\xbe\xdf\xe8\xe8v:f\
\xde,\xe9\x16\x8e\xef\xf3S\x8c\x8f]\xe8\x08\xc3\xbf\xab\
\xf0k\xcb\x1f\xa1\xc9\xaf\x16l\xb4${x\xbat\x15\
(bV\xec\xc0.O\x02\x1e\xdf\xa3j\x0fl\xee\x13\
\x88\x0fv\xf4\xcf\xe2\x05DE\xe5\x95\xfe\xfc\xcf\x0e\xcd\
?k\xbaeK\xaf\xba(5,\x8a\x00\xd8\xbf\x9a\x9d\
\xd3<}\xcc\xc5*\x145p\x82\xc7\xa3\x02\x1cEy\
\x03\xc0\xd6\x84\xe1\xc01?kg*\x8c\xe1\xc6\xe0\xeb\
\xce)\xf0\xc5L\x11\xaeB\xc5ru\xc3\x1a\x8a\x83,\
\x9ba\xd4\xf1m\xe0\x0c\x8b\xcc\xbe_\xf1/5\xaa\xfc\
jtB\xd1A4<\xe3R\xcc\x8cE\x8cI\xf7M\
\x09L\x95p\xf8\xa5\x8d\xc4\x9e\x1e\xc2\x9eex.n\
$$\x22\xa1\x1b9v\x11\xd0\xe9\xe8\xa5\xbc\x01\x88\x9c\
\xd0Auu\xe9)\xabhO\xa0v\xa3\x8d\x16*\xc5\
1\x1f\x92Nm\x10\xa0\x958zf<\x0e\x89\x17O\
\x81\xc4\xe0m\x9a4\xfdKTR$\x94\xb9\x15I\x5c\
.8\xc8\xe5\xd8%\x86\x8e\x07\x7f\xe6.\xc0\xee\xa9&\
8\xf9\xc8\xe9o\x0cM\xdf1\xdc\xb2]\xca\xba\x94.\
\x10\x03f\xa9\x5c\xf1\xf0N\xd2\xd1M\xd7pu\xad\xd7\
23\xe3\x1a\xd0J\xc9\x8b\x9b[#\xbd\xc7\x96w\xae\
=\x031\xf5\x18\x17\xa2f\x14\x1c\xa5\xca\x85\x9c*t\
\x13\xd3\xecRhV\xe2\x08`\x17\xb0\x06R\x06\xb3f\
\xb0+\xb5\xb8\x9d\xa5#/]\x01G>v\xa8\xd4\xb8\
\xa1\xc0C\xc4f\x94{\x18\x06_\xbd_\x09K\xce\xd3\
zJ\x80\x1f\xcb,\x19Z\xd1p]=o\xa8\xdbI\
/\x97WL\xc21Ts=\xdd\xab\xb8\x99\x02\xa5\x1e\
\xa8\x0f'\xf7\xa2\xeeK\xda\x88\xe9\xa5\xe0TJ\x85@\
^\x11:\xc9\xcd:\x1cZc\x1a\xcc\xc6\x06\x8e\x7f\x8f\
\xe4(\x0c\xbdu\xb3\xeeh\xbd\x05\xdd\xf1b\x1a\xcf\xc3\
\xc6.w*\x19\x104%\x95\x8d\xcd\xbakf\xe0\xcc\
W\xae\xc4\x81X\x80\xc7hf\x17\xc8\xa0U\x80\xeeF\
\x1c\x93T|6\xd3\xd3\x7f\xc6\x81m\x02#\x8a\x014\
\x1f\x1d\x02\xc6|\xc3\x5c\xedt\xda7W\xc6\xa81\xad\
\xde\x8c:\x11\x8a\x87\x04PR\xe5\xfd\xe6\x8a\xe7\xd9%\
7\xa6\xd9B\xd4n,n\xca\xa2\xdd\x0e\xf1\xad\xa3\x9e\
\xf8:{u\xcb(eug\x08v\x81\xe1\xc4\x0e\xa1\
\x17)\xcdc\x14\xa5(\xd7z\xd9\x03J\x88i6\x13\
\x9b9(\x95\xdd\x80\x92\xd5\xd2\xab;6lH+\x96\
fjq\x95\xac\x87\xa4\x99\x8a\xa7\xccf\xe8p\xbf\xd2\
\x15\xf5C\xd8l\xef\x8fi\xd9\xc2\x99JY\x9e\xe9\x81\
%\x94c\xc9\xab\xd7\xbf-\x8d\xc2g[\xafm\xd9\xf5\
\x91)\x8e\x1c\xf4\xbe?<T\xbb8f\xc7\x0fu\xae\
\xaf,Fu\x9d\xa2jc\xdd\x9eS\xa89RK}\
^Q6\xa9\x11)\xa6A;40\xb9\xd4\x91M\x9a\
\xfaL\x90\x08\xf9\xd8\xe9mA\xeb\x9f^c0m\x11\
\xa6\xd6\xd8\x96\xfdl%\xc8n\xb45\xca\xeb\xda\x96~\
X\x11\xaa\xec\xc5\xaea?\xe3kr\x0d\xfb\x81-\xc5\
\xf6\xb3\x95\x13e9\xbc\x00[\x81*\xcb\xf5he\x1b\
\xbbp\x92\xfdl\xb3\x8bF\xecr\x1d\x8c\xad%j\xb9\
\x06\xb8@U\xce\x06\x03\x99\xf8-O\x1b\x14\x99\xc0P\
\x1a\x14\xf5XN\xdb\x89\x0c2\x87\x84\xa8r\xb7\xe6\x01\
`\xeb\xf1|\xad\x1d&D\xc5O\xd0\xc7\xaaiP\xaf\
\xda\xb1Lu.\xb4\x11\xa2\xadvo\xa7\x06\xa9\xd4\xa9\
\xb7\xc1[\xc8vde\x15\x89\xfa\xedF\xa9\x12\xbbM\
\xb7s\xbf$\x13\x9d&J\xa8rJ\x82j\xdb^\xb1\
<\x93\xd9\xb5b\x07\xbc\x03\xaf\xb0L\xbc\x0f\x09\x9fY\
S;\xf4\x093\xaf\x8b#k$\x92vr\xd7\x9d\xad\
dP\x22ig\xd9(m\x1d\x8c]\xc0\x9d\x5c\xc7\x94\
k\x91\xdc\x09\xea\x9b\x13;\xc8!\x5co\x13/\x80j\
\x069\xa4\xd3\xaau\x06\xb9\x18\xdb\xd3U\x19@\xbeR\
DG\xcc\x80\xbf\x97\xbc\xef\x18\xd2K\x06\x05\xa1\xf5q\
\xdf\xad\x18\xa0kj\x80\x868B\x9dN\x0e\x13\x9d\x08\
^1Ug\xb3\x91\x17FSU\xeb\x90Y\x9f\xa8R\
\xd8x\x82\xeeR\x89\xef!s\xc2\x8ek@\xef^l\
T\xbe\x1ct\xa6ajBT\xdf3\x87l\x0bT\x95\
\x1eP\x13\xa6\x1c\x82\x8d:\x8a\xb2\xc9\x87\xecr%n\
\x93\xdf\x82\xd7?\x06\x0aTa\x16\x9a\xea\xfcf\xf2u\
p\x03*y\xedi\x86\x9d\xear\x9c\x0b\xb3\x1a\x8cS\
\xe6\xe1\xafn\xeead(\x105\xe5\xcc+<\x1e\xa5\
Fy\xe6\x10(\xe0h\x9b\x0a\x1f\xdeL:/\xa6\xa3\
\xfb\xa7\x138\xc7\xe5\x80\xcf\xc3\x17\xc0\x85\xf3\x85n\xcd\
\x06\x9e@+jx\x0c\xa6\xfe\x91q:\xe6\x81\x08\xa4\
D\xab\xbb\xea!\x8d*\xd3\xd4U\x8a\x19\x9d\xd9\x8d\xad\
+o%}(bz:\xear\xec\xa0;\xc1D\x94\
2\xd9\x0d\xfed\x15\xa5\x98\x9d\xb5\xb2f.g8\xf0\
\x9b\xe6\xe2\xfd\xa6\xcbl\xf5p\x82\x1d\x833\xeb\x04\x08\
\xb6t\xac\xac\x1a\x0a:XHY5\xc4\x1d)b\xf9\
\xcf\x99d\x18U\x8d\xacj\xed9s\x98^z\xc6\xb2\
\xcda\x94Sq\xdaw\xdb\xb0\x9e\x9dR\xff\x1e\xe6F\
Q[\xd5[\x03 L\x9b\xa9\xae\xb1\xfa\xf70_0\
zr\xe9U\x8f\x94R\xff\x1e\xd6\xa9\x81\xa6\x97\x1d\xf6\
by\xc30\xdf\x0e\xec\x10\xa4\x9a\xbdZ\x87\x81\x18\xe1\
\x08c\x19uF\xc1\x9c\x1c\xd8\xadT\x94\x0c\xef\x186\
\x8a\xb6g\xd4\x17\xe3\xed\xea\x05\xb0\x5c\x08v\xed\x1b\xd3\
\xa6\x09\xdaT\x14\xac5\x0cW\xe2\xb15\x82\xfb\xd6\xf3\
}\x84j\xd7\xadc$\xa3{\xd4\x05\xa8>'\x1aA\
\x86`\xa8\xccp\xa4`\x18^\xec\x09\x836`\xf7\xda\
\x19\x5c\xea\xc8\x13\xc6H\x01\xe6\x99\xa9xuUSj\
\xa0\xb6\xf8\x19\xd6Q\x0c\xd4\x96\x19\x8f\xd8y\xd0\xa6\x8c\
\xad\xbcH\x85\xa4m\xa4l\x99^]\xadd\x11\x80\xf0\
P\x82\xe69\x17\xc8F\x82\xea\x1a\xf1\xf4|\x1e\xb6p\
\xb6.\xb8\xf9\x1c\x1c;}G\x01j\x1f\xc1\xd3s]\
(\x9dhxw\xd0\x11Vu\x8eh\x1e\xa989=\
\x13\xaf\xcc\x8d\x22\x87\x0a+\xcf\xcd\xa3\xfaX\x1d\xddy\
6oF%G\xb8i\xeb(\x15\xbdu\x15o\xee\xde\
'\xb52\xea\xdcW\xb7\xf6\xfe`\xed\xfd^\x9d\xf90\
\x0f\xf5\xa0\x92\xdeL\xdb\xc4\xeb\xe8w\xfa^\x225\xf3\
\x8a0P1\xf75q%/di\x0e[Q7\x1d\
qt\x9f\xe4\xf6\x968+L}\xf9\xcb\x1c\xf1u_\
\x9c\x88Kzi\xe8b\xad\xa9\xa5A\xd5\xf6u\xea\xbb\
\xe2\xaf\x81o\xda*;6u\x08\xa0R5g\x19\xfb\
MjA\x98\xd4\xab\x01kMH\xdefuO\xa7B\
\x87\xba\x02\xa0\xf9\x0b~\xae\x14\xeb\x9c$\x18\x12\xd5\xa3\
N\x12\x06S\xacG|\x05\xdfQ&\xaf,V\x81:\
\xc7\xe4c\xf5\xd7Q\xae4D\x9ehGA\xe4Oq\
\x96\x16\xed\xb9\xe1L\x8aG\xda\x96\xda\xb2b\xb7\xea(\
\x8aU\x94\x0a\xb0\xe1&\x91\x8ddHAn\xd5Q;\
\x0f\xe2ad\xd2\xf42\x85:\x14m\x07\x04S\xe3\xa8\
\x1d+\x8f:Em$\x90\xb2\x82$h\xe3\xc5\xda\x1c\
X'\x15\x051\xd0I\xa5\x1eJ\x1cd\xe35\xa7\xe8\
Q\xc7\xa8\xb7\x99\xe9bTQP1\xd7\xa22\xach\
UY\x8cj\x99\xfa\x15\x95\x0b\xd5XN\xb2\xc7\xf7\x17\
+\xa2\x04\x92\xaf\xb8Z\xf7PO\xb0\xa2\xee\x8c\xc76\
^BV\xf3\x0b\x22\xf6\xe6@n\x83\xd6%\xab\xb5\xac\
\xa3\xe7\xd8]\xec!\xa7\x9b\x8e\xce\xdcB6\xeb\xb04\
\xcc\x1a\xe1\x1b\xdctn\xa5\xd2\x22]R\xda\xb1\x89&\
\x1dS\xea@\x9b\xf2~\xb0N\xdbS\xd0\xaa$\xb4\xe5\
a\x14,E\xff\x00\xcc\x9e\x8b\x88\x9b\x00\xc6SN\xc7\
\xfbDi[[\xd8kQ\xfdw\xd8\xc8\x16\xe9\xd9\xd8\
\xa4\xb7^h\xc7\xa6\x9dN\xd1{7W\x87\xcb\xb8\x0a\
\xe2vAA-{CCV\xc2\xbf\xd2\x03}\x1e(\
\xb0e\xdd\xa17\x00\x0c\xdb\xda\x92\xd5+\x97\xac\x99\x12\
\xe7\xc3\xbe;\xa6|\xbc\xa1\x9e\xe9\xda\x87\xa9/\xa5\x96\
\xd3M~\x8c\xab\x03mq\x00ZY\x99E\xed\xf1v\
\x16\x83[\xc6Q\xfb\xa7\xdc:\xc0\xe7\x05\x1c\x8d\xb2\xb5\
O\x89X\xb3\xacxJ4G\x82\xea\xa3\x08\xe9\xd5\x9d\
,\xd7\xb9\xfa\xf8\xad\xaf\xc9u\xaf\xda\x17c\x1d}\x15\
P?@\xef2\xa6\x04\xd7N\xfa#\xd0\xd6\xd4\xef#\
,\xb6\xe5<\xdf\xc8\x108\xb9\xc8\x19Qs\x03?t\
L\x01(L\xa3G\x07Q#\xe8\xf0\xe8)\xe6\xb2\x18\
/Uu\x1cGA\x92\xb5r\xcc\x94\xfbz\xd6\x88\xa1\
;\xb0\x1b),<\x02\xb2\xbbk\x09\xba\xdf4\xac\xac\
\xafk\x06\xefO\xe5\xdd\xbf\xab\xe8\x9a\xfc\x86\x14/\xf9\
\xe3\xa1\xcd\xe4\xcc\x86Igu\x0f\xb4\x00\xab\x01q\xc9\
\xa8~\x1em\x8b\xd7\xcd\xcc\x85\xceaj\x1bG\x18\x03\
\x11\xf2\x01\x96\x08\x03@\xc2\x9dw*X\x0bI\x0f\x7f\
\xfe\xc2\xec8L\x81\x98@\x89$\x19pg\xcf\xf6A\
\x10\xe1:\xc8\xf4\x09\xd3\xabN\x05t>\x00\xb5\x14\x1d\
\xe7\x02>H\xc5?\xa8\xc7B]\xe2\x02\x18\xa4;}\
p\xea\x05\x93\x11\x06\xc7.\x87\x8c)\xc1\xcd\xf6\xc1y\
(sT@\xad\x14\x90W-O\x0dej\x9f\xc5:\
\x8d\x17\xa8\x8d\xf9Jr\xba\x95\x9b\x98\x81\x82\x95\xa4\x84\
:\x1d\x88\x92\xe9G\xb3\xf5\x0e\xc6\xd6\x15>>\x15D\
\xa6\xb02\x97l\x97?\xa6Ru\xe8\x0ez\x08\xd6\xcd\
\x12\x08\x07\xaeL\xd7\x83x,@\xac\xf0\xf7zE\xe5\
\xe65\x8e\xea\xe6\xf4V\x5c\xcf.\xe2\xd5\xe9tI\xaf\
\x9d\x0cH\x01'\x97\x05kO\xb9\xa6\xc2\xf9)(#\
-\xff\xf4\x9d\x0d8?q\xb1H\xfdE\xa6\xdegs\
\x11\xb4\xc7\x1d/\xd8:e\x15\x93\xae\xedi\x19\xba:\
\xd3\xd8\xb0\xaa|5b\xd4\x96N&O\x0dEw\xa9\
\xcfQ\xd8\xfb2v\xbb-\xecK\x8ak\xe5\x99\x15z\
SM\xadE\xd3@\xe2\x88\xff\xb8|\xd2W\x89\x98\xe5\
j\x00\x84\x97\x84:s\x84>\x0b\x9f\xa4\x92\xd2\xc8j\
\x03}\xd3\xd8s#\x11\x1b\xa5idZ;D\x9c\xb7\
-\xfe:\x5cp=\xbe\xd4\x81\xf36\x1cj\x90\xe3Q\
HS\xc1]\x16\x80\x9b\x89\xa0\xf0p\x0fsY\x0f\x19\
\x9f\xba\xa7\xd3M'w\x89\xe3\xbcT=\x99\x8fQ.\
:5\x01\xb2\x97\x1a\xf2\x8de\x80\x00w\x95t\xd7\xc5\
G@S\x01Z\xccUm\xb9\xaar\xbb\x84Wx\xd6\
\x1e\xbe\xb88\xc5\xe9,\xf1\xc1:\xf9\x1e\xe2\xc3bn\
Y\x07\xc3\xa1\xeb\xb4\xfd\xa7=\xed\xea\xc0\xac\xefoW\
\xa7\xe1\xc1:1\xd6\x015\x1d\x07\xbe:\xcd\x17\xd70\
\xc8x-d\x96`\x91\x01]\xa4\xeezM\xe1#X\
\xb7\xed\x14\x9e\x82u\xda\xfe\xff\xce_\xb0\xeeBL\xc3\
kp\xd0\x86Cj\xe0\x9d\x81\xf4r.\xf1\x97\xd7\x22\
6J\x14\xb09\xe8\xf1\x5c\xb2\xe9-\x9ex\xd7\x15\x09\
x.\x00\xaep\xadA<\xccQ\xee\xf2z*\x1e}\
\x7f\x02m\x22[O\xb9\xd1\x22\xfa\xeb\xf3E\x98W\xe3\
7\x9d\xea\xa3\xb2\xcb\x13\xae\xd35\xadSx\x89\xae\x07\
.\x17\x92[\x1d\x9d\xdd-DT\x1f\xac\x99Rr\xb0\
\xcelX\xf5\xf0\x0d\xb3\x9d\x17a<\xc2-VM\xe3\
\xd1l\xf4\x02\xcd\xafy$[o\x95\xd6\xd6\xe9\xa7\xca\
O`5oA\xe5\x8b\x9e@_@\x88\xf2]pd\
o\xf3\xf9\xf5O\x16\x1f\xb81W\x82\xa0\x9d\xab}\xc8\
\xb1\xb3\x158\xf3\x0cr[W\x04.\x87\xe5kM\xf5\
\xfe\x81\xbe\x8f\x8cl\xb1Pm\x11\x8b\xb7N\x06a\x0a\
\x9a\x1e\x0e=\xf8\x1f%\xb6\xa41v\x07\xe2j\xa3v\
d\xeb\x05\x8a\x16\x13\x87\xd1\x0e\xd4_\xea\x22\x91\x99\x9d\
\xd5\xa7r\x8d\xa3\x06\x7f\x1f\x17\xae\xfb#\xb4c\x9a5\
\x8f\x5cU\xefO\xf5i\xab[\xf3T:\xfa\xd2\x91\xfd\
\xeb\xf9\xb0\xb3\xe8\xbeh\xe2vM\xa3\xbaV\xe4\x1bq\
\xd4\x8f\x950\x86j\x0c;\x8f\xbb\xbc\x95\xb0#O\x22\
\x1f\xb4\xa6z:\xeb\xcf8?Z0\xc5\x9bX\xe6\x10\
\xca\x9e\xc3\xba\xe2\x8d\xb6re\x09\xff\xef\xd1\xdaYc\
\xc2\xcc\x18im\xa4\x08\x8c\x80\x9a\xf5\xb5\xb1\x8a\x0bT\
\xe6\xba\xcc\x9c<i\xc29-\xf4|6\x12\xa9\xcba\
`)\xf8O\x8dI\x93U\x8c\xf1l\x0fQ\x03JJ\
\x86\xa9\xd2R)\x16H&\x8bvo\xd81\xeb\xb4\x14\
\xbe$\xdd\xae\x07\xa0/\x83v+\xe0?\x0dO6\x8e\
r\x97;\x11\x08\x1c\xa3I\xddO[\xb1B\xeb\xad8\
x#;\xc1\xc2\xc7hQ\xa0\xeb\x87\x12\x0a\xd7\x1e\xe5\
\x0e\x01\x82\x11\xb0\xc7\xeb\xc1o&\x91I\xcb\xf7\xb8\xec\
\x96!\xf8\x8c\x5cy\xdc\xa9H\xb9\xe5=p\x92\x00\x8e\
\xa1\xb9\x15\xfe\xc7\xa4^\xc2\xb7\xb7\xc6~\x93\xbf\x16g\
\x0f?O\x8b\x1a\xdc\x94\xf2!\xdc`n\xc0\xd9\x96\x9b\
\xd9\xe5\xd6en\xb3\xd4\xc8\x1e\xd5x6\xaaY\x0e6\
\xdd\x1e\xba\x82n\xed\xd3\x9dqm;\xbf\x85\xae\x1dg\
?\x92<\xdd&\xca\xf1\xa2\xdf,\x99n!\xaa\xc1\xbf\
\xfed7\x0c\xb1\x8fl\xf3\xdf\xa1\x89u\x93^\xfc\xfe\
E\x81\xbf\x86%\xe4\x01\x05\x5cE\x11\xeaJ\xee\xbc\xc5\
\xdb\x0c\xbe^\xe8\xc2\x8f\xb7\x09t\xd5Jf\xbe\xe0a\
\x5c\xabt\xd4 hP\x14\xe1\xd2\xbb\x05y\x9f\xe7\xbf\
\x1f\xcf\x07\x1e+\xcc\xdcF\xbdr\xb7\xe8.\x15)F\
\x9e=Z\x08\x83\xab\xe3\xb9\x16\xae:\x13V\x8c\xad@\
\x91=\x0d\x96\xc6\xb1\xed\xb0\x0aE\xf3\x80\x11\xdd\xc3\x8e\
\xf0\xe5\xde\x0en\x8f\x08W\x8d\x8ca\x15\xae\x94VL\
\x9b\x8c\xb7\x8e\x04l\xc1\x06\x8f\x87\x13v\xed:\x14M\
\x9e\xc0\xd2F\x98Y\xd8\xd0\xa4\x9bW\xedT\xd99~\
\x02YD%\xe8]\x01\xdc\xcf\xae\xc4 36\x12L\
\xb8\xea1\x9c\x16\x0dt\xf8d\x0bXD\x1a\xcd\xe0\xdd\
\xb9\x190\xd7\xce\x06\xb24\x8ac\xb0\x8e\xc5\xaa\x96)\
\xd8f&f\x8fLq\x04\x0f7\xb8%R\xbe\x98\xfc\
\xcd\xa5\xc9c\x02\x05\x9dc\x04?b\xaf\x0c\xaa\xe8\xfd\
\x93Q8\x82\x94hj-\xb1'\xa49I\xac\x95\xa8\
9)\xd7L\x8d6 }\x86\xa4\xb8\x01\x19T0\xb3\
Y\x83{\xd1P\x16\xe79z\xb5[\xcb \xf3A9\
\xc5\xbe\xa2\x1b\x0a\xadSt\xbd\xe9\x97\x938y\x16\x85\
 \x9akDa\xa4\xa2\x06MS\xcc\xd4\xfe\x88*,\
\xb4Y\x14\xc4a\xff\xde9S_\x0c\xc5\xbc>\x17\xf8\
\x111\x17\xd4K\xf5\xe3\xe8=p&$\xb0\x947\xe8\
t\xc64\xd4\x82\xebE\xef$\x19rOCw\xa7I\
\xce\xa9\x1c>^\xb1\xaa.9\x8a\x1c%w\x12F\xdb\
\xd3r\xc6$\xb0)\xe0a\x88u\xf7\xa8\xa3\xa2\xfa\xd8\
\x14\x0a8\xe7\xf2\x88V&\x8f\x17\xc0\xe6\x5c\xf2\xcdo\
\xe2\x5c\x9f\xe7\x12R*t\x1a\x0f\x1f\xe7\x1a\x0eU?\
\xe84\xa9\x8e\x91\xa1\xa7\xfc<\x88\xbelT\xf7\xec\x0d\
k^\x9cH\xb8\xc0*\xab\xd6\xe9]\xe5<=\x9d\x80\
\xc8*\xbb\xd1 \x0e\xda^\xde\xc1/E\x94'\xf8\xff\
\x84\x99<\x02\xca\xf4\xad\xe3\x11\x8d\x0b\xf8\x9cDGQ\
x\xc0\xbf\xfc\x8b\xbf\x82\xd4\xc2\xb6_\xf6\xc6\x13#\xea\
(fWr\x09Y\x09\xdfx\xb8\x84\x14\xba\x8c\xae\xb3\
\xb6\xa7\xa4[\xd5\x03\xf4\xe20p]\xa9\x09\x83q:\
\x9d\xd6.b6\xdaKV^\xe4\xd9\x9en]\x123\
\xfal\xa4\xedI\xe3\xb7-&\xbf\xba\x5c\xc3\x1fP\xb1\
\x8drj\xe0\x9e\xc9\xe2\x92\xcbS\xea\x9f\x10\xa8\xaf\x04\
3\x91\x96,m\xc9jJkK\xd6hcU\xd8I\
\xa7\xb2[)\x0b\xe4\x1d2\xa2%'\xb0\xef\xd31\xe3\
\xde\x1b3n\xc6\xe8J\x8aiC\xb9\x22U\x82n\xb0\
\xf9-\xc3Ph\xa3 \x96\xd8,\x8fS\xc6\xda\xad\x8c\
\x15\x88\xb6\x846\x0fv\xa9\x8a\xe13`\xfc\xcb\xb6\x8d\
\x8e\x0e\xc1\x14\x8e\x8b\x1b\xe5\xe9\xff\x07\xa3\x5c\x17\xba2\
[2\xe5\xb8\xd6\xf1\xfb\xb4\x7f\x01m\xd2\x8c\x1b\x13M\
34\xc8\xfahC{\xaf\x1aj\x93\x0f\xf4`\x17W\
u\x16\xa5\xc1\x10\x87}s\xf6\xbf2Jv]\xab\xed\
\x1a\x1e<\xb8Qn\x9b\xd6(e\xd4\xb2\x09\x1e\x15#\
\x1b;\xaacjG\x85\xd1\xcb&t\xcb\xccN1\x9a\
\xfe\x98\xd1T\x02v\xbe\xe9\x93\xd9\xd1\xcaX\x98\xa9w\
\xdaD\xb6cZC\x11\xb1\xad2\xca\xad`\xd4\xc0\x94\
\xc0\xc0\xb5C\xa2\x91\xa72x\xa6\x92#\x8b\xc3\xd0\xda\
\x98aM\xa2^\x22CxEw\xbe@\xe9|Rw\
0\xa2W\xfd\xfe\xceS\xdeH\xc9\x98\x05\xfeEX\x80\
\x89\xaa\xb7o\x07+\x0eV\xe2\x8b+\x0cu\x80\xb7i\
\x8c\x93\xb2\x9b\xba\x83\x90\x04\xbb\xd1\xfc\x1f\x8e\x10\x96Q\
\x02\x22\xcb\xe1F\x07\xef\xa8OP\xc7\xf7\xfa\xf1\xbf0\
T-\x1b\xa6\x12{cj\xc2\x1a\xe5\xef\x182\xdcJ\
\xe4\xc4\x8a\xdb\x90N\xa1x\xfe\xd5`Z\x9e\xf8\xfbL\
7c\x83\xba\xa7\x0aV\xa1\x7f\xa0\x13\x9f\x8f\xd3\xd8=\
\xb8%\xc2\x0cJ5\xbf1?\xf0\x90\x18w\xce\xf7e\
\x11zj\xa6\xe6,{\xf4\x16\xdfFZ\xb4\xc7h4\
\x22:\xba\x1c\xf5r\xa1\x1aiF\x1cf#\x86\xb2\x1c\
\x9f\x1a\xa9,\xa7\xe6\xc6\xaa\xc6\x85\xe6\x90\x01\xcei\xfc\
\x9b+\xe1J\x13\xd3\x81zc\x1c\xbae\xf3O&\xea\
\x19\xf8\x10v%\xad\x89k7z\x8c\xe0.\x8e\xb5\x1d\
\xac\x9b~\x07\xc1\x0bk5\x90id\x87\xfc\xfa:^\
h\xff3\x1dK\xee!9\xac\x12\xd3*~ \xc8H\
\x90\xb3\xa6c\xc9^\xddy\xc1cL\x81sQ\xa6\xcf\
0cI\x81\x1f=\xa2\xdf[\xb0\xf0c\x0a\xd9\xb3}\
\xc8\x8f6\x05\x9d\xba\xa1\xc1y\xce+\xc0YDyH\
a\x1e\x88\xa5\xb5\xb1)8\x03\xed\xb5\x8a<\x9e=o\
)\xe1\x18\x82oD\xa6+\x96V\x87\xb8\x86\xe6VK\
\x99\x82c\x97\xcc\x03\xfc\x01\xc84\x85\xd4\xe9\xd3`g\
\xf1!\xb9\xa3e\xc4\x92\x1a\x96\x16\x08\xbd]_\x5c\xa4\
k\x02\xdc\x84\x99\x9a0G\x07\xd9\xd6\xa1\x22\xd0\x8d`\
Y\xd4X\x1c\xcf\xa3\x86\x0e\xae\x9b\x83\x90C\xcbb\x06\
2]\x01t\xd2\x94#\x0bs\xf5 \x22\x0e\x0f\xf7/\
xw<26\xd5tiN{\xeb\x07;\xd7\x06\xfd\
Pu\x11\x1b=~\x04kjF0\x19\xebi\x10\x9e\
\xf0a\xa2\xcfI\xd5\xe3\xa0\xcetK\xfc*{ji\
9\xe9[d\x03\x8c\x95\xb7U\xfdEe\xbb0/\x94\
\x03=y\x87]+P'\xa9\x9d\x96sbM\xb8\x96\
\xe2o\x82-\xc6Mc\x98OC\x95n\x93S\xf9g\
\x04&\x95\xe3\xb7k\xb5>\xa9\xc7\xc1P\x99\x10\x9c\x0c\
\xbbq\xb0\x11\xe7\xecJ)[G.\xae\xe2W\x88A\
\xdd\x83u+\x94\xaaha5\x7f\xc8\xd75\xa0\x1f\xaa\
'\xd5\x97S\xa7\xe0ZH{\x96\xad\xdc\x8f\x09\x1b\xae\
\x17\xb1\xde\xb2\xc7\x85\xc3\xcc\x9ce\xe3\xbd\x145\xe2z\
\xfeB\xa5cwi\x1c\xbf\x08[\x9d\xa2gy\xb8\xca\
\x1d\x84\xb5\xa9\xfeD\xd7\xd4\xe92\xfah\xa3\xec\x91@\
w\xca1&\xae\xb3e\xd3\xe8,\xd8\xc5\xdc\x9a.\xe2\
\xa1o\xack\x18RS\x17\xb0\xfb\xd0\x1c\x7f\x87X\x08\
\xf5yd\xd0\xf0\x93EW\x0b\xcd1r\x8e\xe1\x16\xe2\
\xbb?\xa7\xa6\xfb\x12>]\xc8\xfaOq\xa2t\x06}\
Z\x01\xba\xe5\xe0\xd2bp%\xc3\xc8\xba\x015B\xaf\
\x0d\xd0=}T\xd5g7q\x14pd\x88\xf3LS\
\xe9Z5\x0d.\x19\xb3\x8fkX]}\x9aX[\xd3\
S\xf8\x96\xbb\xf6\x88\xac\x9cKEo\xe2j\xd9?\x0e\
\xc7+\x1aS\xf5\x17\x8d\xc8C\xc3=\xd5G\xe0\xd4\xd3\
\x92\xb1\xc6\x8d\x1a$\xd6L\x0b#\x89\x1bu\xd0\xd8\x87\
\xfd\xc9\x0d3\x1dK\xac\xba\xe1\x82\xb2u\xf10\xdbK\
\xb5FV\xb6\xd7\xe2\x85l\xd8#\xbf\xde\xe2\x09\x8f\xfc\
)\xd7lUd\xa0\xf1\x18\xfe\x1e\x98\xc8|\x19~\x5c\
\xe5\xee\xb1\xc3\xdf\x81\xf73E\xeeD\xa2\xfb7\x19Q\
j\xbd\x88\xa7VB\xd3N\x90n\xc2\x82u\xe9\xa8Q\
,\xdb\x8eN\xef8\xa4\xf6N\x03\xab\x95*eNJ\
u\xc4\xea\xbb\xfd\xeb\x9e\xa9\x0f\xd0\xc1\xb8\xe9\x17(\x81\
\x91\xd3x\xbb[{DW.\x81\x02p\xe4\xf5\x9c\xea\
kT\xe0&\x1c\x89\xe4\xd3\xe9\x85Q\xcd\xd9\x9c\xc7E\
\xbf\x00\x1d\x01\xd3\x9a<\xcc\xb3\xbb#V\x07\xaf\xda\x98\
gR\xc1\x8e\x17\xbb\x0b\xebx\xa0*.\xd0\x01\xdf\xd3\
\xb8\x1b\x8b)}\x13f\xf26\xe8X\xe2\x07\xfd;?\
\x12u\xd3Y\x0e\x17Q6\xa9x\xe6\xd4G\xe7*\x89\
\xaaZ\xa4\xba\x05{\x12\x9dfBH\x8b\x1e\xf4\xb1\xe8\
\x0f1\xa5\xf9E\xba\x0fn\xaf5\xb4\xc4C\x9f\x89\xa1\
7\xa2\xfc\xa4Z\x86\x14\x17\xa9\xe8\xc6\x8bb\x19\xa4\x16\
\xb8\xa1\xedRY\xa1f\xd6\x19NJj\xe7\xd2\x7f\x06\
U\xeb\xf86\x9d>g\x09\xf6\xda<2Uog\xc7\
\xf0$i\x84\x104\x12u\xf7+\x22\xe3\x87\xd5\x8b \
\xf7Z\xa1p/\xb4IP\x9a\x90\xf7\xc34\x0c\xbe\xd0\
)D\xac\xdc\xc8\xb1\xae'\xbb\xb8\x03\xa1\xceoK\x83\
\x9e\x0d\xe1\x95\x88v\xc1[\xb4\xcb5@\x9dq\x85\xa7\
\x83X\x18\xc5%/\x8eNv\x05seH:\xd9\xc5\
sa\xc47^\xcc3r\xd5\xd9cR\xa0\xec\x0e\xef\
\x97x\xb8\xed\x0a\x5c%L6B\xa8C0\xff\xc4\x95\
\xab\x00\xb4\xc7v\xc6\xdd\xb2\x9e9\xd8[\xd7\xe8\xf6\xed\
\xfc\x18\xd8\x07\xc8\x1d\x95\xe3\x87\x03\x5c\xdf\xae\xd1f\xf6\
\x10\x92\xfa;\x06\xae\x8b/RH\xed\x12\xd1X\x1d\xfb\
E\xb8\x94\x97P\x18n4\x90t\x1c\x10\x94y\x17\xf1\
\x85fq\xbc\x5c\xc5>r\xa8\x0az\x9dv\x11,\xbc\
\xa9[\xee%\xd1\xbd\xf4\xab\x8f\x14}I\x9f\x93\xceZ\
\xa1<O\x15L<B\xfbW\x95\x1a\xd9\xfb\xd1\xecy\
#\xd5\x01r\xe8\xdc\xa5\xa1\x0cr*\xa5\xb4v\x11\xd3\
ip$\xad\xc3\x95\xd2\x94\xc3\x90\xa9\x14Y\xc7\xc1D\
S\xd3\x1c\x06&H\x84\xfeAD\xd2\xb9\xd7\x1d\xc6\xb6\
\x98a\xc8$\x0de\xff\xbayz\xf88F\x19\x08\xa6\
q(W\xa7\x85\x90\xbe)Gr0\xa3X\x1c\x1e\xc5\
\xb4\xc6p6\xcf\x90\xa6\xf9\xa9\xddL\x1eLC\xed]\
p\xb8\x22\xf7Ou\xfc\xe4n9\xdf\x17E\x8e;l\
\xb3Y\xd1o\xee\x87\x95\xb9\xb0b:t|tX\x94\
\xeb\x15\x0d\x90\xcc\xae6f\xe4\xa8\x8b\x0a\x8eYXj\
B\x83\xdc\x8b~m\xe1<}\xc1\xc1\xd6\x0e\x91m!\
\xf9\xfd%xK\x7f\x91\x9f\x5c\xed\x12r\x9c\xbc\xc4\xdd\
\x0ej\x0e\x15\x0e\xfe0\xfd\x11\xc2\xf6\xc2\xbf/\xd1\x96\
]\x94\xd1]\xe3\x92\xe3\x22F\xb8\x9e3\x90\xda\xbc2\
\xaa.(\x92\xba\x89\xa5\xe6\x8b*\x85\xc2\x0e[&\x92\
az\x1dt\x88O\xc7\xe9:F\xf4{AD\x96\x0a\
\xc6B\xa6Z\x1e\xd5)z:c\x96\xa3<\xd1\xcfm\
\x01\xdc'\xbc|\xccA\xb9v\x0eQ\x83\xbf\x8b\x0c\x90\
\xa5~\xcc\xdd\x11>0\x0b\xa3\x8f\x95\xf8\x80E\xd6\x12\
\xd5\xf7\xac;p\x07\x97C\xb3\x9c\x9a\x9c\xa7\x1b\xbfY\
\xca%B\x96O\x86\xaa\xdf\xd5\x90\xb7\xae\xe2?\x18\xe1\
\xdfVRR \x09\xe9\xaesC\xc7\xa4\x88\xa8\xe5\xa3\
el`)\x0d\xcd;b\xd2\xc8D\x03%@\x08\xcd\
\x83\xc2\xbc\xd9\xba\xd9\x9d_N\x1b`\xd9\x80\xba\xb5\x81\
\xa5 \x95\xb2\x80\x1e\xc7\xaer\x0f`\xe6\xb5\xe8\xfb\xbf\
\x950\xe3\x11\xd5\x0dt\xaddL\xd2\x90Z\xcd\xf8\xfa\
-\xd0A\xc0\xf7\xbf\x0e\x0a\x95\x87\xd6\x81\xf6\xf5A^\
\x11\xbbB\xa3H\x18\xe3\x8a\xdf\xec?\xb3F\xd3\xf46\
\xf4\x07\xdf\xab\xe2xTw\xc7\xd1\x0b7\x1e\xc9Q\x9e\
\x85\xa8\x05H\x08\x01\xbf\xe9\x88\x19J\xbfi\xd9&\x1e\
D}\xb7\xf3\xce\x11@pVw\xb2\x01\x8fT\x9e\x12\
I\x09bj\x97\xabq\xd5\x9b\xd0U^\x02o\xe8\xad\
\x07z\x0b\x9a\xb4\x14g\xd7-Y\xb3N\xf5\xfePr\
\x92\xc6~\x9e\x8e$\xba\xfa6d\x1cJ\xf4\xd5m\x86\
U\x8e\xab\xfe\xa6\x10)y\x9c<t\x9eqmj2\
\x12\x81\xc8\xabJ\xc0:FD\xf1[4\x8a\x886q\
\x22\xe2c\xac%!\x1a}\xbc\x8aA\xeb\x80\x82\x02{\
PRP\xd4\x14\xdbY\xaa\xca\xd0\xb9\xa3i\x871\xc9\
\x0f\x14Q\x8d:}g\xe9`\xb3f\xea\x0c]\xa7]\
\x8a\x9f\x17\xd5\x10)\xc9!\xeaJ\x1e\xbf`\xb1\xbe\xcf\
\xd1\xd5\xf9\x13\x1eY\x9d>\xd8\x89\xab>Wy\xf1\xd3\
Ss\xbf\x94\xc2\xb7>=n\x9d\x09\xcd\xe7)\xa7{\
\xb8\xa0\x17\xccK\x89\xc0\xd53\x00 \x5c\x93\xb2)\x1c\
v\xe3\xe8\xbe\x9e\x01?Fi|\x16\x94\xd4` \x07\
\x8al\xb6\xa8\xc6S}L\xa6aR^\x1ft\x09\xcf\
\xf41\xf6\xe26\x08%%oO\xd4\xb3\xb2\xce\xf2\x9b\
\xcaz\xec9W\xcd+\xcbaC\xbc\xb2\x94U\xa7\x13\
\x8f\xbc\x15j\xb3O\xd3\x08\xd6\xdd<\xba\x0f\xff\xc6d\
\xb6\xf30\xbc'\x8b\xebQ\xc1\xc3\x85\xa5\x84$g\x16\
GW1\x0c\x8a`\x93\xecW\x075\x17\xf9p\x82\xa5\
\xd0,\xf1_D\xda\x81\x82rM\x15u\xdc4\xb9+\
\xb1\xe6\xa7\xaf\x9d\xe0\x97#Nl\xb0.\x09\xb5\xa28\
\xe5\xb3\x1e\x83A\xd7\x83\xe12\xc5\xcd\x84\x80;\xa6\x18\
\xe1E\xea9\xd5\x91\xf9\xea\x01O\xab\xb8\x15\xdd\xb20\
x\xba\xa1;\x18\xf6\x11\xc3]\xc2GGs\xf0\x05H\
\xc6vJ\xf0\x81&4(\xe0-\x9b<.\x9b\x19\xfa\
\x1a\xcb\xd1t\x10>4\xed\xbc\x0c\xef\x85U+\xf8R\
\x00\x1a\xf2h\xed<\x9e&\xbd\xe4\xa0u\xc7\xd0\xe0O\
\xd3\xdd1\x9fiu\xf1\x0e\x22\xc6z\x8a6s\xf0c\
Dt\xf4\x0a\xbet\x8b\x89\x8e^q\xfc\xe8\xe8]\x00\
E\x8d\x98\xae\x84\x0eb\xe9\x8e\xd9\x19\xae\x18zx\x0c\
\xc7P\xd7\xf0\xe0dV\x14)J\xa2\xe1\x1c|\x9cu\
\x80\x83_\xc9\x89-\x0a\xc4YO\xfb\xc1\x97w\xa2\x1b\
\xaa\xdc\x94],xe\x9aFb\xdeY\xb2\xaa|\x17\
\xf1h\xec\xdc\x17)\x08J\x06\xb23\x90+eQ\xb5\
\xca\x04\x0c}\x87p\xb0\x18\xdd\xcep\xcd\xacA;\x88\
\x00\xbe(\x06x\xdc8)\xc0\x98q.\x8b\x01\xb5\xcb\
\x8f\xd4\x1b\x1e\xe5\x5c\x05\xe8.\xfa\x80*f\x90\xd3\x09\
Z\x1fjrL\xe0\xc1Y?\x7f\xe0Hw\x5cT\x1c\
\xd1\xd9\xec\x01\x1a\xe8\x16p\x5c\x95\xe1DC0\x83\x19\
#\xc4\x8aF\xc1\x9b\xc9\xe0\xd1\xe9\xc4B[\x16\x80\x16\
\xd6>\xa2\xa0\xceeP\x85\xa0\x8a\x85<36 r\
\x8b\x1a\xff8\xd4j\xa1\x9fF\xad\x8f\x9b\xb3\xa3\xc6\xd0\
I\x93\xa4\xf5\xd9\x93\xf1\xf3Z\x10\xc0\xb6\x16\x09\xa5\x83\
aZ\xab3\x85\xb8\x0d\xd3Rg\xa7t\x06E\xae\xa4\
\x13.l#g\x1d\xf6P\x89\x9c\xb5\xf0E\x89\x1dp\
\xbb\x88(N\xf6)\xd7BM4\xaa\xf8\xbe\xd5S\xd4\
_\x13\xaa\xbff\x8a\xfa'\x84\xea\x9f0E\xfd\xb5\xa1\
\xfak#\xf9@(4p\x0c&\xbaD\xa0\xe0xT\
,T\x82\xf6\x06\x80\x04P\xd3\x89\xa1{9\x94H\x14\
\xd5\x83\xb3&\x06\xce\x9a\x83\x84sB\x0c\x9c\x13\x22Q\
T{D\x88D\x91\xaf\xc6\xc7\xa2\xe8\x03\x18\xfa\xa5\xac\
$r\xf5\x02aF5\x96\xddQ1\xc0\xa9\x0fEs\
<\xe1\x91\x1b8\x8b\xc8\xeb\x882\x0b\xf5Z\x03\x85i\
J\xe2Ay\xf0\x01\x9e\xcc\x7f#\xd9\xeb\x8e\x11P-\
h6Y\x8f\x05\x0e\xd5\xc6\x0d\xe6N\xc3\x9e\x9d\xe6\xec\
L\xc5e\xc7\x13\xbc\xb7\xa0\xa6kQ\x054\x12\xfa\x04\
\x9c\xbf\xad\xc3|8Q\x5cz\x9e/$\xa2Q\xd9F\
%C=J\x9b\x8e,\xec\x9cR\x08\xce\x8c\x15{-\
u\xe4\xdd\x82iH\xb8\x8e\xa9D\xdb\x82@\xe4\xd0\x18\
n\xc9b\x87\xd6\xc3\xc3?\x99\x9de\xe6\xe8\xbe\xe0\x97\
\xd3N\xd0\xd2J[\xe2'\x9e\xe7~\x8b\xc8\xc9\x1bp\
]\x93\xeau7\x12`8\xf1\xf6\x0a\x19\xf2B\xe6\xb9\
\xdfB\x13\xf22?5T]\xbb\xb5\xb2H\xa3\xbd\x02\
c]D\x0c\x80\x9e\x1f\xf2\xa8\xdb;\x5ck\xd3\x03y\
k\xdb\x06\xf2%j\x14\xec\xd5Y\xf2\xdaP\xf3Mu\
\x02q\xe8\xd3\xb9\x07\x96\xae\x92\x81\xa0\x1cz\xed\x15o\
D\xef\x9dA\xe7\x0e\x89p\xee\xa6\x119\xe0\x83\xf1\x18\
0\xf9[\x14\x9b?%U\xc3Mi\xd1\xb7\xfb\xa6K\
\x0f\x13\x0e\x8fC\x15\xea}\x9a\xb9xR\xb4\x15\xfb\xc8\
\xa3)\x87\x9a\xe1!\x89\x92Z7w\x98QY\xa2\xc9\
_u\x96x~\x00f\xfaU[wG\xd6b\xcc\x92\
2\xbb\xeePL\xe4\x22O\x19\xa6\x86\xf5\xe7\x87\x04\xdf\
\xef\xc3\xe0\x0e\x97\xe2\x96w\x90\x9f\xfb\xc3\xf1ou1\
3\xad\xa8\x97\xbb5\x97\xb3J\xb3D\xef\x9f<\x9am\
\x9a\xfd\xdc-\xbf\x02\xbeY6\xbay\xc0\xe4b\xd9.\
\xb1\xf8\xfe\xf44B\xddE@\x1f\xc2K\xe0A\xd3\xf5\
D`\xdd0\x06\x8f\xc1\xc4hk`\xdf\x88\xebIq\
D\x89\xcaV4\xbbG[\xb3\x82^U\xd2\xb3\x8a\xcc\
[D\x81\xf2\x8f\x0a\xd0\x13\xa6\x0f\xf4\x84i\x00\x9df\
\x0e\xa5\xdaf\xd3\xd2]\xc3\xcdZ`\x9d\xe8\x0eR\x0c\
I\x83F\xce\x8b\xaaJM#\xdcR\xa0\x98F\xe8\xe9\
9\xaa\xf6<\xdcg,\x04\xb2\xe6\x07dW\xf8\xcah\
\xc11\x0c\xaa\x933+W\xed\xc0b\x13B5AU\
\xf8\x13\xab\xdd\xe4\xdf\xe0K\xca3E\xfa\x1d\xa4\xd4e\
J\xbc\x97ZZVc\xb8\x14|\xa3W\x89G\x05a\
.\x8f\x19n`\x91yS\x5c4Tx\xfc\x8d\x98\xe0\
\xc9\xe2w\xa6\x10\xcb\x0b\xa9\xed\xd4?\x00)\xd4,\xa2\
\x81`\x19\x06v\xf1I\x99\x85p)P\xabZ\xc9\xd6\
\x8c\x5c\x8e\xde\xc8T0\xed\x8ak\xe7\xbcI\xea\xf7\xeb\
\x18\xf43h\xd2\xc7\x851pR\xe08\xc4\x14\x96\xda\
\x8b$\x99/K\xc3 -\x1b\xa5\xe7-;\x1c\x81\xee\
\xe1\xdf\x05a\xf6,m\x85\xb6\x91\x9f\xd1\x95lZ\xff\
\x5c\xfa\xadZ\x10\xd3L\xbfE\xa9\x82\x7f<\xf8\xdc[\
\xed\xa3\xfb\xe4\x17\x5c\xde\x0b\x9f\xa3\xb3\xb8il\x03z\
\xa7Y\x01\x91\xd7I}\x89\xce2tgCN\xb7\x98\
\xd4\xab\x05\xb5 \x02\x94\x87\xb7\x80\x12P\x87\x0f\xc8s\
*\xb1p\x84\xbb\x83\x9a\x82{\x19Y\xae\x10P\x07u\
{`\xf9\xb5\x97-?\x8e[\x910c\xd8\xf4\x12\xce\
\x07j\xd7O?\x16\xa8\x9a\x8e $&\x05\x99o\xaf\
\xcc\xc1B\xff\x96\x11\xa5\x0e\xf5)\x09\xc4\xa0\xedd1\
\xbbJ\xd6\xb0k:\x08g\xcf\xae\x05%\xb2gG\xb7\
\xdf\x8b\xd2\x05[D 0\x8d{}-|b\x7f\xd3\
\xd7\x81\xe2\xefq\xffo\x96]\x8a\xfd=\x89\x98)\xaa\
\x97\xc9\xbbi\xc7>\xf2\xd3\xc5\xf2Z\x0d\xfe\xb5'\xe8\
\xbf\xe3\xf4_}\xc2\x84\x7f'\x8d\xb1b\xed\xcal\xfe\
'b\x11\xb1\x98\xca\x1a\xbbxR\x22\x0f\x1d\x15\x1by\
\xc8.{\x9a]\xf10\xe0P\x0bt\x7f\x10\xb1\xd3\x83\
\xd5\x17\x06XI\x5c\xfc\x99N\xc60\xd4(4A0\
\xe9\x10G*\xf8\x8a\xa5\x0c\xf3\x1b\xa5\xae\x1f\xca9Q\
\x81j\x9b\x18\xf0W*\xee\xc1\x1e\x8e\x8d\xeca'9\
#\x06\xf2\x1c\x09y\xe7\x19\xb1P\x97\x07\x82\xf2j~\
\xd0_!)\xa2\xb2\xf0\x1d\xc2\x02\xf3j\xbd,8\x96\
&\x93\xf2\x05awO\x1f\xb6\x1a\x0b>\x12\xfa\x9aZ\
\xf0\x1b9_\x94\xcf-\x82^\xf0\xb5\x87\x88It:\
\x09;\xd6\x1d\xd9\xc7\x9f_pox\xff\x041\xa9\x9b\
\xc2\x95.LbS$'\x0cV\xff\xd7\xe3D\x05\xe1\
\x1dTB\xbb`\xd3iFX\x0a6\x8a\x0c\x9a\x14\xac\
\xb2\x86'\xe4\x99\xc4e\xb5\xd1&^sF\x8d!\xa7\
\xc3F@bh}ve\xcc?\xb6\xc6\x92\x94\xda\xcf\
(\x8f\x87zp\xfd\x8c:fy\xea~F\x15\xf7L\
\xb1\xd5\x02\x09\x0byr\xe6\x09\xbe\xb5m\xdf\x05\xbd\x5c\
s\x87$\xb2\xacI\xadn9zl\xd2\x9d\xc9\xb3\x1d\
j\x961\x01[\x9f\x86\x15\xb2\xcb\xe2B\x86\xa6b+\
G\x11\xdf.\x19\x9dB\x89uZ\x12\xb7p\xe1\x15\x9f\
VRLP:\xc4Gn\xbe\x967\x8b\x22\xa3\xb4\xb0\
\x8a\x8d\x05t\x97\x99x\xb7Hs:S\x93\xd8\x98\xaf\
\xc3\x04\xc0\xa5C\xe0\x5c~\xe4\x97\xbe<\xc2\xb2\x13\x04\
~(\x07\xee\xc2\xf1\x1e\xbds\xa8\x89'\xba\x8f#n\
\xc2\x00\xb2\x8e\x1f\x81\xa5\xa8\xc4B\xb71\x898\x0b\x0c\
\xc4\x12&\x84\xfd\xdd5\xee\xeao\xf8\x86\x09\xe19O\
9\xccxM\x90\xaaJ\x84\x0b\x99\x08\xc2$c\x07\x04\
\x9d\x14\x0b>\x9f2Q\xc9>\x9f\xbb\xed\xd8\x18\xaf\xae\
[\x19\x95\xc3\xa9\xcfV\xd3O\xf8\x94\xb5\x0dW3\xcd\
bZ\xa2\xe1\xa4\x1ah\xcdfb\xf2Q\xb1>]\x84\
\x22\x5c\x8aL_\xed\xc8\x06\xeeI\xd9\xd9E=\x0a\x0b\
\xe7t\xe9\xbb\xc0\xc4\xf9\x04wz\xb1\xfc\x1eD{\x9d\
\xb3x\xf1\xca\xe0,\xff\x96M\x8e@\x8c\xd4\xc6\xe3\x06\
\x15j\xc2IT\xa4\xf5\xcb\xf0\x9e\xbd\x08\xab\xa5\x8b\x9a\
x\x16Y\xaa\xa3\xf4-\xd2\x05\xda<\x97\xb7\x8aM\x0a\
\xbd\xe8\x87\xd6\xd4\xf9\x9c-t\xaa\xd2\xf9\x98l_E\
\xe9\x0e8\xe6\xd3\xfa\x17\xf0\x15\xa9\xe2\x9c6\xa3\xfa\xa6\
s\xe3\x82\xe8\xa9\xea\xc3W\x83\xaeMEi\xdd\xfc-\
\xbb\x15\xe2\x1c\xc5\x08\x8bm\x95\x1f\xde\x5c%\x08\xa0\x08\
\x07_U(l\x9c\x8b\x16\x19\xc0S\xbc3\x0a\x06\xc7\
R\xe7\x9c\xe6)\xe0E\x98\x167\x14\xb8A>v\x91\
\x01$=.\xd4Tl\x09\xea*)\xa9\xbfY\xf2y\
\xa6\x0au\xfb\x10\xd8s\x07\xd1N\xf6e\xf0\x10a\xd5\
\x1a^*q\xb8%\xb4[\x05\x9e\x98\xab\x9c\x81|\x85\
\xb5*\x85\xe6\xe1\xf8\xd1\xda\x19l9rI\x8d\x8c\xae\
\xd2\xc8\xf5\xbd\x9a\xe7\x9c\xd2{G\xc4L6y\x94\xc4\
\x92rG\xaf\xf3P\xcdY\x1f\xdf\xdd\xbe\xb7\x00\x0b~\
\xe2*J1\x8b\xaf\xa8\xfb\xf4l\x07\xe8\xbd\xc2\xf3\xc4\
\xb92\xf5\x88?~\x95\x86\x8b\xdc\x13'\xa5\x84\x84\x8b\
\xdfG\xba\xef\xe8or\xbc\xa9\xbcF\x1c\xf3u\xdeW\
\x89\x07\x8c\xdd\xccCO\xd3\xde*~\xc0XZ\xf3\x02\
\xf8\x8c\x0e\x1c\xd8\xcb\x18_\xbf\x92\xe2\xbf)\xafC\x04\
\xb5\xd9\xbenV\xe0\xe1\xfb\xe4ck1+1\xee<\
\xe6\xb0\xca\x06z\xces\xee2\x19J.Z\xf5]'\
\x05\xd7\xef\xe6\x81mE`\x22\x15\x8a\xe4\x9c\x13\xc8\xa3\
V\xa0\xcf\x95\xe0.blc\x9c\x93\x8c\x87(r2\
\xb4w&\x15N\xcbh\xb9\xa4\xe0Wu\x12\xbc\x80\x8f\
@\xec\xc70E:(I\x0c\x1f\xbe\xe1\x07\xce\xa38\
\x09\x06\xe0\x15\x98f#\x92\x81\x19\xbc:\x94\x10\x0e$\
\x1enS\x8fB\xd2\x98+\x9d9\xff\xbb\xdc1\xc8\x09\
\x04\x98\x11\xa9!\xd9\xaa\x97\xfc\xa7\xa2&\xcaS\x8dl\
\x85\xb66J\x08\x0a\xe5\x00\xe2\xaf\x1bo\xe0\x0d<\x9e\
\x9e\xc5?\x0bx}\xd8o\x1e\x7f\xa9\x84h\xd4\xf2\x1f\
\x0a[(K\x84\xfe\xc9vDw\x88\xa2\x18\x9e\xcb\x88\
\x8f\xb2O\x83\xa2\x9f\xb2\x7f`e\x5c\xb3\xc8\xbd\x80&\
\x02+Q\x8f\x1bE\xf9$\x17x\xdaZ\x81c\x95\xdb\
\x08\x8a\xf4\x22\xa8xR\xd1'$5\xcb\xc34K\xfe\
\xc1\xd6O\x0d\xf2\xac#\x8c4\x1f\xad\x98\xa1\x13\xa0\xbf\
\x22\xe7Y\x82\xc2].=-\xbe\x83\x0d?d\xa2\xcb\
\xb3Z\x1b\x5c+()X/\xe3_\xe2\x1eQ\xc7y\
\xe9\xa8\x7f0\x1e\xba\x17W\x84\xad\x5c/\xe7\xfay%\
b\x8bH\x85\xc8`\x17\x90\xbb2\x0c\xe6\xfc\xd0\x91B\
\x9e\xe4\xb9n\xe1\xf8\xbaG\x89s[JkVH{\
\x99Zn\x8cq\x8a1\xfc\xfe\x19D6\x0a\xb1\xda\xba\
\x22\x05(\xae\xaa\x81=\xc2\xfc\xaf\x8aHsj$\x1a\
a7*r<g\x033T)a\xc2\x9f\x91\xe5\x9b\
l\x8b|\x16R\x0aI\xbe2\x8ezZ9\x14\x06\xd5\
\xc6\x93\x86\xcbGP\xc6\x87 \xc2}\xb9\x10\xba\xdb\xa9\
\xbf\xa2E\xec\xc9\xe4\xfelU\xae\x03y\xfe\xe3\x09\xba\
\xf7\xff\xbfU\xfd\xff\xc7U\x1d\x0d\x9c!\x04F\xdd\x1a\
Ml\x0f\xd7F\xd8K>q&\x11\xc1\x85U\xad\xd8\
\xe4\x1a\x8f\x90>\xa6\x22WMN\x11\xd5\x88\xf55\xb9\
6Y\xe5\x89k<\x9e\xe6\xcf\xe2\x90L\x19\x0cB\xe1\
\xc9S\x8d[\x8dh\x1d7\xee2\xe2\xdc\x89\x19W\x95\
\x07\x89d\x1aq6\xf6\xdc%\xdf\xc8\x98\xfc\xb4\xb6\x87\
\xeb\xa3\xc2\x13|:\x94\x9c\xe5a\xde*\xc2\xcb3\x10\
\xcc\x9f\xed\xb11~)\xa9^\x08\x15\xf9\x9e\x91\xf0\x83\
\x97\x96\xa2g\xf1P\x9d\x9d\xc4%\xbe\xb6\xd4\xe0q\x1b\
\xfa\xda\x96\x14|\x0c\xfa\xde\xca\x1a\xa6&\x99\xc0Q\x89\
\xfa\x07/\xe7{}}\xfdl\xfeW7\xff[\xf7\xe5\
~P#8]\xe1A{\xd8\xe8\xb49\xfe\xec\x822\
O\xee\x02C9K\xe7\xfd3+\xe3\x11\x1eF9w\
x<Z\xd9\x13K\x9b`+\xda\x8fx\x12R\xf2i\
\x9b]\xc0I\xc9,\xb4x'\xa4g\x16\xeb\x9e/\xbb\
\xfd\xdd-\xd6\xa8\xe0_c\x07-\x00\xf2\x94fs\x9f\
f1c\x1e\xda\x1aw\xf4\x00\xe7\x87y?\xa3\xbc\xab\
$\x0e.r\xfdT\xe3\x9c\xa9\x9b\xd3\x84#\x12\xea*\
ZP\x95\xf3l\x03\xf5\x03y\xaa\xdc\x81-\xab|%\
\xba\xf9\xfe\x90Q\x9c\x04\xa7\x1d\x08YG\x84\xbf\x92\xb4\
'\x18J\xde\xfb\x12\x9f\x89\x9c5z\x98\xe0.\x15\xd8\
W\xf7R\xc1?q\x958\x87\x14n\x192\xec\xb8\x98\
\xa7\x0cC\xc9^[\xe8\xfc<'x7\x9d\xab*\xab\
\x5c\xbf\xa6\xd8m\xd3\xd3\x03\x85\x0dIh\xea:\xf2,\
]\xe1\x1c6\xbf\x02r}\xabU\x95c\xc9\xe3\xf9\xc1\
\x8d\xc0\xe9\x96J\x88q\xbf\x9ez\xbaL\xe3N\x13g\
\x8c\x1cbY\xceHM-\x92\xe7g0\xf1\x88\x89a\
\x88]\x11g\x03#+\xf8!\xc3\x85g\xbd\x15\xe2\x87\
\x8e\x1f\xd4[\xc5\x18\xc3\xbd\x0a!hyH\xf3d{\
\x93\x08e\x92s\xa6*\x9c\xbb\xc4)\xa6\xaa\x9c\x86\xa5\
F\xa1\xfb\x5c\xb0{\x9aV\x01\x8b'\xd0\x96\xb3`\xf2\
\xdbT\xb2\x81\x08\x9c\xebx:\x94\xe7\xdf\x12\xefG\xea\
\x0e\xae\xaf\xb5\xe8\xfc|\xc7`w\xfbn@b\xaf\x0b\
\xc8\xc1kzy)/lGt\x87\xb2g[\x19_\
f\xea~B\x07\xc1\xb3\xc5J\xc9\xeb\xfa1\xa4\x04a\
opB\xdc=\xeb\xa7\x07/\xf1\x18\xa6\xf2\xbd\xc3X\
@\xcf\xc9q<\xab=\x0fp]A\xb4\xb0\xf8\x19[\
h8\x22Dr==J\xbck\xb2Cr\xcb@\xb9\
Q\xe1\xfcj\xc2w\x9b\xf2\x02\xfc\xcePzg{\xdf\
\xc57\x13,\xab^\xf0U\x95\xdc\xe5\xd9\xc0\xf3;!\
\xe7-^W\xd8k\xab\x9c\xce\x834(-\x8b\x15\x7f\
\xadt\xbf\x8d\xe1G\xe9\x19\xc3\x8cH\x82\x02\xc3VR\
\xb6\xdb2~\xcc<\x11c\xad\xa2\xbcQq\xf8\xeeO\
#\x8e\x82'.\x8b?o\x90\x10\xa3l\x9d\xb6\xaf\xed\
]\x88cqB/V\x1c\xffD_\xe2\xd8d/g\
\xad\xc0\xb9_=\xa1\x17\xf9\x05\xac\xb4(\xca\x1cLr\
U\x82\x9c\x85Y\x03LN\x7fl\x0f\xa8vkc\x1a\
\x12L\xc5\xa1\x83TV\xe1\xa36\x95\xf1HZ\x15\x94\
\xee\xf0=T\xe6\xda\xac\xc5\xcf\xb9A\xab\xe5$\xdf\x05\
\x03|'\xea\x8a}N\xd8\x1eeZ\x8c,^\x84\xd7\
\xf6:\xb5\xcd\x91a$\xe7\xeb\xf1\x02^\x85\xeb\x10a\
+\xeb\xff\x9d\xddC\xda\xd1K\x9c\xe6\xea\x9d\xe4\x83\x92\
\xaf\x8c\x94E\xf9\xb1\x98}\x86\xcb!a_TW&\
x\xe2\xd1\x15;$\xe5`\xdb}[\x9f\xa5X\xde\x82\
7\x10\xc1\xb7K\xf2\xa6\xc6\x0bH\x9c\xac\xcf\x17\xb4\x1a\
;~\x98\xe2\x82#\x8c\xa2;yS2\xe0?\xe2\xad\
\xddq\x9e\xa2\xb3\x09\xde\xd6\xcd\xed@\xf2\xf6\xa6\xe8\xdb\
\xa3s\x88\x85\xa0\xcdH\x8d\xfa\x10M\xbd.?\x1b\x98\
\x0aW\x9b\x8a\xc6\xe4\xc8\xbd\xd0\xb9Jx\x99\xe95z\
wp~9?\x88\x9e\xfa\x1aN\x9c\xad*\xfc<\xe6\
*\xf2\xb4\x148\xe9D\xd1\x91\x8a\x97`\x10X\x15z\
\x095\x0d\x0b9\xb9\xb0\xfd\xa79\xcd;\xe8k\x11\xd6\
z\xc5\x09\xd6\xf4\x9d\xce\xa4\x8e,tl\x95\x87\x88\xc7\
\xd7\xb6\x1f\x1a\xce\xf1\xf9\x93\xc5ojF|\x8dIP\
\x93\xb4\x22\x87m\xf3RZJ\xad\x92\xcdLX\x99\xa7\
\xb7^\x8c\xfe\xcb~\x18\x8c\x12\x972\xb6\x7f\xffi\xf9\
;\xda\xc0\xdbY\x83=tV\xdc\x9f\xc5X\x06\x02\x16\
\x821\x85\x0f\xca1\xe6k\xb4>S\xb1#3\x09\xa0\
j:a\xadq3?\xffe\x03\x96{A\xef\x93\x9c\
\x22\x84>&t\x91q\x7f^B\xbb\x0dj\xfa\x93\x9c\
\xd6\x95pV\x9d\xf7\x0d\x19\x0eMkQ\xc4<\xd4\xf6\
\x18M\xb5b\xac\xf3#\x81iF\xb1lP\x7fn\x1a\
.\xcc\xd3\xc7E\xfe\x9d\x8a\x1ff\x83f\xa3\xc1\xe0\xe9\
<r\x0bu*\xb4\xcc\x9cq\xbe\xabM\xda\xcex7\
\x82r\x0c\xd7\xb3\x1d\x9eR.\xa7m\xd3Kim\xd4\
\xce\xd2\xfc=\xf4g\xe8\xc4t\xd0i\xd9\xf5\xa8\x17b\
\xd6\xa4\x9eVY\xf6D\xd21\xb8\xd7-\x0d\xa9\x85\x0f\
\xa9\xdd\x8a3aN\xe8\x16m@\x7f\x87q\x96h\x10\
\xb3\xb3\xe8\xf3@\x04@\x81\xda\xb9\x9c\x99\xa1Al4\
\x9d\xbe\xac\xac8\x9e\xff\xd8\xc1\xb5\xad\xacIC\x85@\
k\xbb\x92/\xd8\x15\x8f\x0fS\xb7\x8a43\x9e\x0e=\
[v\x15\xba\x00\xa4T\xedJ7\x0b\xe8U\xd4/\x80\
\x89T\xd3\xdaf#\xa3W\x5c\x0c\x02P\xa5\xf5Y\xa2\
\xa60\xd2`\xd80\x16\xe6<P\xf4\x9fZT\xb5I\
\x8cpc\xd3\xd82z\x15\x116n\x96\xb2\x98L\x8f\
\x06\x13\xe4\xc9nX\xcf\x80'Z\xc1ty\xa4u\x8c\
L\x87\x89\xde`\xd2Y6,\x8a.\x1a\x02\xb0\x94\xb3\
*F)\x03\xe8\x82\x0a\x05\xbbD\x7f\xc3VF\xd1\x06\
\xb4q/\x06\x1c\xe1\x16\xbe\xactL\xae\xe7\x18\xa5<\
\xfcT\xe2}84\x1b2\xd4F\xe0\x88F\xc0UZ\
\x1b\xf0DHT|\xc9NS\x90\x9a\xaeg`\xe8\xbe\
1=\xab\xe9Y:\xeen\xfaJ5c\xd9\xae\xc1\xda\
\xe3[W\xa8\x81x\xaf\xe4\xf3\x80@\xa0\x02\x97\xc2g\
\x18\x86\x19\xa5S\xa3\x8c\x8c\x945\xd2iT%\x80\xcf\
\xa9\x86\xba\x9f\x02\x09\xd2\x80j\xdaf\xdb+h\xc5\x8a\
\x8b\xd9\x06/\xa8d\xf3@*cU\xfa\x1b\x8d\x1a\x82\
\x8fw(\xda\xe8\x10&\x0b66e]Q\xd8y\xdb\
\xce\xb2\xc6y \x97I\xfaJ\x16\x17%k \xe9w\
kc\x15\x9a\xe0\x82UA\xe2\x9c0\xad\x15Y\x9b\x92\
\x0b\x856\x06D2\xce\x119\xc9W\x07]g\xb3\x80\
\xe5\x12\x8e\x97\x05\x87\xb8\x00\x00\xd0u\x14\x88t*\x96\
A\xeb\xd3@\xbd\x19\xbd\xc4\x93%\xd2A\x03 \x8c\xbf\
\xed\x05\x90 \xf2\xc4\x8a_\x82\x08I\xa7z\xedJ\xc9\
5,\xdba\xf1\xffu\x8f\x12\x84N}\xd2-s\xdc\
\xd0\xb6Vl\xed,\xbbr\xa0`vk\xfd\x86\xa9\x9d\
e2\x0a\xec\xb3Ky\xed\xac\x0a\xc7\xa8E\x03\xb3Z\
&f\x14\x81\x85\xe8\xe6\x88\x821\x97+N\x99b\x90\
\xb6)Sg? \xcd\xa2\xed\x99\x13l\x12A2\x92\
\xf1Y\x80\xd2q\xc4\x8cl(\x22=\x1f\xc5\x93\xc8'\
\x10\xcd\xe8:\xa8\xe7\xe8#\x0b\x96^R\xf7\x0ai\x00\
K;t\x0cN\xb5%D\xb8[\xc0fc\x147%\
\xb7b\xd1n(A\xd0\x04L\xbaE_-\xe9\xb9\x9c\
nR\x0a\xddk\xea0\xb9\xde\x02\x9d\x22\x0d\x16_v\
l\x9a\xd8\xb2`\x16a\x809\x9a\xbf\x8a\xee\x93<p\
\x0b\x87r\x8f\x12\x90\xad\xe7Y\x86|\x05\x15\x98\xd4\x18\
 \xc6\x98`l\x08@\xd0i\xeb\xb8\x05&\x0b\xec\xd5\
\xb5\xee\xba\xb0\xf1-\x16\x98\x9e:\x99\x16\x8b\xd4A\x1a\
;dH\x98\xa0\x1dY\xd4\xc9\xba\x08]\xe0\x16BZ\
\x197\x8c2OXf\xdbe\x17\x00\x94\xcbU\x1ai\
\xa4\xc0\x9fn\x84&Z4-\xd3\xa3\xe1)\x8bt\x99\
a\xaa\xa9\xff\x17Mu\xb4\xe0sTW0\xb1=\x06\
MqX\xa2\x92\x84&\xc7c\xac\xd8t\xd8\xf6A\xd6\
\x0eL\xd6\xb0\xaa\xfe|\xe1\xb7l\xb5\xa4\x03\xf7\xd6r\
\x16T21\x14\xb1\x16\x05\x9b\xa5OTa\x97m\xdb\
Q`\x01\xb3\xb0\x81\x11gU\xd9\x85\x11\x95L\x10k\
{\x80\x8f\xd2x\x1f\xb5H\xce\x9an\xa6B_\xe0\xb3\
\x94\xaa\xb0b\xb0\xeb\x8a\xcc'\xbf\x08+\x83\xf5\xf9S\
\x12\xda\x98\xc6\x1d5Ky\x1c\xd7\x161\xc6m\x15\x18\
\x15\x1d\xc7 \x0d?\xa1\xf5\x00\xcfu\xe9\xf7\xb1{\xbe\
\x97\xf2\xf5\xb3\x0bto\x9f]\xa04#\x18\xc1\xe9H\
A{\x00\xdc\xa3o\xba\x9ev\xc8\xf7\x1e.\x82\x81r\
:Oe+\xd0\x84g\xe4\x1d\x130G\x9be\x8d\x09\
\x1b\x19\x10\x8d\x8aS\xa2\xf8\xd6\xf3l;S&\xefp\
\xaeY\x0cJ\xccn\xba\xe0tN\x05\xfa\x18\x86\xab\x00\
(\xd4\x00m&\xed\x98&\xe7K\xa7\x06\x80\x12\xf3@\
\x83:\x8d\xccLI\x09\x88\x02\xc8\xa9\x1bp\x01Z\x0a\
\x0b\xb5X\x84\x154\x0d+\x8b\xc2r\x87^\xaa\xea\xd4\
C4kc\xb0yJ\xb6\x03\x5c!\xa1o\x1dQS\
@\xdeE\xd1\x96\xc7\xae3\x05\xdd\xa6\xe2Lc\xebT\
\xa0\xa2\xabT\xc5i:\x98j\x90\xf6\x899kt\x8d\
F?D\xfa.V\xd9\xbe\xa2\x03+\xd1\x85\x8b\xe0\x82\
TG\xa2l]w\x0bz\x91\x05^\x80\xd5\xa1\xcaU\
\x15\x86\xe4y\xb4\x7f\x14\xb8\x861N\xbfc\x023\xad\
m\xa52#W\xb1\xb0#\x96\x9b7\x0f2\x8c\x86\x1b\
\x82\x01\x95m\xdchT\xa4\xd34\x7f4z\x84\xc5)\
\xd1\xa1\xe9\xf8\xd8\xc0`\xf4\xac\x02W\x1f\xd2\xda\x0e{\
R\xf3&\x81\x9c\xaa+\xa8\x90\xa9\xa2 FVA7\
s\xb6;B\x19\xb0&\xf5*v\x01;\xdc\xc4t\xbb\
t\xe4z\x85I\xe0R\xb6\x9b\xf1\x07\x972\x17\x18\x04\
\xe8on7}*GW\x9dV\xe6\x0fL\xf0]\x09\
\xd5\x8f\xd24\xc4\x11Ue\xe8\xb20\xdd\x85N\x0a\x1f\
\x99\x8c\x19\xa898\x9c\xe0\x01\x16N\x8a\xa5B\x1dc\
\x5c'g\xd0P\x17lM\x8b\xf8\x83\x052\x9b\xb2\x1c\
\x9a\xbd+\xc8\xa5h`\x1d\x9b\xef.C\x1b\xac\x00]\
\xd1\xd5e\xb2\x07\xf6\x166\x87\xd5w+\xc0\xba\x1c\x1e\
\x97\x07\x97\x9c\xb5\x98\xa4\xbb\xde\x82o\xa9f[\xb5)\
\x0bC\x0c\xa2\xbaX\xa1\xb3\xd2]6h\xb72\x96\xad\
P\x04\x0a\xa5\x14\x96-c\xb0\xc8\xf8\xb0\x8a4\xc4\x07\
\xcc*\x9b\x1e\x10\xa2\xcb2tVQ\xea\x9d6e|\
\x17V8\x9b(\xd9\x0e\x15\xf5\x80[\x98\xb0g1\xe9\
\xcfDz\xb1\xec1U\x11\xf3k\xe3T8\xb1\x80\x22\
`\x02\xfe`\x05\x98vm\xd4l06B\xc7\xf0*\
\x00\xda\xf4\x84\x16F\x9f\xf6B\xc7\x19\xbd\x0c\x8c\xd6J\
\xa3\x06\xc30@\xb1X4\xf4\x92\xd0\x1f1\xf7h\xd6\
\x18\xf3\x9b\xd6\xe8\x8e0\x90\x1c\xe5\xf2\xb4^\xc5\xab\xfa\
J\xeb\xb4\xb4\x0f\xd4\xd2A\xed\x0d\x89y\xbe\xf9\xca\xb6\
efh\xf7\x19\xd3E\x8d\x91M\x86\x8b\x1eT\x82@\
8l\xa7z\x9f\x85\xea\x1b?B\xf0p'x\xac\xf1\
\xd8\xc6\xc9RZ\xd0\x84\x96/\x10\xc7\x01J\xdc\xe1\xb1\
d\x80\x86\xfb\xf2\x17\xceC\xceF\xa9\xad\x1b\xb4 <\
\xe0\x14\xa9&\x9d3J\x5c7b\x01\x22\x15\xf4\xba \
\x0fL/J\xdbF\xe0\x1e\x97V\xf4\xdd\x99.\xb87\
\xef\x8fr|\x1e\x17\x86\xca+\xd8w\x86\x8b\xfb\xb4\xc4\
\xc4\x8e\xc4\x11\x1b\x0b\xcf\xdb\xc2\xaa\x97\x8c\xbce\xe6\xa9\
\xfe\x9f>\x8b\x12\xdbv\xc1z\xa9\x885\xb3\x22\xc7<\
\xe5\xd8\x8cBh(3\xfa^\x14\x96\x02\xc96\xad\x8d\
P\xc6D\xd1\x84J\xb2\xd0\xe7q[\x22\xab\x84\xce\xa8\
\xd2\x1c1/\xc0\x7f\x99\x86\x88,\xd9\x93(\xc8A\x8f\
\x84%4\xf6\x97\x8d\xac\xc9\x1e\x01S(\x03L%\x18\
C\x1aD\x88y\xc1\xfaL\xd4\x92a\x030\xa6#X\
\xe3f\xcbD\xee\x07\x0c\x81\xe2}\x12\x10A\xf9\x18\xe5\
\x22\xe3\xb4/\xcan9\xd3\x9f\x04\xac\xf3\xfc\xc9!_\
\xe7\x99\xa4\x9f\xbd\xe2\xaby\x06\xda\xd2o\x99e\xe5\xb5\
\xa6\xf8\xc8\xdfwl\xc3c=u\xcbg\xef$\xd8\x15\
C\x1c\xb09\xdbl\xc7<`\x97`Si\xf5\xe0\x8a\
\x98\xb9\x1e\x7f\xf2[\x0f&\x8d\x99\x0b\xa7\x88) \xce\
\x0c\xbf W\x1f\xf4\xb2\x07\xe2\xbc\xd9V8\xef\x96\xc5\
;\xb6\x85\xe1G\x9e\xfc\xbe\xca\x0e\xf8\xc6w\x8a\x17\x91\
\x1a6\x8e\x024\xd3\x7fI\xa2\x87\xf2\xa4\xb6\xd0G#\
:\xcf\x91Z\xdbl\xba\xafE\x03\xcd\xda\xc9\x16\xb2\x82\
\xbb\x0c+\xef\x89\xb6\xac\x80c\xbb\x15\xdd\x8f?\xab\xf0\
3?Q/\xaa\xd9b%\xf2D\xf01C-\x92f\
a\xfc\x09\xfe\x86!\x16Os\xc9j|\x09&b&\
\xe1\x05\x82|'\xb2z-\xb5@\x00\xd5\xba\xfcy%\
M\xcb\xcd_\xd6\xf4\x00\xae6s\xff\x02\x93\xfbD\x1a\
\xbeg'\xbbGc\x16E\x97\x13\xaa\xe5\xfbfHr\
:\xb2\xa7o3(\x9e&\x1ci\x0dzj\x06Q\x0f\
\xfc\x06\x0e\xcd\xf4i\x9f\xc5\x02\xd1\xa9\xfd\xd2\xa0@\xc2\
:\x9d\xe5v\xcb*\xb7\xe3\xd3\x1e\xca\xd8\xb3\xfa\x86a\
\xeef\xca\xbb\xb3\xb0\x12p\xde\x03\xb0e\xbd\xcc\xde3\
\xa8`O\xe2\xef.\xcb\xfe\xd5\xb00\xaeY<\x80\x86\
\xc9\x9fv8\xdc!&\x18\x08\xfd\xf0^\xbbX\xa6:\
\x1be*\x96>FM\x1f \xd4\xfc\x80\xe8j_s\
9m\x06\x5c\x9e\x95\xdc\xf5\xb6\xb0\x9a\x84\x1b\x1e\x1b\xd5\
\x10-\xd86\xfaM\x96Y\xa9<\xef\xf2Ai\xdbl\
\x0f\xf46\xaff\x1d\xbb\xfd\x8dbbt\x17#\x10\x1b\
U\xbc;\x08\xaf\xda<\xba\x89\xccR\xc5`\xe1O\xa9\
Y-j\xb1\xe6\xfa\x81ZY\x1c\x0c3\x10M4E\
c\xab\xee,\x01?\xad\x99\xe9\xbcP\xd8\xe0a\xe6A\
*_\xd2\xf2@\xc0\xc3\x95R\xcd\x8c.\x85\xb6\x22\x9e\
\x89|\x89i\x84\xfc]\xd9\x0c]~w+sFu\
+VK\xd6{\xf0v]z\x0c\x88\xfb]\x11\x86\x9e\
\xbdM\x90o\xc6N\xeb\xa7\xf1L\xf0\x8d\xa7\xc1\xad)\
\x80+\x10\x14,\xdb@7\x8a\x0b\x98\x04W\xc1Q\xd9\
\xa7:,\x8d[\xaf[,\x9a\xac:\xaf5d\x80\x0c\
\x012w\x87(\x7f\x0c\xbd\x87,?\xcb\x81\xf0W1\
\x14\xf2<l`ht7\xdf\x03c\x15\xd3\xa2)\x0f\
\xe8Y\xca\xa8!N\xf6\x86)8\xc3\x11u\x86\xf2Q\
\xcf\x80\x18\xf1\x08\x1bq\x18\xd4B\x0e\xcaA\xe41\xe3\
x\x8e\xbb|\xca\xb7h\x9d\x00\xc6\xd1K \xc4s\xa6\
\xc3R\x84\x07\x81\x9c\x8e\x94>\xce9I\x00\xdf\x12\xc8\
\xe9F\x09T4\x97#/\x0cdXyZ$\x1em\
u\xfbd%\x1c\xee\x87\x03\xd73\xb5\xb9\xe6\xc5\xa5\xc3\
X@\x9e\x1d\x87\xcf\x8f\xe8k\xadnJ\x8e\xd4\xd6\xc8\
\xa2\x93\xcb\xb4\xf0T\xd7\x19\xd3kx\xce6\x0co)\
\xde\xe3\x0bW(\xb6\xa8\x8cx\xc3\x0e\x1a\x9e\xff\x94g\
\xa9\xfa,HF\xe9\x1e\xc2w\xf4\xf4\xe4\x0d\x0b\x0d\xc4\
'\x8ep\x1e\xb5l/e\xf6\xef\xf00\xd6\xc1\xfa\x9e\
\x84\x09\x82W\xf3\xd7\x90\x94\xbd\xc9\xa8>j\xa4d!\
\x9b\xf9k\x06\x999r\xe4$m\xd7j\xad\x0c:\x18\
\x86\xe9aA\x91\xa9\x94\xa6\x06\xd9Z>\x16\x95\xe2`\
\x0f\xe75c\x9c\xb3\xc9\xb0%sd\x0a\x03\x1a\xd3~\
\x0c\x18Z!\x0csS$L\x16\xb9h\x9c\xa39\xeb\
\xc7\xa3\x96\xaf3\xd8\xbd\x84\x1aL_I\x98P\xd63\
\xe3:\x95JN\xa5\x84\x16fP\xee\x8c\x1a:_\x0f\
\x1dN\xca\xd8\xfa\xdc\x99G\x5c\xa7\xec\x82\x81mV.\
HK\xf8[\xa6F\x82,\x1a\x9d\xc4P\xfc.\x0b\x91\
\xb8kd3\x1e-J%#\x13-D\x84`R\xf2\
\x0aH\xd6JE\x10\xcb)P\x8b\xfc`\xfa\x96,\x7f\
\xd0\x90\xf1\x1d\xe0\xcc@D\xd49<\xfdJ\xd6\xc0;\
\x00\xdd2'\x22\xd8\xb5\x9c\xaf\x888\xad\xea\x8cm8\
%\x1a\xfd\xd9\x98\x8cn;\xa9\xb8\x9a\x19\x81\x88\xa8m\
4(-;b\xd5\x10\xd2\x02\xbfm\x81_/\x95\xc5\
\x8e\x92A\x02h\xfb\x82M\x173_\xbbv\x0bP\x05\
\xcb*\x8e>\xfe\x1e\x93\x10*\xe5\xac\xce\xcem\xb0\x8b\
\xc2\x10R~d9\xd9g\x92\x06gr\xf9\xb3w\xfc\
\x9b\xcb\xda\xfaA\x81Xt\xadpn\x94y\xa1\x00@\
\xe3FUdJ\x09@\x9f\xc7\xefM5\x1em\xd9d\
\x13\x92\x88\x843\x98\xd6k\x97M\x98IMc:\x0b\
\x1e\x1dD\x99\x05\x0d\xcb!\xaa\xd2\xbf\xfd\x94G\xc2\xa7\
\xb8\xe8{\x9f\xe5\x22\xc2\xfc\x8b\xb7\xd6\xd1\xa1\x9a\xc2\xcf\
S\x97R\xeb\x15F\x02\x11YI\xe9}\x8e\xadg\x95\
pM\xe2\xfdj`@-\xe2\xd9\xad\x0c\x89B\xdf\xcc\
\xf20C\xfc\xf9,\x8f\x8b\x14x\xa0+\xe3\x22\xf1J\
\x11M\xf6\xd6\xbc\xe9\xad\x8d\xb9\x1a\xf6\x5c\x10\x1e*\xc2\
\xbf:\xc7\xa3\xb7\xb2\xd4O<\x16\xad\x0c\xa5 \x1e\xf8\
\xfa\xf1Q\x85\xc5\x80ZI\xa8\x19:\x97\xa3&G\x8c\
\xd5\x1a1\xc2S\xf0\x96\x5c@f\xb7\xf1\xf4h\x90\xf5\
\xefe\x85w\x9d\x1a\x0eI=\xdb,\xdc\x8e\xd0\xe10\
_\xf1\xa8a\x01\xaf=Y\xfc!?\xb2\xa3\xdac\x7f\
\xa0G\x8b{\xc6Y!\x9fn\xa92\x87#\xd7\x86_\
\xf0\x1e\xbd\x9d\xcf\x8e\xdf\xd2Q\x99I\xf5g\x11:V\
\xbc\xe6\x0d\x0dcQ\xcdSD\xe6\xbc\xb3\x14\xf3\xcc.\
\x95\xf1\xf3\xc4}\xa5^\xd2\x96.Y\xbd4\x02\xd4\xe9\
1\xa0\xc2k\x1f\x8c\x16\xac\x86(\x1bA\x0f\x055:\
\xec\x12\xa5[\xb1\xc4<\xc2.\x0bH6\xe2U-#\
b0\xdb\xfe\xa9\xc1\x0c\xf8\xc8\xae\x1d\xca1\xf1C\xa1\
\x1fcG\xb2\xe3\x9f\x1a\xc9\x88\x9f\xa8\x8e=+\xad\x1d\
\xcf\xd2\xf8\xf1\x8c\xd0\xc4u\xae\xfb\x7f<\xa4=\xa1\xa4\
\xf5\x075\xa4=<\x7f}\xdc\x90:\x83\xe0%W\xe1\
\x0d#\x9a,\xf4\x93\xc19\x8a\xd7\xb9\x19bc\x9d4\
\xdf\x9b\x83\xd7\x1ff4C\x9b\x1b\xd8wa\xc2O\xb1\
\xed\x14C\xf33\xfdH=\xbc\xa5\xb4A\xd0\xf8<\xb4\
Yd\x8f\x07\x11X\xa2mt\x1f\xfdBF1\xae\x9f\
;\x00\xc4*\x8d'\xcak\xfa\x96 Y\x13\xed>\xe1\
\x9au\xb2\x0b\xa8\xd5\xe2\xb2\x0a\xa8u:\x83\xe6\x1f\xb9\
\x92\xdc\xf8S\x0b\x93\xba\xdd\xc9\xd0\xe5\x0d}v\xa6v\
x\xb1\x19\x0a\x82\xd5b3\x13\x04\xab\xc5f$\x08V\
\xe3\xd1Ze5\xfa[\xed|EP\xd7\x90<\xa45\
6\xfb'\x16\xbf\xfe\x94\xd1\xff\x83\xc0\xa7\x8e\xfa\x1fD\
\xe6\x10M\x17$\x919\xd4\xd7_K\x15\xf52\x02\x04\
1\x10\x9b\x09 X-6\x03\x80Z\xed\xa0\x22\xff\x07\
1\xa6\xa4\xb7\x94\x18c\x89,\xc3\x95\x17)\x91K\xc4\
\xc2D\xc5\x06\xe9\xc2(%\xb4\x99\x0c\x00\xa2\xc2y\x02\
\x8e$9n\xd5aj5{w\xbb\x01\xf69\xf3\x81\
^J6\xd6MF\xb3\x9e\xac\xf4!l\x8c\xcb\x5c\xf1\
\x8fv\xc5\xef\xd0\xa8I.#\x13\xa1\xb8\xfc\xbdGt\
\x92\x9a\x83MI\x13\x95\xefbb}\xce\xa6\xf91i\
4\xb5\x0dK\x1d#\xbbtc0\xe1\xcb\xfa\x95\xb4\xc2\
F5\x11\xc6s_\xbff \xa7$Ma\x19U\xdc\
\xee@\xca\x9a\xb8L52KF\x07 \xbeby\xa6\
\x92\xe6\xe1\xab\x07\x8d\x7f\x91j\xe6\xe0\xf0\xaeO\x89s\
Oy\x9d\x11LB\xe3N\x91\x86f_\x1cFi6\
\x98Xl\xeaa\x5c\xa2_\x81\xc8P\xe3\x86R\xd4D\
\xa0\xee\xc3\xd3D]0P\xc0t\xd1\x16CF\xca\xf3\
HIt1\xe9X|\x04\x0dG \x88\xbbzE\xa3\
G%\x1c\xf43AzRS\xb1\xc4\xe0d\x01H.\
u3\xec\x89X\xae\x8e^F\x9d{\xea!\xf7\x82\x10\
\xa0Z\xfa\xa9MFY\x9bsL\x18\xa7\xfc\xec\x8c\x18\
+\xe7\x00\x9e:\x0e\xa0!\xa1\xa0\xc8\x9d\x13{\xc5\xb6\
\xe13\xf7\xf3R\xfa\xd9\xc7\xa8\xa1\x0a\x93:\xae\xd3\x0e\
\x14*\x07\xccL\xa1\x123\x81\xb1\xd0\x04\xa2Y\x88\x98\
\x84p\xe6eN\xbft\x15\xe5\x83.f\xe3\x8f\xc8\xf9\
\xe6\x0f|5\x1f\xb8\xc2\x05\xe8\xd0\xe9]dFw\x9c\
*zc\x94\xaaJ\x9a\xb7\x98A\xf7aDx\xf1\xb2\
nO`\xa8\xc3\xca{\x06Fr\xa1\x0c\xa95a)\
\x17czI\xbe\xce\xda\xb0\xc1\xcf\x88\x22\x7f\xaa\x12\x9d\
2<\x8ey S\xd8\xbb_3\x92\x84\xda\x94\x061\
 \xda}\x91\xbe\x95\x0cJiF\x05\xfa\xd6A\x1eW\
\x8a}\xe0R\x93\x198\xd9[\xa8\xb0\xc1+5\xa4\xc3\
L\xfc\x1b\x92\xf6\xd1}\xf2\x0b\x9e\x05d\x08\x8d\x18\x91\
Y@\x86L#\x90\x05\x04>K5\xb3\x89\x05\x8f\x94\
\xaaD\x8feq\xb3\xc1\x909a{\xdc\x10&\x22L\
\x8ah?\x16\xb7\x9e\xdb\xdc\x1f\xda\x09\xa4\xd9\x9dC\xa3\
MRG\x5c\xcb\xd5\xf2\xb6F\xbd&\xd35@;\xf1\
\xdeT\xe7\xa1X\xe4\x11\xbb\xb9\xdf\xd2\xf3y?\xd5\x89\
l\x90\x0e6\x98\xf6h\x0e\xe5\x00\xa7\x1cQ\x0a\xb1\x88\
\xcfR\x15\x95\x89\xfe\x5cS\x95\x85\x0d\xe3W\x81j\xd8\
0z\x07XS\xbb[\xad=\xedq\xcfc\xd0\xa6\x1c\
6\x1d\x8b\xc3_\x05x\xcaX\x9c<\xb7\x03\xd6\x8c\xc5\
\xaf}\x10cAhS\x8e\x85\xe9`\x16?\xad\xf5\xf0\
9G\x91\xe5\xcc!\xdb\x82\x13[\x0fLQR\xe7L\
\x80E\xbf\xa6\xdfJ\x1a\x9d\x19N\x90\xa0$C\xe6)\
\x11\x04i\xf3\x8f\x1c/g\x02\xd7\xe8\x0d\x05\x09o:\
s\xb8\x97\x87\x02\x87-\xc8>\xf0M\xcfn\x8c\xe3\xb2\
\xe9\xb4\x0d\xebY5\x9f\x0e\xecB\xfcF\x1d\xe7\xb4\xae\
\xc4;\xb0\xa1\xb8p\x9e*\x86rD\xed\x7f:\xcb\xc3\
A\xc2\xaa\x9b\xe9\xe1 a\xd5\xcd\xf6\x10\x01k^\xf4\
\xfd}`5D\x83\x18\x10\xf5\xa3MG4X\x80}\
\x8a\x94\x98\xe2\xb2\x97R\x9e\xe4\x8f\x1d\xc3:MlI\
/u\x1d\xdb\xe2\x99\x8c\x02\xdfq\x86<\xcc\xaf.t\
\xa1\xb9J\x86<ld@\xfd\xc9\xb3#+\x1c\xfc\xfd\
\xcf|\xe6,\xc4\xa0\xb8]\xa36\xae\xed\x8a\x0ci\xdb\
\xb2\x1f\xef\xcc\xb6\x8dn\x17\x82\x84\xdd\xa2\xf1\xed\xdd_\
\xc7\xbc\x1cJ\xa7+\xb7w\x7f\xc0\x8c,\x12\xe7\xd6\x82\
?\xa8\xccj\xc1\xa6SfU\x0eV\xffW\x92\xb1\x05\
!\x1d\xa3@rB\x17\x97\xec5\xa8\x0ao6\xc2\xe3\
\x8ea9\xdb\xcaF\x81\xac\x9f\xe3-Xw:\x19\x06\
\xc2\x98\x9a\x223\x5cTu>+\xb5:\xadQ[}\
\xc8\xbf\xcb\xd5\x03W\x96\x8cR\xd4\xd01A\xcd\xd1\xbf\
\x8f\x8e\xa5\xa2e\xf4RWg7\x9a@I\xcc\x7f\x9d\
\xeb\x85xc\x1dOW-5~\x0b\x8d\xc2a!X\
q=\x06i\x14\xde\x5cK\xf0\x22V\xaa\x82\x8c\xe6\x97\
\x905\xf8mp',Qx\xd0\xa2Q\x9b:z-\
Y\xad\xa1:\x08\x94\xbfd\x8d\xa6\xf1M\xb0\xe4\x84\xda\
n\xe7\xa3\x04\x17\xde\x0e\xa5\x88CN\xfb\xae\x12\xf5R\
(\xf9\xc7\x93 \x80\x99<\xe0\xb9\x85N7j\x94\xed\
\x96^\xdb\xb2\xf42\x8b\xb3\x9d\x84F\x95\x12\xefRx\
\x84\xc4I\xbfv\xea\x15\xa2J@\xa5u\xbb\x1a\xa8T\
\xf1\xb3B\xd7\xbaP\xdd\xd95\x98\x92R\xa4U e\
uM\xa3m\xfc\x92_\xe3A\x87\x95$\xeb\xdb\xcc,\
}\xb6\x93wk\x1a1\x05\x9f\xc5\xd7\xa6\xab'\xe3d\
\xb7\x82\xba\xeej\xcb\x96\xac>\xaef*S0\x0e\xa5\
ndp\xdd\xc0\x00\xc2\xa4\xa2LU\x90Bx\xaa\xc7\
\xe2\x06\x0b&\x98\x1e\xaas\x1e\x9a3,\xd2F\x0f\x05\
N<\x0a\xc8&F\xefR\xed\x86\x1fBU\xe6\xf2-\
!M\xf1\xea`SP\x0dM\xed\x11\x0b#Mc5\
\x0b\x83\xe6\xb0\x88\x85IqC\x81\xcaA\x92#\x1eW\
u\x94\x8a3\xb1\x22\x0b\xcc\x1b<9\xb4\x8c\xd0h\xbb\
\xfc\xf8\x10h\x11\xda\xb1J\x86\x1f\xbe\x0bC-ZD\
\xa2i\xc9\x0c2z\xcd\xfeh\xe1\x01\x09\x14\xfb\xae\xeb\
\x19\xe5P\xad\x050\xde\x8c\x12\x96)J\xb3\xeb\x18\xc9\
\xe0s\x15\xa9\xdbu\x8e\xee\xe3\xdfI\xed\xae\x9bg$\
\xdd\xce-&\x96\x1f\x83;\x87jFE\x0d\xe7'%\
k\xcf\x80\xb6\x1dTL\x8bF\xe0\xce\x99\xf9\x8a\xe3\x1f\
\xe3@_\x1d1<\xaa9\xb8|B=\xa8\xe8(\x97\
\xb3=\x15\xcf\x8e\xaa:eT\xf6p\x83\xc5\x8a\xb7\xa8\
t\x92\xd9\xa5\x5c\xe8K\x22\x99\x85w\x07\xe8\x0c\xb3\x0b\
\xaf\xf3\xdd(\x88)\x0c\xa0n\x04\x8c\xe1\xc9^z\x0b\
\x13U\xbbSq\x1aT3\xe04\xa33`\xc6\x8bj\
3\xb7\x06\xbd\xaaJ\x9d\x12\xf8\xf4\xfdL\x03\x8d\x17\xe1\
\x1d\x86\xc3\x83\x97R\x99\xb5\x9b\x87|\x08\xaeOWo\
\xc5q\xe8\xc9f7l\xd2\xd8\x85\xe9C\x8a\x91\xd7+\
\x8d}:\xf3\x0e\x0aW\x9d-\xaaJB\x91\x9b\x8f6\
Bb\x88j\xb9\x00\x18\xb6\xf4q\xe8\x01\x063 \xfc\
\x1c$\xa1nA\xc7\x86\x9e\xa1\x01\xea\xda\x10\x05\xe5X\
\xbc\x1ba\x91!{\xf0\x0e[\xdc\xf2\xa9\xd6\x14\x85U\
\xf5\x9b\x9e\xab\xf5\x94\xcb\xf4\x12\x8f\x99/\xdch\xfa\xf9\
W\x83\xae\x87!\xce\x04Q\xc0t\xe3J\xc8\x99\xa2e\
\x10\x94\xe1\x0a\xf7\xa7\xa8%\xbb\xc1Z\xa5~PI!\
\x13\x22;\x19\xa0]u\x82k\xc6\xf0\xecz\xe4V9\
\x05\x030M`/j\x00\xd7\xdd\xbekd_(\x11\
mx\xa1\x17\xee\xd0'\xcc<{\xfaJ\xdd\xbc\xb5>\
\x9e\xed5n\xed\x17\xa2\x84\xf3\xfc7\xfb\xd1\x14\xdf\xb9\
\xc3\xa6F\xd4zT\x1f)\xfej\xc9\x99\xeb\xc3\x92\x9c\
\xa9\xce\x1b]5\xf6\xce\xa7v=GP\x14\x8a\xe3\x93\
rH\x17\xf5\xa29\xd9\x08\x86\xfc\xc1\xb0)\xca\xadO\
\x15xy1\xaa\xc1\x07\x94[\xed`\xc4\x02' \xa4\
]%\xdb\x88+d[M\xa4\x88\xb2\xafZ\xe9\xdc\x83\
\xcfVb\x94\x07\x13\xf8t\xfb\xc6o\xd3W\x82%d\
\xaa\x16\xc8T\x1b;F\x855\xdf\xa6\x87\x09T\x07\x5c\
\xccf\xe2R\xa1*\x1e\x98\x94\xa9\xf2\xa6\x17\xf1\xf5\x89\
>n\xf0\xcc=\xd4\xef\x95\xbeI\xe1\x95\x8d\xeci\xd1\
[R\xe4-R0\x18\xdc\xf6rK\xd2\xfcA\x0c\xa7\
|\xb3G\xef\xad\x11\x1e\xdc@U\x02\x0a\x86!\xacH\
\xf87V\xcdBU\x9b\xfb\x05f\x02\x89(\xf8\x8d\x1f\
\x02\xfb\x17k\xf8\x83X3b\x17\xf1\x051MaA\
\xef\x0eSS~Q3b\x1a\x8b\xd1d\xd1/\xe5\xe4\
FM\xcf2j\xaa\xb6\xe3\xc5;\xb38(49f\
{\x9e]\xac\xa9\xdd\x82b0`\xbb\xb1\xb8\xed&4\
\x00\xa7\x96s9\x82s\x05\xaa61\x15Kj\x87\xa0\
Y\xd5TZ\xc8\xf5<\x07\x93\x05R\xc5!2\xf3 \
h|\x8e\x97\xa9x\x81\xcc\x83\xc1/\xfd\x8dh\x89X\
!\xcaF\xb4Ly\x02f\x1f\xb8\x95b\x049 E\
\xe9 \xf2\xc1\xa0\xabB\xdbH\xd92\xbdA\xbd\xca\x1d\
\x16:\xa0\xb5\xfc&\x90\xd4\x93\xd9s\x99b\x1d\x05\x8a\
&\xf5\xcc\xe7\xe9[?\x09n\x16\x80\x0b~\xebg\x03\
\xf2]<#\x81\xb5\x8f\xa0\xab\xa7\x84\xd4\x89\x90\xfc\xaf\
|)\xce\xfc\xe2\xfd(\xed\x8a\x14\xb73\x15\x0c\xe4\xc0\
]>F\xf51\xff-O'O\x22\x1a~\x09\xd4\xcc\
+E4\x99\x0dG\xda!\xdf\x15\xd4\x0e\xf8\xa6\xb6\xae\
\x1f\xa2\x9e\xa06sMm\xc3\x86\x96\xa1\xbcE\xa2a\
\x22\xb3>\xa3\x13aQr(\xa30\x99\x8b\xe4\x00=\
\xd9,\xe5?\xf4\x89WN\xa39Z\x22Avr\x90\
\xe1\xa3f34\x17\xa7\xcc\x9aF\xf4\x0eA\x15\xe0\x0d\
=y#\xb2b;T\xf4\xf3\xbaK\x1a\xeb\xc1\xb4\xe8\
1-\xa6PtkZ\xcc\x96zi\xcd\x11\xa5\x15\xf5\
SqF\x89\xe8\xac\x8f\x07\x9aV\x9d&\x9a\xfa\x0c\xcb\
\xf0\xa2'\xa4\xa9-BY\xd3\x82z\xe6L\x06\x85g\
H\xe3\x8af\x0d\xbc:\x1e05uoU\x1eo\xa8\
!\x113\x81\x93\xea:<\xab\xaa\x0e\xa5j\xeaY\x19\
\xdcQH\x8f\xa03\x98tm\xd7\x03\xd7\xe0L\xe8\xe5\
\xfd\x97\x0a\xb6\xefH\xe6\xfa\xaf\xe3(C?J\xde\x01\
\xe3\x13\x0f\xf6\xc2:\xc3N\xc7\xebD\xbeN\x96\xa9\x16\
\x9fqS\x01\xc5}\xc9\xd0;^g\x17\xe1@\x1e\xf4\
\xed\x22=\x92\x98%\x97\xbe\xaa\xb3KGEbe>\
w\xd00\xfc\xd0\xecTQU/\xef\xda\x07\x10\x02l\
\x86av{W\x03c\x1eZ)\xa4\xfb\x9b\x13\xf2V\
k\x1b\xb4\xd1\xc7\xcd\xe1\x1ek5\x00\xba\xb9JH\xe3\
\x06UC1\xe3-\xe4*%\x19'S\x1e\x15A=\
4sU\x1eI\xc4\xaa\x14K\xf8\x82=\x86Pv\x84\
Z7\xee\x88\xab\x9bBW$\x9a]B\xde\x8d&w\
\x18\xfb\xbd\x8d\x91\xd5gBuF\x1f\xe1\x01\xb6\xec\x80\
u\x8a\x1dR\xa4\xee\x19\xc1`vbp<3\x9cO\
~g\x19\x1f\x05\xc7l\xcc)\x5c\x83jZ\xcc\x0d\xa5\
\x85\x0b\xf2\x81\x14O\x09\x17\xc7\x08fs6N\xdb\x87\
Yy\xab_5\x86\xfe\x04O\xf6\xfc\xa0l\xc1\x078\
\xed\x94\x13{\xf4\x853\x7f~\xd3\x0e0@\xd3c\xe7\
Y??\xbd\xd8\xae\x11\x86\xa6\x08\xe3\xd9\x5c\x9a\x5cW\
17\xf9v\xb4Z\xe0\xcb\xa3\x8e\xd5\xa1\xec\x94\xcc\xf2\
\x98Vr\x94\xf9\xc7\x0e\x9eV\xb2o\xd7h:\x1a~\
S\xc8P\xd7\xc0\xadt\xb55\xe5\x9b7\x17\xb7F9\
x\xc0\xa7\xd6M7c\x97\xd9Q\xa7\xb6\xf94\xaf\xdb\
j\x1bR\xdf\xc5*\xa7nS\xf1Il\xee\xab\x02u\
\x9b\x99\xb8V[\xb0M\xb8\xb3\xe6-\xa5:}5a\
\xab\x09\x89\x8d-\xa5\x89\xe8\x9a\x8b\xb9[\xa30\x01\x8c\
\xf9\x01\x82Y\x80\x5cU!\x9e\xd5oZ\xd4\x120V\
\xc5\xbc\x82\x5c\xdf\xad\x859\xa5\xe9\xb4\xb6\x89\xc5\x9bd\
jL[\x22\x07D9\x92\x22\xd54\xa6AS\xa9\x1a\
\xcdN\xc6ku\x03\xf7\xcb'\xed\xb0\xfd\xa3-\xc63\
\x92\xbe\x22\x1aK^\xca-\xaa\xec\xc9<\xc6\xa8p\x8d\
\x98YGr\xa2\xdaj\xd4\x16\x5c\xe0#YWc\x0b\
.\x00\xfcu\xdc6Y\xdbv\x01\xd7\xd9\x5c?\x1ao\
\x86\xc7AU\x9e\xd3\x0cQ\x8dIs\xe9\xd3\xa4\xac[\
\x0f\x8eb\xdc\x17#!KT8\xcc\xc4O\x87\xb3$\
\x8e8\xa7\xbed\xaam\xb5\x88\xdbpdl\xd2h\x96\
\xd55\xcc#X\xd4\xe5Z\xffWf\xf2\xa8M\x14m\
-\x8f\xe2\x9c#~6\x17a6\x17\xaf\xaf\xd5\xe7[\
r\x14sGh</jI\xa7\xcf\xab\xd9\xd3\xad\x98\
a\xdc\x1c\x12*\x22\xb8\xb2\x08{*\xc3e\x8a;5\
5\x9f(3-0\x1d\xa9\xec\xc3P\x93j\x05Q\x17\
\xbd\xcd\xc4f2P\xd3+Dn\xa6\x9d\x5c\xbc\xd1\xc8\
14\x0c\x08\x86\xc8\xa0\x97r,\x07\xa9gS%\xaa\
Lk\xb0\xb8y|\x15\x94-Gw\x99\xa1g\x0a\xf5\
v\xd9\x82\x006\xd8\x98\xc3b\xa9cD\xc4\x16\x8b\x97\
G\xf5\xaf\x1ej\xeb\xb7\x88\x1b\x08\xc5&\xc5\xcf\xc7Q\
2b4\x86\xa6[F\xeb\x12s\x8bx\x1a){\xa1\
5\xe2\x04\x99|G)$\xb7\xf2\xc2\x10\x1fHR\x01\
\x1dCW\xd7\xf8\xcf\xc4\x84<\x14)\xb0j\x83U\x86\
\xdf\xe0\x05S\xe6\xf5 \x0br0\x5c|\x16\x07cq\
\xa3\xad\xc7\x8d]\x86OW\xd2p&\x8dX\xea\xa3\xec\
~\xfa\xc8\x8c\xca`\xfa.\xd5\x8f\xfd!\x1e\xf8\xf1\x00\
\x92=\xa5\xacc\x9bY\xad\xd72\xe9\x91\xb8L\xa3\x22\
\xf2\xa0\x7fh\xbbr\xd3\xf1\xe8\xad\xd2m\xa0\xa0\xb7Z\
6\xa2+\xcfC\xe3\xb5\xe3o\xe8b\xc8\xde\xda\xb6\xc7\
\xa4\xaa8:\x91\xd6[\xcd\xfd\xc1\xd5\xdc/\x5c\xdc\xe9\
\x9f<\xd9n\xed\x8b\x195\x9b\xa2|\xcf\x96\xe1oi\
dN\x1f\xfe\x8aP&\xdb\xf5_\xc9\xb04\x8b\xf8d\
\x0dX\x0d\x8b\x85G\x9f\x16\x86{_(\xee\x7f\xf0Y\
\x90\xccP\x16\x8cz\xd1I\xef\x84FX,\xc6\xcd\xfe\
c/\x0a\xe4 #s\x84Z-S|\x1eW\x88\x00\
\x04\xfc\xb5P\x99\xbb\x87\x06G2\x17}\x1eW\xd0\xa0\
\x04\xda@\xa9\x5c\xf1\xb4\xe8\xf1\xac\xad\xf3\x96SF\xa4\
-\x07\xbd9\xfd^\x16\x04\xdetb\x14\x9c2\xf7\xe0\
\x8c\xe8ky\xc0W|z\xf38\x84ykO=\x91\
NAE!\x00\xcd\xbcRD\x935\x81\xa4\xbd\x98#\
Va\xfa\xa3<\x7f\x85\xa1\xa6W\x97\x91\x08X\xea^\
\xf3\x00\xf3\xa0\x80\xedX4Xbun\x0b\xc4o\x0e\
\xf2\xda)\xd0l\x1e\x9e\x22=?Btx\x93\xb4\xed\
\xd0i\xccHM\xec\x95@\xe3\x85\x8a[M\x8f\x7f\xc7\
\x12\xb6{t\xa2;M\x0f\xbdm\x11V\x8f\x00\x145\
3\xeaf<\x1c;1~\xdb,3\xeaf\xab\xe2(\
\xae\xdb\x01X)\x89P\xc5\xc4K\x7f\xae\xa9:?\x80\
{\xe9<\xaf8W0|\xa3\xd3\xba[\xd3\xbe\x11\xa6\
\xbc]\xaa\x98=\xdb\x05\xdf1\x8bF\xc0\xa8:\x85\xf9\
\xaa\xb6I\x0b\xc6(\xa9(t\xd0\xb8\x0d\x88>\x0e\xfe\
v\x1e\x8c$`\xb1\xdan\x96*\x9e\x11\xdd$V9\
\x0eW\x1bR'8\x143\xc1\xb9hU\xa7X\x8c2\
>\xa7d\xed\xe8\xe6\xeb\xb9\xef\xb9\x83\xb6,\x11/f\
\x03:\xfaV\xa2@\x0b\xb1\x01\xa7\xa1m\xd2\x9b\xa7\x00\
\x08\xea\xc7\x182\x1b\xfa\xad\x8a\xec\x83\x8a\x94\xf4\xb6\xe8\
\xae7\xfe+]+\x9d\x1fY\xbf\xf3\x98\xdeg\xfa=\
\x84C\xbd\xb4\xd0\x9a\x22\xd0K\x8a5\xa4\x1f\x0f\x86\xb5\
wB3;\x0f<md\xd2\xf42\x85\xa9\x5cL\xa3\
\xaa\xd7w\x9e\x8cj1\x1f\xfd<\xf2\x9c\xf5\x8e\xf0\xb7\
\x05\xaa\xc1\xa6]m\x13\x0f&\x98\xe6|\x14\xe3\x8b\xab\
\xd1T\xdayJ\xf3Q\xdb\xf6#\xa9\xd0\xbf\xf9\x83\xa2\
\x81P\x18\xa5\xad\x08 \xcf\x0f\xaf\xbd<\xb5mQ\xd1\
\xdc\xb7\xe3\x22\xb3\xe4\x1a6\xa6\xff\xd3\xd0\x0e\x9bW\x12\
O\x89t\x0b\xc3\xa8w\x15\xb9XI#\xff\x92\x09\x1f\
\x03.\x8a\x81c\xb1\xb0\xcf\xd6<-\xe7\xc9YT?\
\xbas\x07xT\xa7\xad\xb6\x0d\xc8\xd1z\x0b\x0e\xbd\xdd\
\x02\x9d|\xbbI\xe3$\xda9O\xdbB\x83\xe1\x80&\
O\x03\x06\x0e\x1b4\xba\xb0\x91\xd6vb\xcca\xee\x08\
\xc9\x0e\xce\xd4\xe0\xea?P\xd7\xaa\x86\x97\x0ec,\x92\
!\xa8\x15\x16\x84\x8e=:GJ\xc0-\x96\x1f9@\
\xd9\xb1m+\x0ca-j4\xe1i\x07\x91Us\x04\
\x92\x1a\xc0\x88?~>5\xff\xcc\x12\xee\xe8\xc6\xc0\xe5\
\xb0p>\x97\xa9zd\xc2\xc7lDz\xce\xa84\x93\
\x8c\xf8\xd2H\x11\xfb\xf175\xa9\x8d\x19\xb2\xbdOp\
?:i,\x09\xaf\xed \xbb\x18\xa6^\xef\x18+\x14\
\x03*\xfb\x91\x00\x95X\xcc0\xa5\xb4\xb6e\xbf\x91a\
\x01<y\xf0n}B7-4\x90D-e\x8b\xd8\
-\x8a\x9a\x1b\xb1\x1c\x9b\x02\xf7Fb\x83y\x18\xc3\x8e\
%\xb2(\x83\xeaT\xe1\xa9\xf3l^/\xca\x0b[c\
\xb7J\x14\xb2g\x96\xb5\xb2]^Q)S\xb2\xd45\
\xe9\x9a\xdd\xca\xba\x86\x0a\xfe\x06\x977\x10QP\xdb{\
\xf1B \x16\x82\x16\x80 b\x8aDA\x9a\xc9 \xd1\
\xe0\x1d\xb1\xd0\xa6\xbc\xf5\x09\xd5\xdf\x84\x02Z$\x0b\x90\
\x7f\x8d\xfa\xeas9\x10\x04\xcb\xf3q\xea\xb2\xf3\x9b\xc4\
\xde6\x1ax\x19\xa3/k\xa3\x15\xc4 \x86\xb7\xf2(\
\x22]\x8d\xbdV\x0d\xf5~\x93\xaf\x83\x0a\xe7\x85\xb2\x7f\
\xe3b(\x09\xe7\x98\x18\x8b\xc0M\x0d\x0fR\xd5\xd1z\
\x94\x10|96\xe6'&\xc9a\xf2%K\x91\x13\xdb\
\xa9\xbeH}\x1b\xca\xf4\xa6\xc6\xc0\x18\xc8 \x1a\xe5*\
\x08\x8e\xc4\xf4\xda\xff\xa7\xbdkkq\xdb\x88\xc2NI\
\x9b4i\xf3\x10\xd2\x10\x92\x10\x96\x92\x87\xa54fm\
KZ+)%\xde\x86\x5c\xa0-K\xe2\xec\x92>T\
X\xb6\xbc+\xb2\xb2\x84d;M\x1fJ\x9fJ\xe9C\
\x7f@\x7fD\x7fG\x7fV5\xf7\x8b\xc6\xd2\xd8de\
\xc9\x98\x85@vG\x9e3\xc7\x9f\xce\xcc\xb9\xccwD\
\xf0\xe0\x0bd.`\x05\x1d\x0fR\xad(\x94pM\x14\
\x95;\x88\xa3A\x8aGn\xc0&\xe3\xe4jY_:\
b]9\x80\xcc\xc5}|\xd0\x82/\xcb,\xa6tw\
\x0cl\xa4\xc7\x9a\x87\xb7\x0ff\xfa\xf9Z\x14\xde\x8d\xbe\
\x83 \x08\xf8\x8c\xbd\xd4\x86C\x0b\x8d\xeaB\x92\xa6<\
\xd7exx\x8fy\xaf\xf8\x87\xd4\xcb\x96\x87\xdd\x16\xf6\
\x9c\x1e?13\xc8h/\xe8\x0diV\x85\xff\x84\xdd\
\xf4`3\xe3\x1a\xb5\xc4R\xac*{\x01\xe8\xc6\xe1l\
\x8a\xbc/\x14D\xa2\xd7\x7fD\xf9\xf3\xae\x88\xd3a\xf7\
\xb9+\xe2|K\x12\xd2\x98\xd0\x13\x14x\x1d^\x19G\
\xf4\xa7\x80\x03\xdbS\xe9M\xfeB/\xaa\xbe\xca\xcf`\
\xc1c\xa6\xae\xfeuD\xea\xea\xf9\xc17\xf9\xc1\xf0\x85\
\x129\x07\xae\xa2\xc7v8\xea\x01\xfa\xacN\x16\x1d\x1c\
\xedbo\x89\xdc\xb8\xfc@N\x0aP\x1e\x9a_\xfb\x22\
\x8f\x06gS\xc4\x8a\x97a\x5c%\xe3T\x8f\xdd\xc0\x07\
dRN\x15\x81\xd6e\x9c+\xf0>\x02\xb5N\xd1\xe9\
{r\x22\xa6\xbf\xc0.\xec1\x0ek\xc5\x98\x9d\x8c\x95\
[~z<\x00\xa1g\x5csy\xb5\xef\xd0\xff\xe3\xa3\
<+neA\xdf\xfcH\x18Gv\xc6\x8e\xf2\xb0\xf0\
\x15\x86\x82\xa5\xb0\x16\x227CGV/\x99\x02\xee\xb8\
\x83\xd8\x1faV\xa5\xaeb~\x91\xcc3\x1bm\x13I\
\xc8\xee\xd2\x991\xa1'\x0d\xa1aZ2\xd5\xb4_\xd1\
pa\xcc\xc7\xfe)=XD\x0b\x13\x18\xd8\xbf\x00\x01\
\xbd\x18\xe5\x04\x00UX\x046\xb9\xd1\xa2\x19\xda\xd2a\
ZC\xb9\x1c\x8f\x22ZIV\x9d\x8bf\xb3p.d\
\xce\xf5\xcdZf\xc6;\x87q8\x87t\xd3\xfasv\
\xa1!L\xe0\xa1Q\x078\xd4H\xb2\xaf\xeep\x96\x9c\
*0\x03\xcd\xe4\xa2ioC?\xc2\x85\x9b\xd8\x94N\
-f\xe9>\x7f\xe9\xb9a\x08\xaa\xf3H\xb2N\xbd\x00\
\x92\xc2\x99Qj\xd2\x13\x882\xbe&\x904O\xf2\x15\
;\xc5]\x90\xdc\x01\xa4}\xe9D\x09*\x11\x04l\xd0\
>\xdd8T\xd3\xb2\x5c\x0f\x8aQ\xca\xb9\x16\xd4gy\
*\xe6z@\xf7\x18\x9cg\x89\xc3p\xe1w\xf2\x01s\
8\xaa\x8f\xdf\xc3\x95\xe0\xa88c\x19\x80\xdd:\xf2b\
\x7f\xfc^\x1f]\xdf@\x9b\xe6s\xfa!.\x07ys\
Y\xf7\xc1\x80v\x9e\x93#\x02\xf7\x8e\x07>T\x1cp\
\x12\xc0\xfb\x0b\x09\xe8\x81CH\x09aU\x93\xff-\x14\
\x94\xab\x82\xd8\x01m\xa4\xcb\x1a\x92f\x09\xa1\x08+\xa3\
\x0b7C`\xe3\x1ed\x98\x10'\xb8\x1d\x16A\xe1\x0e\
\xfe\xfb\x88\xb5*\xa3\xcb\xd9\x07\xa9\xa8&L65\xfd\
h:w\x02\x7f4:\xf3\x9cd\x08HV\x9d\xbd=\
\xa39K\x5c'\x18L\x87\xa7\xcd\x91\x97\xfe\xda\x8fH\
\xe8P\xb5N&\xa1(\x15\x0a\xe8\xf0\xf1\x87\xd623\
\xa7^\x16\x0a\xd1\xa9\xe6\xfcG\xa8badr\x9e\xb2\
99\xafs\xbe-#j\x03\xfd$=\xf4\xbd\xa0\x09\
w\x81\xf1Rh-9\xa4\x81\xda\x07\x1ck\xc7b=\
?.Z\xad\xd9<\x1d\x05\xbe\x036\x19\xcf!\xad_\
4\x14~\x9f\x13\x9alf\x9e\xbch*\xc6\xc3\x95\xc4\
\xc8\xd5\xfe\x5cB6\xa1\x98cm:=J:x\x82\
-,\xcb\x98\xa1\xec+c\xe0\x5c\xbeX\xa1W\xb0\xa4\
\xd6^\x13\x90\xe7\x03?\xdeI\x22/\xfd7p\xa3D\
G\xb5\x06\xbe\xb5\xc7\xc7 \x909x+I\x0e\xd25\
.\xf4)Y\xb6\xf5\xd1jr\xe5\xea\xfag\xa5\xae\x89\
\xf9b\x14\xcfc\x88POh\xff\xcch\xa5Y\x93\xdc\
E:\xdd/\x96\x1d\xd2>\x8f\x07COG\x93_\xc2\
\xa2\xb7)\xa5\xe5V\xc8\xaam\x17\x84\xb9s\xb5\xf5\x9b\
\x14*\xe3Yq\xbeK\x8f\x1a\xaf1[2\xd9:'\
\xb8]h\x84\x1b|/\xb2\xcf.\x8dOM9\x9b0\
\xa7\xfb\x18\x220e\xda\xb4\x8bV\xd4m\x8eA\x0c\xcd\
\x9b\x0cS\xff\x5cG\x9f\xf7\x16\xca\xef\x0b[qg\xb9\
\x99s\xb5\xf9\x97\x12{\xe8\xde\x0d\xf96\x7f\xa1\xe7y\
\x91\x0aF\x8e\xed\x0d\x955o\xedF\x13r\xfa?K\
M\xda\xafB\xe5\xc6D@\x0f\xd3\xec\xb7\x05\xebk\xb7\
\x9a\xef\xfc\xb1\xef\xb4O\x1c\x92\xa6\xd4Q\xef\xd7\x19Q\
\x8ea\x1e\xf6)\xec`\xbb(7\xda]A\x98\x5c\x8d\
\xff\xa4\xd4x\xd6J\xea\xea\x8dY\x83\xa6\xf6\x86\xc0\x09\
\x9d$\xbe\xe6\x8e\x94\xa7\xbdW\xe9\xcf\x8b\xc6\x13*\x80\
\xb1\xa4\x00\xb9\x1a\xfb\xe3\xdc1j\x9e\x0b>\xcd\xe5\xf0\
\xb9+\x88\xf1!\xb1i\xeab\xf3H\x13\x9b\xe69\xe3\
\xd2\xd4\xc7\xe5\xceB\xad\xad\x8aIS\x07\x93U\xd9\xb3\
\x0d{}{\xb60w\xae\xb6~\x17\xb45\xc0\x0c\xe9\
\x8c\xe7b\x80#\x93$\xa3\xc3\x22\xfe\xa0\xc9\xc4\x1c\x9a\
\x9d)\xce*\xce`\xc64/\xa3\x94\xd5\xbe\xfe\xbb\x0b\
\xd6\x14\xcd\x0d'J\x9dA\x07]\x89\xd0S+\x13\x14\
\xa5\x0c\x5c\xf9\x12\x87\xf6[\xab\x12\xe1\x5c\xb5k\x95\xac\
]kU\xedZ\x1fL\xbb\x96\xbev\xab\xf2\xa6\x9b\xed\
\xf5\xbd\xe9\xc2\xdc\x1b\xf2\xa6\x835\xad\xf9MW\x89P\
\x0f,v\xd6\x88\xc5NYX,\xcf.\x825\xad\xd9\
.\xaaD\xa8\x07\x16\x8d5b\xd1\xd8@\xbbh\xac\xdf\
.\x1au\xb5\x8b\xe6\x1a\xb1hn\xa0]4\xd7o\x17\
\xcd%\xed\xa2+\xc5'e4\x06P/>\xd4;_\
\x0f\x92\xf5\xb2\x8b\xf1X\x14\x834\xf7\x9b\x817\xf2\x07\
\x0e\xcc\x94\xea\xa8\xee&\xa4\xfa\xcf\xc8\xa7\x1d{\x94f\
\xcc\xd5\xd4D\xc0!\xcf\xa7\x86\x12y(q\xf7\x0e\xa7\
\xf7\xb2\xb1\x1c\xc2\x0e\xe4\xd1nt<~\xc1\xc5\xb8\xef\
\x1b\xbd\xc6\x9b\x14\x0c?6\x9e-\x91\xb5I\xd7\x00\xa8\
\x84\xdc\xc1\xf0\xad\x03\x98\x06\xc3\xd9\xd4\xd1R\xdecx\
\x0b\x03\x88\xe4\xe2\xe2\x87\x1d\x81\x17\x87\xf4y#T\xe0\
\xbb\xe2\xadF.\xcd\xf0p%\x11\xeb\x83\xcbn\xe9\xb8\
\xecn\x00.\xbb\xd5\xc7e\xb7\xde\xb8\xb4K\xc7\xa5\xbd\
\x01\xb8\xb4\xab\x8fK{i\x5c\xfe\x97\x93u\xe0\x05~\
\xddx\x99\xeam\x19<>\x82\xdf\x9aG\xeb3]\xf8\
\x99(\xff\x8c\x8aSP\x0b\xe9S|g\x8b\xf5\x95 \
-IA\xe1\xcf[\xb96\x98\xbbPy\x86\x1a$K\
\x19\xcb\xa2\xd3\xab\xb5\x87\xb18\x8b\xcft\xbe\xbe\xeb\x02\
\xf6\xa1\x1e\xb4O\xab\xc2\x5c\xb5D}\xba\x82\xaa\xa3^\
-\xe2\x16\xf5\xa2\x92Z%\xa2\xbeU{\xd4\xb7\xaa\x8f\
\xfa\xd6\x16\xf5\xc5\xa8o\x97\x88\xfav\xedQ\xdf\xae>\
\xea\xdb[\xd4\x17\xa3\xbeS\x22\xea;\xb5G}\xa7\xfa\
\xa8\xeflQ_\x8cz\xa3D\xd4\x1b\xb5G\xbdQ}\
\xd4\x1b[\xd4\x17\xa3\xde,\x11\xf5f\xedQoV\x1f\
\xf5\xe6\x16\xf5\xc5\xa8\xb7JD\xbdU{\xd4[\xd5G\
\xbdU\xeb\x88\xbaUz\x06\xd2Z\x22\x03Y)M\x95\
\x9e\x13\xb36 'fU?'f\xd5;'f\x95\
\x9e\x13\xb36 'fU?'fmsb\xc5\xe7\
)\xbbD/\xc2\xae\xbd\x17aW\xdf\x8b\xb0\xb7^\x84\
\x06\xeaK\xf4\x22\xec\xda{\x11v\xf5\xbd\x08\xdb\xda\xa2\
\xbe\x18\xf5\xfb%\xa2~\xbf\xf6\xa8\xaf~\x95\xa4\xbd\xbf\
E}1\xea\xbb%\xa2\xbe[{\xd4W\xdf\xdf\xb4k\
\xedo\xb6ZF\xc9\xfe\xa6<c\xae\xa6\xfeU\xda\x07\
\xd2Z\x13\xf1\x84\x87\xb8_\x9c\x88\xb1\x1dx\x0d\x81\xb0\
\xe3\xf2lu#\xb1\xaf5\xb4\x14c\xd2L\x03\xf3\x12\
\x0daW\x89)e:'\xf7V\xc0<\xdd\x86\xd50\
\x1a{\xe9\x8f\xd4&G\x9fO\x07\xe8\x80\x82f\x84\x1b\
h\xeb\x01\xdbR\x00[^Q\x1e\x9c\x1f\xad&Y\x1d\
\xad\x87\xb0\x96jZ\x8f\x05\x22\xe6j\xfb\xb0q\xc0\xd1\
L3\xee\x9c\x04\xb2lL8\xb6\xb3\x10\xd22\x04X\
\xec\xe7\x94\x92Mb\xfc\xa6\xc2\xee\x1e@2jH\xd9\
\x9b\xf8'\x13\xd8\xb70\xdcy\x15\x0c\xe2\xe9s@\xcf\
Fh\xb9\x11Yf\x18\x9eqb\xdd\xc2\xfd\xd0\x03\x0c\
A\x15\xcby\x18\x04\xe1\x84\xb1\x9c\xcb\x1fq\x19^$\
\xea7\x8e\x18\xff\xe7\x8b\xc3\xfe\x91j\xe8'\xe9\xc2\xfa\
\x8d\x03\xd6?\xe9U\xff@5\xeezV\x01\x8c\x83\x93\
.L\xf5\xe4EA\x90\x8f\xd4b\x5ca\x14\x18\x8c\x86\
\xf4\xd8\x7f\xf0\xd4W\x8d\xbe\x86\xedv \xd1\xe1]\x8a\
\x91^\xd53\xf4\xe0Y\x84\xef\xf8\xfaq\xcf\xc5\xad^\
\xe1h\xd4;\x82\xd2\xb4\x0e!\x10g\x02\xcf\xdf\xa5\xde\
p\x08\x18\x11U\xcfh\xb7\xb9\x16\x1f\xcba\xe6\xe6\x87\
\xfe\x09\x94w\xe1\xc2\xff\xc5\x08'\xa2\
\x00\x00\x09\xca\
\x00\
\x001&x\xda\xcdZ[o\xdb8\x16~/\xd0\xff\
\xc0\xd1\x00\x03\x07\x13\xa8N\xb0\x97\xc2Yw\xd1\xa4\xc9\
Lv\x93M\x1b'\xd3\x87\xa2X\xd0\x12msC\x8b\
\x0aI\xc5\xf1\xb4\xf9\xef{HJ\xb2dR\x97\xa4\xd9\
\xed8\x01\x12\x8b\xe7\xc6\xc3\x8f\xe7B\x91.S.\x14\
\xfa\xa0>d4\xbaA\xfb\xe1\xde\x9f_\xbe\xa0\xb5\x87\
\xe1\x19^\xf3LI\xb4\xe7\x1b<\xe2\x89\x12\x9c\xc9:\
\xeb\x09\xcbH\xa2\xaeO\x81gX>\x0c\xc2\xf0U\xc4\
\xe1\xff\x04\xc6\x02\xff\xe3W\x82\xc4K\x9a\x10\x18~\xf9\
\x02\xa4\xbc\xc7s\x82\xbe\xbc|\x81\xe0C\xe3\x11\x12\x9c\
+\xfbMQ\xc5\xc8\x08\xdd\xca+1\x08\xae8g\xc1\
\x8e\x1d`8K\xa2\xc59\x8fa4\x97p\xb5NI\
8\xa1\xc9\x9c\x91\xd3D*\x9cDD\xcb\xd7\xd4\xa9\xe0\
)\x11j\x8dh\xa2\x90$\x8cD\x8a\xc4\xbf\x08\x9e\xa5\
\xa7IL\xeeGh\xd8B\xa7\xd56\x90\xddaQ\x17\
7B\x9a\xfaP\xd0xN\xc2\xb9~\x22CF\x92\xb9\
Z\xa07\x1e\xc5\xe8\xef.\xfd'\x97\xec3\x1a\xa1\xc1\
\x97\x87\x9d\x16\xedZ\xcc\xa8\xae!T\x5c/\xd9O?\
\xf9\x1e\xbbV\x95\xd3\x04\xa3<\x0c\x9f\x1c\xba\x06\xab\xa4\
\x12\xb0\x06\x08g\x8aO\x14\x16\x05\x07,k\x10\x14\xeb\
\x01+\xa6!\x05PxG1\xe3\xf3b\xf1\x0b\x00\xc8\
,\xd5\xa8!\xf1\xa1\xe0+I\xc49\x95\x12\x84Z\xe2\
\x0di\x0d\x1d\x93\x82\x07M-\x13\x12\xe46\xa3\x00\xb5\
\x023\xfa\xb3$R\x02V\x0a&\x03\x14\xc6\xd0/\x9c\
\x03l\xd0\xd1B\xf0%A\x5c\xa0s\x1a\x09.\xf9L\
\xa1cX\x1a\xa48\xca$A\x97\x16\xb7!\xbaP\x0b\
P\x90+\x92\x08\x0b\x82\x12\xae6v\xa35QaU\
o\xca%U\xf4\x8e\x5c\x91{U(\xbf\xf8g\x95b\
\x9a)\xc5\x93\x13\x86\xe7r\xe48\xc8`\xfb}.\xe3\
\xd0PZ\xce\x87\xc2\xa5@\x9e\xc0\xfaP\x9e\xc8\xaa7\
a\x05\xe6\x044\xe6\x96[\xa4m\x86g\xb0\x8b4\x0f\
\xe2\xc9\xc4\xef\xf3\xc1NU\x9c\xfe\xb4.N\x08(H\
\x06\x95i=l\xd9Yj\x5c\xe2\xf5\x94\x18\x84\xe4\xb6\
\x9d\xf19M\xea\xea\xe8\x0c\x0d\xaa\xb8\x0bi\x8c~\x18\
\x8fQP\x04\x10\xc78\x07vhlpW\xa5\x11D\
e\x22qL,\x14\xd6\x5c\x15\x02>\x14Ac\xad\x94\
\xc6\x8c\x04z?\xb9J\x9e`\xd4&\x06VI\x1d\xe5\
B\xe5~iv)\xac]\xc5GG\x0b\x9c\xcc\x09l\
\xa2\x0f*\x8c\x00\xdbg`\xbf\x18\xf8\xbd\xbdS`'\
\x0f\xcc!O\xf4\xff\x8c(-\xa02\x8b\xfe\xb2\xdc\x85\
\xb6\x0b\xa8M\x1b\x98\x08w\x1a\xef\x22U\x04\x91\x9a\xaf\
f\xb0\xf1\x06:\xaaQ\x13\x87\xc6hx\x90\xff\xfb\xb7\
\xc6\xb8z\x80~\xfe\x99:\x92\x8a\xb5t\xa3\xab\xa1\xfd\
\xac\x81\xa4\xd747\xc8\xe158w\xc3\xf5\xd8\x9a\xd3\
L\xbb\x09\xa2\xe3\xcd\x1c]\xf2\xfe\xeel\xc3\xed\x16v\
\x1f\x9c\x88\xc0\xb2eb\xf3zu~\x90\x18\x17\x5c\xc8\
pF\x19\xa4\x8c\x14bW\xa2\xdc\xd1%\x04\x0e\x9a@\
(\xda\x1fn\x06e\x8a#\xd8\xea#\xb4\xb7_h1\
\xa0\xe5+W\x8d\xfe\xd8\xa7F\xd3G\x1a\xab\xc5\x08)\
\x91\x91F\x9a_\x09\x9d/\x94\x8f\xa8T<\xac\xe9\x05\
\x9fc\x9d\xef\x1b\xf4\xa6\x82\xcc\x88\x80\x8d\x96+\xdf\xdf\
\xfb\xcb\x13tG\x9cqaB\xf2\xd5\x82,I\x18c\
q\x0392\xf8q\x7f\xa8\x7f\x02H\x83\xc1\x8f\xb3\xbf\
\xea\x9f\xad\xcd<\xe5\x22&\x22\xdc\x160\x13xI\x8e\
\xf4\xc3\xad\xb8\x84c\x9a\x81\xc7_W\xe7\xd8\xb6\x92\xfd\
V\xb4qe\xf5\x22:@.\x1c\xed\x18a\x1d\x9e\x12\
\x8dY\x9f\x11&\xbbB=\xc6<5\x90OV\x9f\x89\
m\x90o3y\xbd\xf61\xda\xdea\x85\x1f\xc3\xa8+\
\xbb\x86M\xfc\x18\xd4\xf6\xf7Y\xf1\xd1\xcb\x0f\xc9\xbfm\
\x9a\xfasG%\x9d\xea\xaa&\x8f\x81\x10\xa4\xf6\xda9\
\x1ekn\x85G\xf1\xf4\xdc\xa0aT\xe8\x05`\xbfF\
e\xa1\xdb\xf4Q\x95*\xe6(\x93\x8a/\xcd\x9a\xcb`\
\xa7\x9do\x065\xcd\xa8\xf0\xc4D\xad\x19\x09\x8fp\xaa\
\xb3D;\x9f\xb3\x83@\xce\x84D<\x81\xbd\xb8\xf6\xec\
\xa4\xad\x08\xd9<\xa8\xad6\xf1\xfd\xf8>\xc5\xe0p\xd1\
\xb5<\xba:\x9dW\x19:\x1cU\xc8\x1f\xf5A\xebS\
WsA0XbK\xcbRch\xaa\xe3vF\x9e\
h\x07\xbc\x85<}\x87M\xca\xf7f\xe8\xf1\x9b\x8e\x1c\
\xde\xea\xfc\x9e\x8f\xbd\xcbt\xaa\xc8\xb2iEz\xc5n\
\x8f\xb2z\xc6\xdc|\xf1\xe9j\xca#\xc3\x06\x19\x00\xd0\
\x13\x1d\xdc\xffgy0\xc5q\xecI\xc0\xcf\x97$\xda\
cYG\x0c\xe3\xd3\xff\x00J\xfe\x05\x0e\x80\x94\xa8\xe1\
\xf1\x91\x8b\x1b-\x91\x5ci,\x06~.\x1bLje\
\xbe\x81.\xfa\xfau\xbb\x11-\x1e\xe7\x1d\x9f\x19D\xd8\
 \xb1)\xf4\xe8P\x11\xa6\xf4\x9e\xb0\x09\xfd\x9d\xd4\xd7\
\xce\xa1[\xe5\x8e?\xd1_\xde\x91%=\xe4,\xeeD\
Tk)\xf2\x94}\xbd\xc8\xcdh\x08\xfc}\xeb\x89\x06\
S\xcf8n\x09t\xe6\xfc\xa5R\x87~\xfblzo\
T\x83R\x1d\x8b\xc8\x16\x1c\xf2b\xbdl\x99t\x0f\xe6\
\xeb\xd2L\x17\x06\xcd\xd6\x02\xa0M#\x1d\xd1\x1a W\
&Y\xab\xceO$y&\x22R\xf6Fe\x0fm\xdc\
\xf2\x1b%\xab\xb6\x5ca\x0c\x1a\xf9\xacl\xe7\xc9\xa4\x0d\
\xe3.\xa3\x1di\xe6\x86.\xb0\xec\x16/\xa1\xec!\xd2\
D\xf4>\x0d\xa5+\xea\x08\x5c\xad\x9d\x88\x99\x9cd\xd3\
%U\x15\x89\x83\x0c\x9a\xfe\x04 \xb7\x0bQD\xca\x15\
\x14\xb9&Gli2l\x159>\xb66\x13~#\
\x82\xce\xf4*R}6\xb1eC\x04\xc9\xb4Ig\x95\
q\xa0\x09\xdbg\xaa\xcf\x09Y\xa3\xc3\x223\xdc\xea\xb1\
\x87^\xbb\xae-\x95U\xf6\x5c\x191\x7f\xe5R\xf5\x88\
\xb2>\xb6\xe0\xff\xbcg\xcb\xdd\xf4\xa4M;\xee\xbbi\
\xcb\x12~\x0a\xe2Q\xc4`W\x1eb\x15-\xde\xe6!\
\xe3S\xc0 \xb2A\xf2\x0avQ\x00)[\xa7\xb8\x7f\
\xcf0e \x11\x9e\x90\x98\xaa|\xf0\x0e3\x1a\xe3\xe2\
\x9bEM\xf1-*\xce?\x8c\x14\xd8-\x80\xddB\xca\
\xe7\xd0\x14\xe5\x17\xb3\xad3\xa2\x8d-\x13=\xa5\x1d\xf4\
f\x5coT\xeb9\x94F7x\xda\x9c)\x9a\x101\
\x89\x04g\xac\x05\xcbm\xb8\xb0\xccA3w\xbf\xf2\xa0\
LA\x8c\xa6]\x95id\x0f0s\xac\xad\xf4\x9fN\
\xe2\x02l\xe7X-\xa0Q\xbd\x1f\xd8T\xb8\x8b^\xff\
i\xd8\xb2\x8d\xa1\xa9#\xa2H\x1d?l\x96\xe3\xe2\x8e\
\x08\x86\xd7a[\x98\xb7\x8dz\x96\xc4\xf2\x90,\xf0\x1d\
\xb5\xa95_\xa3p\x02-\xd2[uh\xc6\x9b\xf9\xad\
w\x0f\xb1\x08A\xa1F13\xe9\xb9|\xdc\xd9U|\
\xa3\xfd\xb5]\xf8\x04\xfe\xd6\x1e\xa9\xbd^hCl;\
\xc7\xca\x02\xc3\x8f\xd4\xb0\x03/\xd52\xa9AB\x0dR\
\xed\x92\x0a\xd7\xfb\xa2i\x98;\xb6]BS\xb1P\x8a\
\xea\xf2\x9f\xf1\xa1\x94\x90\x85\xb6S\x90yz\xc9W\xb2\
[\x006'\xae\x1a\xb8\xa7^Q\xdb\xe3\xdd\x12\x8b\x90\
n\xe8\x9dj\xa2:\xd8-\x0b\x02\xb8\x8eP'\x94\x01\
\xda\x1d\xdbj\xa3gxJX\x0f\xf3n\xf5\xebI]\
\x8b9\xe26#\xfd\xdcvG>\x14\x1c\xa7\xb1\xcfo\
5\x82\xde\x93\xbd0\xa7\x1bM\x93\xcdG{K\x93g\
6\xc35\x88+\x86\xfb\xcb\xbb$8^7I3\x83\
\x93\xf6\x9au[\xe0\xa4\xb1\x86u)\xfa\xa0\x0f\x8bh\
\xd10\xe9\xda`_YP\xee\xd9\x8a\xcf/\xad\x1c\xee\
\x967\xf3\xc38\x7f\xdc\xcd\x0f\x05\x08n\x98Ye\xa8\
\xbf\x1c\xb7v\xdd\x8c\xf4\x93r\xc5\x15f>!f\xa0\
\x9f\x8c\xe6\xf5\xaf\x8fvK\xd3o\xb5\xf4\x92TJ\xf3\
\xdc\xb7n\xe1\x8f\xd3\x94\xad\xf3\xb82\xc8\xa9v\xfa\xa8\
(\xb7tE\xcb\xedf\x9b{4\xe5ge%\xe3\xa0\
B\xdeK\xa5\xc5\x9737_\xdba\x89\x06\xbd\xc4\x9a\
\x18\x5c\xbc\x07\x1c\xd9T\xe2\xe9\x90\x0c\x81\xa1\x1d\x18\x12\
]\xa6\x7f\xfdj\xc9\xc3\x1b\xb2\xd6_\x82\xa0\x97\xc6\x8b\
\x94X\xad\xd5\xde\x10D\xec\xa2L0OG\xa8\xdf\x0c\
\x7f$\xd3k\xc1\x06\x9a\xa0\x8f\x8a\xe3{\xa5{Fv\
F\x93\x9b\x8a\x16`\xffF\xf1\x0fO9\xb2lh\x95\
:\xcb#]\x1a95\xd9sU\xe2\xbf\x8f\xd0\xdep\
\xd8r^\xdfZ\xdblwQ-\x87\x13\xa6\xc0)N\
L\xf4\xfb\xaf\xda\x8d\x1e\x03\xa0W\xff\xa0\x02C\xcb\x0f\
\xfb\xc3\xc8\xcc\xaf\x04\xdc.\x99yI\x16<\xd2\xb3\x87\
\xd0m\xe9\xab$_\xca[\x0cneK\xa1\xad>(\
[CPbH\xde\x09<S28@\xd0\xe9\xb9e\
K\x85\xe4\x00\xad\xa0\xef\xf4\x09\xb6G.\xa6;\xb5+\
\x1c\x9at\xd8\x04\x8f'\xd9:-[\xc6VS7\x9d\
\xe5\xf75\x97\x99\x5c\xd2m\xaa\xcd9\xdf\xd7V\xa5S\
V\xb7\xa9&\xb3\xfd\x01@p,\x04\x17\xdd\xe6\x1a\xb2\
\xefk\xee\x8c\x0a\xa9N\x13s\x84b\xa2\xffi#\x22\
<\xa4\x7f\x1c\xdbO(aq?\xdbs\xd2'\xd9\xde\
\xf4\xde\xdb{Y\xcby3\xd2:\xb5\x96\x843O\xb8\
 \xd7\xc9M\xc2W\xc9\x04\xbea&\xbbNk*7\
\xc1\xaeS\xa8\xd5\xc8Q\x19%m\xa5\xa0_\xf9\xcd\xac\
'v\xad\xcfv\xc0\xfbu\xafe\xbd9\x1fzYb\
\xcf}\x8f\xca\xe9\x0f\x5c\x95\xd2%\xe9'\xfb\x92(\xb1\
>1\x07{\x86[z\x84\x0b\x0f\xcd#\xa4\xbf\xb7\x87\
\x90\x1b\x7f\xf8t\xa4>\xa2~J\x80G\x92V\xefD\
\x0eEO\xc7\xdbnH3^\xeb\x1b\x8e\x9e\x85\x84j\
L\xac=\xeb\xd1\x9b\xb3\xa7%\xa6\xee\xa8\x15\x80\xa6\xbe\
s\x14o\xd5\x7f\x8fx\xf5\xfc\x84\x1d\xd9p\x9d\xf2\x99\
7\xe2\x06\x13&\x04\xe57\xfb\xb6<\xba\xd3y27\
C\x03\x7f\x04\xe9Q\x83\xfb\x19\xf3\x8d\xbe1m\xdb\xa6\
G\x97\xd7\xbe\x99W\xc3\xeff\xf1\xb7\xf1\xf4]\xe6?\
\xe3Q&\xab\xf6\xb9f=\xd3\xa5\x88G\xbe\x82\x7f\x9e\
\x177\xb5\xeb\xacmo\xed\xf3\x8b\xf9\x0bj\xee@c\
\xe8#\xa1\xcf\x80m\x7fGbs\x9bS-H)\xdc\
\xbc\xa6\x0f\xd1\xf1=\x892\xb3\xcc@\xac/M\xe3;\
\x08\xb0\xe6\x85\xc8\xf6\xa5\xe9o\xbd\x02\xf4\xd0\xe3\xaed\
\xfe\x07~\xff\x0b*\x11u\xe6\
\x00\x00\x06\xed\
\x00\
\x00!\x8bx\xda\xddY\xebo\xdb6\x10\xff^\xa0\xff\
\x03'\xa0\x83]\xa4j\x9c\xadEg,+\x1c'Y\
\x8d\xa6\xaf8m?\x14E\xc0H\xb4\xcc\x85&U\x92\
J\xe2\xa5\xfe\xdfw$%[\xd6+\xcackW\xa1\
\x1f\x1a\xf2^\xbc\xbb\xdf\xdd\x91\xa6\xb3XH\x8d\xde\xe9\
w\x09\x0dN\xd1\x96\xdf{r\xff\x1e][\xf4\x0f\xf0\
\x5c$Z\xa1^\xd5\xe6G\xcaCq^\xcd8\x14\x5c\
K\xc1\xd4\xfa\xee>K\x08\xd7\xefG os\xb9\xe8\
\xf9\xfe\xe3@\xc0\xff9\xecyk\xcb\x11\x13'\x98\xc1\
\xda\xfd{\xc0:\x0e@\x22\xc3'\x8c\xbc\xc5\x11\xb94\
\xab\x08>\x1a\xf6Q\x0c\x0b\xc7R\x08\xed\x96\xc4\xc9_\
$\xd0\xaf\xf1\x8c\xf4\x91\xa7\x85`c\xa25\xe5\x912\
\x8c^\xc6\xa8\xa9f@\xf0E\x1d\xc9\x8e\x97Qx]\
\xb7\xc9p\xc2\x83\xe9+\x11\x02\x05\xe86\x8cG\xf3\x98\
\xf8c bd\xc4\x95\xc6< \x99\xa8X\x8a\x98H\
=GgX\x22L3ac\x8d5\xf0\x0fF\xd9\xc2\
\x8e\xa4aD|e\xd6;\xdd\x8c{\x02\xaa4\x15\x1c\
I2\x91DM\x07\xeb\x02:\xddKGg\xbe\x82p\
\xb4\xdd \xdd\xd0/2%\x10\x11N\xac\x1a\x95\x13\xa7\
\xb1\x8c\x88.\x9b\xb8\xa2X\x1a'\xb8\xd58\x9cb\x1e\
\x91p\xcd(\xeb\x82,\x04~\xdd)V\xf4\x8bJ\xf1\
{R\x0a\xf9&\x08\x12)A\xfe\x8c(\x05\x22\xeb\xd5\
\xa8\xa98\xb7,K\xd2\x92\x82\x96\x87?\x92\x98+\x06\
6\xbe \x0c\xc2Xi\xdc\xd0X\xc5\xf5\x1d\x9e~i\
\x1c\xa4\xd7\xde\x19\xc8\xce\x89\xe4.u\x83)\x09N\xdf\
\xc7!\x08\xd8\xa7\x9c\xaa\xa9\xb7\x22\x11\xfcH\xd2(\x22\
\xe0\xab>*Xs\xa2\xf9\xb1\xe5M,\xaf\xcf\x04\x0e\
\xc1\x14H\x96\x09f\x8a4\x9a\xb2/AwN\x9e+\
\x01\xfe\x842\xf6\x91\x86z\xdaGZ&\xa4\xb4\xafE\
\xfc\x0a\xdcIy\x1fmm\x96vc\xf0\x0a1a}\
Ah4\x05\x97?\xcd\xd1\xc484\xd6\xf5Q/\xb7\
x(\xce\x0b\x87R1\x0e,Y^\xbe\x85\x04\x00U\
H\xe5\x9f\x01\x02i\x80\xd9\x10|I\xa4)\x0a&b\
\x85\xe5uV8\xef\x11\xb9\xd0\x05M67`\x19\x22\
\xf0\xa0\x87\xce\x1ely>\x1c\xad\xe3\x0aE\x9a\x08\xe8\
\x03\x91\x0aR\xc3\xebv\xed\xe6 \x8eG|\x22\x8c6\
\xb3\xdc-K\x9c@I\xecg\x1a\xc7z\xce\x88\xbf#\
\xc2y\x99\xf0\x16\xe7Y\x94\x8ew\xe0B\xbf\x93h-\
x\xc59M\xf5,\xa4K\x9d3\xd2\xf3\x1bB8\x8c\
D.1\x97\x15\xf3\x8e\x8e\xe0r{\xc8\xa0\x8bTd\
v\xf6\xad2z=\x1b\x0b\xa7\xb7\xb8\xdaI\x94\x1f\x0b\
\xa5;y<UY\xbd\xa8u\xe67\xc3\xc9V\xaf\x0e\
(\xab\xe5\xa1`\xc9\x8c;\x09\x97\xd5\xd00Ve\xde\
\xafA\xd5\xba\xcc6\xe0p\xf90\x18!\xd3%\x99\xa9\
\xb1\x13\x1a%\x12k\x0b\x8b\xd6\x00\x18\xc3\xa0\xc0\xa3\xab\
\xf2x(f'bG\x5c\x5c\xa2\xc7\x0fQl@\xa6\
4\x81\x0e\xfcH\xc4\xfa\x11\x1c\xbc\x8f\xc49\x87\x14+\
62\xf4\xf0qu\xd2cj\xcd\xb6r\xcb\x14WE\
3\xfbfFFn\xfe\xf0\x0b\xfd\xd9\xb7\x04\x0a}\xfd\
\x8a>}\xaev\xe4\xa10S\x88\x17R\x153<?\
6\xa5\xdf+S\x06\xae\xec\x8cxH.\x9a\xf4)\xc2\
\xa0\xd1\x91\xf0\xd8*>\xa6\x86\xbe\x0a`\x03hlg\
\xc0\x00\x9e\xc8\xba\x5c\xc7\x12w\xeb gF\x9b\xf44\
\xdb7>\xb0\xf5\xfe\x049U\xe8\x8fm\xb4\x89~\xfe\
\x19\xb9\xbf~O\xc5\xfb\x8c\xf0HOk\x0dqc\xd0\
 \xa6/\xc9|\xc4c\x03*p#\x18\xe5y\xf5\x0c\
\xe5)\xc9:\xca\xe6@\xc7\xe9\xfdd\xcd\xf8\xec\xd3\xb0\
[-gq\x9d\x92\xd1\x06A\xad\xc3\x18\xa4\xd8\x22a\
\xdd\x09\x9fg\xe5yI\xe9uQ\x86\xd1\xd7B\xa3 \
\xb7Q\x91^\x82\x09\xe9\xc09%3\xe2\x1b\xac\x8e\x09\
\xf0\x84X\xce\x87f\xb3\xf1\xa0\xd0\xad+\xeb\xcfu\xa0\
d\xa7l\xa5\xce\x85\x0c\x1bq\xae\x08W\x14\x92\xb7\x1a\
\xda+x\xe7\x12\xa4\x9a\xac\xada\xb6\xf42\x1c\x90\xa9\
`!\x91G\xb9\xe2\xb7g\xfa\x17\x1a\xbc\x1d\xa1S2\
o\xd1R\xb2\xde\x01*IX\xdb\x93\x8b%v\x8c\xcf\
*\xfbU\xbbV\x99A\xae\x8c\x00\x10\xeb\x9c\xd4i_\
O\xc2\x8d\x0a\xecu\x1b\xb1z#\xbc.n\x0a\xc1\xd4\
\xc5\xad\x9d;d\x04\xcb\x16\xde-\xb9/0\x8c\xd7\xf7\
\xdf\xf75wL\xd39\xe3\xc9U\xf3\xb8i\xc1fz\
j\xd1\x82\xd5\x1c\xd6g0\x10\xef`\xe9.\xa9E\xa0\
\xe6\xfd\xff^\x114\xb6\x1c\xc8\xb1\x14ca\x876\x13\
\x010\x01(\xfcD\x91qN\xc3\x9d\xdd\x05\x9a\x91T\
\xad\x1c\x92\xf8\xa76f\x99/\xa4\x98\x89\xe8\x18.\x87\
p\xef\xd4\xbe\x88\x09\xeft\x7f\xac\xc8\x9f\xdb\x17\xa1\x86\
\x98\xbb\x90\xefS\xad\xd2`#\xf7\x88\xa4j\x83\xeeD\
\xc2!\xb5r\x1c)\xc3\x7f\x14\xf6:\xf5&\xf0\xedL\
k\x8e\xa9y'\x03\xa3vmn\xe4\xf4\x9b\x16\xb6\x9e\
0\xb9g\x8b\xfc\xbb\xd5\xbe\xa4\x84\x87l\x8e\x0e\xc9\xcc\
\xcc/k\xf0I\x1fF2\xda\xa3)U\x08gOM\
_\x12\x0a\xa2\x11F\xa9\x02$&HO\x89y\xcb\x8a\
 \xd3\x90\x16H\xe3S\x82\xc8d\x02\x15l\x03\x01/\
\xd5\x191\x09\x9f\xe7\x15\x9d\xd8j\xbb\xcfp\xa4\xfa\xa5\
c\xd9w\xb3\xd7$\xc2\xa6i\xbb\xba\x8c\xbeVS\xbd\
\x15\xae\xb5;\xaa\xdc{H\xca\x9d\xef\xbdC\xf3\x00\xc7\
\xf2V\xc4)w\x9e\xea\xcd\xcb<\x85\xe0\x99\x86\xba\xa0\
\x83Y\x87\x90\xd1D\xfa\xe4\x82\xea\xceo\xbf\xf4\xba\xdf\
\x00\x94\xbd\xadg\xb7\xb9\xf6-/uO*aR5\
\x8f\x8ax\x89\x16\xf8\x7f\x99\x80\x91\x89^R\x98?n\
5\xf8\xba\xd8\xecbyj/\x8f\xb7\xbc-\xe6\xfcz\
\x22 qf\x99k\x7fm\x1eZIL\xa0R\xc9\xcb\
\xdak\xdd\xa7K\x87\xb5t\x0c\xb3\xe5\xdd\xebn\x98\xdd\
~6*\xbbWa\xbb\xb5\xd8X\xa3?0\xb1\xac$\
\xb7;\x05j\xe3\x8cJb\xb3\xb1\xa8\xb8J\x81\x85\x06\
\x15\xee}\xfa\x10\x87T4\xce<iEE\xb9!\x1f\
f\xfbS\xe3~\xb4\xbd\xbd\xed\x8e\xbc\x8b5\xb67\xb8\
\x86\xb9iEh\xcd\xaf\xd1f\xe0u`\xdb\x04\xd4\xe1\
\xe5\x0d\xb3\xdb0&V\x98\xd5\xca\xa8\xc5w9P\xf5\
\x9en\xfe\xc8\x08N\xef\x95\xf8\x8cF\xf6\xbd\x07}\xa0\
\xe4\x1c\xed\xba7\x8c\xff\x11\xa6\xdf\xc0\x14\x96C\xdd\xea\
@\xe6<\x16~\x86\xa2\x00\xd5\xa1\x98Axt3_\
JT`}E9\x9da\xd6\xcc\x9a\x12\x15X\x07\x89\
\x16\xcd|\x86\xe2\x0e*\x85+\xd1\xed`\x9e\x8di\x7f\
\xda_\xea\xeck\x8a\x9f\xbed]\xab\xb2\xdc\xa0^\xd4\
\xaa\xfc\xf7\xab\x861\xd4*^\x9f\xd8\xdc\x15\x8fa\x1e\
%8\xff\x13\x9a!\xdfcP\xdax\x11O\xf6w\x1e\
\x0fR\xb0\xf2\xb7\xb1\xab\xf8\xfe\x9ez\xdf\xa0\xb2=\xbb\
\x9b\xc2\xd6\xdb\xfc\x9e+\xdbA\x1a\xc4oS\xc5\xf6Y\
\xe9\xd7\xaf\xa6\xa6pE\xe1\xcb\x15\xbf\xc2/\x9d~\x96\
\xab\xaa\x9a\xeb\x9a\x85c\xad\x22\x14U\xa5\x0f\xd8\xeb\x15\
\xa1^\xce\xfa\xa8\xd1\xa0\xef\xfa\x85\xc3|\xb5\xd6\xb5\xb1\
mq\xa7%\x05\xfe\xfd\x03\xbb\xc6\xf0\xc3\
\x00\x00\x0a!\
i\
mport QtQuick 2.\
15\x0d\x0aimport QtQui\
ck.Layouts 1.15\x0d\
\x0aimport FluentUI\
 1.0\x0d\x0aimport \x22..\
/global\x22\x0d\x0a\x0d\x0aFluW\
indow {\x0d\x0a    id:\
 window\x0d\x0a    tit\
le: \x22SmartTest T\
ool\x22\x0d\x0a    width:\
 1100\x0d\x0a    heigh\
t: 720\x0d\x0a    mini\
mumWidth: 760\x0d\x0a \
   minimumHeight\
: 480\x0d\x0a    launc\
hMode: FluWindow\
Type.SingleTask\x0d\
\x0a\x0d\x0a    FluWindow\
ResultLauncher {\
\x0d\x0a        id: lo\
ginLauncher\x0d\x0a   \
     objectName:\
 \x22toolLoginLaunc\
her\x22\x0d\x0a        pa\
th: \x22/login\x22\x0d\x0a  \
  }\x0d\x0a\x0d\x0a    appBa\
r: FluAppBar {\x0d\x0a\
        width: w\
indow.width\x0d\x0a   \
     showDark: t\
rue\x0d\x0a        dar\
kClickListener: \
function() {\x0d\x0a  \
          FluThe\
me.darkMode = Fl\
uTheme.dark ? Fl\
uThemeType.Light\
 : FluThemeType.\
Dark\x0d\x0a        }\x0d\
\x0a    }\x0d\x0a\x0d\x0a    Fl\
uIconButton {\x0d\x0a \
       objectNam\
e: \x22toolAboutBut\
ton\x22\x0d\x0a        z:\
 8\x0d\x0a        widt\
h: 40\x0d\x0a        h\
eight: 36\x0d\x0a     \
   anchors.right\
: parent.right\x0d\x0a\
        anchors.\
rightMargin: win\
dow.appBar.layou\
tStandardbuttons\
.width\x0d\x0a        \
iconSource: Flue\
ntIcons.Importan\
t\x0d\x0a        text:\
 qsTr(\x22About\x22)\x0d\x0a\
        onClicke\
d: FluRouter.nav\
igate(\x22/about\x22)\x0d\
\x0a    }\x0d\x0a\x0d\x0a    Fl\
uNavigationView \
{\x0d\x0a        id: n\
avigation\x0d\x0a     \
   anchors.fill:\
 parent\x0d\x0a       \
 pageMode: FluNa\
vigationViewType\
.Stack\x0d\x0a        \
displayMode: Glo\
balModel.display\
Mode\x0d\x0a        lo\
go: \x22qrc:/exampl\
e/res/image/app_\
icon.png\x22\x0d\x0a     \
   title: \x22Smart\
Test Tool\x22\x0d\x0a    \
    onCollapseRe\
quested: functio\
n(collapsed) {\x0d\x0a\
            Glob\
alModel.displayM\
ode = collapsed\x0d\
\x0a               \
     ? FluNaviga\
tionViewType.Com\
pact\x0d\x0a          \
          : FluN\
avigationViewTyp\
e.Open\x0d\x0a        \
}\x0d\x0a        items\
: FluObject {\x0d\x0a \
           FluPa\
neItem {\x0d\x0a      \
          object\
Name: \x22toolMainP\
aneItem\x22\x0d\x0a      \
          title:\
 qsTr(\x22Tool\x22)\x0d\x0a \
               i\
con: FluentIcons\
.Repair\x0d\x0a       \
         url: \x22q\
rc:/example/qml/\
page/T_Tool.qml\x22\
\x0d\x0a              \
  onTap: navigat\
ion.push(url)\x0d\x0a \
           }\x0d\x0a  \
      }\x0d\x0a       \
 footerItems: Fl\
uObject {\x0d\x0a     \
       FluPaneIt\
em {\x0d\x0a          \
      objectName\
: \x22toolAccountPa\
neItem\x22\x0d\x0a       \
         title: \
AuthBridge.displ\
ayName || qsTr(\x22\
Account\x22)\x0d\x0a     \
           icon:\
 FluentIcons.Con\
tact\x0d\x0a          \
      onTap: log\
inLauncher.launc\
h({username: Aut\
hBridge.username\
})\x0d\x0a            \
}\x0d\x0a            F\
luPaneItem {\x0d\x0a  \
              ob\
jectName: \x22toolS\
ettingsPaneItem\x22\
\x0d\x0a              \
  title: qsTr(\x22S\
ettings\x22)\x0d\x0a     \
           icon:\
 FluentIcons.Set\
tings\x0d\x0a         \
       url: \x22qrc\
:/example/qml/pa\
ge/T_Settings.qm\
l\x22\x0d\x0a            \
    onTap: navig\
ation.push(url)\x0d\
\x0a            }\x0d\x0a\
        }\x0d\x0a     \
   Component.onC\
ompleted: {\x0d\x0a   \
         navigat\
ion.setCurrentIn\
dex(0)\x0d\x0a        \
    if (!AuthBri\
dge.authenticate\
d)\x0d\x0a            \
    loginLaunche\
r.launch({userna\
me: AuthBridge.u\
sername})\x0d\x0a     \
   }\x0d\x0a    }\x0d\x0a}\x0d\x0a\
\
\x00\x00\x03\xe3\
i\
mport QtQuick 2.\
15\x0d\x0aimport Fluen\
tUI 1.0\x0d\x0aimport \
\x22../state\x22\x0d\x0a\x0d\x0aFl\
uLauncher {\x0d\x0a   \
 id: app\x0d\x0a    pr\
operty bool rest\
oringApplication\
State: true\x0d\x0a   \
 ApplicationStat\
e { id: applicat\
ionState }\x0d\x0a    \
Connections {\x0d\x0a \
       target: F\
luTheme\x0d\x0a       \
 function onDark\
ModeChanged() {\x0d\
\x0a            if \
(!restoringAppli\
cationState) app\
licationState.da\
rkMode = FluThem\
e.darkMode\x0d\x0a    \
    }\x0d\x0a    }\x0d\x0a  \
  Component.onCo\
mpleted: {\x0d\x0a    \
    FluTheme.dar\
kMode = applicat\
ionState.darkMod\
e\x0d\x0a        resto\
ringApplicationS\
tate = false\x0d\x0a  \
      FluApp.ini\
t(app, Qt.locale\
(TranslateHelper\
.current))\x0d\x0a    \
    FluApp.windo\
wIcon = \x22qrc:/ex\
ample/res/image/\
taskbar_icon.png\
\x22\x0d\x0a        FluTh\
eme.animationEna\
bled = true\x0d\x0a   \
     FluTheme.na\
tiveText = true\x0d\
\x0a        FluRout\
er.routes = {\x0d\x0a \
           \x22/\x22: \
\x22qrc:/example/qm\
l/tool/ToolWindo\
w.qml\x22,\x0d\x0a       \
     \x22/login\x22: \x22\
qrc:/example/qml\
/window/LoginWin\
dow.qml\x22,\x0d\x0a     \
       \x22/about\x22:\
 \x22qrc:/example/q\
ml/window/AboutW\
indow.qml\x22\x0d\x0a    \
    }\x0d\x0a        F\
luRouter.navigat\
e(\x22/\x22)\x0d\x0a    }\x0d\x0a}\
\x0d\x0a\
\x00\x00\x02Q\
\x00\
\x00\x08\x15x\xda\xcdU]k\xdb0\x14}\x0f\xe4?\
h\xd9\xcb\x06C$\x81\x86\xd5\x85\x8d.l4\xb0\xc2\
\x9at\xe4Y\xb1o\x1c\x11Y2\xd7\xf2\xda\xac\xe4\xbf\
\xf7\xca\x1fu\xe4\xbai\xe8SE \xd6\xbdG\xd2\xbd\
\xe7\x1c\xcb2I\x0dZvcor\x19n\xd9\x98\x8f\
\xce\xfa=\xe9\x05\xf9o\xb13\xb9\xcd\xd8\xe80\xf9K\
\xe5\xa0\xed\xdf\x19E\x87\xfd^\xbf7\xb3\x90\xb0\x87~\
\x8f\xd1\x90Q\xc0\xd0\x18[\xceR4)\xa0\xdd\xb1\x95\
1\x8aa\xae\xb5\xd4q\xc0,\xe6\xd0\x02d\x16)\xc5\
,\xdc\xdb\x80\x0d\x06\xdd\xd9\x08\xac\x90\xaa#_l\xbf\
R&\xdc\x16\xfb\xaf\x85\xca\xa0\x0b\x12\x9a$\x15\xa1\xed\
\xac\xa0\x00HMg\x00&R\x0b\x0b5\xac\xea,I\
\x95\x0c\xa5]\xca\xc8n\x82z+\xf6\xbd~\x9a\x1am\
\x89\x16\xee\xe1X\xc0\xae\x85\xdd\xf0D\xdc\x7f\x1aM\x86\
_\x18B\x9c+\x81\x9d\xe0\xcf\xfeAW \xe3\x8d=\
\xe1\xa4\x12HG\xbd\xb0y\x99\xaf\xfb\x98Ch\x85\x8e\
\x15\xd4\x92\xb9!t\xb81\x98\xf1\xb5T\xc4o*\x90\
\xd67\xd9\x7f2\x93+\x05\xa5\xb2\xbc\xe6\xb9\xc9\x87F\
\x19\x0c\x9c/n7\x90\x00\x8f\x04n\xa9\xdc\xc1\xc7\xf3\
\xf3a1\x06T\x9c\x9b\xad\x8b1hV\xa2\x88d\x9e\
\x05lR\x86\xf6U\x89\xe6\xae4\xdea\x89\xceY>\
\x01\xcf\xcb\x0f)\x0a8\xd3\xaf\xb5P\xed\xd3\xa43\x9a\
\x16\xd6\xf9\xda\xc4\xa8\x9d?hb\x84,\x9b;\xf7\x1d\
\xd4\xf2|\xc7\xca\xdb>\xa4\xe5\xa6\x02\xe8\xc5|x\xd9\
3O\x11\xd6\x80\x08Q\xe5\xb4\xd1\xe48\xac\xf6\xc9!\
n\xef\xb5qKo\x15{hU\xec^5\xae@\xc7\
\xe4\xd2olxQ\xbd{O\xb9\x0b\x06JF\x84v\
\xab\xf9O\xf7</|\xb6\xf7\xb4\x9a\x1a\x95'\xba[\
.\xdf\x8fo\x92\xeb\xc3+z\x9d\xbd?\xbd\xc6\xe3\xd3\
\xf4z\x01'\x94\x8cuBl\x04t\x0b\xf3K7\xbb\
\x9a\x16D\x1d\x97\xf7X\xb7-\xad}hKw?\xb9\
6\xae\x90\xea\x90\x85\xdd)\xe0?L\xb4[X4m\
\xf6HR\xf9\x9f\xe0B]6-\x14\xe6\xe9n\xc2\x8d\
;\x14\xe9\xb5yr\xd9\xd2`\xb4\xa4P'1\xeen\
\xaa(n\xae\xef\xb7\xb0Q~FN\xe1\xa3D\xbe\xca\
\xc8T\xa4V\x1a\xed\xe3\xda\x97\xa2[\xb7\x80\xd0h\xba\
\x1dwS\x97|_\xf4\xd1\x1f\xfd\x1e\x01^\xd3_9\
\
\x00\x00\x01\xe3\
\x00\
\x00\x07>x\xda\xd5SQk\xdb0\x10~\x0f\xe4?\
\x1c\xee\xbbHC7\x82\x1fVh`0\xe8`%\x1b\
yVm\xd9\x11\x91uF:w3\xeb\xfe\xfb$\xcb\
\xa9\x95\xd4q(\xeb\xcb\x8c_\xf4\xddw\xa7\xd3w\xdf\
\xc9\xaaFC\xf0@\x0f\x8d\xcc\xf6\xb0d\xd7\x1f\xe63\
y\x04\xb2{\xdebC\x16\xae\xe3\xe0g\xd5\x08M?\
\xbe8t1\x9f\xcdgkTM\xa5\x03\x15~\xcfg\
\xe0>\x99\xa7`\x10)\x9cj\x83\xb50\xd4\xc2#\xa2\
\x02\xd3h-u\x99\x02\x99F\x9c\x10\xb8\x92\xdc\xc2\x13\
wW\xa4\x1e-\x8d\xb0\x96u\xe7Qfa\xb0\x8a\x88\
\xfe8\xca#\x8cX\x84\xa3\x1c\xa9sA\xc2TRs\
\x8ao?\xc2G3-\x19\xdc\x8b\xad\xcci\x17\xe5E\
\xe8I\x96\x8b8\x01\x80\xc4/J!I\xc6\xa3\x968\
5\xf6R\xfc\xfbd\x0d\xd78\x97\xea|\xbc\xdeq+\
\xce\x87\x851h.\x84\x8f\x1b\xb05\xcf\xba\xd9\xdex\
gx\xc4\xb9\xc5S\x0e\xc6\xf0\xdf\x93\xb4\xf2Q\x89\xe0\
\x10\xe6U`J\xe8\x92v\xf0\x09\x16\xf0\xfc\x1c\xf0\xae\
\xb7(0\xe4\x07\xddF\x93o\x07\x18\xd2\xa8\xce\x90\x5c\
\xa0v\xc9}W\x1bj\x95`w\x98\xb7\x1b7,]\
\x0e\xb4\x9f\x86\xd7_1wMz\x1e\xdb\xa2\xc9\xb7\x0e\
\x1a\x08\xc1\xef\xac\x90J\xf5\x83\x1f\xec\xfc\xe7\xe5\xe9\xdf\
z3\xdcq\x13+\xe0\xd7\xe3\xe0\x93s\xba\xf4k\xf2\
\xd6\x1b\xa7\xc5\x0e\xa6\x19\x93{\xb0\xd3%\xcd_\xd7\xb8\
\x8d\x03\x90\x9e\x16\x9c\x14\x7f\xcdk\x92\xa8\x07N\x86\xca\
\x9b\xce\x93v\xa2\x12\xcc\xe7lD\x86:\xe7\xa6]\xfb\
\xe0\xbbOiZ\xb3\xb0D\x97T\x09\xac\xff\xee\xa9F\
\xf0\x1c\xb5j_-w\xe5\xac\xc9\xcb\x83\x06\xdd\xaa\x8f\
\x8c\xbc\xc3!&\x1d\x0f\xfcE\xc9\xbe\xdc\x84\x8a=\xe3\
\xdf\x14t\xc2\xed]o\xc9UQ\xac\xf8j\x91\xb8\xd6\
\x92\xab\xec\xe3r\xb5\x5c%\xef\xa7\xa5\xfb\xff\x02\xe2\x9b\
<-\
\x00\x00\x06\xd6\
i\
mport QtQuick 2.\
15\x0d\x0aimport QtQui\
ck.Layouts 1.15\x0d\
\x0aimport FluentUI\
 1.0\x0d\x0a\x0d\x0aItem {\x0d\x0a\
    id: root\x0d\x0a  \
  property alias\
 headerText: hea\
der.headerText\x0d\x0a\
    property ali\
as expand: heade\
r.expand\x0d\x0a    pr\
operty var toolG\
roup: ({\x22availab\
le\x22: false, \x22too\
ls\x22: []})\x0d\x0a    s\
ignal toolActiva\
ted(string group\
Id, int toolInde\
x)\x0d\x0a\x0d\x0a    implic\
itHeight: header\
.height + (expan\
d && toolGroup.a\
vailable ? toolC\
ontent.implicitH\
eight : 0)\x0d\x0a\x0d\x0a  \
  FluExpander {\x0d\
\x0a        id: hea\
der\x0d\x0a        wid\
th: parent.width\
\x0d\x0a        height\
: 45\x0d\x0a        co\
ntentHeight: 0\x0d\x0a\
    }\x0d\x0a\x0d\x0a    Rec\
tangle {\x0d\x0a      \
  id: toolConten\
t\x0d\x0a        y: he\
ader.height - 1\x0d\
\x0a        width: \
parent.width\x0d\x0a  \
      height: ro\
ot.expand && roo\
t.toolGroup.avai\
lable ? implicit\
Height : 0\x0d\x0a    \
    visible: hei\
ght > 0\x0d\x0a       \
 clip: true\x0d\x0a   \
     radius: 4\x0d\x0a\
        color: F\
luTheme.frameCol\
or\x0d\x0a        bord\
er.color: FluThe\
me.dividerColor\x0d\
\x0a        implici\
tHeight: toolIte\
ms.implicitHeigh\
t + 12\x0d\x0a\x0d\x0a      \
  ColumnLayout {\
\x0d\x0a            id\
: toolItems\x0d\x0a   \
         x: 6\x0d\x0a \
           y: 6\x0d\
\x0a            wid\
th: parent.width\
 - 12\x0d\x0a         \
   spacing: 4\x0d\x0a\x0d\
\x0a            Rep\
eater {\x0d\x0a       \
         model: \
root.toolGroup.a\
vailable ? root.\
toolGroup.tools \
: []\x0d\x0a\x0d\x0a        \
        FluButto\
n {\x0d\x0a           \
         Layout.\
fillWidth: true\x0d\
\x0a               \
     text: model\
Data.title\x0d\x0a    \
                \
contentItem: Flu\
Text {\x0d\x0a        \
                \
text: parent.tex\
t\x0d\x0a             \
           horiz\
ontalAlignment: \
Text.AlignLeft\x0d\x0a\
                \
        vertical\
Alignment: Text.\
AlignVCenter\x0d\x0a  \
                \
      font: pare\
nt.font\x0d\x0a       \
                \
 color: parent.t\
extColor\x0d\x0a      \
              }\x0d\
\x0a               \
     onClicked: \
root.toolActivat\
ed(root.toolGrou\
p.id, index)\x0d\x0a  \
              }\x0d\
\x0a            }\x0d\x0a\
        }\x0d\x0a    }\
\x0d\x0a}\x0d\x0a\
\x00\x00\x04o\
i\
mport QtQuick 2.\
15\x0d\x0aimport \x22../i\
ssue\x22\x0d\x0a\x0d\x0aJiraIss\
ueBrowserLayout \
{\x0d\x0a    id: root\x0d\
\x0a    cloneSelect\
able: true\x0d\x0a    \
cloneSelectionMo\
de: typeof Redmi\
neBridge !== \x22un\
defined\x22 ? Redmi\
neBridge.cloneSe\
lectionMode : fa\
lse\x0d\x0a    cloneSe\
lectedIds: typeo\
f RedmineBridge \
!== \x22undefined\x22 \
? RedmineBridge.\
cloneSelectedIds\
 : []\x0d\x0a    watch\
edIssueText: typ\
eof RedmineBridg\
e !== \x22undefined\
\x22 && typeof Redm\
ineBridge.watche\
dIssueText !== \x22\
undefined\x22 ? Red\
mineBridge.watch\
edIssueText : \x22\x22\
\x0d\x0a    watchedIss\
ueError: typeof \
RedmineBridge !=\
= \x22undefined\x22 &&\
 typeof RedmineB\
ridge.watchedIss\
ueError !== \x22und\
efined\x22 ? Redmin\
eBridge.watchedI\
ssueError : \x22\x22\x0d\x0a\
    onWatchedIss\
ueIdsSaved: text\
 => RedmineBridg\
e.saveWatchedIss\
ueIds(text)\x0d\x0a   \
 statusFilters: \
[qsTr(\x22All statu\
ses\x22), \x22Open\x22, \x22\
Closed\x22]\x0d\x0a    ty\
peFilters: [qsTr\
(\x22All types\x22), \x22\
Bug\x22, \x22Support\x22]\
\x0d\x0a    onCloneSel\
ectionRequested:\
 RedmineBridge.b\
eginCloneSelecti\
on()\x0d\x0a    onClon\
eSelectionToggle\
d: (issueId, sel\
ected) => Redmin\
eBridge.toggleCl\
oneSelection(iss\
ueId, selected)\x0d\
\x0a    onCloneSele\
ctionCancelled: \
RedmineBridge.ca\
ncelCloneSelecti\
on()\x0d\x0a    onClon\
eSelectionConfir\
med: RedmineBrid\
ge.prepareCloneD\
rafts()\x0d\x0a\x0d\x0a}\x0d\x0a\
\x00\x00\x03\xaf\
\x00\
\x00\x0d%x\xda\xc5Vmo\xd30\x10\xfe>i\xff\
\xe1\x08_Z\xb4\x85\xad\xda\x10\xb4\x9a\x10\x14&&m\
\x08\xd6\xc2>\x227\xb94\x06\xd7\x0e\xb6C\xa9\xd0\xfe\
;g']\x92&\x1dT\x1a\x22\x9a\xb4\xcd>\xdf=\
\xf7\xf6\xdc\xf1E\xa6\xb4\x85\x8f\xf6c\xce\xa3o0\x08\
\x8fO\xf7\xf7x\xe30\xbcd+\x95[\x03\xc7\xf5\xcb\
s\x91\xa3\xb4\x9f.\xe8\xf4\xe8\xee0\x08\xc3`\x7fo\
\x7f\x8f.\xcf5[ \xfc\xda\xdf\x03\xfax<\x04\xad\
\x94-\xfe\xcb\xb4\xcaP\xdb\x15\x18\xab\xb9\x9c\xd3/f\
q\x08\x01\x8f\x05\x06\xdbEr3\xc5\x9f\x96\xe4J\x19\
\xc3\xe7\x92\x09w\xa5\xed\xa5\x9asy\x8d\xdfs4\x16\
\xe3^\xbf!\x11i\x8c\x09+g\xc2L\xf2\xd9\x82\xdb\
J\xb0T\x9f\x1b\xd4\x92\xf0\x1e\xac\xede\xcc\x98\xa5\xd2\
qS\xd1\x0f\xd4<\xe1\x11\xb3\x5c\xc9-\x9a\x22\x15\xe3\
\x86u&#\x14-l\x19\x8bcz0\x84\xc1s\x17\
1wDJ]$\xc6)\x93s\xa4\x88\x95\xc1\xf3\x01\
L\xa0\xe7\xc3\x04\x8f\xce\xce \xa8y\xf4E\x93fN\
\xff\x07\xfd;\xd4\x172\xcbmh)Zpv\x17\xae\
\x0e5u\x7f\xeaz\xea\xe7\x9d\xban\xd7\x90\x93\x5cF\
N\x0a\x22\x81LO\x90\x80Y\xd3\xeb\xd7\xa1\xff\x11\xd4\
\xdf[\x1b+\x91/dQ\x8eu\x13\x14\xe1Ti\x13\
F\x14\x13\xd4\x17rHF5\xfd]I,yl\xd3\
!\x5c1\x9b\x86\x0b.{\xc5}\xe8\x8f\xe1\x10N\x9f\
\x1d\xc0\xe9\xe0\xa8_=0\x19\x8b|z\x8eO\xd6\xd6\
\xddG\x85\xed\x8a\x10~\x81\xf5\xb5\xf8\xddLu/\xb8\
\xc6\x98\x94\xa2\xcf8p\x19\xf4G\x90(I\xd7\xa5\xf8\
\xc4\xae\x04\x86Sn\x05:gZ\xca\xaa#\xf7\x15\xfe\
\x85\x09\x17\xe2\xa6\x80mu\x8eM\x99\xc2\xbak\xa9\xb0\
j\x8d\xa6H\xa4\x84\xd25\x19\x843\x97\xf3\x84qA\
In\xca\xba\xef%\xf4\x1c\xa0\x14\x17\x18\xc6L\x7f\xa3\
\x83\xe0q\x92\xbcx\xc1N\x02\xa0\xae{\x1c\x9d\x0cf\
\xc7Q\xd0o?-\x1c\xf5/\x9d\xdfT\x06J\x92\x8a\
\xd5\xd8Ah\x8a/5\xcb\xae\xa8G\x86\xe0\x10\x877\
T\x187tT\x09\xdd\xd6\xc3}\xad\x96\xedl\xfb\x9a\
\xe1\x86\xcf\x04\xb6\xdds)\xa0\xbc}\xa1,4_T\
\x09\x1d4/^e\xd9\xa5b\xae\x17/d\xec\xcaP\
iJo\x99\x84Lc\x82\x9a\xba\xa2\xcc\xc4\xe0\xf9\xa8\
u\xf5\x0e\xf9<\xb5\xee\xae\x9e\xdc\xed\xd52) R\
\xa1PYR\xf9\xd9\x14a\xb2 \x12\x9b\x12A\xc0\xe5\
\x9bW\x1f\x80E\x91\xca\xa9>\x89N\xfbu\xa5\x8d\xe0\
l\xeb\x86{\xe3\xd3\xc9\x1c\xbb\xd7_\x15\xcd\xa3\xbfq\
\xf9\x93A``\x90\xda\xce!Y\xf7K\xe9&\xf9\xd8\
\xd90D\xb1v\xb3gj6^\xab\x9fd\xe6\xe9\x13\
\xa0Ia8q+\xf1\xec\xa1\xca\xec!\xa1\x1f\x921\
i\xb8\xe5?\x10\x9e<\xf5\xf3g\xcd\xf1\x9ebF[\
\xbc\x1cA&X\x84\xa9\x121\xeai\xd3\x03\xff\xba\x99\
\x8f\x12\xcd\x87\x92\xe2vD\xd4`\xc6\x9d\x11\xad\x8d\xb6\
\x11m\xed\x9a\x12\xee9Y\xc0\xf8un-\x11w\xbb\
6K\x06Sr,h\xfac9\xba\xc3{\xa6h#\
\xb4\x9e\xbd\x0f:h\xbf\x85\xb3\x84\xd3\x09d\xec\xa7f\
'\x8e\xcdy\xba\xa9\xf6A\xfb\xa5{D\xfe\xf3\x86\xb9\
R3\xa2\xe9\xc6h\xdc2U\xfe\xd0$\x15\x95\xb5\xea\
\xaan\xef\xad\x1b\x9c\x9e\x89\xea&\xfd6\x03&UK\
Ii\x00R\xa3!K\x95\xc4\xd0\x81\xd9B\xe5\x0f\xd3\
\xad\xad\xa5`\xe7\xfe\xf8\xbc\xe9\xc8\x836\x8a\xd7\xbe\xea\
\xaa\xcf\xfb\x96\xc4\xeeU\xe7\x7f7\xc6\xeeS\xb6s\x89\
h\x07L\xcd\xbebd\xdf\x133\xd0\xfe\xa0\x0b\xd2\xf7\
\x9bz!\x11\x8c6\xb6(\xab;#\xda\xb9\xe1w\x94\
\xd9C\xc6\xeb\xf6n\xf5\xa4\x9f\xdf@\xee\xfaW\
\x00\x00\x02Z\
i\
mport QtQuick 2.\
15\x0d\x0aimport QtQui\
ck.Layouts 1.15\x0d\
\x0aimport FluentUI\
 1.0\x0d\x0a\x0d\x0aColumnLa\
yout {\x0d\x0a    prop\
erty string desc\
ription: \x22\x22\x0d\x0a   \
 property bool s\
howTitle: true\x0d\x0a\
    spacing: 7\x0d\x0a\
    FluText { vi\
sible: showTitle\
; text: qsTr(\x22De\
scription\x22); fon\
t: FluTextStyle.\
BodyStrong }\x0d\x0a  \
  Rectangle { vi\
sible: showTitle\
; Layout.fillWid\
th: true; height\
: 1; color: FluT\
heme.dividerColo\
r }\x0d\x0a    FluText\
 { objectName: \x22\
issueDescription\
\x22; Layout.fillWi\
dth: true; text:\
 description || \
qsTr(\x22No descrip\
tion.\x22); wrapMod\
e: Text.WrapAnyw\
here; color: des\
cription ? FluTh\
eme.fontPrimaryC\
olor : FluTheme.\
fontSecondaryCol\
or }\x0d\x0a}\x0d\x0a\
\x00\x00\x07^\
\x00\
\x00\x1f\xe0x\xda\xd5Y{o\xd48\x10\xff\xbfR\xbf\
\x83\x09\x02%P\xc2n)\x08\xb6,\xa7\xb2\xb0\xa2\xa7\
r\x1cmy\x9c\x10:\xb9\x89\xd35\xcd&\xc1q\xda\
.\xd0\xef~\xe3G\xb2y\xd8\xd9\xad\xd0\xbd\xa2Jm\
\xe2\x99\xf1\xbc<\xf3\xf3\x94\xce\xb3\x94q\xf4\x96\xbf-\
hp\x86\xb6\xfd\xe1\xc3\xcd\x0d\xda\xf8\xe8\x1f\xe0EZ\
\xf0\x1c\x0dM\x8b\x934\xe1,\x8d\xf3&\xeb4.H\
\xc2\xdf\xed\x03\xcf\xa0\xfa\xe8\xf8\xbe\xb3\xb9\xb1\xb9\xb1\xcf\
\xc9\x1c}\xdf\xdc@\xf0\xd0p\x84X\x9ar\xf5\x96\xb1\
4#\x8c/\xd09f(\x88\xd3\x84\xbc`8\xe2\xf9\
\x08}\xfa\xdc\xa2\xc89\xa3\xc9):\xc1<\x98\x1dq\
\xcc\xc9\x0894\x8c\x89\xd3\xa2\xa3\x09Gq\x8aC\x02\
\x1b\x0d\x0ck<\xe58\xee.\xd5\xc5\xbfd,e \
\xde1\xd3D\x94\xe5|?9\xc71\x0d\xf7\xf3\xbc \
\xfb\xe1z\xc4SJ\xe2\xb0N\x9c\xd3\xd3\x04\xc7\xa8\xc8\
B\xb0gR\x99\xefj^\xaa\x84o-eI\xfe-\
\xe9-\x90X\x10\xaf!'/N\xe6\x94K9\xcf\x85\
\x1dns\x99\x11\xce\x16SLc\x12J\x9a\xdc\xb4\xfe\
;#\x19f5e\xdaT\x10\xa5\x9cX\xf7\xc8\x09f\
\xc1L.\xbf\xcb\x09\xcbW\x9a\xa2\xdf\xbf\x16\x84-Z\
\xa2\xd2\x82\x05\xe4\x80&g\x87\x04\x96sN\xc2RZ\
\xc1bO$\x96\xa0>\xa79=\x89!\x1b>9\x22\
\xec\xb0\xecl!'Sf\xfc\x19Is\xc5\x17\x12R\
\xae\x17e0p\xf9\xa6\xbcV\xbe\x05\xe9<\x8b\x09W\
< \x82S\x1c\x97R>\xfb4\x09\xc9\xe5\x9b\xc8]\
f\xa1\x87\x9e\x8d\xcbd\xfa6B\xc3\xc1@\xbf\xa4\xc9\
\xb4\x9b'\x93\x19NNEf\xbe\xe5~\x80\xe3\xf8\x00\
$07J\x83\x22\x9f\xb6\x13\xc53\xc9\xd1)tM\
9J\xd2!\x098\xb0\xc5\x04}G8\x09f)\xcb\
\xfd\x88\xc6p\x18\x84\xab\x12\xbe\x8b\x824\x16\x89\x0f\x87\
\xf9xF\xe6\xc4\x0f1;C\xbf \xe7\xe6d2\x94\
\x8f\x83 yo>y2\x90\x8f\x83\xae\x94d`\x98\
2<'\xe5!\x17O\xb9C\x00\x92\x09\xdbO\xca]\
\x96\x14\x174\xe4\xb3\x11z\x8d\xf9\xcc\x9f\xe3Kw\xb0\
\xa5I|\xb9\x82\xee\xa1\x07\xdb\xde\x92|F\xe8\xe9\x8c\
\x1b\xe9\xd5R\x9b!\xc3\xa1H\x87\xea\xac\x8bg\x92\xc6\
\xc5<Q\x05\xae\xaem]\xe3\xbaO\x9a\x14y\x86\x83\
\xb6D\xe9\xd9\xf4\xc2,R<jEJ\xfd\xa0,\xe6\
\xac \xbb\xe5\xf79f\xa74\x81\x8a7|\xd4\xe5\x15\
\x91 \x97 \x16q\xf85B_\xf3c\xe6:\xf2x\
A8\xc39\x85\xdf\xf2h\xe5P\xd7\xd0\xaf\x94a\xc7\
\xdbE\x11\x94\xe8Q\xc9{\xc4\x171\xf1\x8f)\x87\xb8\
_uwP\xb5\xd9\xa2d\x9b\xa1\xf5ZO(\x9b\x95\
e\xd4\x86\xdd\xec\x8aD\xcaL\xc4\xc7\xb6\xe0z\xc3\xb8\
\x86+\xc5\xf7Wz?\xb1\xd0\x15\xd0\x17\xfe\xf5\x13\xb7\
\xfeT\xe5G45\x7fY\x17\xd0x<FUE2\
\xf3\xeee\xd9\x81\x22\xd8OB\x1a`\x0e\x9e\xa8<\x09\
\xe7\xf74\x99\x13\x11I8\xe4{\xe2\xed\xd5D\xaad\
\x0a\xa3=YTA\x17U3\x94\xe5\x1c\xdd\x1a\xde\xbf\
\xb5\xedx>\xe4\x9d+\x95V\xdd\xb2\xf6A\xb6H\xcf\
\xb4\xcd\xd5\xbf\xef\xd2Ve_\xcf\x15KI\xb2\xb7W\
\xb9\xe8\xdc|1|\xb0\xf3\xe0\xb1\xb3\x8b.\x18\xce^\
\xa7!l+8\xfd\x0f\xf0\xba\x97,.f\x84\xd5\xcf\
\xea%\x9d\x17s\x9d{\x8fv\x06k\xfa\xe8(\x00\xc4\
\x14\xbf\xa7\xe4\xc2\xe6!\x01\x8bd|\x14i\xbf\x1b\xed\
\x05\xaaM\xd9[\x5cz}}\xa3\x9e\xbe\xe8\xf6m3\
\xc1Z\xc1\x08b\x9a\xd9\x0e\xe4\xca\xeaik\x165g\
\xf9\xf8\x1c\xb6\xc7`\x86\x0c\xcc\x96RU\x12\x08\xb0\x0a\
N\x92\xdf]\xcf\xb3\x8b\xaf*\xfbp\xdbNtH2\
\x22\x1am\x9f\x9e\x8d`\x96\x0c\xfd\xe4s\xc8\xbaXG\
\xa0\x86\x81\xd1\x8f\x1f\x15\x0a\xb6=\xa2\xe2O\x98\xd8C\
\xf2L0\x0bW)g\xaf\xa3k\xf3A\xd4#\xc2\x18\
\x095s\xcd\xdf\xa0\x80v\xf6\xda\xd2\x0c\x85\xee8\xcd\
V\xb3\xcb\x0dG\xca{/0\xc7kp\xd0\x5cdI\
h\xa9,5 \xb8ZV\x9a\xbc\x17\x00\xbc\x02bn\
\x85pk(] t4~\xa6\xb6\xeb\xa0|\x1b\xc7\
:\x9b\x0bp}$\xb1v\x05\x8e\x8d:(\x5c]\xe9\
\xd0\x81\xe76\x8eut8\xea\x02\xf4\x91\x80\xe6\xcb\xdd\
\x0c\x08^A\xf7>\xc1W\xf6e\xcb\x92\xe53\x1c\xfe\
\x04\x10\x0aM\x93\xbc\xefPp\xa8\x91\x847\xca\xaf\x1f\
\xa8\xba!p\x88\x9d1*\x12)\x1d\x5c\xa1\xeb\xccG\
\x9d\x0e\xae\x07\x9d\xa7./J\xc1\x11{@}N\xa6\
\x02\xa4\xbb^\x9f\x99]\xc1\x7f\xfc\xbc\xe0\xd5\x9d\xaa\xf5\
\xda\xdf\xb4D\x8d[6T[\xd7JO\xbe@\x04~\
\x03\x9c\x07\xbd\xf6\x8b(V\xd5\xc5\xb1\xc6\xe7\xac\x8b\xf4\
\xact1\x89\xf8k\xd9\xeb\xcc\xadN\x931\x81\x0d\xd7\
\xa0\xab\x0a\xdc\xab\xc6\x9d\x83&\xee\xe3\x9d\xad\x9a\xd9\x12\
)P\xb80\xd2\x80rEkH\xee\xaa\xc7\xde\xb8\xd1\
\xc2!]\xda\xbe^\x19\xd4\x9a\xd9\x085\x9b\x9e\x0ds\
<\xc7\xcc\x07$@\xbf\x01/\x8e\xfd,\x05U\x17\xa3\
\xda\xe2^|\x81\x17\xf9\x9b(\xea\xb9|\xd8!K\xd3\
\x15f\xbaU9 8-\x05W7\xfdv\x9e\xf9\xab\
l\x97\xc7\xda\x04\xfc,\x00\xa5\x05\x06-\xca\xd8\x01\xe2\
u\x8f\xd6\xdfvq\xfa\x87/\xa2\xb7\x86\xfaR\xa1\xaf\
\x13\xae\x19\xc3xp>\x93S>\xf3\x0c\xa6@^\x1e\
\x11\xc8\xec\x10\xb3\x85\xd1\xa4k_R\xb5\xba\xcf\x0b\xce\
\xa1\x84\xb6n\xce\x00\x8cI,\xee\xc8\xfd\xc0w9\x05\
\xda\xbd\x06j\xd8\x15\x05\x1b\x0e\xd8YE\xdc\x19\x96\xad\
R\xd6|X\x0e\xc5dN\xd1\xc0&u\x83\xe4\x0a\xd2\
\xf0\xbb\xcf,uwj\xce\xb3\xba\xfa\x1aF\x84?\xa1\
\xb1\x9e%\xf6(\xae\xee\x0fX4\xbb5\xb4o^6\
,\xda\x9b\x06\x98\x16\x1b\xa6\x90H$\x5ca\x89\x0c\x9c\
\xc2\xd8FC\xe4:R\x04\xabm(\xa7\x90\xe2`\x18\
\x09j\xb3\xc9\x95\xa9\xd7\xa0m;\xa3;\x0c\xee)J\
\xfa\xcf\xabrTX!\x10\xf3HQ\xc0\x90%3\x8d\
\x90\xab:\x9ba2.\x0c\xed.\xea1\xa6'f\xce\
\x05K\x96\xb2\x00\xcf W\x8c\xb7)\x1a\xa3\xc1.\xfc\
z\xda\xbcJ\x014+\xc4\xa8\xf2\xee]\xea\xb5\x8b\x9c\
\xfc'\x82\xb8\x02\x8d[<\x14\xea\xc7\x1e\x00\xeeVs\
\x16\x8aKz\xb8\xde\x1e\xc9\xc9\xb2|UW\x19\x9f.\
\x0dp\x1cOz\xdcf\xa4g*\xb7\x16<Y\xfe\xfd\
\x11\xb4\xac\x8f2\xe5\xce\x97\x06\xf8 \x17t\x1c\x84\xef\
\xad\xce\xec\xb2\xb6\xbdk\x8dz7\xe6\x8dp\xb7o\x09\
\x0d{\xad\x91\x1f\x97S\xff\x1eZ\xad;\xd0j\xd1K\
\xda\xf5G\xe4m\x03\xd4MK\x1e~\x93\xfe\x0d\xed\xff\
\xdb\x09\xa7\x89\x9a+\xd6@\xabTQ\xd6+\xc3\xa3\x9a\
\x97Z\xc1\xd7,\x11\x8esb\xc9\x03\xc1,\xcbM\x7f\
\x02\xfc\x1f]h:\xb0B\x15Q\x9f\xc1\x9c\xb1>u\
\xc2\xda\x97\xf2\x93\x1b\xad8e%\xeb/6\xbc\xec\xc8\
\xdb\xbd3\xd2\x84J\xb8/?nY8\x88\xc0\xacm\
\x0e\xf9Q\xd9a\xc0\x9dh\x84\x92\xa2}\x15\xbb\xea\xcb\
\x80%y;\x01\xda#\x9d\xbae2n\x22\xac\xe0\xab\
\x15\xb0\xaf\xd9)\x14\xd3\xd31\x1a\x96\xd5\x1f\xd9gy\
&V\x11\xd4\xed\x8a\xb7*\xa1\xdb;PD{\xc6\x82\
\xe8\x1e\x1a\x02\xdb}T\xff\x17\x91\x16\xf2p{\xd0\xe7\
\x81\xc6\x10\xf1\xa7\x9dP\x9eU\xc9\xf7\x0c\x0d c\xd4\
\xdfw\xcc\x834t\xb7\xd9'$\xed=\xe1\xbe;`\
\x11\xaa\xfe\x19\x05\xba\xc3\xcf_\x97\xa0\x0cL\
\x00\x00\x0c\xb0\
i\
mport QtQuick 2.\
15\x0d\x0aimport QtQui\
ck.Layouts 1.15\x0d\
\x0aimport FluentUI\
 1.0\x0d\x0a\x0d\x0aColumnLa\
yout {\x0d\x0a    id: \
root\x0d\x0a    proper\
ty string issueK\
ey: \x22\x22\x0d\x0a    prop\
erty var comment\
s: []\x0d\x0a    prope\
rty bool loading\
: false\x0d\x0a    pro\
perty bool submi\
tting: false\x0d\x0a  \
  property strin\
g error: \x22\x22\x0d\x0a   \
 property bool s\
howTitle: true\x0d\x0a\
    signal submi\
tRequested(strin\
g issueKey, stri\
ng content)\x0d\x0a   \
 spacing: 8\x0d\x0a   \
 function clearD\
raft() { editor.\
text = \x22\x22 }\x0d\x0a   \
 RowLayout { Lay\
out.fillWidth: t\
rue; visible: ro\
ot.showTitle; Fl\
uText { text: qs\
Tr(\x22Comments\x22); \
font: FluTextSty\
le.BodyStrong } \
Item { Layout.fi\
llWidth: true } \
FluButton { obje\
ctName: \x22issueCo\
mmentButton\x22; te\
xt: qsTr(\x22Commen\
t\x22); disabled: r\
oot.submitting; \
onClicked: edito\
rArea.visible = \
true } }\x0d\x0a    Ro\
wLayout { Layout\
.fillWidth: true\
; visible: !root\
.showTitle; Item\
 { Layout.fillWi\
dth: true } FluB\
utton { objectNa\
me: \x22issueCommen\
tButtonInline\x22; \
text: qsTr(\x22Comm\
ent\x22); disabled:\
 root.submitting\
; onClicked: edi\
torArea.visible \
= true } }\x0d\x0a    \
Rectangle { visi\
ble: root.showTi\
tle; Layout.fill\
Width: true; hei\
ght: 1; color: F\
luTheme.dividerC\
olor }\x0d\x0a    FluT\
ext { visible: r\
oot.loading; tex\
t: qsTr(\x22Loading\
 comments...\x22); \
color: FluTheme.\
fontSecondaryCol\
or }\x0d\x0a    FluTex\
t { visible: !ro\
ot.loading && (r\
oot.comments || \
[]).length === 0\
; text: qsTr(\x22No\
 comments yet.\x22)\
; color: FluThem\
e.fontSecondaryC\
olor }\x0d\x0a    Repe\
ater {\x0d\x0a        \
model: root.comm\
ents || []\x0d\x0a    \
    Rectangle {\x0d\
\x0a            Lay\
out.fillWidth: t\
rue; implicitHei\
ght: commentRow.\
implicitHeight +\
 16; radius: 5; \
color: FluTheme.\
frameColor\x0d\x0a    \
        RowLayou\
t {\x0d\x0a           \
     id: comment\
Row; anchors.fil\
l: parent; ancho\
rs.margins: 8\x0d\x0a \
               I\
mage { objectNam\
e: \x22issueComment\
Avatar_\x22 + index\
; visible: !!mod\
elData.avatarUrl\
; source: modelD\
ata.avatarUrl ||\
 \x22\x22; Layout.pref\
erredWidth: 32; \
Layout.preferred\
Height: 32; fill\
Mode: Image.Pres\
erveAspectCrop }\
\x0d\x0a              \
  Rectangle { ob\
jectName: \x22issue\
CommentAvatarPla\
ceholder_\x22 + ind\
ex; visible: !mo\
delData.avatarUr\
l; Layout.prefer\
redWidth: 32; La\
yout.preferredHe\
ight: 32; radius\
: 16; color: Flu\
Theme.primaryCol\
or; FluText { an\
chors.centerIn: \
parent; text: (m\
odelData.author \
|| \x22?\x22).charAt(0\
).toUpperCase();\
 color: \x22white\x22 \
} }\x0d\x0a           \
     ColumnLayou\
t { Layout.fillW\
idth: true; FluT\
ext { text: (mod\
elData.author ||\
 \x22\x22) + \x22  \x22 + (m\
odelData.time ||\
 \x22\x22); font: FluT\
extStyle.Caption\
; color: FluThem\
e.fontSecondaryC\
olor } FluText {\
 Layout.fillWidt\
h: true; text: m\
odelData.body ||\
 \x22\x22; wrapMode: T\
ext.WrapAnywhere\
 } }\x0d\x0a          \
  }\x0d\x0a        }\x0d\x0a\
    }\x0d\x0a    FluTe\
xt { visible: !!\
root.error; text\
: root.error; co\
lor: FluTheme.da\
rk ? \x22#FF8A80\x22 :\
 \x22#C62828\x22; wrap\
Mode: Text.WrapA\
nywhere }\x0d\x0a    C\
olumnLayout { id\
: editorArea; vi\
sible: false; La\
yout.fillWidth: \
true; FluMultili\
neTextBox { id: \
editor; objectNa\
me: \x22issueCommen\
tEditor\x22; Layout\
.fillWidth: true\
; placeholderTex\
t: qsTr(\x22Add a c\
omment\x22); disabl\
ed: root.submitt\
ing } RowLayout \
{ FluButton { ob\
jectName: \x22issue\
CommentSubmit\x22; \
text: root.submi\
tting ? qsTr(\x22Su\
bmitting...\x22) : \
qsTr(\x22Submit\x22); \
disabled: root.s\
ubmitting || edi\
tor.text.trim().\
length === 0; on\
Clicked: if (!di\
sabled) root.sub\
mitRequested(roo\
t.issueKey, edit\
or.text.trim()) \
} FluButton { te\
xt: qsTr(\x22Cancel\
\x22); disabled: ro\
ot.submitting; o\
nClicked: editor\
Area.visible = f\
alse } } }\x0d\x0a}\x0d\x0a\
\x00\x00\x0b\xfb\
i\
mport QtQuick 2.\
15\x0d\x0aimport QtQui\
ck.Layouts 1.15\x0d\
\x0aimport QtQuick.\
Controls 2.15\x0d\x0ai\
mport FluentUI 1\
.0\x0d\x0a\x0d\x0aColumnLayo\
ut {\x0d\x0a    id: ro\
ot\x0d\x0a    property\
 var options: []\
\x0d\x0a    property v\
ar value: []\x0d\x0a  \
  property bool \
disabled: false\x0d\
\x0a    property st\
ring placeholder\
Text: \x22\x22\x0d\x0a    pr\
operty bool expa\
nded: false\x0d\x0a   \
 signal selectio\
nChanged(var val\
ue)\x0d\x0a    spacing\
: 2\x0d\x0a    Rectang\
le {\x0d\x0a        La\
yout.fillWidth: \
true; implicitHe\
ight: selectedTe\
xt.implicitHeigh\
t + 16; radius: \
4\x0d\x0a        color\
: FluTheme.dark \
? \x22#2B2B2B\x22 : \x22#\
FFFFFF\x22\x0d\x0a       \
 border.color: F\
luTheme.dark ? \x22\
#666666\x22 : \x22#A0A\
0A0\x22\x0d\x0a        Fl\
uText { id: sele\
ctedText; anchor\
s.left: parent.l\
eft; anchors.rig\
ht: chevron.left\
; anchors.leftMa\
rgin: 10; anchor\
s.rightMargin: 6\
; anchors.vertic\
alCenter: parent\
.verticalCenter;\
 text: root.sele\
ctedLabels() || \
root.placeholder\
Text; elide: Tex\
t.ElideRight }\x0d\x0a\
        FluText \
{ id: chevron; a\
nchors.right: pa\
rent.right; anch\
ors.rightMargin:\
 10; anchors.ver\
ticalCenter: par\
ent.verticalCent\
er; text: root.e\
xpanded ? \x22\xe2\x8c\x83\x22 \
: \x22\xe2\x8c\x84\x22 }\x0d\x0a     \
   MouseArea { a\
nchors.fill: par\
ent; enabled: !r\
oot.disabled; on\
Clicked: root.ex\
panded = !root.e\
xpanded }\x0d\x0a    }\
\x0d\x0a    Rectangle \
{\x0d\x0a        visib\
le: root.expande\
d; Layout.fillWi\
dth: true\x0d\x0a     \
   Layout.prefer\
redHeight: Math.\
min(200, Math.ma\
x(36, (root.opti\
ons || []).lengt\
h * (selectedTex\
t.implicitHeight\
 + 16)))\x0d\x0a      \
  radius: 4; col\
or: FluTheme.dar\
k ? \x22#252525\x22 : \
\x22#FFFFFF\x22; borde\
r.color: FluThem\
e.dark ? \x22#66666\
6\x22 : \x22#C8C8C8\x22\x0d\x0a\
        ListView\
 {\x0d\x0a            \
id: optionList\x0d\x0a\
            anch\
ors.fill: parent\
; anchors.margin\
s: 2; clip: true\
; model: root.op\
tions || []\x0d\x0a   \
         delegat\
e: Rectangle {\x0d\x0a\
                \
required propert\
y var modelData\x0d\
\x0a               \
 width: ListView\
.view.width; hei\
ght: selectedTex\
t.implicitHeight\
 + 16; color: mo\
use.containsMous\
e ? (FluTheme.da\
rk ? \x22#3A3A3A\x22 :\
 \x22#F1F1F1\x22) : \x22t\
ransparent\x22\x0d\x0a   \
             Flu\
Text { anchors.l\
eft: parent.left\
; anchors.leftMa\
rgin: 8; anchors\
.verticalCenter:\
 parent.vertical\
Center; text: ro\
ot.contains(mode\
lData.value) ? \x22\
\xe2\x9c\x93\x22 : \x22\x22 }\x0d\x0a   \
             Flu\
Text { anchors.l\
eft: parent.left\
; anchors.leftMa\
rgin: 30; anchor\
s.right: parent.\
right; anchors.v\
erticalCenter: p\
arent.verticalCe\
nter; text: mode\
lData.label || m\
odelData.value |\
| \x22\x22; elide: Tex\
t.ElideRight }\x0d\x0a\
                \
MouseArea { id: \
mouse; anchors.f\
ill: parent; hov\
erEnabled: true;\
 onClicked: root\
.toggle(modelDat\
a.value) }\x0d\x0a    \
        }\x0d\x0a     \
       ScrollBar\
.vertical: FluSc\
rollBar { intera\
ctive: true; pol\
icy: ScrollBar.A\
sNeeded }\x0d\x0a     \
   }\x0d\x0a    }\x0d\x0a   \
 function contai\
ns(candidate) { \
return (root.val\
ue || []).indexO\
f(candidate) >= \
0 }\x0d\x0a    functio\
n toggle(candida\
te) { var result\
 = root.value ? \
root.value.slice\
() : []; var ind\
ex = result.inde\
xOf(candidate); \
if (index >= 0) \
result.splice(in\
dex, 1); else re\
sult.push(candid\
ate); root.selec\
tionChanged(resu\
lt) }\x0d\x0a    funct\
ion selectedLabe\
ls() { var label\
s = []; for (var\
 i = 0; i < (roo\
t.options || [])\
.length; ++i) if\
 (root.contains(\
root.options[i].\
value)) labels.p\
ush(root.options\
[i].label || roo\
t.options[i].val\
ue || \x22\x22); retur\
n labels.join(\x22,\
 \x22) }\x0d\x0a}\x0d\x0a\
\x00\x00\x06\xe4\
\x00\
\x00\x22\x1cx\xda\xd5Y\xfdO\xdc6\x18\xfe\x1d\x89\xff\
\xc1dS\x95+\x10\xee\xdaM\xea\x8e\xd2\x8d\xde\x86\xc6\
T\xb6\xb6P*\xadbUH|w\xee|q\xea8\
\x14F\xf9\xdf\xf7\xfa#_\x8es\xdc\x1dt\xea\xa2\xaa\
$\xf6\x9b\xc7\xef\xe7\xf3\xda92K\x19\x17\xe8\x95x\
\x95\x93\xe8o\xf4(\x18|\xbf\xbeF\x1a\x83\xc1\x8b\xf0\
\x8a\xe5\x22C\x83\xfa\xe4\x01\xcdq\x22\xde\x1c\xc2h\x7f\
}m}m\xc4h>K\xb4(\xba^_Cp\x91\
x\x888cB?\xb1\xf3\x0f8\x12\xbf\x873<D\
\xde\x07\xc2\xc3\x11\xc7\xa1\xc0\x07\x04\xd3\xf8\xbd\x876\xd1\
\xb1\xe0$\x99\xf8c9\x10\xa8\xff\x0fc\xf4\xf93\xf2\
\xbc\x9eFH9K1\x17W\xe8\x22\xe4H\x09\x0c\x91\
\x7f}c\xcff\x0a\x07\x91,\xcb\xf1!\x88x\x9e%\
p\xce\x18E1\xc9\xc2s\x8aa~\x1c\xd2\x0c[\x22\
\xa0\x1aE4<\xc7T\x1b\xf6\x96\xc4b:D\x83'\
}\x17\xd64\xccNIF\x00\xee\x85|e\x8866\
\x8c1\xd2|mK\x90\x80\xe5\xd2\x9c\xdaP\xd3\xc8\x00\
^\x99\xf9\xc6\x9a\x8cL\x12P\xe1\x22\x04?\x8f\xa6a\
2\xc1\xb1\xdf4l\xab0\xd4\xa0l)\xb7\xa8\x17\x9a\
\x18y\x86\xf91\x0ey4}\x8d?\xe68\x13\x0b@\
\x99g\x10\xe7W=\x19_\x89\xa7\xa3\x0bZSj\xfc\
!xn<w\xa1\xed\xd7\x01\x0f,\x87\x18u\xd20\
\x02\xd0!z\x5c\x00\xbef\x9f\x9a\x19Sd\x8d\xd2\x03\
f\xab\xd1yk7\xc0\x07\x8f\xaaAH\xd2\x13|\xd9\
@\xafa\xa5\x1c\x8f1\xe786\x80Js;\xe6\xce\
7g$!\xb3|\xb6\xfc{\xe1\xe5J\xef\x85\x14\x22\
9\x83z\x1bBQ\x06\xfb\xf2\xe9\x84\xa5MQ\x01\x86\
B9,\x93pPsuy\x0e\xd9A\xc0\x1d\xe8G\
\xe4\xa1\x87\x1e\x1aV\x95W\x5cc&u0n=\x16\
W\x14\x07\xcfY|\x05\xc9\xce\x92IS\xf4\x13\x0f\xd3\
#\x16CFH\xd9\xe0-<V\x027\xb5\xc0\xb20\
\xc6\xdc\x0e\x91L\x02\x1c\x13\xc1\xb8\x9ew\xba\xa53\x19\
\xe4\x15F\x82\x5c\xcc\xcd\xc72uX\xce#<b@\
l\x89\xf2q\xcd'\x11\x18\xcc\xa1\xc2\xf7\xf6\xf6\x90'\
]\xec\x81w\xe4\xdf_\x94rM yu\xbf=\xcb\
\xa9 \x94$XB\x94\x0f\xcb\xe3d\x90\xe6T\x81\xe8\
\xbb\x155\x91\x00,\x15\x84%G\xf2qy\x94(\xcc\
\x22\x08\x8d\xc41\xb7\xcbcHj\x92\x00\xf2\xaf~\x1b\
\x84]\xee5\x09sS0\x87\xa3\xb2K\x06\xda\xd8\xa8\
-\x07\x05^\xc71\x99C\xf1X\x1c\x85|B\x92\x8e\
2\x84\xd2\xa8\x13\xc9m\x09\xa7\x8b\xcf^V\x97Y%\
\x151\xca8T\xd57?\x0f\x1e\x7f\xf7\xf8Im\xa6\
\xb3XJ\x83\xcb\xf4\xb4\xa9\xd2\xe5-\xe3\x9d\xe7\xec\x12\
]\xa3\x9d\x87\x08ZUF\x80\xf7\x93\x08oC\xcc\xb7\
\xc1\x16iA\x98dD\x22>\xdci\xc6\xac\xa3SK\
H\xd5\xa8\xfdNFqQRMX5'\x15\xf9<\
\x89\xf1\x18\xd2?\xb6\x08\xaa\x92HrJ%\x13I\x1e\
j7\xd3z\x9b+\xae\xaa\xa3+\xc1\xe2\xd1\xb2-\x91\
\xce\x02\xb4\x03\xe0\xf0lZJ7\x1a\xad\x1a){c\
\x97\xb5[\xca\xc0\x9e+I\xe7F\xac\xb3\xf6!lG\
\xc5\xdc\x17\x88_\x89}\x1fA\xb4R{a\xff\xdb\xbd\
\xf7WL&SX`\xd0\xef\x7fu\x81r\xf3+D\
\x09\xde8g\xf7\x1c\x9dc\xb5\xd8R\xa1\x99\x01c\xd0\
Fl4\xa1gR\xfa\xddY;\x8e\xaf\x99\xe4GO\
\x91\x9d\x15<\xe5V3\xaf\xee\xad\xf9\x94\xa5yz\xa4\
\xf7/\xa6\x95\x1e\x0a<\xcb\x86\xe8\xc9\x0aYP\xba<\
`\x89\xbc\xa7X\xc87\xa2\x1cR\x22\x11\x87@\x0e\x97\
hO\x03h\x93\xd4\x90\xaf\x0c\xdeB\xb7\xf0\x00K\xf6\
e\xef\x0f\x15$\xd1X\xcf\xec\x0d\x86\xbcV\xce\xa76\
T\xfb\xaa)\x7f*\x97(\x94W\x0a\xf5,\x95o\x96\
\xce\xcd9\xad\xfb7\xc8\xa9?\xaa\xe9\x97p\x86ko\
\xb0L\xa6,\x9a=\xcaKn\x1a\xb0E\x17J\x80\x94\
\x86\x11\x9e2\x0a[\xbb\x13E0\x1f\xb3\x13\xee{\xc7\
\x98Bm\x14\xcay\xad\xc0\xeay\x983\x01\x1b\x22\xd3\
0\xee7\xbe\xc8\x95V\xcb\xc7\xa8c[\xe4<\xf5\xb4\
\xce\xb7i(K\xe1T\xfb\xddw9\x1eN\xbe\x81\x96\
r\xb1q\x03,\x9a\x12\x1a\xdf\x86\xa5\x84\x5cPwe\
\xbcE\xb7\xecs\xd8q\xa4]\xf9R\x99\xbb\x14I.\
M\x94N\xb2\xdcu\x10\xe4\xeeb\xa9~w\xbe\xd3A\
\x0ej\x19\xe1\xb0qa\xd6\xd3\xe5\xcc\x8b\xca\xe9\x12\x91\
\x97\xa7\x97\xf4\x86\xb7\xb0\xd9\x16\x9c\x06d\xf2x\xc3V\
\xee8\xaag~\x89vks\x97\xe2u\xa8p\xf3\xb5\
&\xf9H\xba\xf2N9\xae\x82\x01\x91;`\xdco'\
\xfd\x82\x09\xf5U\xd6@Ed\xffy\x09\xb4\x9d6g\
\x1fP\xd6\xc3\xfc\xc2\xf9\x1f\xd6\xca\x82\xbd\xaf:\xd17\
v\xce\xfb\xb9`\xc7\xf9d\x82\xb3\x95O7\xf6w\xde\
L\xed\x09p\xd1\xde:\xce\x8a\xce\xba\xe9\xa8\xc37\xa0\
\xfb\x0ag$\x9b\xfa\x88\xde\x1f+\x0c\xf5\x0dV\xdb-\
K\xd0Q\x95\xbd\xfb\xdcE\xc9\x8f\xbdj\x1f\xa8\xe2\xe0\
\xd8H\x9d\x98\xaf\x06r\x01G\xf67|\x0a\x05\xe2b\
\xf5\xca.\xeb\xdb\xf2\x8a\x872G\xda\x01\x07\x80\x0fG\
T\xee`A\xd18\x14aGE\xdb\x0a\x9b,\x90o\
\xcc\x89\xbf\x8a\xd2\x18\xf9\x8d\xb7{]t\xb0\xfav\xb2\
\x89\xbflgr\x9c\x84\xaf\xddvl,f\x88\xa4\xbe\
0\x8aX\x0e\xd5\xb5W\xc5q_\x0f\x1d&i.\x9c\
m\xc3\x11\xb0\xfa\xea\x06\xb27\x8fNW\xf7a\x81\xbe\
0e\xcewjG7r\xa8\x9e\xa7\xb1\xf9\xf8\xe5\xd7\
\xc8\x5c}Gvz\xa9u:]\xe4\x1c\xa1o\xc6y\
\xa2N7\xa8\xde\x00K\xe0\x8bVP\xc7\x8c#_F\
\x93@\x1c\xfb\xbb\xc5\xb9\x09=x\x00#O\x8b\xc7\x80\
\xe2d\x22\xa6\xbbhs\x93\xf4T\xa4\xcc\xc4;rV\
\xfb\xe0f\xe09\x169O\x10\xa9V1#\xdb\x83\x06\
\xf3[\xba\xea\xe6V\xea\xaa\xdb[\xa3)\xc8\xfc\xacm\
\xbbu\x7f~\x8a\xfa\xd5\xc3\xb3=Ke\xcbsF\x91\
:\x19\x99\xa1\xd2 \x89c\x8c\x9a\xa7\xad\x8e\xde\xfdz\
\xd6\x22\x7f0\xd7\x90P\xcb\xdb\xe6\xd7\x17\xe9t#R\
\x1fwd\xb8\xb1\xb2\x8d\xa76f\xf2\xbd\x8e5Z\x8e\
r\xac\xe7\xf6S}\x0bi\xed\x1bO\xbfl\x1e6\x16\
\xb1\xe3{V\xeem\xed\xa3\x9b\x91,\x86l{\xec\x06\
\x5ct\xdd\xc6/\x08`\x01\xc7YN%-\xd6\xb1W\
\xb1\xef\xda\xce]\x89\x1b\xa4y6\xf5\xaf=A\x04\xc5\
\xde\x10-\x1e\xca\xadb\xc7=\xec\x10\xb8\xe99\x7f^\
3n\xd1\xcbw\xbb\xa6\xc1\xfdM\xc2\xb7=\x14\x85I\
L$%VmV\xca\xb9~\xc4.\xeb~\xe7\xafw\
\xfb\xdb\x7f\x86\xdb\xff\xf4\xb7\x7f\x08\xde\xff\xb4}\xb6\xf9\
\xedN  \x16~\x89\xd6\xbb\xbd\xd8\xef!\x0c\xee\xb2\
,}_\x94e\xa9\x95\xbb\xdb\xc0\x82\xb7\xd4\xf6F\x1d\
\xa4\xbb\xa2\xeb\xd6\xb5\x83fia\xc7m\xcc\xa2<\xd3\
{l\xbfE\xb5\xf5\x1fO\x03\xb9\x13\xed\xa1\xd6P\x00\
\x0e\x8d\xb0:3\xe1\x03\x09\xe6Wd\x00\xff\xfe\x05^\
b\xc4[\
\x00\x00\x0dD\
i\
mport QtQuick 2.\
15\x0d\x0aimport QtQui\
ck.Layouts 1.15\x0d\
\x0aimport QtQuick.\
Dialogs\x0d\x0aimport \
FluentUI 1.0\x0d\x0a\x0d\x0a\
ColumnLayout {\x0d\x0a\
    id: root\x0d\x0a  \
  property strin\
g issueKey: \x22\x22\x0d\x0a\
    property var\
 attachments: []\
\x0d\x0a    property b\
ool loading: fal\
se\x0d\x0a    property\
 bool uploading:\
 false\x0d\x0a    prop\
erty string erro\
r: \x22\x22\x0d\x0a    prope\
rty bool showTit\
le: true\x0d\x0a    si\
gnal filesSelect\
ed(string issueK\
ey, var fileUrls\
)\x0d\x0a    signal at\
tachmentOpenRequ\
ested(string iss\
ueKey, var attac\
hment)\x0d\x0a    spac\
ing: 8\x0d\x0a    func\
tion isLocalFile\
Url(value) { var\
 text = value ==\
= undefined || v\
alue === null ? \
\x22\x22 : value.toStr\
ing(); return /^\
file:(?:\x5c/{3}[^\x5c\
s]+|\x5c/\x5c/[^\x5c/\x5cs]+\
\x5c/[^\x5cs]+)$/i.tes\
t(text) }\x0d\x0a    f\
unction localFil\
es(fileUrls) { r\
eturn (fileUrls \
|| []).filter(va\
lue => isLocalFi\
leUrl(value)) }\x0d\
\x0a    function se\
lectFiles(fileUr\
ls) { var accept\
ed = localFiles(\
fileUrls); if (!\
uploading && acc\
epted.length > 0\
) filesSelected(\
issueKey, accept\
ed) }\x0d\x0a    RowLa\
yout { Layout.fi\
llWidth: true; v\
isible: root.sho\
wTitle; FluText \
{ text: qsTr(\x22At\
tachments\x22); fon\
t: FluTextStyle.\
BodyStrong } Ite\
m { Layout.fillW\
idth: true } Flu\
Button { text: q\
sTr(\x22Select file\
s\x22); disabled: r\
oot.uploading; o\
nClicked: fileDi\
alog.open() } }\x0d\
\x0a    RowLayout {\
 Layout.fillWidt\
h: true; visible\
: !root.showTitl\
e; Item { Layout\
.fillWidth: true\
 } FluButton { t\
ext: qsTr(\x22Selec\
t files\x22); disab\
led: root.upload\
ing; onClicked: \
fileDialog.open(\
) } }\x0d\x0a    Recta\
ngle { visible: \
root.showTitle; \
Layout.fillWidth\
: true; height: \
1; color: FluThe\
me.dividerColor \
}\x0d\x0a    FileDialo\
g { id: fileDial\
og; objectName: \
\x22issueAttachment\
FileDialog\x22; tit\
le: qsTr(\x22Select\
 attachments\x22); \
fileMode: FileDi\
alog.OpenFiles; \
onAccepted: root\
.selectFiles(sel\
ectedFiles) }\x0d\x0a \
   Rectangle {\x0d\x0a\
        property\
 color dropBorde\
rColor: FluTheme\
.dark ? \x22#7B8490\
\x22 : \x22#7A869A\x22\x0d\x0a \
       onDropBor\
derColorChanged:\
 dashedBorder.re\
questPaint()\x0d\x0a  \
      objectName\
: \x22issueAttachme\
ntDropSurface\x22\x0d\x0a\
        Layout.f\
illWidth: true; \
Layout.preferred\
Height: 76; radi\
us: 6\x0d\x0a        c\
olor: FluTheme.d\
ark ? \x22#20242A\x22 \
: \x22#F7F8FA\x22; opa\
city: root.uploa\
ding ? 0.55 : 1\x0d\
\x0a        Canvas \
{ id: dashedBord\
er; objectName: \
\x22issueAttachment\
DashedBorder\x22; a\
nchors.fill: par\
ent; property co\
lor renderedBord\
erColor: parent.\
dropBorderColor;\
 onRenderedBorde\
rColorChanged: r\
equestPaint(); o\
nPaint: { var c=\
getContext(\x222d\x22)\
; c.clearRect(0,\
0,width,height);\
 c.strokeStyle=r\
enderedBorderCol\
or; c.lineWidth=\
1; c.setLineDash\
([6,4]); c.strok\
eRect(1,1,width-\
2,height-2) } }\x0d\
\x0a        ColumnL\
ayout { anchors.\
centerIn: parent\
; FluIcon { Layo\
ut.alignment: Qt\
.AlignHCenter; i\
conSource: Fluen\
tIcons.Upload; i\
conSize: 20; col\
or: FluTheme.pri\
maryColor } FluT\
ext { text: root\
.uploading ? qsT\
r(\x22Uploading...\x22\
) : qsTr(\x22Drop f\
iles here or sel\
ect files\x22); col\
or: FluTheme.fon\
tSecondaryColor \
} }\x0d\x0a        Mou\
seArea { anchors\
.fill: parent; e\
nabled: !root.up\
loading; cursorS\
hape: enabled ? \
Qt.PointingHandC\
ursor : Qt.Arrow\
Cursor; onClicke\
d: fileDialog.op\
en() }\x0d\x0a    }\x0d\x0a \
   FluText { vis\
ible: root.loadi\
ng; text: qsTr(\x22\
Loading attachme\
nts...\x22); color:\
 FluTheme.fontSe\
condaryColor }\x0d\x0a\
    FluText { vi\
sible: !!root.er\
ror; text: root.\
error; color: Fl\
uTheme.dark ? \x22#\
FF8A80\x22 : \x22#C628\
28\x22; wrapMode: T\
ext.WrapAnywhere\
 }\x0d\x0a    Flow { L\
ayout.fillWidth:\
 true; spacing: \
8; Repeater { mo\
del: root.attach\
ments || []; Iss\
ueAttachmentCard\
 { objectName: \x22\
issueAttachmentC\
ard_\x22 + index; a\
ttachment: model\
Data; onClicked:\
 row => root.att\
achmentOpenReque\
sted(root.issueK\
ey, row) } } }\x0d\x0a\
}\x0d\x0a\
\x00\x00\x07\xfd\
\x00\
\x00'\xf6x\xda\xe5Z\xeds\xd36\x18\xff\xce\x1d\xff\
\x83\x08w\xbbdc^\x1b\xb2\x8eK\x0e\xb86m\xb6\
n\x1d+\xa4\x8c\x0f\x1c\x1fT[MDe\xcbHr\
B\xd6\xf5\x7f\xdf#K\x8e\xdfd\xa7\x01\x0a\xdc\xf0\xf5\
\xae\x89\xf5\xd3\xf3<z\xde%\x85\x861\x17\x0a=W\
\xcf\x13\xea_\xa2\xbe\xb7\xfb\xf3\xdd;\xb4\xf4\xd2;\xc1\
+\x9e(\x89v]\x83c\x1e)\xc1\x99,O\x9d\xb0\
\x84D\xea\xe51\xcc\xd9\xb9{\xe7\xee\x9d\x09\x03,>\
g\x04]\xdd\xbd\x83\xe0\xa1\xc1\x10\x09\xce\x95\xf9\xc6\xcf\
\xdf\x12_=\xc3!\x19\xa2\xce[*\xf0\xb1\x94\x099\
$\x0aSf\xb8w\x0c0\x16<&B\xad\xd0\x02\x0b\
D5h\x88\xbaW\xd7=\xc7\xa8\xcf\xc3\x10d\x90C\
\xf4\xfa\x8dc\x18+\x85\xfdy\x13\xe2\x9cs\xb6\xa6p\
\xc2q@\xa3\xd9\x10]`&I\x0br\x9a\x9c\x87T\
\xa9vl\x81\xf1f\xc29\xf8e\xcc\xda\xd0R\x09\x18\
\xcb\x049\x12\x82\x0bPe\xc7\x8d\xca\xa9n\x00\xc6\x5c\
REytF\xde+\x07\xca\xac\x1dG\xbf\xf2SA\
\x16\x94'\xb2MG\x1a\xf7,%\xe4\xc2h\x9b\xc4$\
\xd2+<\x84w/\x05\xb3v18Ig\x11f\x08\
\xc0Q\xea\x1b/\xc8\xbb\x84HE\x82\xae\x155u\x86\
?\xc8\xeaA&\xfb\x92\x9c\x03\x91^i:p'\x02\
>\x9c\xd0\xe8\xb2F!\xa9\xa2c\xbb\xa8\x0a\xc32(\
\x02\x9a\xad\x00\xc5g3FR\xc8\x09\x95\xaa\x09Vr\
\xa1\xcd\xab\xf3!\xec\x00^\xa6\x91\xdbuB\x19\x91S\
\xc2 \xaa\x5cD\xb4\xb2/\x00\xa2\xb5\xdcD\xc28\x1c\
\x84\xf7\x05\x15\xe1\x87\x12\xf9\x0b\xec\xd5\xb2\x98r \xf6\
2c\xdb\xc5\xbd\xa2\x81\x9a\x0f\xd1R\xff+\x0d\xfcF\
\xe8l\x0e~d\xbfz\x90t \xbfP\xfb\x1e\xfd\x80\
\x1e\xf6-\x9e\xd1x\x88\x94H\xac\xb7\x9d\xf3$\x0a\xe4\
\x01\x99c0,\xf8\xfd:-yS\xc5\xe3}u\x90\
\x8e\x1b\xec\xd4\x87\xb4\xc6\x0e\xb0\xf0\x16\xe0\xa0\xd4\xc7L\
\xe3\x93\xf5ktu\x9d\xc9{\x91D\xbe\x0e\x13$S\
\x8d\xef\x97\xcd\xd0]+\x09]\x15\xa3\xffoJ\x96\x9e\
\x99Q\xc5]W\xe9*<#:,b\x12\xd4i\xd2\
\x0b\xd4u$\x8a\x1e\x12D%\x22\x1aU\xe3\x0a=\xae\
\x89\xc18\xac\xafBy\x94\x12\xae\xcc\xf5\x18\x89fj\
\x8e\x9e\xa0\x9d\x1eJRV\x87\x143>\xf3thv\
\xeb\xa2\xfb\xc6\x81J\xc2gB\xdfsH\x8d\xbe\xfb\x0e\
\xb5\xf1lv\xd0\xd4\xad\xbcK\xb2B\xff\xfe\x0b\xb9\xea\
A\x95L\xcf\xa5\x88\xd7o\xea\x12\xe3\xc8'\xac&\xb0\
k\xee\xa8\xac\x02\x9fqI\x8c\x0e\x0cM\x0d\xde\x17\x04\
k\xc3G\xfe\x9c\x0b\xe9\x81z\xc1\x91b,`\x05#\
D\x22\xed}P\x0b\xef\xe9b\xe89\xf41B<\xb2\
\xb2\x0c\x11Y\xc0\x10z\xfc\xc4\xea/\xfd\xea\xcd\xb14\
\x9e\x90\x92\xa8\xbb\x8aA%\xc6\xb1\xb2\xd5\x82'\x8fM\
\xf4\x18\xd95E`P\x5c\xce\xa8\x5c\x96S\xf5\x96t\
n`\x9d\x11RT1\x80\xbc\x93g\xa2\xdb\xb1\x83\x96\
T\x07\xb4\x1e\x12)A\xa8\x0c`h 5'(0\
r\xa6iD>\xd5XSq\x16\xc4T\x9c\xe2\x04=\
\x1a\x91\x19\xae\x8e\x8eSs\xe9Q\x1e\x9d\xda\xd9c\x1d\
\xd7\xc4\xb6\x18\x9e\xd3\x055\xfc\x99%W\x81\xbb\xec\xbf\
6\xe9\x98\xb3$\x8cLS\x9253YCc\xf3Q\
\xferi2XJ6\xfd\x8c~D\x83\x9d|\xfc\xfd\
\x10\xf5\x0b_WC\xb4\xbb\x97\x7f\x951\xf6\xd3\x82\xbf\
\xfb(\xe3\xae\x9f\x17|Yg\xaf\x1f\xf36\xf50\x9b\
:\xf3\xccW\xa3Y\x22\xa9\x9fcE\xc2*\xc5\x02U\
(\x86\x17D\x08\x12X\xd2\x83\xfefh\x96\xa7[\xb0\
\x98A\xc9\xd0\x0e?\x84\x8e\xd2\xdb\xd7\xdf\xcex\x5c\x87\
\x1f\x87\xe0A\x8da\xb4\xa0\x92\x9ek\x17\xbcg\xe2\xc8\
\xa4\x02\xb5\x8a\xc91\xd8d\x84$O\x84O\xac!\xca\
\x83&Y\x8c\xb4\x0b\xb2?y\x00\xa0\x94\x95\x07\x1d\x8d\
$bA\xf6e\x9c&h\x95EN\xf1y\x01C8\
\x9a\xb1\x9bH\xe6\x14L@\x8c\xeb\xaei0\x02\xe7a\
\xa6$%gs\x12\x12/\xc0\xe2\x12=E\x9d\xfb\xbb\
\x93\xfe\xfe`\xd0AC\xfd\xf9\x97\xfe\xc1\xe0\xb0\xb3I\
\x96\x0d\x5c\xad[\xf6\xfb#4\xb7&\xea\xef\xe5\xc2<\
\x5c\x0b\xd3\xb9?\x99\xfc\xbc\xf7p\x07\xf4\x93-\xcf\x87\
e\x11q\x1ceK\xac\x8ar]\xf5\xab\xa6\x80\xd9\xc6\
kK\x9e;\xa8rh\x0d\x8am\xd9\x94X\xed\xb9X\
\x19e\xc7\x04\x83\x1e\x9a\xb8\xe9'\x04o\x02O\xe8\x16\
L\x00\xdd\xae\xce\xa8\xa7\x182\x01\xd49\xf7\x88-w\
=0~\xc3T'Q\x9d\xa6a\xca\xeb\xab\x0e\xc3\xe7\
\x90\x10\x87\xc8\x8dy\x80:P\x0b\x9c\xc3PFL8\
\x5c\xbfA\xba\xf9\xee5/n\xa3\xbe]\xbal\xc3i\
\xbf\x87\xac^t^\x1a\x05\xe4\xbd\xae\xfaPa\xcc\x06\
\xe4\xa7N=N. \xe9N\x09\xf85\x04\xccj\xac\
\x07]\xd1\xe1d\xd5\x0e\xd3\x8f\xe1\x9bZ\xf2\x10+\xec\
\xa5\xaa\xd5:\xca_-0\xecu\x8d\xda6\xd3\xd3\xc2\
\x0e3\x01\xa6j\x05\x9d\xe7\x18\xc7\xba\xed\xd8<\xd7.\
<\xe7\x0cf\x04\x83w\xeb\x19c\xefh\xff\xd1\xe4\xc8\
d\x8c\x9d\xc9^\x1f>\xf7P\xab\xca6s\xff\x136\
B\xe4\x86\xbd\xcc\xbd\x92\x8c`\xb2DH.\xa6s\x1c\
\x83U-\x0c\x04\x85\x84\x7f\xcai\xa4\xf7\xcb\xbf\xe1(\
\x18\xa7(d\x0a\x01\xecK\x97\xe6\x85.\xd4\xe5\x02\xed\
\xde\xc5\x95x\xf66\xf9@\xcbp\xc3\xd0uS.\xb8\
\x81;\x197*\x04\xdc\xbaKm\x9e\xf3!\xae\xd2X\
C\x1c\x1e\xd1Le\xb3\xa9K\x06u\x9a\xb1n5\xc7\
\xd6\xdd\xa5\x90\x07E5\x99=\xbc\x19\xe8\xdd\x86a\xdc\
\x8d\x03\xf4\xf1\x11\x09\x8e\xed6u\x0b\xb3\x96'~k\
\x16v\xc7\xa5[=\x1faV\xd3\xa86\x14\xf4O\x15\
\xa6\xc5\x93\xaf\xdb\xb5\xe0M\x93q\xdb\xc2t[w\x90\
(\x05\xed\xecUS\xc3\xde\x87\x1e\xb3\xa9A\xd7c\x14\
hLm\x9fl\x8eo5U\xe9\x8d\xe7d!x\xf4\
2\xb6\x10\xfa\x0f\x00v\xa1u\x8c\xb8\x081\x1b\xdbN\
Q\x09\x1cI\xe3=P\xa4\x03*K\x1b\xdb\xd2!a\
\xdds\x9aN\xda\x9a|\xe3\xf3,\xf9\x90/\xa3\x8f^\
\xb4>\xf1\xac/\xd8uj\xf8\x85\x16;I\x18\x9b\xfa\
\x82\x90\x0f]\xab3\x8d\xf7\xeakn>\x08u\xad\xdc\
\xe9\xee\x1bbx\x9b\x1e\xbf\x96\xbb\xd3C\x0c-\xbc9\
Vx\xc6\xcd9\xa5=\xd3#A\xa7\xa1\x1bv\xe4\x80\
3M\xca\x8dvE\xff\xa9\xa0a{\xec/\x05\x8e\xcd\
\xe6T3\xf1^q\x11\xbc\x82Wn\xf0V\x9dZ\xad\
\xd8~\xf2n\xedV\xea~}\xd3\xe9\xf4\x9bOsT\
\xd2\x1f8'\xdf\xe4\xe8\xe2\x86\x9b\xdfj,w\xb3\x93\
\xed\xec\xd0\xa8?\xe8\xa1\xef\xd1\x8e\xb7\xf7\xa8\x91F\x88\
\xdf\xd30\x09-\x05'\xe1\x8f>\x85i8\x91\xca\x9e\
\xdf\xb3\x9b;\xa8g\xe9Q\xea\xa7\x88\xd3\xe2\xd9\xa2\xb9\
\x11\x94M\xa1\x98\xf2\x9eP\xc2\x82\xb5\x00\x0d\xbc\xd6g\
\x96\xe6\xe8\x07f\xc8R2\x08\x0c\xa3\x94\x96\xd4~\xa8\
\xcfzyt\xe4\xeap\x86\xfa\xe6H\x1f\xca\xb64A\
M[\x92\xeb/\xa4F\xe9\x0b\x9a\xf6)\xad\xaa,\xe0\
Z4)\xe7|yf\xc8\xa7\x17{P\x1c\xf2y\x15\
\xad\xe6\xf4\xd2\xd8\xfezT\x92\xdf\xd9\xb4{W\x01g\
\x8f\xcc+W)\xa3-\xf4\x94]\x84\xb9\xb7\x86\xa3\xf2\
\x1du\xe5\x82\x00\xba\xa8\xf5\x85pu\xe8$\xbb:H\
\xe2&L\xe1~\x81\x98;\xe0\x0a \xbd\x19\xd6>_\
\xbaJ\x84\xd4t\xa9/\xee\xccmB\xe6\xf3M\xf7\x8e\
9T\x13\xdaw\xdf\x0af$\xa1\x84\xb8(\x96o\x10\
s\xe4\xd7\xe39@vA\xd5\xaa\xd5m\xc6\xf6\xa7\x04\
[\x85\xd1&\xf7\xc8\x7f\xe1`\xaf9B\xa7cT~\
\xc6\x00\x9c\x0a?S(\x22\xf2\x9f/\x94\x9d\xa2\xf8\xa3\
\x02m\xc8\xca\x1duf@\xddQ\xe5\x16l\xb8\xcf.\
 \xb7*\xeb\xb7QL\x1f\xf6\xbf\xe9bzJx\xcc\
\xc8\xed\xd7\xd28\xe5\xf3\x7f-\xa5X\x91\xcf\xd1\x8f\x00\
\x9b/\xa3\xc1M7\x1d\xf6\x96\xa3 +0\x15\xd8.\
\xd8\x8a\xeb\x9ezS\xe3lk\xa0\x82\x91\xf2C\xe1\xf5\
\xf6\xae\xedD\xee#\x0d\x96s\xbb\xb8m[5\x1cT\
\xb7\xee\x8b\xec?\xf8\xfb\x0f\xa7\x7f\xd9\x12\
\x00\x00\x10d\
\x00\
\x00[\x99x\xda\xed\x1c\xedn\xe36\xf2\xff\x02\xfb\x0e\
\x8c\x8a.\xecn\xd6\xb5\x1d\xe7\xa3N\xb7E\xe2$\xd7\
\x5c\xf7#\x9bd\xdb\x1fEQ(2m\xab\x91%\xad\
$'\x9b\xdb\xe69\x0a\xdc\xaf{\x8b\xfe\xbf{\x93>\
\xc9\xcd\x90\x94DJ\xa4$;\xde\x16W\x5cZ`\x13\
q8\x9c\x19\xce\x0cg\x86#\xb9\xf30\x88\x12\xf2&\
y\xb3p\x9dk\xd2\xef\xf4\xb6\x1f?r\x95\x87\x9d\x17\
\xf6]\xb0Hb\xd2\xd3\x0d\x8e\x02?\x89\x02/V\xa7\
\x9ex\x0b\xea'oOaN7{hu:\xd6\xe3\
G\x8f\x1f\x9d&tN><~D\xe0\xc7\x1d\x0fI\
\x14\x04\x09\xff+\xb8\xfa\x99:\xc9+{N\x87\xc4\xfa\
\xd9\x8d\xec\xd38^\xd0\xc3(\xb8\x8di\xc4\xc9\xb08\
d\x18\x05!\x8d\x92;rcG\xc4E\xa8xH~\
\xf8Q3\x18S\x0fp\xd21C5$\xad\x0f\xf7m\
\x0d\x94\xed$n\xe0\xdbW\x1e=\xadB\x06\x7f \x85\
'\xae\x97\xd0\x08\x81\xde\xc5\x97Q\xcb:\xf0\xbct(\
\xb6\xdaZ*\x12;Y\xc4\xbay|\x84\x1a\xe6%w\
!\xd5\xcd\xc2\xe7\x86)\x93\x14\x5c\xc3\xeaU\x10xd\
l'\xf6\x8b\xc0\x1e\xbb\xfetH&\xb6\x17\xd3\x02T\
\x9cD0\xc6\xe0.\x18u\x97\xf4}\x02;R\x94\xbd\
\xeb'\x192\x0a\x1b\xd95\x8c_\x06\x89\xed\x95\x87\x19\
1l\xef^\xb8q2\x0a<\xcf\x0ec\xc4\xa3\xa3\x09\
9{\x87\x1a\xf7\x9dKou\xdb#\x88\xc6\x8d\xbc\xa1\
oR\xc8\xd3\xb1\x86n\x01zk'\xceL(\x86\x81\
C\x0d\xe4q\x14\x05\x91\x06TR\x8f\xd7!*\x93\x8e\
H\xc6r\xaa)\x95{\xa0@\x9eS{|7$I\
\xb40lU\x0aX\xb9]\x0ceL\xed\xc8\x99\xd5/\
\xcd\xe1F\xb6\x0f\xff;\xd4\xab\x80t\xbc\xc0\xa7\x17\xcc\
\xca\x80\xeb\x97\xc1\x986\x03Fc3\xef\xb5\x04\x08\x82\
\x1f\x0bar\xc0\xd8\x9d\xfavJ\xe29}\x07\xf6\x0a\
@-I\xf9\xdb\x0a`\xa679\xac\x90\xdb\xbb\x5cO\
\xd4)\xf2\x8e\xc3\xea\x17\xf6M>)\x01\xf1\xaa\xd0\x0e\
\x93\xd1E\x81\x1e\x15\x86)z\xcaP+s[*\x10\
\x08\xc0gk\x96(e\xc0\xdf\xd2\xbb\xcdL'\xe9\xd5\
\xdb\xc8S\xa7\x03a4\x82_^\xb8\xfeu\x09\xc3\xa2\
\x08\xed\x04\xf39x\xe9\x8b\xc5\xd5\xdcM\xea\x17t\xc0\
\xd3\x03\xb8\x8a\xc3N\x12\xdb\x99!\x1a\xf0R4\xce\xf8\
+!\x11\x9bC\x81\xe6\xd8\x84\xe2m\xe8\x81^\xc2\x89\
2q\xa3\xf9rHT%4\xed\x81\x0au\x19L\xa7\
^a\x99\xd3\xf1f\xaa\xff\x9c\x93*\x04\xdc4\xbc\x9a\
er~\xda\xa9\x02O\x16>\x1b\x22\xb1=\xa1\xa3`\
\xe1'\xa0\x10pd\xb6\xd3c\x11\x7f\x22\x9a,\x22\x9f\
\xb0\x01\xf2\xe4\x09\xff\xa5\xe3Q\x7f\x9a\xcc\xc8\xc6\xf3\xe7\
d\xe1\x8f\xe9\xc4\xf5\xe9\x98|\xad\x0ef\xae\xf6\xbe\xb4\
`h\x83\x81\xbd\xb0\xaf\xa8\xd7\x82SUY\xcf\x9d\xb4\
\xf0\x19\xf9\xe5\x17\x02\x07G'\xa2q\x08N\xcc\xbdr\
=7\xb9\xbb\x84\xf3\x86<\x87E\xad\x85o\xc7\xc8'\
\x1d[\xed\x94F~.\xbd\x95F\x8ch\x17!\x9c\x08\
\xf4\x0c\xc9\xe0\xf8\x9cE\x9c\x04s\x1a\x15\xb1\x8d\xc4s\
8E\x98O\x07\x22\x96Ak\xcf\xbd`\xea:E\xac\
\x07/_\x18\x10\x0a\xb0\xd4k\x96E\x07\x07\xb5G\x1b\
\x89\x8eA\xe6\x12c\x7f\xfed \xe8\x02\x07\x09#\x0b\
\xf5\xaf\x82E-V\x93\xf48Z'\x93a\x11w-\
\xb7< \xd2\xb3\x8bf\xe8\xe1HL\x9egg\x5c:\
\x10\xf2=(j\x9a\x0a\xc4\x88\x07\xa0\x82L\x15\xde\x19\
\x02\xa1\xd2m\xb1^'\x5c\xc43>\xa2\x023DZ\
`6R\xe6\x5c\x80\xfc\x1c\xb8~\xcb\x22\xff\xfe\x8d\xa4\
\xd2)\x8bB\xb5\x04\x88S\x82h\x9d\xc6\x03\xb1\xf2\xe5\
\x8c\xceiglG\xd7`\xca\xd6'{\x07{{{\
;\x16\xd8\xb1\xf5\xc9Nw\xfbx{d=\xc4\x9e\xca\
\x0b\x9c\xec\x1c\xecu\xbb|\x81\x83\xde\xf6\x08~/\x09\
\xa8<k\xe7\xf8`\xef\xe4\x98\xcf\xea\x9e\xec\xf4\xe1\xf7\
f\x22\x83\xa3\xc1\xfb\xb8\x12\xdb\x1a\xe0\x7f\x9c\xb4\x93\xad\
\x93\xfeIo\xcd\x12\x1b\x1clm\xf7\x84\xc4NNN\
\x06\xa3\xe3&\x12\xeb\xedn\xedl\x1f\xf1Y\xc7\xdb'\
\xbd\x93C\xb3w\x91\xd3\x94S\xf0\xec\xef[%\x9b\xbb\
\xa6hX\x98.u\x14\xf0\x8e;F\xe64\x038\x03\
F,U\x1a\xf04=*P\x00]e!\x89\xa1g\
\xbd\xfc\xf1}\xfe\xeb\x04\xf4\x9f\xc5/@Lw\x1f\xfe\
\xf9R:\xc7\x18\x11<!k\xef\x93\xa7O\xdd\x12r\
\x9c\x8a\xdb!8\xe1\xb0?\xb8?\xf2\xfdQa\x81X\
\x00E\xfe\x90P\xc1\x0d>a\xa2\xe0\x8fJ\x0bH\x1c\
\xb8\xea\xc8\xbd\x96\x9f\x02\xb7\x9aC3\x88]\x160@\
|U\xde\x15\x177\x0b}\x99f\x07\x15\xb1s\xc0/\
I\x17\x99\xd0K\xacz?\xe4m,\xd3\xcf\x1d\xff\xa7\
=\x12L\xc8\xa7}\xab\xdd\xb1\xa3\xa9X\xf3)\xe9\xf1\
?\xf5\xab\xb6\xab\x95\xf2\x9cz6&U\x8c\xb1V0\
\x99\xc44Y\x83\x14\x0c\x5cjY\xc4\x15|\x90\xfe\xa9\
X\xe5\xa5\x9d\xcc:s\xfb}\xab\xbb)~\x077n\
\x10\xe93\xd2\xdb$\xa9\x1c\x04\xf5*I9f\x0c\xab\
\x18h\x99\xb8\x0ce\x16\xe3\xca\xea\x9b\xa1\xf8\xb1]b\
\xa0,\xd79$I\x1e\x03\x7f=i\xb1?6I9\
\x00\xac\xb436\xcb`a\xae@\x8aF\x85\x0aUF\
\xbd.318\xb13\x9e\x8e\x9e\x8e[E\x97_\xd8\
#5ang\x0eX\xa9\xb3t\x9cE\x14Az\xf0\
\x1d\x8b\x84\x0b\xee\xacj\x02\xda+\x13\x80\xaeJ\x83\x0e\
\x1a=\xb3q\xa612\x0aC\xef\x8e\x83c\xbaM\xcb\
\x1e\xe1\xd6\xf6s!\xa4~Nd\xa6)\xcbE>\xf2\
\x22Q\xaa\xe3\x8a\x92\xc8\xf5\xa3\x8e\xd0\x18\x05-\x07@\
\xac\xba\xd2R!\xfc\xc2\xea\x91v\x99\xbc\xdc\xa4]\x04\
\x87\xd5%D\x1d\xaa\xbd\xd4&\x17\x14Q\xdd\x01\xaeC\
l\xaf[\x8a e\xc3\x22\x10\xbb\xd1j<b'u\
\x1eCaY\x9d%\xb8VwP\xe18\xd7\xa0v[\
k'\xcaVUP!\xed\xb6\x84H\xda\x81\x8a\xb9\xd9\
\x06\xca3Ag\xc5\xcc\x84)~a\xef\xf0YA\xe9\
\xe2\xc5\x95\xc4\xbbn\x96\x80\x90'f\x16\x11\xf8\xa22\
9\x9a\xd9\xfe\x14\x0bwo\x92\x8ec{\xde\x0b\xb0\x8a\
\xa8U\xb4\x93v:\xebL)\xa2\xae6Y(\xd3\x92\
\x93/\xe4*\xec\x92s/\xf3J\xecR3G\xc1\x1c\
\x02[\xd8\xc7\x0e\x96\x02\xe6\xa1G\x93&S\xd3\xc9\xde\
b\xee\xf3\xca\xb7\xac\xee\xb6\xef\xcc\x02\xd8\x1e\xd8&o\
\x88\xa9\x16\xe0\x97\xb65\xb4\x1dV\xdd\xebuSD\xf8\
\x03\xf1\xe9Id\xcfKv\xc3\xd13\x5c\xdf\xbb\xe3d\
&\x17\x1a3\xdb\xb2\xc7\xbc`\xd8\xeb\xab\x03&\x0a\x9b\
QZ\xa2x\xaf<v\x1e\xdc\x9a\xd17\xa5?\xf3~\
.\xa4\x18Xw,\xf8\xa8\xbc\xb4\xdc&_\xa5\xe5\x93\
\xe2\x0f\x06\xf8h#\x1f\x98\xad\x0d\x85S\xe07'7\
8\xd7\x82\x03y\x12\xf80$@/\x92;HKG\
6\xd3Vr\xafG{NC\x8aj`\xe2\x0f\x7f\x98\
_\xe2W%\x12\xadfxX\xffp\x91$\xb0hJ\
,\xc3pd'v\x87\xa5\xbeh\xd1\xf9#\x1f\xd5\x82\
\xd9\xf8>\xa8\xfa\xc8\x83\x05\xe8\xb8\xb8\x5c^U\xcb'\
\xf2\xcc\xc3\x82\xe3\xd4\xc0\x9c\xe6\xf1\xfd\x0a{\x8c\xf7D\
a\xe4\xce\xedH\xd8\x09\xccx\xb86\x80\x94\xc0$\xaf\
\x82\xc3\xe0=\xc8\xe9\xf3\xcfH\x08\xd6\xed\x02\x8b\xbeC\
\x9f\x05a\xf2\x0c0\xe1|\x1b\x12S\xd0[\xf2\xd9\xe7\
f\x89s\x0a%\xcff\x06]\x86D\x09\x1eb\x5cw\
\xbe\x98\x8b)\xfdA\xd7<\x03\xb7\xfc<\xd0\xe8y\xe1\
,\xc6 \x88\xa9\x03\xcbQ-3B\x16B6\xc5\xe8\
\x8e\xeb\xd0\x09u\xaeE\xa5y\x0c\x98\x0d\x01\x86\xf0\xce\
\xc5y\xe211\xdd\xd6\xb5\xcdd\x86A\xb8\x08;\xb7\
\x5c\xe0\xd9\xf9\xcb\xfe\xde$;\x83n\xc5\xd4\xcb \xf0\
.\xdd\xb0\x939\x9cYpC#:\xae\x9f\xc1\xcdu\
\xec\xc6\xa1g\xdf\xe5\x81h\x03+ZM\xa5\x99\xe6\xca\
A\xcb~\xaapaD'\x14b\x90\xb1P\xb9\xde\x1e\
\xa4!\xfa\xadS\xee7\xb3\x1dP\x9e\x12\xd3\xb5\xe7\x9a\
Y\xc9#\xa8U\x18\x91.\x5c36\xa4gD{\x0b\
\xbbN/\x17S'\xf0\xc7k\xf7s\xa8H\xcb\xea\x84\
\x1c\x1d\x1ae\xb9\xd5\xef\xee\xeb=\x14\x932(\xb1C\
g\x817\xa6\xd1\xa5th^p\xdc\xe6sc5\x92\
\xf3\x18x\xdf  #E\xd8\xc8`\xbb\xe0_\x10G\
%]X\xce\xa4\xe3\xf4x\xadv\xc2\x19\xbf\xecn\xd0\
\xaap\x18`\xf0x#\x9a\x9e\xba\xca=mV\xdd+\
\x5c\x1d\xe3\xf3\x0de\x80\xdd\x14\x9b\x17\x91\xce\xf6\x0a\xc2\
\xb3|\x94\xdd\x0c\xc2\x81\x0fYA\x0d8\xfeX\x82\x08\
k\xa8\x96\x22\xa5j\xc0f\x03,\xdc3XCm\x22\
\x85;\xd6\x04\x09Z\xa65\xd4dSM\x11\x08\xe5\xb7\
\x86\x9a$\xa9\x11\x01\xa8E\xc3bRV=\xf1\xbez\
X\xd2\x0b\xe9\xb66\xdd\xa3\x0a\xd5\xfa\xb8\xa1\xd9J\xe1\
7\xe3\xa5\xd4\xab\xc1\xeb\xf1\xe2\xee\xddz\x80c\x08n\
}\x1a\x0d\xff^\xe8 J\xbdDz\xb9?\x8e\xcd^\
\x82\x1b/#\xb3\xd8'bt!\xdfs@~\xdbF\
N\x8f\xe2%\xdc\x88\xea-\xec\x1b\x9aR\xc9\xf1\x94\xc3\
rm\x87B\xce\x19S\xb7:\xef\x0a\xcb\xaa;Rj\
tI\xef\x09\xbe\xc2\x0a\xa4A&\x0cp\x9f8x1\
\x867\x1dG\xbd\xad\xc1\xd6\x1ed\x12\xb7\x91\x1d\xf2~\
\x10\x5c\xac\xf3=\xfc\xd9@\xe9\xd4\xeac\xfe\x87Q\x11\
\x9b(\xa0\xca\xa6\xd4\x01\x95\xb9V\xb5\xdbI\xe2[E\
t\x10\x86b\xe6\xa9?v\x1d;\x09\xa2\x92\x14%\xf4\
\x15!Hy\xe8\x1b\xeaNg\x09\x8e\x15e\x02\xab^\
\xda\xf15x\xd2iD\xe3Xg\x8af\x0e\x9f<\xc9\
\x9f\xb1V,}\x86\x8buo\xf0Sp\x86C2\xaa\
4\xe6\x94\x12\x81\xa1\x06!\x04KY%\xbe\xb7\xa9R\
\x01Z\xfcyaJ;\xefR\xd0\xec\xa5&`3*\
\x89\xaa\xcf\x0d\xecY\xdd\xe9Lq\xb3\xeb;\xcc\xe0/\
\xd2(\x8c]\xf7\xee\x13\xea\xb9\x99\x1e\x1f\xe3\xef\xe7\xb8\
U\x1a2\xcca\x81\xbaA\x85\xfe\xaa28'\xd8\xfa\
\xcf\xaf\x1a?\xa8\xa6\x0a\x22~axDS\x94.\xd0\
(:\x90\xca\xa6\xa5:c\xbc\x08=7A\xa7\xbd\x8a\
1J0\xa9\xca\x97\x81\x82\x08\x03;\x1bs>V-\
\xfb\x06\x1e\xfc\x03c4O\xa6\xa3\xaa\xae\xa5\x08}#\
\xbf\xadQ\xba\x0d\xcbS2\xd6JZ\x98e\x80\x90{\
\x0b\x0dg\xb9 \xf9\x8ct;\xfd\xbdv\x15\xaeB\xf2\
\xde\xd7\xe8~Vc\xd3\x8c\xd5\x95\xd9\x9a\x97\xda\x94r\
\x9b\xa1\x84P{\xe6?\xa4\x8aaGS\x17\x9b#\x8b\
\x95\xc4\xfaJ\x1bo\xcd5\x14\xd9 \xa3H\xdc\xc4\xa3\
UQ\x14\xef<6P^5\xb1\xd2\xb0\x9b\xd4\x17\x8b\
\xfd\xc5\x15U\xc6\x82\x03\xf8\xfd\x9f\xff\x22\x16yZ\x8b\
\xb0\x1a\x99l\xfc.\x1c$\xac\xb0\x81\xdd\x86\xad\xe5\xe3\
F\xdd\x06]\xb0\x1e:\xd3\xfdr\x13\x1f\xbbD\x94\xfa\
\xb1U\xd4\xa3\x93\xe4%SS\xd4\xd2\xec\x9c\x8e\xd0U\
i\x9e_\x05\xa0\x19\xf3t`\xaf\xa2\x88\xa6\x9c\x00\xe5\
\xbe\xd9e\xed\xe1\xd3^v\xe3*\xae\xfb\xf9\xd1\xa2n\
B\xb1\x93\xb6\xdd\xfe\xd8&B\xca\xe7\x92.\x8256\
S\xd6,S\x118\x9fE\x14\xfd\x1e\x19G\xf6$a\
\x9e\xa2\x98V\xd7\xc8\x867`\xd4\xd2\x9a\xb7t.\xa9\
\xb6\x8d\x1cI\xb5\x1a>\x5c\xddP \x18\x15n,\xad\
\x87\xca\xc6\xe2<\x92\x04\x04\xd3\xac\xaa\xcaF\xb5,\x8d\
\xa1G\x8d$\x99\x0b\xab\x92\xa2+\xfb:3\xd8\xfb\xa1\
r\xb3\xca\x8fMq\xae?#\xe9\xbf\xbd~\x05\x83w\
C2\x18\x98\x87\x95\xfa1D\xc7\x83\x9d\xack\x05\xd6\
\xdc\xea\x96c\x89\xc1v\xbbb\xb9\x99\x88\x99r\x84}\
D\x01\xacbd\xd3\x11}\xda<\xb2\x82\x83\xa3_U\
\xa6\xce\xef\xf5\xba\x95\xd5z\xdb3f\x04\xe9\x0flk\
L\xcf\x02\xd8j\x90\x07?`F\xf8\xe8\xb5\x7f\x1c;\
66\x0e\xa8O\xcf0\x93y\xbdHb\xb7J\xe3\xae\
l\xe7z\x1a\x81\xc5\xc2n\x9e\xa3\xee\xfaSP\xde\x0f\
\xa5\x03%\xeb\xb9\xeb\x1f\xe2\x7fY\xa7\x1e\xfc@&z\
\x15Dc\xac\x01\x15O!\x0c\x1bE\x84\x1fA\xb2\xb4\
\x80\xb0d\xa7\xca\xfb\xa0\x80uQ\xafI\xf7\x10\xbe\x1a\
\xb2y\xd0\x96\xcb\xd9\x0d\xeb\x0e\xb2\xe2\x95a1Z\xc0\
\xacWn\xdc\xd5\x16$\xc1B\xa7,\x15\xc43\xe1H\
\xfc\xd5\xa4\x10(\x14>\x15V\x07\xefF\xb9v\xd7\xcf\
M\x95{\xa7[\x0f+W3u\x0dZ\xd95%\x9c\
\x03y\xd4\xc3\xf4\xb4\xfa\x90\xc9D\xcdM\x09\xf9\x1f6\
\x8b8\x9a^j\xeb\xef\x81s\xf5\x16\x22\xdc\xdb\xcf\x04\
\xb2\x97\xab\xe8 \x8b\xa7\xf2\x8bX\xde\xd5z\x0e\x5c\xf2\
\x22\x1ad-\x16\xb3\x07Q\x8d!2p\x83f[6\
w\xf7\x8b\xdd\xdd\xddmun\xde\x86\xceZ\x95ww\
\x06\x87{\xa9\xb5\x1d~\x81]\xc5\xf7\xcd\xd8m\x1cS\
+[.\xbf!8\xf1p;NyN\xe7_[\xcd\
\xd1\x14\xaf\xc4Egi\xf9^\xbb9\xca<\xd0\xd8\x90\
\xee\xc7\xf9[:\xe2\x8e|\x096\x0bG\xa6\xe6\xbd\xa0\
\x06\xc4o\x92\x07\x11\xd2|\x1f\x1b\xd5^rZx\x9e\
&\xda\x0d\x9aUV\x1a\xd8Ls\xe9\xaa\x81\x91\xf4\xa2\
B\xee0\x8c\xf5\xbf\xca\x02\xbd\xb0O\xc9j\xfb\x10\xb7\
\x09[\xe6\xda\xca\xfa\xce;\xee<\x84\xfdu\x13&&\
l\xcf\x1d4_E\x98>\xa3]\xd3g/;=\xf5\
\xd8\xd3\xcc\xe0/3\xe4S\x9aS\x91\xef:\x9eu\x12\
o\xfb\xd9\x91\xe6\x80\xeb\xa4\xd1\xa9\x9f\x1ekJ\x11N\
+\xf5}\xd2\x9c\xd4U:mV\xd4\xf05(\x99\xf4\
\xa2\xcb\x1f\xa0d\xec\xed\x9fu(\x99\xe6M\x8b\xed\xfe\
\xce\xe0 }\xd3\xe2\xf8\xe0\xe4\xd0\x1c^e\x93F;\
\x07\xbb\xc7}>iw08:\xf8\xc2z\x98\xa61\
\x06\x1bj\x9aV\xf4\xfbd\x19b\xff@]+f\xfa\
\xc5\x13\xfe`\xca\xee\xa0R\xef\xb9J\x1c`}r\xd8\
\xdd=jxR\xdf\xaf|e\xb9d=G\x0a~L\
\xe7H\xaa\xef=M=)\x8b\xe4M\x0b4\x09\xddQ\
\xc1\xb2\x12qEB\xab\xfdL\x01\xce\xb1\xd6^\x8b\xaa\
.\x92/\x9b\x17\xc89\x81\xdb(\x13X-\x0bX5\
\x03Hwxw\xa7\x06\x0e\xc0<\x04\xc5\x08\xa9\xb5\xd2\
\x1bQ\xbc\xd4Sje,\x85U\xb5\xe1R1V3\
\xe5 5Y\xdd\xca\xa9\xc62iF\xcd\xcb\xf89\xf3\
|\x88\xbfS\xb0\xc1^\x92\xc3\x07\xe0J\xb0lT\x00\
\xe3\x92\xfd\x96\xde\xd5\xaf\x8f-]3\xea\x5c\xaf\xa3\xe1\
r=\x95UC\x08/\xca@\x05\x095C\xe3 \x87\
\xbaj\x17\xbf\x98w\xc5\x8b\x07\xa2d\xdeD\x01\xdb\xe4\
\xab\xe7Mc\x84\xeaj[\xfa\xce\xfb\x12\x8bo\xa6\x0c\
\xb5\x1f|Z4\xbd\xc9z\xa8\xef\xd4\x9aG\xc3\xe8g\
\xe94\xdftZ-\x9b\xfe?<\x1f\x86(\xcc\xf5\xed\
\xe8\xee\xff\x19\xf1\x9f\x9b\x11\xff\x0f%\xa5Qp\xfb\xd7\
\xccHS\xc6\xfe\x9f\x8e\xfe\x99\xe9(\xec\xc2_8\x17\
M\xb9\xfbK&\xa2+_\x04k\xe5\xb5\x82\xa2nl\
\x18r\xdfe\x0f5\xeb\xf7_\x7fc-\x14\xad\xcad\
\xba\xbd\xb4F\xaeX}/\x02\xdfQ\xcf\x0bn9|\
\x9a\x99W\xc1O#J}\x0e\xde\xeb\xee\x8e\xf8g)\
*:+\x9a\xf3eV\xae\xb5\xa9\xd6\xfdG\x8a\xc2\xd6\
\x19\x89}\xb4\xaa\xb6\xbe\x0f\xe6\x8c\xbf\xd7VY\xbdX\
\x93q\x19\x0dLM\xe4\xd4\xe0I\xce\x05\x99\x02\xfaA\
\xf2\x93\xc8\x07\x97[\xba(\xb2\xf2\xaa\xadf\xcb\x82\xf2\
\xf3&\x84WAB\xc4\xb36{\xe7\xac\xbd\x1cE%\
K.\x90\xf45i5\xfa\x10N{]&\xb8\x0e3\
\x5c\xc2\xce\xfe\x8c\x0a\xa0j^\xe6\xa33S\xd4\xac$\
\x07\xa7\xfa\xc2O\xd2\x1e\x1d\xb9\x19\xe5U \xbe\x02J\
<\xd6ol=\xa8\xe7\x0c\x7f.\x9c(\xf0\xbcC;\
\xea\xdc\xd0(q\x1d\xec\x80\x00T\xd9\xe3\xd2\xb7j*\
\xb8.w\xb87\xef`\xcd[Hk\xd3\xdf\xaa\x06\xd2\
\xec]\x88#\x9a\xd8\xae\xb7\xaeNR\x97\x7fU\xb5\x5c\
h\xd3\x83\x8bO\x0e\xc6\xba\x19\x9dt\xb0\xaa$\x99\x7f\
,P\x8fC\x1a\xafB\x93.\x95}\x07S\xd74\xbf\
\xb1\xa1\xaf\x1f\xd6R\xb6F\xac\xf2\xa7\x87\xd2TE\xf9\
\x1a\x91\x81?\xdb\xff[p\x16\xd1\x1b7Xh\x05\x95\
~a\xca\x18\xeb3\x0c\xaf\xa4\xe0U;\x1b\xec0{\
\xbd@\x0ba\xfa4\x14\xb6T\xe9\x17\xc6O<p\xba\
\xd5\xf4^\xa1C\xfd$\xd1\xb3^\xdb\x84\x0b9h\x8c\
\xc7\x8c\x86\x97\xcd\xb22\x7f\x11Y\xb9\xad\x9c<_\xa2\
\xe3\x9c\xaf\xf1\xbaT\xd1\x18\x12\xfcT\xd7&\xfbr'\
y\xfe\x95\xb1\xf0\x91\x01\x99P\x1f\xeb\xbe\x0b:\xc4)\
\x19Z\xfd\xa7C\xab\x90\x8e\xb4\x9f\x0fMiN\xbf\x16\
\x9a-`\xf8\xda\xa8\x02lZ\xea@\xff\x95QI>\
q\xbe\x90\xe9\x93\xa49h\xfd2\x85/\x91\xd6-T\
\xfcpi\xd5R\xf7u\xdfZ\x82\x7f\xe0\xff\xff\x02\xe8\
p\x005\
\x00\x00\x05\x08\
i\
mport QtQuick 2.\
15\x0d\x0aimport QtQui\
ck.Layouts 1.15\x0d\
\x0aimport FluentUI\
 1.0\x0d\x0a\x0d\x0aRectangl\
e {\x0d\x0a    id: roo\
t\x0d\x0a    property \
var attachment: \
({})\x0d\x0a    signal\
 clicked(var att\
achment)\x0d\x0a    wi\
dth: 220; height\
: 72; radius: 5;\
 color: FluTheme\
.frameColor; bor\
der.color: FluTh\
eme.dividerColor\
\x0d\x0a    RowLayout \
{ anchors.fill: \
parent; anchors.\
margins: 8; Imag\
e { objectName: \
\x22issueAttachment\
Thumbnail\x22; visi\
ble: !!root.atta\
chment.thumbnail\
Url; source: roo\
t.attachment.thu\
mbnailUrl || \x22\x22;\
 Layout.preferre\
dWidth: 48; Layo\
ut.preferredHeig\
ht: 48; fillMode\
: Image.Preserve\
AspectCrop } Flu\
Icon { objectNam\
e: \x22issueAttachm\
entFallbackIcon\x22\
; visible: !root\
.attachment.thum\
bnailUrl; iconSo\
urce: (root.atta\
chment.kind === \
\x22image\x22) ? Fluen\
tIcons.Photo : F\
luentIcons.Docum\
ent; iconSize: 2\
4; color: FluThe\
me.primaryColor \
} ColumnLayout {\
 Layout.fillWidt\
h: true; spacing\
: 2; FluText { L\
ayout.fillWidth:\
 true; text: roo\
t.attachment.nam\
e || root.attach\
ment.filename ||\
 \x22\x22; wrapMode: T\
ext.WrapAnywhere\
 } FluText { Lay\
out.fillWidth: t\
rue; text: (root\
.attachment.time\
 || \x22\x22) + \x22  \x22 +\
 (root.attachmen\
t.size || \x22\x22); f\
ont: FluTextStyl\
e.Caption; color\
: FluTheme.fontS\
econdaryColor; w\
rapMode: Text.Wo\
rdWrap } } }\x0d\x0a  \
  MouseArea { an\
chors.fill: pare\
nt; cursorShape:\
 Qt.PointingHand\
Cursor; onClicke\
d: root.clicked(\
root.attachment)\
 }\x0d\x0a}\x0d\x0a\
\x00\x00\x04\xe2\
\x00\
\x00\x11\xacx\xda\xcdX\xdbn\xdb8\x10}\x0f\x90\x7f\
`\xfdP\xd8\xbbY!q\xb3E!\xa1]$N\x83\
\x16\x0d\xbam.\xbb\x0fE\x1fhilsC\x89*\
I\xc5\x09\xd2\xfc\xfb\x0e/\xbaZr\x80l\x1e\xd6\x08\
`Ksx\xc893\xc3!\xc3\xd2\x5cHM\xbe\xea\
\xaf\x05\x8b\xaf\xc948\xf8}w\x87\xb5^\x06g\xf4\
N\x14Z\x91\x83>\xe3LdZ\x0a\xae\xdaCOy\
\x01\x99\xbe\xfa\x88c\xf6wwvwN9b\xe9\x9c\
\x03\xb9\xdf\xdd!\xf8aIH\xa4\x10\xda=\x89\xf9?\
\x10\xeb\xcf4\x85\x90\x8c\x98R\x05\x9c\x80\xa6\x8c\x9f#\
b\xe4 \xb9\x149H}Gn\xa8$\x16\x12\x92\xf1\
\xfd\xc3\xa4\xc7\x1a\x8b4\xc5\xd9UH\xbe}\xef1S\
\xadi\xbc\x1aB\xcc\x85\xe0\x15\xc3\x99\xa0\x09\xcb\x96!\
YP\xae`\x0b\xf2\xa2\x98\xa7L\xeb\xed\xd8\xc6\xc4\x8f\
\x13\xd7\xe0\xab\x9coC+-\xd1V.\xe4\xbd\x94B\
\xa2\x88\xa3~T\xcd:\x044\x0a\xe5\x90\x99\xf9N\xf0\
\xdd\x95\xe4\x0d\x95\x14[f\x94\x13\x84f\x1fM\x08\xce\
\xe1G\x01JC2\xf6\xfc60\x9f\xe0n\xaf\x9cp\
\x0ds\xa4\x98\xb4\x86\xc3\xad\x06\x89?\xceXv\xbd\xc1\
Pt\xd1-\x85\x1f\x9f0\xc6|Dx\x9b\xa3v\xfb\
\x94qP\x17\xc01\xdd\xfaH\x8c\xf7\x0b\x84\x18\xb7\x87\
(\x5c<0\xef\x17L\xa6O%\xf9\x13%\xdc\xe2L\
;O=\x89w\xedo\x96\xe8UH\xd6\xe6\xabe\xf8\
\x00l\xb9\xd2a\xf9\x18`-b\xd91\xff\x9e\xfcJ\
^M=\x9e\xb3<$Z\x16>\x97\xe6\xa2\xc8\x12u\
\x0c+z\xc3LRT\xd5\x1a\x5ch\x91\x1f\xe9ck\
w\xd8\x8b\x18\xab\x9d\x1fS\x19\xdc`\xbe\xb0\x98r\x83\
/\xaa\xd7\xe4\xfe\xc1\x01\x17E\x16k&2\x9c\x0d\xa8\
\x9c\xb9(\x9eH\xba\xd0\xe3\x09\xb9\xafJ\xec/\x06\xeb\
\xc0BJ[w\xbc\xb2\xd1:j\x87p\x5c\x09\x8c\x5c\
\x8d\xc2\xb2tnD\x17\xb7\xc1\xab\xe9\x12L\x8e\xe7\x90\
lr\xb2\x05\x19\xf7\xd4\xe0\x84H\xd0\x85\xcc\xa2n\x91\
\x90\xb7\x1b\xcb\xe0\x02\xd5\xe90G\x96\xb836\xe0\x90\
-\xf5\x8a\xbc#\xfb\x13R\xd8\xa9N\x18\xe5b\x19\x98\
J\xeb\x91$v\xc9\xd7Z|\xb9\xe8\x17=\xab&/\
_\x92ms\x0e'\xb7M\xc9\xe0\x1a\xee\xc8\xcf\x9f\xb8\
Y\xecui&}B|\xfb\xbe\xb9b\x9a\xc5\xc07\
\x16\xdc76jK\x10s\xa1\xc0i\xe08\x0d\xf8H\
\x025\x81\xcf\xe2\x95\x90*@y1\x0ds*\xd1\x83\
\x88@fr\x17\x1b\xcc\x0b\xd3a\x82\x1e=\x22\x222\
\xbf\x96\x90\xc0\x0d\x9a\xc8\xdbw^?\xfb\x18\xac\xa8r\
\x99`)6S\xc5\xa1\x0a\x97X\xa5\xb7X\x073W\
{n\xed\x86\x11'h\xba\x13\xf5\xf4\xba\x96\xe6\x0e6\
\x8a\x88f\x9a#\xe4\x87\xba\x94\xe3\x917z\xaa\x11\xaa\
\x9e\x82R\xb8\xa8\x12\xe08\x88^\x01I\xdc:\xed\x16\
\xa4\xfe0\xd8\x5c(\xa6\xd9\x0d\x5c\xe2\xce\xdb\x1e`\xac\
\x19,i\xd7:\xb3\xe12V\x91}\xf1\xa3gfW\
\x00\xdf\xb7\x83\xde\x144\xf0\xcf\x9e\xae\x03\xef\x8b\xbf\x97\
m&x\x91f\xee\x94Q\x9e\x0f\xca3\x82\xdf\xcb\xea\
\x97k\xb7\xfbYR\xfb\x9b\xfcF\x0e\xf7k\xfbmH\
\xa6\xfb\x11\xb9\x0b\xc9\xc1\xeb\x88\xa8\x9c\xc6\xb6s\x1e\xbc\
\xa9!\xb6u}\x00\x9a\x00\xeeV\xc4\xcdkS\xc8\xef\
\xacfc\x8c\xca3\x86\x9d\xc8\xfe6\xce\xb5\xb6m<\
\x80`a\xec\x99\x8ee\xd2\xc7\x22{Zc\x891\xe3\
\xdf\xf7\xb5\xbe\xd04\xbd\x8a\xa1\xbf;\xdaI\x1ej\x1f\
\xce\xc5zS0\xf3\x19r\xa7Rbz\x18\x95 \xca\
\xb1-\x99\xc2\x08\xf18\x17\x1c\x99\xa7K\x91\xb7\xf9\xda\
\xc1\xb11\xe1\xb0\xd0\xd1\xe0\x99\xed\x0c\xadn\xd0\xa8\x9a\
(\x97\xb0\x00)!\xf1K\x1a\x97-\xaa\x8c\xe0\xf4p\
B~!\xfb\xc1\xeb7\xd5\x98\x94\xde\xb2\xb4H\xfd\x88\
^\xa2G\x1c\x89\x5c\xa4O\x19\xf0\xe4\x02\xdc>4\x1c\
\xefV\xbd9W\x94)\x80\x85\x19\xae\x9a\x89\x10$\xce\
j\x89\x95\xd9\x18\xcd\xa6\xf5\x9f\x83\xdb\x0c\xef\x80\xf2\xd2\
4\xf2a\xe9\xcf\x8d\xf9\xc9\xda\xbf\x9a\xfe?\xb4\xff\x02\
\x22\xe70 }n\x8d\xcf\xad\xfc\xd3\xf3\x84j\x18\xcc\
\x12\xb4=\xf7B\xcf!\x07\xa45\xfbV*\x12\xe0\xad\
\x09q\xa4\xa4\xde\x81j\xce'\xb8f\x99\xd13\x1a\xd8\
\x17\xae\xf3\xd7.\xd6\xe6\xc5s\x17@\xb3\x04\x1e:\x1b\
\xf6\x09\xa8X\xb2\xfc\x11\x17\x92\x1a\xd5)\xd9z\xb4\xf5\
g\x83\xbf>`*_m\x9d\xf3\x5c\xb4\xbdU\xe0\xb9\
\xbd5cuf\x8a\xda7\xce\xce\x99DE\xa4\xba\xde\
uMg\xe5i\xa5\xc8\x870\x8d#\x0d\xb8\x1b]\x07\
`\xefy&8\xad\x9bO\xdd\xbaT\xdd\xbb\x86nI\
\x15\xd2\xd0\x1c\xf5_a<\xa1\x14\xeb>\xbe\xf6m\xa7\
\x02vC\xe0/\x09\xa5\xfe\xcd+\xc2\xd3\xc5\xaf\xff\x1b\
\xe0\xcf-i\xaf\xec\x9d+?6\xcc\xc6\x95\xbe\x89\xa8\
\xaf\xfam\xc9\x9b\x17p#T\xe7\xc2\xea\x05\xd2X\x00\
\xb5B\x03w\xdb\x1a\xe8\x15\xc2/\xfc\xfb\x17\xfeN#\
\xfb\
\x00\x00\x0b\x93\
i\
mport QtQuick 2.\
15\x0d\x0aimport QtQui\
ck.Layouts 1.15\x0d\
\x0aimport FluentUI\
 1.0\x0d\x0a\x0d\x0aColumnLa\
yout {\x0d\x0a    id: \
root\x0d\x0a    proper\
ty string title:\
 \x22\x22\x0d\x0a    propert\
y var fields: []\
\x0d\x0a    signal ext\
ernalLinkRequest\
ed(string url)\x0d\x0a\
    spacing: 7\x0d\x0a\
    FluText { te\
xt: root.title; \
font: FluTextSty\
le.BodyStrong }\x0d\
\x0a    Rectangle {\
 Layout.fillWidt\
h: true; height:\
 1; color: FluTh\
eme.dividerColor\
 }\x0d\x0a    Repeater\
 {\x0d\x0a        mode\
l: root.fields |\
| []\x0d\x0a        Ro\
wLayout {\x0d\x0a     \
       Layout.fi\
llWidth: true\x0d\x0a \
           Layou\
t.alignment: Qt.\
AlignTop\x0d\x0a      \
      spacing: 1\
0\x0d\x0a            F\
luText { Layout.\
preferredWidth: \
105; text: model\
Data.label || \x22\x22\
; color: FluThem\
e.fontSecondaryC\
olor; wrapMode: \
Text.WordWrap }\x0d\
\x0a            Col\
umnLayout {\x0d\x0a   \
             Lay\
out.fillWidth: t\
rue\x0d\x0a           \
     spacing: 3\x0d\
\x0a            Flu\
Text {\x0d\x0a        \
        objectNa\
me: modelData.ki\
nd === \x22link\x22 ? \
\x22issueFieldLink_\
\x22 + index : \x22\x22\x0d\x0a\
                \
Layout.fillWidth\
: true\x0d\x0a        \
        visible:\
 [\x22status\x22, \x22per\
son\x22, \x22multiline\
\x22].indexOf(model\
Data.kind) < 0\x0d\x0a\
                \
text: modelData.\
kind === \x22tags\x22 \
? (modelData.val\
ues || []).join(\
\x22, \x22) : (modelDa\
ta.value || \x22\x22)\x0d\
\x0a               \
 wrapMode: Text.\
WrapAnywhere\x0d\x0a  \
              co\
lor: modelData.k\
ind === \x22link\x22 ?\
 (FluTheme.dark \
? \x22#6EA8FE\x22 : \x22#\
0F62FE\x22) : FluTh\
eme.fontPrimaryC\
olor\x0d\x0a          \
      MouseArea \
{ anchors.fill: \
parent; enabled:\
 modelData.kind \
=== \x22link\x22 && !!\
modelData.url; c\
ursorShape: enab\
led ? Qt.Pointin\
gHandCursor : Qt\
.ArrowCursor; on\
Clicked: root.ex\
ternalLinkReques\
ted(modelData.ur\
l) }\x0d\x0a          \
  }\x0d\x0a           \
 Rectangle { obj\
ectName: modelDa\
ta.kind === \x22sta\
tus\x22 ? \x22issueFie\
ldStatus_\x22 + ind\
ex : \x22\x22; visible\
: modelData.kind\
 === \x22status\x22; i\
mplicitWidth: st\
atusText.implici\
tWidth + 16; imp\
licitHeight: sta\
tusText.implicit\
Height + 6; radi\
us: implicitHeig\
ht / 2; color: F\
luTheme.dark ? \x22\
#294A3A\x22 : \x22#E3F\
CEF\x22; border.col\
or: FluTheme.dar\
k ? \x22#65BA86\x22 : \
\x22#36B37E\x22; FluTe\
xt { id: statusT\
ext; anchors.cen\
terIn: parent; t\
ext: modelData.v\
alue || \x22\x22; font\
: FluTextStyle.C\
aption } }\x0d\x0a    \
        RowLayou\
t { objectName: \
modelData.kind =\
== \x22person\x22 ? \x22i\
ssueFieldPerson_\
\x22 + index : \x22\x22; \
visible: modelDa\
ta.kind === \x22per\
son\x22; spacing: 6\
; Image { visibl\
e: !!modelData.a\
vatarUrl; source\
: modelData.avat\
arUrl || \x22\x22; Lay\
out.preferredWid\
th: 24; Layout.p\
referredHeight: \
24; fillMode: Im\
age.PreserveAspe\
ctCrop } Rectang\
le { visible: !m\
odelData.avatarU\
rl && !!modelDat\
a.value; Layout.\
preferredWidth: \
24; Layout.prefe\
rredHeight: 24; \
radius: 12; colo\
r: FluTheme.prim\
aryColor; FluTex\
t { anchors.cent\
erIn: parent; te\
xt: (modelData.v\
alue || \x22?\x22).cha\
rAt(0).toUpperCa\
se(); color: \x22wh\
ite\x22; font: FluT\
extStyle.Caption\
 } } FluText { t\
ext: modelData.v\
alue || \x22\x22; wrap\
Mode: Text.WordW\
rap } }\x0d\x0a       \
     FluText { o\
bjectName: model\
Data.kind === \x22m\
ultiline\x22 ? \x22iss\
ueFieldMultiline\
_\x22 + index : \x22\x22;\
 visible: modelD\
ata.kind === \x22mu\
ltiline\x22; Layout\
.fillWidth: true\
; text: modelDat\
a.value || \x22\x22; w\
rapMode: Text.Wr\
apAnywhere }\x0d\x0a  \
          }\x0d\x0a   \
     }\x0d\x0a    }\x0d\x0a}\
\x0d\x0a\
\x00\x00\x09S\
i\
mport QtQuick 2.\
15\x0d\x0aimport QtQui\
ck.Layouts 1.15\x0d\
\x0aimport FluentUI\
 1.0\x0d\x0a\x0d\x0aColumnLa\
yout {\x0d\x0a    id: \
root\x0d\x0a    proper\
ty var issue: ({\
})\x0d\x0a    signal o\
penRequested(str\
ing issueKey, st\
ring webUrl)\x0d\x0a  \
  signal externa\
lLinkRequested(s\
tring url)\x0d\x0a    \
spacing: 6\x0d\x0a\x0d\x0a  \
  RowLayout {\x0d\x0a \
       Layout.fi\
llWidth: true\x0d\x0a \
       spacing: \
8\x0d\x0a        Image\
 { objectName: \x22\
issueTypeIcon\x22; \
visible: !!root.\
issue.typeIcon; \
source: root.iss\
ue.typeIcon || \x22\
\x22; sourceSize.wi\
dth: 18; sourceS\
ize.height: 18; \
fillMode: Image.\
PreserveAspectFi\
t }\x0d\x0a        Flu\
Icon { visible: \
!root.issue.type\
Icon; iconSource\
: FluentIcons.Do\
cument; iconSize\
: 18; color: Flu\
Theme.primaryCol\
or }\x0d\x0a        Fl\
ow {\x0d\x0a          \
  Layout.fillWid\
th: true\x0d\x0a      \
      spacing: 6\
\x0d\x0a        Repeat\
er {\x0d\x0a          \
  model: (root.i\
ssue.projectPath\
 && root.issue.p\
rojectPath.lengt\
h) ? root.issue.\
projectPath : (r\
oot.issue.projec\
tName ? [{\x22label\
\x22: root.issue.pr\
ojectName, \x22url\x22\
: root.issue.pro\
jectUrl || \x22\x22}] \
: [])\x0d\x0a         \
   Row {\x0d\x0a      \
          spacin\
g: 6\x0d\x0a          \
      FluText { \
visible: index >\
 0; text: \x22/\x22; c\
olor: FluTheme.f\
ontSecondaryColo\
r }\x0d\x0a           \
     FluText {\x0d\x0a\
                \
    objectName: \
\x22issueProjectPat\
h_\x22 + index\x0d\x0a   \
                \
 text: modelData\
.label || modelD\
ata.value || \x22\x22\x0d\
\x0a               \
     color: mode\
lData.url ? (Flu\
Theme.dark ? \x22#6\
EA8FE\x22 : \x22#0F62F\
E\x22) : FluTheme.f\
ontSecondaryColo\
r\x0d\x0a             \
       MouseArea\
 { anchors.fill:\
 parent; enabled\
: !!modelData.ur\
l; cursorShape: \
enabled ? Qt.Poi\
ntingHandCursor \
: Qt.ArrowCursor\
; onClicked: roo\
t.externalLinkRe\
quested(modelDat\
a.url) }\x0d\x0a      \
          }\x0d\x0a   \
         }\x0d\x0a    \
    }\x0d\x0a        }\
\x0d\x0a    }\x0d\x0a    Flu\
Text {\x0d\x0a        \
objectName: \x22iss\
ueKeyLink\x22\x0d\x0a    \
    text: root.i\
ssue.key || \x22\x22\x0d\x0a\
        font: Fl\
uTextStyle.BodyS\
trong\x0d\x0a        c\
olor: FluTheme.d\
ark ? \x22#6EA8FE\x22 \
: \x22#0F62FE\x22\x0d\x0a   \
     MouseArea {\
 anchors.fill: p\
arent; cursorSha\
pe: Qt.PointingH\
andCursor; onCli\
cked: root.openR\
equested(root.is\
sue.key || \x22\x22, r\
oot.issue.webUrl\
 || \x22\x22) }\x0d\x0a    }\
\x0d\x0a    FluText {\x0d\
\x0a        objectN\
ame: \x22issueTitle\
Link\x22\x0d\x0a        L\
ayout.fillWidth:\
 true\x0d\x0a        t\
ext: root.issue.\
title || \x22\x22\x0d\x0a   \
     font: FluTe\
xtStyle.Title\x0d\x0a \
       wrapMode:\
 Text.WrapAnywhe\
re\x0d\x0a        colo\
r: FluTheme.dark\
 ? \x22#6EA8FE\x22 : \x22\
#0F62FE\x22\x0d\x0a      \
  MouseArea { an\
chors.fill: pare\
nt; cursorShape:\
 Qt.PointingHand\
Cursor; onClicke\
d: root.openRequ\
ested(root.issue\
.key || \x22\x22, root\
.issue.webUrl ||\
 \x22\x22) }\x0d\x0a    }\x0d\x0a}\
\x0d\x0a\
\x00\x00\x05\xd4\
i\
mport QtQuick 2.\
15\x0d\x0aimport QtQui\
ck.Layouts 1.15\x0d\
\x0aimport FluentUI\
 1.0\x0d\x0a\x0d\x0aColumnLa\
yout {\x0d\x0a    id: \
root\x0d\x0a    proper\
ty string title:\
 \x22\x22\x0d\x0a    propert\
y bool expanded:\
 true\x0d\x0a    defau\
lt property alia\
s content: body.\
data\x0d\x0a    spacin\
g: 7\x0d\x0a\x0d\x0a    RowL\
ayout {\x0d\x0a       \
 Layout.fillWidt\
h: true\x0d\x0a       \
 spacing: 5\x0d\x0a\x0d\x0a \
       Rectangle\
 {\x0d\x0a            \
Layout.preferred\
Width: 13\x0d\x0a     \
       Layout.pr\
eferredHeight: 1\
3\x0d\x0a            r\
adius: 3\x0d\x0a      \
      color: Flu\
Theme.dark ? \x22#2\
63241\x22 : \x22#EBECF\
0\x22\x0d\x0a            \
border.color: Fl\
uTheme.dark ? \x22#\
3F4B5B\x22 : \x22#DFE1\
E6\x22\x0d\x0a\x0d\x0a         \
   FluIcon {\x0d\x0a  \
              an\
chors.centerIn: \
parent\x0d\x0a        \
        iconSour\
ce: root.expande\
d ? FluentIcons.\
ChevronDown : Fl\
uentIcons.Chevro\
nRight\x0d\x0a        \
        iconSize\
: 8\x0d\x0a           \
     color: FluT\
heme.fontSeconda\
ryColor\x0d\x0a       \
     }\x0d\x0a\x0d\x0a      \
      MouseArea \
{\x0d\x0a             \
   anchors.fill:\
 parent\x0d\x0a       \
         cursorS\
hape: Qt.Pointin\
gHandCursor\x0d\x0a   \
             onC\
licked: root.exp\
anded = !root.ex\
panded\x0d\x0a        \
    }\x0d\x0a        }\
\x0d\x0a\x0d\x0a        FluT\
ext {\x0d\x0a         \
   text: root.ti\
tle\x0d\x0a           \
 font: FluTextSt\
yle.BodyStrong\x0d\x0a\
            colo\
r: FluTheme.font\
PrimaryColor\x0d\x0a  \
          MouseA\
rea {\x0d\x0a         \
       anchors.f\
ill: parent\x0d\x0a   \
             cur\
sorShape: Qt.Poi\
ntingHandCursor\x0d\
\x0a               \
 onClicked: root\
.expanded = !roo\
t.expanded\x0d\x0a    \
        }\x0d\x0a     \
   }\x0d\x0a    }\x0d\x0a\x0d\x0a \
   ColumnLayout \
{\x0d\x0a        id: b\
ody\x0d\x0a        Lay\
out.fillWidth: t\
rue\x0d\x0a        vis\
ible: root.expan\
ded\x0d\x0a        spa\
cing: 7\x0d\x0a    }\x0d\x0a\
}\x0d\x0a\
\x00\x00\x0d\x0c\
i\
mport QtQuick 2.\
15\x0d\x0aimport QtQui\
ck.Layouts 1.15\x0d\
\x0aimport FluentUI\
 1.0\x0d\x0a\x0d\x0aFluFrame\
 {\x0d\x0a    id: root\
\x0d\x0a    property v\
ar draft: ({})\x0d\x0a\
    property boo\
l disabled: fals\
e\x0d\x0a    property \
real labelColumn\
Width: 180\x0d\x0a    \
signal valueChan\
ged(string issue\
Id, string field\
Id, var value)\x0d\x0a\
    signal userS\
earchRequested(s\
tring issueId, s\
tring fieldId, s\
tring query)\x0d\x0a  \
  signal sourceL\
inkRequested(str\
ing url)\x0d\x0a\x0d\x0a    \
Layout.fillWidth\
: true\x0d\x0a    padd\
ing: 14\x0d\x0a    imp\
licitHeight: con\
tent.implicitHei\
ght + 28\x0d\x0a\x0d\x0a    \
ColumnLayout {\x0d\x0a\
        id: cont\
ent\x0d\x0a        anc\
hors.left: paren\
t.left; anchors.\
right: parent.ri\
ght\x0d\x0a        spa\
cing: 10\x0d\x0a      \
  RowLayout {\x0d\x0a \
           Layou\
t.fillWidth: tru\
e\x0d\x0a            F\
luText { text: q\
sTr(\x22Redmine #%1\
\x22).arg(root.draf\
t.issueId || \x22\x22)\
; font: FluTextS\
tyle.Subtitle }\x0d\
\x0a            Flu\
Button { text: q\
sTr(\x22Open source\
\x22); visible: !!r\
oot.draft.source\
Url; onClicked: \
root.sourceLinkR\
equested(root.dr\
aft.sourceUrl) }\
\x0d\x0a            It\
em { Layout.fill\
Width: true }\x0d\x0a \
           FluTe\
xt { text: root.\
resultText(); co\
lor: root.draft.\
state === \x22faile\
d\x22 ? \x22#D13438\x22 :\
 FluTheme.fontSe\
condaryColor }\x0d\x0a\
        }\x0d\x0a     \
   Repeater {\x0d\x0a \
           id: f\
ieldRepeater\x0d\x0a  \
          model:\
 root.draft.fiel\
ds || []\x0d\x0a      \
      JiraCreate\
Field {\x0d\x0a       \
         Layout.\
fillWidth: true\x0d\
\x0a               \
 issueId: root.d\
raft.issueId || \
\x22\x22\x0d\x0a            \
    field: model\
Data\x0d\x0a          \
      disabled: \
root.disabled\x0d\x0a \
               l\
abelColumnWidth:\
 root.labelColum\
nWidth\x0d\x0a        \
        onValueC\
hanged: (issueId\
, fieldId, value\
) => root.valueC\
hanged(issueId, \
fieldId, value)\x0d\
\x0a               \
 onUserSearchReq\
uested: (issueId\
, fieldId, query\
) => root.userSe\
archRequested(is\
sueId, fieldId, \
query)\x0d\x0a        \
    }\x0d\x0a        }\
\x0d\x0a        FluTex\
t {\x0d\x0a           \
 objectName: \x22ji\
raCloneDraftErro\
rText\x22\x0d\x0a        \
    Layout.fillW\
idth: true\x0d\x0a    \
        visible:\
 !!root.draft.er\
ror\x0d\x0a           \
 text: root.draf\
t.error || \x22\x22\x0d\x0a \
           color\
: \x22#D13438\x22\x0d\x0a   \
         wrapMod\
e: Text.WrapAnyw\
here\x0d\x0a        }\x0d\
\x0a        Repeate\
r {\x0d\x0a           \
 model: root.dra\
ft.attachmentWar\
nings || []\x0d\x0a   \
         FluText\
 {\x0d\x0a            \
    Layout.fillW\
idth: true\x0d\x0a    \
            text\
: modelData.atta\
chmentWarningTex\
t || \x22\x22\x0d\x0a       \
         color: \
FluTheme.dark ? \
\x22#FCE100\x22 : \x22#98\
6F0B\x22\x0d\x0a         \
       wrapMode:\
 Text.Wrap\x0d\x0a    \
        }\x0d\x0a     \
   }\x0d\x0a    }\x0d\x0a\x0d\x0a \
   function resu\
ltText() {\x0d\x0a    \
    if (root.dra\
ft.state === \x22cr\
eated\x22) return q\
sTr(\x22Created: %1\
\x22).arg(root.draf\
t.key || \x22\x22)\x0d\x0a  \
      if (root.d\
raft.state === \x22\
duplicate\x22) retu\
rn qsTr(\x22Duplica\
te: %1\x22).arg(roo\
t.draft.key || \x22\
\x22)\x0d\x0a        if (\
root.draft.state\
 === \x22failed\x22) r\
eturn qsTr(\x22Fail\
ed\x22)\x0d\x0a        re\
turn \x22\x22\x0d\x0a    }\x0d\x0a\
    function foc\
usField(fieldId)\
 {\x0d\x0a        var \
editor = fieldEd\
itor(fieldId)\x0d\x0a \
       if (edito\
r) {\x0d\x0a          \
  editor.focusEd\
itor()\x0d\x0a        \
    return true\x0d\
\x0a        }\x0d\x0a    \
    return false\
\x0d\x0a    }\x0d\x0a    fun\
ction fieldEdito\
r(fieldId) {\x0d\x0a  \
      for (var i\
 = 0; i < fieldR\
epeater.count; +\
+i) {\x0d\x0a         \
   var editor = \
fieldRepeater.it\
emAt(i)\x0d\x0a       \
     if (editor \
&& (editor.field\
.fieldId || \x22\x22) \
=== fieldId)\x0d\x0a  \
              re\
turn editor\x0d\x0a   \
     }\x0d\x0a        \
return null\x0d\x0a   \
 }\x0d\x0a    function\
 updateField(fie\
ld) {\x0d\x0a        v\
ar editor = fiel\
dEditor(field.fi\
eldId || \x22\x22)\x0d\x0a  \
      if (editor\
) {\x0d\x0a           \
 editor.field = \
field\x0d\x0a         \
   return true\x0d\x0a\
        }\x0d\x0a     \
   return false\x0d\
\x0a    }\x0d\x0a}\x0d\x0a\
\x00\x00\x00\xc2\
i\
mport QtQml 2.15\
\x0d\x0aimport QtCore\x0d\
\x0a\x0d\x0aSettings {\x0d\x0a \
   category: \x22gl\
obal/application\
\x22\x0d\x0a    property \
int schemaVersio\
n: 1\x0d\x0a    proper\
ty int darkMode:\
 0\x0d\x0a    property\
 bool useSystemA\
ppBar: false\x0d\x0a}\x0d\
\x0a\
\x00\x00\x01\x17\
i\
mport QtQml 2.15\
\x0d\x0aimport QtCore\x0d\
\x0a\x0d\x0aSettings {\x0d\x0a \
   category: \x22gl\
obal/window\x22\x0d\x0a  \
  property int s\
chemaVersion: 1\x0d\
\x0a    property bo\
ol tourShown: fa\
lse\x0d\x0a    propert\
y bool rememberC\
loseAction: fals\
e\x0d\x0a    property \
string closeActi\
on: \x22\x22\x0d\x0a    prop\
erty bool fitsAp\
pBarWindows: tru\
e\x0d\x0a}\x0d\x0a\
\x00\x00\x00\x8c\
p\
ragma Singleton\x0d\
\x0a\x0d\x0aimport QtQuic\
k 2.15\x0d\x0aimport F\
luentUI 1.0\x0d\x0a\x0d\x0aQ\
tObject{\x0d\x0a\x0d\x0a    \
property int dis\
playMode: FluNav\
igationViewType.\
Auto\x0d\x0a\x0d\x0a}\x0d\x0a\
\x00\x00\x00+\
s\
ingleton GlobalM\
odel 1.0 GlobalM\
odel.qml\x0d\x0a\
\x00\x00\x0f\xd1\
\x00\
\x00]\xc8x\xda\xed\x1cko\xdbF\xf2{\x81\xfe\x87\
\x0d\x0b\x14R\x9b\xa8z\xd9q$\xe4\x0aE\xb6.\x06\
\x926\xb5\x1d\xe4CQ\x04\xb4\xb8\x96x\xa1\xb8,I\
\xd9Q]\x03\xf7[\xee\xa7\xdd/\xb9\xd9].\xb9\x5c\
\xee\x92\xab\x87s\xc5\xe1\x88<$rf\x1f\xb3\xf3\x9e\
\xa1\xfcUD\xe2\x14\xfd\x92\xfe\xb2\xf6\xe7\x9fP\xbf\xd3\
;\xfa\xfa+\xbft\xb3\xf3\xc6\xdd\x90u\x9a\xa0\x9e\xee\
\xe1\x94\x84iL\x82\xa4\x8c:\x0b\xd68L\xdf\x9f\x03\
N7\xbf\xe9t:?\xcc\x09|\x0e\xe1\x99\xf3\xf5W\
_\x7f\x05`\x1f\xfc\xd0#w\xe8\x9e~Ep\xf9\xde\
\x08\xdd\xb1{\xfc;\xb9\xfe\x07\x9e\xa7?\xb9+<B\
NJH\xf0\x86,\xfc\x90c9\x1c$\xf5\xd3\x00\x9e\
\xba\xf39Y\x87\xe9[\xe2a\xf4#\xfa=\xb9\x8a[\
\xce\x84\xdfs\xdah\x94\xdda\xe8N\x9bc\xde\xf9^\
\xba\x1c\xa1a\xb7\xcb\xbf/\xb1\xbfX\xa6\xd2\x8d\x1b\xff\
\xf3\xa5\xff\x07\x0c~\xe3\x06\x09\xe6\xf7V\xc4s\x03?\
\xdd\x8c\x80\x06\x9dI\x14\x05\xfe\xdcM}\x12\xbe\xa5\xf7\
9H\x14\x93\x08\xc7\xe9\x06]\xc3\x82\xe5\x85\x95\x06*\
C\xcdc\xec\x01]|7\xb8\x5c\xc3\xa0\x1b3x\x92\
\xc6~\xb8@\x11\x0e=\xf8\xff\x02\xaf\xc8-\xce6z\
\x0e\xd4s\x1c\xed\xf0\x01I\xf0\xe4&\xc5\xf1d\x9d.\
\xe9D|\xd5\xb5S$\xee-\xf6\xa6\xf9\xc2\xde\xba\xc9\
'\x18\xff\xdf\xff\xfc\x97\xf6\x8f#\xcep*\x0e\xb9C\
B\xfa9\xc0)\x86\x85\xc5\xf8&\xc6\xc9\x92n\xacu\
\xff\xd0\x16\xd0\x00\x03k\x83\xe9`)\xebpN\x17\xd5\
b\xabmS\xae@\xd9\x95\xe2\xcf\xe95\xf9\xfc1r\
\x93\xe4\x8e\xc4^\x87\xde@/\x11\xdd\xcd\xab\xd8\xf7\x16\
\xb8\xb3t\x93\xcb\xf2\x82\x81\x0f4[@\x05\x8d\x18\xc7\
\xdd\xb4t\xb4oK\x93\xd3K\x9ah\xee\x86s\x1c\x5c\
\x00\xbd\xfd\x15\x9e*\xb8\xadv\x81\xf7\x80\x81\xb4t\x02\
\x09\xd9\xa5\x1f\xd7\xc9\xa6q\xfc\xf29\x95\x86\xe5\x1f\x1f\
\x04\x05A\x8c\xce\xe7$|\xb5NS\x12\xcaD+\x09\
O@9\x9f\x92\x1as@\x89\x040\xdf\x92\xc4I'\
%\xd1\x08EnL\x8f\x0e>W\x01b.\x1f\x19\x08\
\xfb\xa6\x1d\xe5\xad\x1b\xc3d#\xd4\xeb\x1a\xc6\xd0\x01d\
\xd28\xe8\x17\xb7\x84@\xca\xf7\xfe\xa0X\x12\x9a\x0f[\
\xbf$\xebx\x0e\x9b\xe4z\x87\x12#\xe9L\x971\x81\
\xe3\xa1\x1bV\x80\x99D\xf7\xa4!)\x0b\x822\xc3\xb9\
\xee\xe90\x06\x144\x7f(\x18;\x0c1\xe3\xd0\xa4\xc4\
\x9b\xb0\x19\x0c\xab,\x8e\xb0x&X\x1a\xe6\xa0\x8f\xa7\
K7\x5c`\xafU\xe2\xed\x8c\x0b\xe5\xa95\x92\x8a\xbe\
\xfd\x16)|\x94=\xc4\x9e\xcaL\xf4\x8aq\xba\x8e\xc3\
\xf2\xfd\x87\xf2WW0;%I\xcb8x\x85\xf34\
\x1b+\xd6\x99K|\x0b\xa4}\x1d\xa4\xba\xad\xf2'\x9d\
\x84\x1d\x1bz\xf9\xf2%r`J\xe2\xec\xb8\x0f\x18\xf1\
\x89\x18r=\x9f\xe3$\xd1\x0d\xd4D\xdf\x97\xb2*\x94\
\xafdI\xee\xce\xe2\x98\xc4b\xdd+\x98\xc1]\xe0v\
\x15\xb4\xa2\xa6n\x08\xecp\x02\x94\xba\xc532_'\
\xad\xf6\xae;\xcc\xe6\x9eS\xfb\xc6(\x96\xf8\x8b\x10{\
\x1f\xfd0\x9f\xedcH\xd2\x8fL\xe39\x07'\xc0\x07\
7\x0eAI7\x93\xc0n7\x0dk9\xe8\xf2\x05\xa2\
F\xcb7#\xc9\x8a@\xb3\x1d\x8d.\xa6.\x11\xccs\
\x0a\x13\x91\x85\xcc\xfc>3\x82\x92\xb9\xe6 \x92\x22\xe1\
\x9e\x0c\xf7T\xb8a\x17\xde\x83#-!\xa3\xbd\x00\xbc\
Z\xfaI6n\x82\x80\x22\xdc\xe6!\xca\x1e\xcf\xfc\x10\
\xf9!\xf0\xe0\xca\xcdd\x15\x00\x00\xda\xc3\xb7\xfe\x1cw\
\xd0\xe5\xca\x8d\xd3+\x9c\xa4\xe8z\x0d&\x18\xc6E\x9e\
\x9b\xba\xb0\xf9 @\xc0L\xe8\x1a\x03,\x93\xe6\x8e\xbc\
\x82\x10/\x5c\xca\xd2W\xc0\xeeb\x19Sf\xb5d\xa8\
\x08\xcc\xba\x0a\xc5w%C]3k4\x0b\xdcE2\
\xaa\x90\xefj\x13\xe1\xceO\xd9l\x99\x81\xfbS\x0f\xf5\
.\x9b\x8dC\xc9\xca]<\xc9\x95\xbc\xc2\x5c\xb7n\x8c\
8[\x97\x1d\x8a\xd2Y\x09\x8e\xd5\xbb]\x0a\x83T\x5c\
\x9dzmEU\xbb\x22W\xf7;\xab\xa1\x1a\xe6\xccu\
vY\xf1\x87p>\x93\xc2I\x95\xe7\xa6\xa4\xe1\xe6\xed\
\x03\xb5\xce@\x1f\x05\x18\x5c\xac\xe1q\x17I>s\x19\
\xed5\xb3\xe0Z\xbc\xe3n\x05/\xa3q\xe6vW\x85\
3{\xbe\xf2C\x7f\xb5^\x89%uM\x00\xf9\xe4\x1a\
\x08\xf7\xb3<D\xef\xf8\xf9\xf3\xe7}\x1a\xc1\xe8\xe1\xf2\
\x91\xaa\x80r\xdcQ\xd9fe\xbc\xbblB\x89\xa8\x15\
\x98\xa5\x98L&a\x0d\x91\xd2x\x8du\x8fy\x94\xc4\
\x8e\xb8]\xf2w3\x90[?\xf1\xaf\x03L\xb9/\xbb\
C\x8d\xf0\x14\xc4\x0a\xc7*\x03\x0ar\x00\xd3\xf3a\xaf\
\xc8)N>\x81\xaf\xc7\xe1\xeb\xfc\xd3\x9c\xedd\xb1\x80\
\xad\xadW\x80\xaar\x1b\x9c\x1cU\xd1\xef\x13\x1c\x87\xe0\
\xb8\xc2\xf6\x14g] \xd2e\x8b\xcf\x9du\x06\xae.\
\xbb:Z\x05Eq\xd7\x1b\x07\x90\x1d\xf5uL\x1da\
\xf1\xb0\xa5\xf7\x94\x0cv\xe7\x15\x84e\xd8\x0d\xf5\xfbQ\
q\xa4\x91\xcb\xb2\xab\x1d\xfcG.7h\x84,|:\
\xe1\xb2\x08zt\xd6\x11\xd8\x00\xa6\xb4[\xca\xee\xdb\xcd\
\xf1\x98a=\x8e\x03\x8bi\xed\x1a\xacI\xf3B\xcc=\
w\x83\xe0\x8dKy.\x8f\x17\xdbU\x17\xd3&\xa6\xdb\
\xc9c\xcb\x83:W\xaf2s\xbb\x96\x82c\x16\xfb`\
a7vc\xd6,.?\x9b\xc6\x81$\x0el\x9b\xc4\
0Y_\xaf\xfc\x94eBJ\x94\xb3\xa4\x1a\x80\x19N\
\x9fz\xa5N\xbd\xe9\xe2^\xc0;\xe0| \x22\xd3\x1c\
h\x03Q\x00\x12#9\xed/\xe8U7{\x94e\xd5\
*tTA\xa5\x0b\x8d\xdb\x900\xcaU\xd2\x03-\x8b\
}\xd1\x1bO\xa9/\x87W\xd78.\xee\xcf\x97\x98z\
.\xe5\x11\x94=\x9b$RV\x9f\xc2\xfdP7\xf0\xc8\
aSe\xba\xccsA\x7f\xfe\x89\xb6f\x08\x93\xac\xfc\
%\xc3\x03\x1d#>\x94$\xae\x22\xe25\xa2T+F\
\xd4\xf3\xcf\x83\x05\x03oX\xeb\x11\xbb5\xdb\x88\xff\x1e\
\xa2\xbf\xb5\xd8\xd7\xacz[Q/'\xed4\xd6\x0a\xac\
\xb5\x99\x0c\x1aC\xd6\xd6\x04\x1d\x0cL\xa7B\x02\x9e\xe4\
N\x97\xca\xac-M(!\x0dR\x88\xb1\xad4\x8c\xa5\
\xf3\x91\x07\x12\xa1\x85\xca\xcb\xc2\xf6\xc9\xb0,#\xf1$\
\xcb\xe1\xe4s\x84\x0b\xe7Q\x82\xf8\xfd\x04\xce\x14\xea1\
\x82\xebe\xf1\xe9\xd6j\xda\xc2MR|\xda\x86\xec\xd5\
ND\xb3\x0c\x17\x0f)dJ\x96\xca\x86'v\xda\x9a\
\x89\x17j\x02\x8f\xdf\xd78IKA\xbb\xf0\xdf\xceK\
\xd9\xd3\xda(\x9f\x86\x0f\xe2s%\x00|G\xa2uT\
]\x93&\xe1\xd3!0\xbc\x94\x5c\xe6Y\x8as\xf0\xb5\
'\x99\xff?*\xf0\x8b@\xe9\xe5\xdf\xee\xcdY\x86\x1c\
\xaaD\x0d\x91\xb6\x0e\xd6\xab\x90\x97\xf1\xee+\x09ye\
\xd0\x00\xdf\x14\x19~\xfaE\x99\xb3\xae\x02\xc0$\x0c\xc7\
\xf4\xf0\x02\x1e\x16\xe6\x90\xe5\xdbZ\xeeI\x22w\xce\xca\
@'b\xe1\x22\xa1\x16\xf8Q%\x89\xec\x8d\x10\x13\xda\
\xd78&\x93[\x17B\xe52@\xb5\xf6Q@*\x1e\
Q\x16\x07\x8f\xd0\x139\x96\x07\x05\xffD\xe7\x13\x94q\
9U;\x11\x9c\x05\x86`\xd0\xfb\xc0\x8b\x18''\xf5\
`\xaf\xb3\xc2\x86\x01\xce\x0d\xfcE\xc8\x18\x81\x15\x19\xe9\
\xb7\xd7*\xe5\xd8i\xb8\x9e\xbfNF\xe8\xd7\xe1\xf0)\
*\xfe\xfeV\x86\xba\x00B\xb8\xe1\x02\x22}\x8dB\x16\
e\x99\x1b?\x08\xc4iU\xa1\xe6$ 1K\xcf]\
-A\xedu<7\xfeD\xc3\xbao\x06\x83a\xef\xe8\
\x88Fw\xce7\xa7\xd3\xb3W\xb3\x89S\xc5\xa6hT\
\xef\xdd\xe7\xb3\xcd\xd9f\xceC1\xe3\x98\xe9\xa1R\xbc\
\x9a\xc5\x9e\xc9\x18\xdd\x10`\xa0\xc8\xff\x8c\x03^\xba\xe9\
\x1fg\xf7\xaeI\x00l@\x0d\xb7j\x02\x94\xaf\xe7+\
\xeam\xdek7\x0b&0\xab\x1e\xc9\xc12\xe3\x93\xf7\
q0.\xb8\x83\x83uRr\xc9\xaa\xa3\xad6Wp\
\x0e,\x06\x86\xe3\xf5Z6Q\xe7\x1d\x88%\x8eA\xea\
\x93\x08H?\x8dI4Fs\x17\xacCVmUr\
t%f\x17U<\xf4\xc3w(\xc2q\xe2')\x0e\
\xe7\xf8\x19\x89\xd2g\xc0\x1a#D\xeeB\x90\xabb\xad\
\xe8\xbb\x1f\xaa\xa2\x911\xf2\xc7\x04\x07\xb0\x02R'\x1b\
\x19\xe8e\x06i#\x1b\x8aO\x10\xba\x00\x01\x93>\xd1\
\x949\xab\xc6fT\x9bA)B\x82\x89\xe7\xc1y\x11\
\xb0\x06\xb1.\x09^#|\x83~\xd7N\xfa\x86\xfd\xbd\
\xa4o\xces\xd0\xe7)^\x8d\xd0\x05\xb9\xe3\xe8:!\
\x93U\x9bY8\xb2\xe9)7e;\xa1\xac-DC\
=R\xe6J\x8c\xc1#\xf3)\xe3\xd1!:g\xf4\xf3\
\x05K\x1e>h'\xa2\x95Q\xdd\xfa\x9a\x98b\x02~\
\xc4\x9d\xa3\xc73\xd7_\xf1mL\xc2S\xe0\xd7\x1a\xc4\
J-\xb6N\xebP\xa1\xbf\xc4\x80\x06\xeag3\xa5\x0f\
\xabx\xf5\x8a@\xaa\xf4\x96\xcc\xb6l\x91+R\xc9@\
t\x06H\x1e\xa2Y\xc2\x18\x98BD\xae\x82F\xe8g\
\xb0\x8f\x81\xbb\xe9\x10\xfe\xbf\xea\xeep\xb6\x1evUd\
\xcf\xd3q\xd5\xe7\x11z\xeb\xa6\xcbN\x0c\xb3z\xadV\
)\xf3\xfc\x8c\x8f\xd6F?\xa0\xbe\x22M\x1b-Z\x96\
\x8c~\x96\xd5\xe2u\x88\xd7\xee\xfc\xd3\x82a\x8dd[\
\x93[\xa7^wl6 \xfd\x17\xfd\xe9\xa0\xc7\x0d\xc8\
\x8c]\xa0P\xaf\xc1\x11\xc5q\xc7\x884\xec\x0d\x8f\x87\
g\x1c\xe9\xac\x7fvt6q\xd4\x93.\x09'\xf7\x80\
j%sX}v\x81#L\xf3\x8c&\x89Y\x81*\
\x0c\xcaf\x83\x9ft\xa2\x87\xa7\x95\xb4\x05\x0c8\x92\xf5\
\xbc\x1e\xb4\xd4\x0f1\x1c\xe7\x8d\x10GC3\xbc\xbd:\
\xd2\x12\xa0\xd7\xad\x07\xcc\x1d1\xa3\xda\x85u\x9a4-\
}\x96;+\xbd\xe7O\xc5\x9f\xdf\xea\xe7T\xbc\x17\x83\
\xfd\xde\xc69\x19o\xe1\x8c\xb0\xf3=\x05G \xaf\x15\
\xc0\xa8\xd5\x9b\x10\xf6\xb9\xf1$mu\xdb\xe0\x1b\xbc\x8f\
\xc0hO]\x1a\x03\xb0\xd45z\xd0\xa9b\xf5\xb2\xf3\
O\x8a\xa9\x0f\xed\x9e4\xad\xf1\xa1\x915\xacLX\x95\
v\xdc\x91\x1b\x89\x11.\xd3M\x80;\xaf\x88\xb7\x81M\
\x90p\xb1\x8dy\xd3\x9a\xba\x82<\xc5\xdc\x22n\x7f\x97\
E\xbcc\xa3\x09{C\xe6\x9f\xc6\xb2\x9d\x1a6ML\
\x85\xafI\xe2L\xf6\x81\x07\x9b\x95\xe6,\xd3e\x90\xc2\
\xfe\xc9\xf6\xa8BJmp\x0b\xd2\x9a\xc5\xc7\xa2%\xab\
D\xd6\xae\x8d\x8c\xbc%\xc04\x93\x18\xbb6\xf4\xb5\x8f\
l\xb4\xa7Sx\x09y\x89iE\xa7o\xdb\xce\xcd\xcd\
\x03`P\x93\x80\xa3\x14{\xdabB\xdd\x95\xd9_m\
\xeaB\xd2\x04\x86\x0e\x84\x1d%\xd9\x02\xa4\xe6q\xcd#\
\x89\xa4\x0d$\xacO\xa7\xd4Pj\xab2\x8ez\x99\x12\
\x83\xdc\xdb\xde\x9d\xee\x8f\xd7\xb7Z7\x9b\xae\x96[U\
\xbe\x0dK/\xb2y\x94\x07}\xf8,4\xa6\x95\x18\xec\
\x9c\xe9=H\xf5o?\x8e}h\x8c+\xd4h\x9d\x85\
\x03\x9e\x971\xca\x84\xe9\x8c\xb1\xa2\xe6\x95\xc7`\x99e\
\x17/\x95\xba\xa4,b_\x9d`ieg,\xf3\x1a\
\x1c\xfd\xcftT\xc1\xd0\xedq-\xcf8\x8e\x04P\xcd\
a\x8fm\x0aK\x16\xc4\xacI\x87\xc0\xda\xc9\xe5z\xb1\
\x00\x15\xf8\x8a|\xde3+\xa2\xaev\x9f4\xa0\xd2\x8e\
\xcb\xf5\x04\xf6\xa4\x5c\xf1\xcbj\xedu\x8bT\x89\x0f\x9e\
D\xd2\x90+\xe1\x0e\x1eh\x8b_\xef\xb3\xd6\xc1:\xf0\
\x87\xdf@\x83\xfc\xaax\xdcQ\xe0\xce\xf1\x92\x04\x10n\
\xc9mz\xe6\xca\xe2^\x19\x18\xdb\xcc\x0a\xeb\x22^\xf9\
\xa9\xd6Xl\xdf\xb1af/\xee\xb6\xd6\xc4\xee\xea\xd1\
\x0br\x9a\xd2d\xcd\x19\xe3\xe6\x1c\xd8\x17!1\xb8F\
\xfe\x1f\xe0{\xbb\xc1\xa4\xc0`n\xb6\x1e\xa7D\xb9I\
\x14\xbd!.M>\x9c\x87\x1eU\xe8\xa4\x12$\xe7\x14\
i\xe4t\x93#;\xb4K\xe2\x19\xe0l\xe8\xa0\xe3\x86\
Z-\x93\xe0\x90\xb7\x92\xd6\xaa\x17\xc1\x98M\x05\x09a\
N\xcf\xc3h\x9dZ\xd7$\x1a\xe9\xb9\x85\x92\xb1\xe5-\
\x1b-\xa1\xd4\xf2\x955\x81+\xceBP\x8a\xce\xf6\xdb\
y\xa7\xa5\xd2!\x15E\xa9\xcf\xa9!-(\xa9\x8f\xec\
\x1d\x0d\xed\x90\xac\xed+\x87\x14M\x00\xc6\x9a?\xca\xdc\
\xc7 \xb0\xd5I\xc6\xbcM\x95}~\x8e\xd8\x9b(\x17\
\x95\xcc\xec\x1e\xbc\xb3\xa5\xb2\x91\x1bqk\xa0\xa4^\xdb\
\xfd\x15\x17\xcdC\xd1:;\x08\xea>U\x12\xa9!\xbf\
\x5c\xc5\xaf\x82\x95H\xaff\x0f\xd8Z4n\xf9\x16R\
XX\x05.V4\x1a0J\x12\xcb\xf4\xf1>\x83\x91\
\xd2\xac^Z\x97f\x1b\x85\xa7Xr\x5chlYB\
mU\xfb\x18t55\x96\xea0d|T\xe0\x03\x1f\
\x1a\xedS\xfe\xc8\x84\xa0\xe1\xb4( S\x00\xa6c*\
d\xa5\xa6\x0d\xec\xa0\xa7K=Z^\xba\xb6=\xda|\
\x13[\x9c\xe9D\xe04\x1f\xa6j\x05gp\x94\xd8\xe3\
\x91\x8d\xa6\xe8!\xf5\xb56\x1a8\x0e\xa6Mi=F\
aQ\xf3\x8a\xef\x8eJ\xe6\x91*\x8b\xd2\xab\x91\xc7\xa6\
\xc2\xd4\xce\x86\xaclG\xeaj\xfe9\xed\x0f\xd6\xef0\
\xb4%\xcc\xd1\x9e\xda?\xaf)\xf5\xd5r\x8f\xa9\xbe\xd4\
\xed\xf7\xfb\xc7Y}\xe9hv<;Q\x181\xab5\
e\xa1xO\xfb\xd0\x5cax5\x98\x0d\xb3\xd1\xcf\x06\
g'g3G>\x05\xb5\xfbf\xf7\x06\x0c\x01\xb5b\
\xecC\x09pRS\xcc\xa2\xb5\x1cM=\xab\xa9&$\
\xd54_c\xd7\xc3\xb1\x1eL\xaf\xf2ka\xab\x05!\
C\xb5\xa9(%\x94t\xa6\x88>\x1b\xea\x05\xa6|\xce\
V\xb6\xca\x9c\xed9\xf5o}\x8f\xd6\x03kF\xda\x8f\
\xec\xe7L\xfc\xd2\xcd\x85\xf8\xfd\x83\xc7\xa0\xfd\xf3\xe3Z\
x\xf9\xfdmCA\xa0`\xb4c\xe31\xea\xba\xb6\x0c\
\xbb\xd6\xf5oY(\x9d\xe3c{\x14\xb1\xf7:\x9c\xbc\
@9\x18<E\xc5\xdf\x9a\x1ae\xad\x96\xdd\xaf\x16\xb1\
_\xc7\x95V\xa4\x9aS\xad\xa6\x92\x8e]\x92V\xdb\xbe\
\xd5\x8cZi\xef\xeaZ\xe2\x14\xed_\xcd\x08Frf\
=\x07\x8c\x9c\xbd\xb3\xc1\xe4h\xe6<F\xfd#\xab\xf0\
\x1e\x9aK\xeaZ\xd7\x1a\x0a\x1eMu\xe3z\xf4\xe6\x9a\
\xb2\xcd\xc2\xf9\x81\x83\xc1O\xe8\xbbl\xbdA\xff)\x82\
\x7f\x1a\xd2\xf9r'\xdd!2\xfb6Fz\x17\xf5[\
R\x94\x033\x8c\xa5|n;\xb5V*=?\x89\x02\
wC\x9dt\xdaiW\xae\x0chr\xe2:\xb9S\xac\
\xef\x15\xcd<\xd7c\xe9\x8b\xf8;\xc9\xd1\x97$\xd6?\
\xc8\xb5\xc5\xe6viRk \xe9\xd4e\xa9\x9d/B\
T\xbd\xf3\xb3\x83\x17\xb3\x0d\xc9s\xb1x\xa1\x7fne\
W\xa9\x03\xb1\x00\x9b\x8d\xa7\xae.\xdd\xb1++\xec\xe3\
9\xbc\xa8\xeb\xce\xb2o\x803\x8fR\x1b\xacl\x13\xb8\
h:\xe8\xcc\x83\x89\xf69C\x7fR56\xe9\x8d\x8b\
#>\xb2\xed\x1d\x92\x1d\xfe\xbf\xd3s\xa5\xee~\xb3t\
U\xfb\xc3O\xec\xfb\x952Bf/)\xb0o\x9aV\
t\xc6e\x8f\xd0\xaa\xb4\x9d\x8d\xb2\x16\x0a\x0f\xc3~R\
\x1aL\xff_2\xfe\xe7$\xe34?\xdc\xbf\x8cx\x14\
\xfc\xf6_\x95\x91\xc77[\xb6%\xc8j\x98<l\xca\
v\xe8\xca\xa5)vWy\x13\xa7\xcc\x03W\xf0\xc0i\
\xa3\xef\x913r\x0e\xcc\x03[\xafHy\xba\xed\x11\x1f\
\x223\xd3x\xc6\xba\xad\xc4\x98\xfe(erEj\xc3\
\x9dCp\x87\xf8\x99\x95\x1fQ\xbf\x0fZ\xa5\xdb\xc0+\
'\xdb$\xc6.\xf8.\xd0\x15yt~\xa8o\xed\xd5\
Qv\x1b^\xd0\x0bo\x93\xc5\xa3\xd6.\x8a\x89\xb7\x9e\
\xa7o\xfc\xb0\xc6\x11<H\xda\xccp2\x0d&n\x7f\
\xf3fe\xda\x0ef\xd6\xcc\xefJ\xec\x96\xa6\xa8\xda\xc0\
\xaeE\xbc|l\x11\x02\x96$\xe1\x1dg\x03D\xf9\xe0\
Q,\xe3,\xe0\xbfS[\xdb2Y\xe6\xc7+w\x91\
4\xb5\xaeV\x0c\xac\xe5\xeb\x1a\xc7\xf5pM\xef\xae\x94\
\x1b\x95\xd5\xf7X\xa4=X$\xf0\x8a\xf7Z\xac\xf3\xa1\
\xb9\xec\xf0\xceR\xaf\xf2\xd3\xb3y\xb7\xaa\xdd8\x82\x8e\
|\xdd@w\xa6r\xfc\x15\xfdu^?\xfb\xed\xb2\xef\
\x8d\xd9j\xf5Z6\xd8u\x93\x06\xb0\x1c\xde\xac\x11\x06\
\x83\xe3\xa3n&\xa3\xa7\xb3\xe1l\xe6\xd8\x8d\xb8E\x8a\
W\xc3\xaa\x19\xb9\xecqwO\x13\x97s-[\x1er\
-\xed&/\xa6/fYZ\xbc?\x00\xf5v\xe2\xd8\
\x8fZQ\x04\x7f\xddfz[\xdbYu\xac\x84\x1d3\
yVJ\xe9\x7f\x9b\xf7D\xdf\x90\x05\xccR\xfb\xea\xca\
!,\xf0\xd0\xf0\x9e\xa8R\xfd\x07\x5c\x9bni3\xe9\
\xcb?\x0c\x02\xc3\xd5u\x98\x97~\xebQdQ\x1b:\
q\xdb\xbb\xb6\x9dk\x7f\xdc\x11\xfe\xfc\x07\xe1i\xe7\xef\
\
\x00\x00\x02V\
\x00\
\x00\x08\x1bx\xda\xd5Umk\xdb0\x10\xfe\x1e\xc8\x7f\
\x10\x86A\xf3E\xc4\x85\x86\xe1/\xa3\x0dt\x0b{\xa3\
\x8b\xbb|,\xb2uI\xb4\xca\x92'\xc9I\xbc\xd2\xff\
\xbe\x93\x957'\x85\xb6a\x83M\x18l=w\xd2=\
\xf7\xe8\xce\x12E\xa9\x8d#7\xee\xa6\x12\xf9=9\xa7\
\xf1E\xb7#Z \x1dj\xe5\x8c\x96\xf6i\xeb'V\
\xeb\xcaY\x12\xef\x1b\xafe\x05\xca\xdd\x8e\x10\xedw;\
\xdd\x0e\xce'Bq\xbd$\x0f\xdd\x0e\xc1!xB\x96\
\x0d\x12\xe6:\xfb\x01\xb9\xfb\xc2\x0aHH\xe4\xb4\x96\x97\
\x19\xee\x1a\xd6D\xc1\xc5\x09'\xd1\xfa\xd3\xa6\xe6,j\
\xccQ/X\x96\x82\xbbyB\x06\xe7\xfd0\x9f\x83\x98\
\xcd]B.\x06k`*Vc\xf1\x0b\x17;SA\
\x80$\xabT>\xff\xac9\xa2[vi]\x02\x1d\x0b\
5\x93\x902{\xef\x99{\xdf\xa1\x96U\xa1B\xa2\x9b\
\x04\xfc`\xb8\x836\x96N\x85\x94\x09)\x99\xc1\x9c\x8f\
\xad\x0533\xa1lB\xe2\xc1\xcehK\x96c\x1c\x04\
\xfb\x9b(~ \x93\x14V\xad M\xea\x88\xa1.c\
\xdc\xca\xa5`]\xd46O\xf1\x80\x92\xcd\xda\xb1\xab%\
\xd0\xd4\x8b\xb5\xf3z|q\x90 \xefw0Vh\x95\
\x907q\xd4\xa3\x98\xc0\xd9eY\x8e\xd4T\xd3E\xb0\
\xf4\x9eep\xa5y}\x0a\x81M\xa0\xac\x12\x92\xa7\xa2\
\x00\xf2nM\xea\xca#X\x06\xbeF\x8exm\xdd{\
$y\xc2\xbfRl\xc1\x84d\x99\x84\xe8\xefq\x0fq\
oK\xce\x1c\x90|\x0e\xf9\xbd\xc52\xe0\x04\x8d`\x14\
\x93D\x0a\xe5!\x03\x84\x0b\xeb\xc9p\x92\xd5\x84\xc3\x94\
U\xd2\xd1CfK\xc3\xcaP\xa1>$\x9dh\xc3'\
\x08\xb5\x9dr-\xb5i\xf8\x0f\xfd\x97\xa5\xef\x0d\xd4\xf1\
\xa6\x15N\xe1\xcf|oQ\x03\x12\x98\x05\xba\x88\xef\xe2\
\xbb>\xd6\xf8\x0a,mz\xf0\x05\x02\x8e\xab\xcc\xbd\xbe\
\x02C\x875\xed4\x09-\xbd\xeb\xd7W\x12\xcd\xf0\x04\
O\x92\xf3\xd9jhk\x9e\xce\xa1\x00\xea\x17\x8d!\xd7\
\x8a3S7\xc7\xf0\x87\xd5W\xb0\xfc\x1f\xb4\xf74\xff\
Q\xe5G\x0e\x0a\xf2\xb0\x9f\xe6\x87\xf5-\xe1\xf3l\xfb\
~\xd3\xcb\xe3\x9f\xfdKE\xda\xfe\xd9\xdf\xb6\xf1c\x02\
{[\xf8\xf8\xfb\xce\x98\xdf5z\x00\xbf\xaa\x9c\xd3\xea\
\x90\xc7\xe1a|\xfdx\xa8xs\xa7\xaa\xa1\xc4\x1b\x1a\
\xb6W-\xcd\xa5\xb6pv\xe0\xfa\xd8Rl\xfd\xc2\xe7\
7\xaeY5$\
\x00\x00\x0e \
\x89\
PNG\x0d\x0a\x1a\x0a\x00\x00\x00\x0dIHDR\x00\
\x00\x00@\x00\x00\x00@\x08\x06\x00\x00\x00\xaaiq\xde\
\x00\x00\x0d\xe7IDATx\x9c\xed[k\x90\x5c\xc5\
u\xfe\xbe\xd3\xf7\xcec_\xb3B\xe6\x11\x1e\x92\x8d\x80\
X\x8b\x91\xb4\x1a\x1eB!\xde\x18b0I\x95]\x15\
{\x84\x93\x10Wb\x8c\x89Cp\x00#\x1e\x16\xd2h\
\xa4]9JbWR\xb6\xc1\x10\x93*\xe7W\xbcc\
H9I%E\xa0\x04\x03A!\x0e+!\xc2*\x86\
\x92\x13\x831\xc2\x08\x10\xfb\x9e\x99{\xfb\x9c\xfc\xb8\xb3\
+\x01\xab}H\xbbk\xa5\xac\xafjk\xab\xee\xed\xbe\
\xdd\xfd\xf59\xa7\xbb\xbf\xd3\x03\x9c\xc0\x09\x9c\xc0/2\
\xf8\xf3\xee\x00`\x046\xcfQ?6[cH67\
\xdf\x9b\x7f\xcc\xcf\x04\x14z]B\xec\xf4\x08\xe6\xa5\x03\
3\x875\xe5\xbb\x7f)M\x9b\x93~T}\xca\x9f\xd2\
6\xfa\xd6K\xe5u\xd5\xe4IQ\x80\x92NU\xe7\xe7\
\xe3\x02\xc5\xa2\xa0T\xd2\xf6\xce\x9e\x15F\xfc\x00\x944\
\xecX\xad\x96\x00\xac\x0e\xd8\x1e\x18\x1e\x8dd\xe4\xeb\xa3\
}\xdb\xf6OG\x82\x1cc\xabG\x87\xbd\xe7\x13\x00\x94\
\xba\x9e.\x93\x86j\x9c\xb8\xed\xb1\xfc)\x00\xa4(\xc1\
E\x0c\xb3w\x05\xd6\xf2T{\xe7\xd6\x0f'\x83/\x1e\
q\x9c\x0bo\x01\x85\x82C\xb9\xec\xdbVv_\xcc\xc0\
\xed\x00\x90\x85)\xe7\xb0/\x0a3\xcf \x13Z\x5c{\
\x8dH\xady{\xf7m/'\x81\xf6\xbd\x96\xb0\xf0\x16\
P\xee0\x00\xa0\xa0H\x86\xcd0\x05\xe6v\x22\x04d\
h\xbeZg\xd8t\x1aP\xbb\x09\xa0\xa1\xb0w\xd26\
\x16\xd6\x02\x0a\xbd\x0e\xe5u\xbeeU\xa9\xcbIj\x07\
\xa0\xe3\xed\xcfC?\xcc\xc0\x00f\xfe\xe50\xf3\xf6\x05\
o\xee\xfc\xf3\xa1de\xe0;\x82\xcd\xc2Z@G\xbf\
\x01F\xa1\xbb\x8d.%0S\xcc\xdb$\x900O\xd2\
-\xd5\x91\xc5K\x92g\xef\xddo,\xe02\x98D\xfe\
\xb6\xd5\xe1Udp\xb5\xf9\xaa\x82t\xf3\xdbf\xb2\xb4\
\xf8\xc0\x9f\x0e\xa0\x7f\xb2\x12\x0bd\x01F\x14\x01\xe4\xef\
\x0b\x09\x14I\xe7\xb0p\xbb5\x92z\xc4\xb6\x16\x86\x80\
BYP*i\x0eo\xfc&\x18^jZ\xd7\x05k\
{\x1a,D'\x88rA\x81^g\xea\xd7\x83\x02$\
\xb3\x7f\x1c\x9cC\x16\x84\x80^\x01h\xed\xab^\xfc]\
q\x99\xb5\xf0u\x050\xcf\xbe?s\xcc3\x01F\xa0\
\xdf\x16\xaf\xdd\xde\xaa\xc2\xdbqh\xdbv\xdc`\x9e\x09\
(\x0bP\xd2\xb8\x1a}R\x5c\xfa|\xf3u\x03\x8f\x9f\
\xd9\x07\xe6\x97\x00\x02\xeb\xf4\xa4\x8b\x8bm0\xbb\x0b\xe6\
\x0d<.\xdc\xfe\x1d\x98?\x02\xba\x8a\x0e\x80\xf9(\xf8\
C\x06M\xe7\x99\x8f\x8f\x9b\xc8\x7f8\xe6i#dD\
\x05\xbem\x0dN\xb2\x1ao\xa4F\x06\x1e\x1fQ\xff\xdd\
\x98\x9f\x19)\xac\x13\x80\xc6\xba\xbbN\x82\xec\x123o\
\xf3\xd6\xd61b\xee-\xa0X\x14\x94`M\x17\x15O\
\xb3X\xbe\x08\x8d\x8e6\xea\x1fZ1\x0c\x0d\x0b26\
\xb6\x0fsfMs?+{\xf7\x12(i\x18\xa7o\
\x92\xb0\xe9L\xe8,|\xdf\xcc\xc3\xcc\x03\x00(\x04\x03\
\xa1\xa4\x84A\xdaQB\x01\x03\x82\x92\x0c\xde\x10\xa3\xa1\
\x82\x1c\x0b\xe6\xd8\x02\x8c(S\xb3\x9d\xdbO7\xc6\x7f\
\x04_3\x903\x19|\x22\x0a\xb8\xb4K\x0equ5\
\xf5C\xa0\x7f\xc9\x8c\xffK\xd8\x10\x0c\xa7A\xf8\x013\
\x9cF\xb2\x99.\x13\x98E\x80\x8f<H\xe2('s\
n\x09(\x94\x05e\xf8\xd0\xe2\x9b%\xc8\xb4[<\xe6\
\xa7>\xf1\x99\x014JJ\x0c\x1e\xa6\xd1N5}T\
\x84\x8f#\x15\xed\x19\x1c\xc40\xf6\x22N\x94\x9c^\x87\
\xae\xfe\xf0\xe4Q\xb4\xd7\xe3\xf0W\x0c#\x1f\x86\xb9\xab\
\x19d\xce5\x8d\x01\xf3G\xb5\xca\xcc\x1d\x01\xc5\xa2\xa0\
T\xd0\x93:\xb7,\xf7\xe4\x0d\xe6#m\xcc\xcc\x91\xa0\
\xa0\x13\xd2\xd1|\xed_\x8d\xfekm\xa9\x96'^y\
\xfaKc\x93\x17_\xe7Q\x81?\x00\xbc\x06\xe0A\x00\
\x0f6\x7f\xa8g[*]\xfb-\x05\xee\x14I-9\
\x9aC\xd6\x1c\xbb\x00-\x96\x9e[E\xd2mS\xcf\xbe\
\x19\x18\x88AGL\xeb\xb7\x0f\xee\xbe\xfb\x1e\x00\x18\x9c\
x\xdf\xebr\xf9\x17W\x9a\xf2<\xd2\xce2X\x96\xe4\
\xab\x04\x0e@\xed\xd9\xb7wo|\x09\x00F\x9e\xdf\xf0\
\xb3\x11\xe0\xde\xc5\x9d\xdb\xbf\x1f\xb1~\x8f\xb8\xf4'\xcc\
W=0s\x9da\x8e\xa2iQ\x80\x92\xb5\xac\xeaY\
.\xe4\x7fR\x90M\xb4\xbe\xc9,\xc0\x0c\x12\xd0\xbc\xdf\
\xef\xb5\xfe;#{J\x8f\xa3\xab\x18\xa0R\x8as\x17\
\x16\xcf\x865}\x06\x16\x15\x0c\x5cJJ3%\x04 \
0\x8b\x00\x8d\x01\xe0M\x98\xed\x03p\x7f\xc6\xa7\xbf\xfb\
\xb3\xe7\xd6\x8f4\xbe\xcb\x5c\xe7W\xbe\xce u\xa3\xc5\
\xd5\x06\xf9fI\xe0\x8c>:\xf0\xcc\xc6G'\x93\xc8\
\xe7b\x15 p>\x01\x98\x88\xdd*A\xba\x09\xaaz\
\xc4\xc1\xd3\x01j#TM\x06\x9f\xbf/D\xa5\x14\xb7\
\xe5{\xbe\x00\xcb\xee\xa4\x84E0\xe8 \xd0\x9c\xd4P\
\xc0b@=\x90\xb8\xcdb\xba\xf4%\x0c\xb2\x0f\x8c\xb9\
\xfa\x93\xad+J\x97$s\xb0\x99\x03\xe9\xf4z\xf5\xd5\
\x0a]\xda\xc1f\xb6B\xcc\x01\x01E\x02\xeb|[g\
\xf7\x85\xa4\x5ck\xbe:E\xe4\xa7\x81\x8e\xaa\xfe\xcb\x03\
{6>\x8e\x8eb\x0a}7D\xb9\xce\xee\xaf\x88d\
\xee\x01\xecT\x8bGc\x80\xa0\xa4`\xa6?\x85\xd6+\
\xa6\xf5G\x00=@I\x094\x1eS_\x1f\xd4xt\
\x80\x22\x9d\x12\xa6\x1fn\xcd\x97.A\xa9\xa4x\xfaK\
c\x81\xe9\x17T\xe3A\x88\xe0\xdd\x02\xe8\xfc\x100.\
7\xd36\x92\xa94\x92%m2\xd7RJ(\xe6k\
\xbb\x86\xdc\xcb\xf7\xa2\xab\x18`o\xa9\x9e[\xdd\xbd\x9e\
A\xd3\x9d\x16W#@#\xb8T\x00\x8b\xfe\xdd|\xed\
S\xf4\xf5\xcb\xce\xa8FW\x0e\xec\x8a>f&kU\
\xa3\xef\x1b\xf1-\x85_\xa3\xb0KM\xfd\xdd\x0c\x9ar\
b\xc17O\xba\xf8\xaf\xda\x80\xa2\xbc\xb5{\xd3\x7f\xc3\
\xb4\x97\x12\xcaL\xac\xe0\xd8\x82`C\xe6n\xed\xdcv\
)\xe9\xae\x9c2\x0a'\xd9\x00\x10\xdc\x86\xbe\xfb#\x00\
\xc8\xad\xec^e\x90\xad\xf0\xb5\xa4\x1eC\x07\x8d\xbb\x07\
v\xdd\xbdq\xbc\xda@\xe3\xff\xe0n\xec;\xb9\xa3x\
m-\x1b\x9c:\xbck\xd3\x8f\x00 \x97\xefI\xc3\xd7\
\x8c.\x9d\x8f\xa3\x91\xcf\x00\xa5o\x00 \xc5\xee5_\
\xff\x1cf\x90s<6\x02\xca\xfd\x86D\x7f\xbe\x83\xe2\
2\x16G\xfe\x08\xe6\xafp\xa1\x98\xaf\xedua\xf4\x08\
\x1a\x89<s\xb8U\x5c:m\xf1hD\x97\x09\xbd\x1f\
\xdb2\xb4{S\x11]]\x01*\x95x\xf1\xda\xed\xad\
\xd1H\xb4\xdce\x9b\xc2Z4\xfa?\x07\xfa\xee\xde\x0f\
`\x18\xe8u(\x94a\xfb\xf0!:#L\x0d\xb0?\
@W\xf1[\xa8\x94\xe2\x81\xb1\xe8\xf9\xb6L\xb8\x97\x0c\
:\xa6\xd3_\x8e\xde\x05\x0a\x05\x07\x94t\xd1\xaa\xee\x8f\
Q\x82O4|\x7f\xf2\xe5\xc7\xa0\xa4\x83\x19\x1e~\xeb\
\x07\xa5A\x00\xb6\xe8\xc2\xbf8\x8b\xe0U\xa6u\xa5\xcb\
\x84\xe6k\x8f&\x83/\x06\xa8T\xe2\xd6U[~#\
\xae\xe11\x06\xc1\x7f\x98\xca\xbf\x85\xc6'\xda\xf2[\x97\
%\xed\xf6\x1b\xcae\x0f\xda23\x85\xa9'\x80s\xda\
\x07S\x1d\x00\x80\xbd\xa5:\x89\x0a%\xc0tI\xd7\xa3\
\xb5\x80\xc4\xc7;\x8a)O\xdc.\x143\x85\x1eQ\xed\
!\x9c\xf9\xba\xaa\xb8'\x1buM\xe3\xea\x1a\x86\xd9S\
,\x1e\xf3F\xc4\x1e\xb6\x15\x00P\xd9\xec[\xf3r\x89\
 \xf5]\xd2\xb5\x98V\xbdE\xc3\x9ea\xcb9\x88\x86\
?\x8bry\x03`<u\xc5ps\xd5pF\xe3>\
\x84R\xa4\xcd\xa0g\x03x\x0e\x00h|\x01\x0c\x00\xd4\
\xa6\x1c\xc8\xd1Y@\xa1WP.\xfb\xb6tp\xb9H\
\xfa2\xf3\xf5\xa9\x92\x1c\x06\x0a\x0d\x1a\x87d\x1f\xc6\xa3\
\x81p\x0dL\x0d\x12:\x83\xef\x1fn\x8bw\x8e\xa7\xae\
D\x83\xbb)A\x8b\xf9j\x94lj\xe8\xa0\xb1\x9a\xf0\
\x94\x06\xa3VO\xe7\xdeo`\x160\xc0\xccS2\xa0\
\xe7\xe9\x13\x8d\xd2^5\xad\x03\xd3\x1cE\x8e\x8e\x80r\
A\x91\xbf/\x04\xb9\x09D\x80\xe96T\xc9\x96`\xff\
\xc1\x96\xb1W\xc7\x1f)\xf4\x5c\x98\x92\x14\xd0\xf8\xcf\xa8\
\x94b\x80\x96[\xb1\xf5\x03\x80]\x95\xe8\x87\x1c\xb7P\
\x03I\xaaM\xd4\xb78XF\xa2\x09\xa6\x00i\xa0\xc0\
h\xe9\x896\x95~&\xfa\xeb\xec\x09(\xf4:\x80\xd6\
\xaao\x5c#.\x9d$98\xe5w\x8c h|\x19\
\x95\xcd\x1e\x13\x07z9\xcf`\x00\x05\xaa\xf6\xd4Da\
\x87\x8b!\x124\xae\xb8p\xe2\x13\x00\x01\xdd3^\xce\
\x9b\xbe\x9f\x12\x02\x06\x0fXh\xbe\x0a#~:\xfe^\
\xc5\xce\xa4\xa4\xd1\xc8>\xcf\x15\x01Ft\xf4\x1b\xf2\xf7\
5\x09q\xb3\x99\xcdB\xe6\x9e\xe8\x88\x01\x80\x99eI\
B\xb5V\xf3t\xaf\x8c\xbf\xa4\xc8R2\xe4a\x15\x14\
\xe2D\xfd\xd8\xdb\x86\xe0\xb9C\xe5\xb8\x14\x12\x020\x05\
\x85fq]\x81\xfd\x13\xef\x8d+\xa1\xf1\xe4\x1b\xd2\xc3\
0K\x02\xd6%\x09N}\xe3\xe3\x94T\x1e>\x9aq\
\x92\xc3\x80\xf6D&ot\x90\xf6:\xe0\x00\xd5\x9a8\
\xad\x1dV\xee\x9d}2\xf3\x94\x14i|dp\xf7\x97\
\xf7\xa1\xab\x18\x00\x00\x813\x92\xd34\x0d\x0c\x94\x86\x9f\
\xb4\xb2\xde\x07\x00XZ\xcc\xd0l\xadY\x8c\xe9\xbcs\
\x16\xab\x80\x11\x80\xe6.\xf8\xd3E\x86\xb8h\xa6\x98\xa1\
\xd0I3\x05\x81\xd3\xd1\xd5\x1f\xa2\x82D\xf1\x81\xec7\
S\xd0\xa5\x9b\xe8\xa3E\x87\x0d\x98\xa0%w^\x0cJ\
\x17\x86\xaa\xd5\x11\xe7\xb1e\x5cl=uEKs\x95\
\xf5\xa5f\xb1\x07\xcc\xc8@ \xf5\xef\xec\xef+\x8d\x02\
@nq\xb0\x16t\xbf\x0c\x8b\x93\xc3\xd0\x14\x98\xb9\x05\
\x14\xca\x89\xd0\x99\xf2\xbf'A\xd3\x07\xa1\xd1\x84?O\
\x0b3\x00\xcc\xe5\x86\xc3\x8eC\xcf\xf8_$@J \
\xd0\xe5\xe3\xd7\xda\x9cZ\xc5,&%\x1d0H\x07f\
x\xc5\xbc\x15\x0e>\xb7\xe1\xf9\xa49Zf\xd1\xb07\
C\x86\x92rt\x99\xb4\xc6\xa3;\x5c:\xfc\xcbCw\
\x81\xb8\x9e\x12\x12F?]\xd7fh\x01\x89\xd4\xb5(\
\x7fGN\x95_\x04bk\x88\x1d3\xb2\x00\xc0\x14.\
\x0c\xd4\xe2\xcb\x00\xec\x02\x00\xb5\xf8)\x87\xc0Lc\x02\
\xb6\x0e\xe0\xdf\xa0\xab\x18\x1c\xac\xc4O\xe7V\xe3\x0a\xd3\
\xda\xaf\x91|\xadV\xf3\xffX\xed\xdf\xf8\x93\xe6\x15\xc5\
S\xa0)\x8e,?\xf7\x8d\x97\xca\xeb\xaa\xb9|O\x8f\
\xc5\xa3\x9f\x04\xf8p\x10F\x0f\xbd\xb9s\xc30@k\
\xeb\xec\xb9\x89tW\x99\xaf)h\xd3\xba\xe7\xcc\x08h\
H]\xb15\xff\xbes\xa9e\xc9\xba?\x0b\xebIv\
\x82\x22\xbev%\x0a\xbd\xdfDy\x9dO\x8d\xa5\x9f\x8c\
\x9a\xeb?\x14\x09?h\x12^\x9e\xcb\xf7\x5c7P\xd9\
\xf0\x00\x00\x0c\xec\xc2\x0e\x00;\xc6\xab\xe7V\x16\xdb\xe1\
\xd2\x0f\xd1\xe2?Cy\xdd?\xa0X\x94\x81\xd2\x86\xef\
\x01\xf8\xde\xa1FJh_\xdd\xf3'\xc6\xe0k\x89\xae\
j\x82\x19\x04\xe8\x19\x10Pp(\xf7[ve\xf7\x19\
\xa4\xac7\xf3:k\x19\x85\xe6\xccW\x0d\xe2.\xcf\xfd\
\xf8\xc5\x0b\x06\x80=o\xbep\xc7P.\xdf\xf3U@\
\xbe\x0d\x8b\x08\xf0\xdb\xb9\xfc\xb6%\xf4\xf1Ci\xcd\xee\
\xcb,\x1a\xf6o\x0d\xb8\xb3\x02\xc7\x0b\xbd\xb9;%l\
Za\xd1\xc8\x1d\xad\xab\xbb_\x1fz<z\x16@5\
\x9f\xff|\xb8/:\xebL\x15[.\x12\xfc\xb1Ix\
54\xd2C\xd9\xf7\xe9\x17\xa8\x19\xba@IS\xb2\xf5\
zJ\xe6\x0c\x8bG\xa7\x11:'e\x80\x80yJ:\
\xeb\xe3\xd1\xdb\x00\x5c\x8b\xae\xc7\x82\x81\xcaG\x1e\xc8\xad\
\xee\xfe(\x83\x96k,\x1a\x8d)\xe1&\xa5\xdeR\x0d\
\xea/V\x87B%q\x961}\x1a\xa1\xb0\xfa\xb0\x87\
\x0b\xd7\x8a\x8f\x9f\xc8\x0d\x85\xcfau\xf7\x81}\x8aV\
\x0bx\xa6\x0b\x9a\x97\xc2\xd7`\xbe6\x06\x09\xb2\xb0i\
]\x7f\xc6\x04\x10(\xfb\x96U='\x03v\xa3\xf9\x9a\
\xcd\xca\xf4\xdf\xf9)g\xbe\xae\x22\xe9O\xb7un\xf9\
\xa7\xc1\xcaG\xfe\x0e\xf9\xcf\x87M\x88>;\xe2G\x86\
\xe8R\x9f3SP\x82V\x92y3\x80\xf00\xad\xd7\
\x92~P\xa0q\x1d\x80PRyH\x0a AS\x98\
\xaf\xefA\x1c\xdf\x82\xc0\xbd\x0f\x90\xbf\x054\xd5p\x81\
i1u\xa1B\xaf\x00\x80#na\x90y_\x22=\
\x1fK\x8aW\x09\xa8\x90\xc1_\xe7:{\xae@\xdf\xfd\
\xd1\xfe\xb3\xf7\xd6\x06\xfb6\x5c\x0f\x1f\x7f\xca\xcc?e\
\xe6\x07\x13E(\x04]\x0at\xd94]6\xc5 \x1b\
\xd0eS\x0c\x9b\x033\x0f\x8bG_\xd7\xfa\xd0\x0e\xf3\
\xd5\xebu\xe4\xad+\x06\xf6lxl\xa0\xef\xae2|\
\xf5;\x8d\x1bh32\x83#\x0f\xa6X\x14\x946[\
\xeb\xaa\xad\xe7P\xc2gH\xb4\xcc\xcd\x8dN3J@\
\x18\x0e\x9a\xd9u\x03\xbb\xee\xfa\xfb\xc3\xdf\xe6Vo\xc9\
\x83\xd2\x09\xc82\x98\xb5\x83\xd0\x89\x9b\xdf\xaaj\xe2^\
\x81\xe2\xc7*xv\xb8o\xc3\x0f'*\x16\x0a.\xf7\
\xa3\x957\x81\xc1\x9d0=e\x22\xb36\x8d(zd\
\x17(\x01\x00M\xb8\xf5f\xba\xb0\xad\xa1\xb4\xce\x81\x86\
H\x9a\xc6\x06\xbaE \x1f\xca\xad\xde~_,\xf17\
F\x9e\xd9\xf0<\x00\x0c\xec\xda\xd4\x07\xa0o\xc6\x9f[\
\xf3\xd5l{<\xf6\xeb\xbaO\xd6\xc3\x85\xbf\x0a\x1b\xcf\
\x98\xcd\xecw\x03G  a\xea\xe4\xcem\xe7\xd4\x80\
k\xa1\xf5c\xf0\xfd\xc9@\xc2\xbc\x01\x04]\xe6\x06\xe7\
\xfdo\xe7Vw\xff\x0b\xe8\x1et\xb1\xdf\x99\x0e\xa2\x83\
\xe3\xbb\xba\xf7\xa0\xa3\x98Z\x94\xcdf\x15\x5c\xa6Z\xff\
\xb8\xd4\xaaW\xc3\xa5.\x16G$\x92\x9cq6n:\
9\x01\x85\xbdD\x19\xa8Ao\x17\x97i5_\x8d\x93\
c\xef1\xdfi\x7f7\xcc\xe21OJ\x1b]\xe6\x1a\
\xd3\xe8\x9aX8\xea-\xec\xcf\xad\xde\xfa\x82\x81\xaf\xd3\
\xf8\x0a\x89\xba\xc2\x96\xd0\xd0\x0c\xf2lo\xbe\x83\xe0\x12\
\xe72\x0d9\xa4\xae\x8d\x95Of\xeb\xa1\x93\x10P\x14\
\x94K\xbem\xd5\xb6\x8b(r=,\x06$\x08\xe7b\
\xb4\x93\x80I\xa7\x0d\xe6\xeb\x00\x09\x91\xa0\x09\xe2.\x02\
\xddE\x84Lx\x9d\x98\x22\x11?<\xa0\x11`\xbe1\
pK\xa4\xb8\xa3\x8cL\xef%\xa0p>Q\x06 \xfa\
i\x18_3\xf3\xa36\xa7\xe6?\x05\xacq\xbc\xf7\x91\
\xd1\xa8\x80\xc18qG\x80 \xd4\x806BNm\xcc\
\xb4Lc\xed\x04\x093=b\xa1#\xbe\xc8\xad,\xb6\
[\x04ax\xec9\xf89\x81\xd6\x08I\x9b\x0fZ\x83\
\x90c\xd9\xd9T=\xd8\x1c\x1f@\xa5T\x9d\xaf\xae\xfd\
\xbf\xc6T\xf6\xc3\xe3\xecN\xe3a\x98\xed\xcf\xec\xa6\xfe\
\xe1\xd4\x09\x9c\xc0\x09\xfc\xe2\xe2\xff\x00Q\xe0\xa68G\
J\xf5\xda\x00\x00\x00\x00IEND\xaeB`\x82\
\x00\x00\x1a\x03\
\x89\
PNG\x0d\x0a\x1a\x0a\x00\x00\x00\x0dIHDR\x00\
\x00\x01\x00\x00\x00\x01\x00\x08\x06\x00\x00\x00\x5cr\xa8f\
\x00\x00\x19\xcaIDATx\x9c\xed\xdd{\xdcgS\
\xbd\xc0\xf1\x0fr\xbf,!\x94T$wbQd8\
\xee48\xe2\x08\xb9\x1f\x97)\x97p\x84NZ\xa9\xc4\
\xca\xdd\x09\x09\x15\x85\xe4Nq\x90^\xe2(\x86\x98V\
\x08\xb9\xdf\x85!f\xb9N3\xcc\x9c?\xd6~\xe6\xf5\
\x98y\xee\xcfo\xaf\xef\xda\xbf\xfd}\xbf^\xf3\x9a\xd7\
\x8bg\xf6\xf7;\xcf<\xeb\xfb[{\xef\xb5\xbe\x0b\x94\
RJ)\xa5\x94RJ)\xa5\x94RJ)\xa5\x94R\
J)\xa5\x94RJ)\xa5\x94RJ)\xa5\x94RJ\
)\xa5\x94RJ)\xa5\x94RJ)\xa5\x94RJ)\
\xa5\x94RJ)\xa5\x94RJ)\xa5\x94RJ)\xa5\
\x94RJ)\xa5\x94RJ)\xa5\x94RJ)5\x98\
\xd9\xa4\x13\xc8\xc9X?\x17\xb0&\xb0>\xf09`I\
`1\xe0#\xc0\xa2\xc0T\xe0-\xe0M\xe0Y\xe0I\
\xe0Q`<pw\x0cn\xb2@\xdaJ\xd5\xa6\xeb\x0b\
\x80\xb1~a`w`\x07`\x1d`\xde\x11^j\x0a\
p;p\x09pU\x0c\xee\xf5\x8e$\xa8\x94\xa0\xae,\
\x00\xc6\xfa\xd9\x801\xc08`'`\x9e\x0e\x87\x98\x02\
\x5c\x0a\x9c\x14\x83{\xb0\xc3\xd7V*\x9b\xae+\x00\xc6\
\xfaM\x81\x13\x81\xb52\x85\xbc\x068\x22\x06\xf7d\xa6\
xJuL\xd7\x14\x00c\xfdgI\x03\x7fK\x81\xf0\
\x93\x81\xe3\x81\x13bpS\x04\xe2+5\x22\x8d/\x00\
\xc6\xfaE\x80S\x81\xbd\x90\xff\xfb\xdc\x0d\xec\x1c\x83{\
Z8\x0f\xa5\x86Dz\xc0\x8c\x8a\xb1~3\xe0\x97\xc0\
R\xc2\xa9\xf46\x09\xd85\x06w\xa3t\x22J\x0d\xa6\
\x91\x05\xc0X?/p\x02p\x88t.\xfdx\x1f\xd8\
;\x06w\x91t\x22J\x0d\xa4q\x05\xc0X\xbf2p\
%\xb0\x92t.Cpp\x0c\xee\xc7\xd2I(\xd5\x9f\
F\x15\x00c\xfdX\xd2\xeb\xb7\x85\xa4s\x19\x86\xddc\
p\x17K'\xa1T_\x1aQ\x00\xaa\xf7\xfa\x87\x00\xa7\
\x01\xb3\x0b\xa73\x5c\xef\x01[\xc7\xe0~/\x9d\x88R\
3+\xbe\x00\x18\xeb\xe7\x04\xce\x04\xbe&\x9d\xcb(\xbc\
\x06\xac\x11\x83{N:\x11\xa5z+\xba\x00\x18\xeb\xe7\
\x01\xae\x06\xc6J\xe7\xd2\x01\xe3\x81\x8dbpS\xa5\x13\
Q\xaaG\xb1\xd3\xe9\xeaI\xffo\xe9\x8e\xc1\x0f\xb0\x1e\
\xf0\x0d\xe9$\x94\xea\xad\xc8\x19\x80\xb1~>\xd2\xe0\xdf\
L:\x97\x0e{\x1bX1\x06\xf7\xbct\x22JA\x81\
3\x80j\xf0_G\xf7\x0d~\x80\xf9I\xeb\x17\x94*\
BQ3\x00c\xfd\xdc\xc0\x0d\xc0&\xd2\xb9\xd4h\x1a\
\xb0\x5c\x0c\xee)\xe9D\x94*f\x06`\xac\x9f\x9d\xb4\
\xac\xb7\x9b\x07?\xa4\xef\xf9\x7fI'\xa1\x14\x14T\x00\
\x00\x0f|E:\x89L\xf6\xa9\x1er*%\xaa\x88\x02\
`\xac\xdf\x1f\xf8\x96t\x1e\x19-\x00l-\x9d\x84R\
\xe2\x05\xc0X\xbf\x0dp\x96t\x1e\x02\xda2\xdbQ\x05\
\x13/\x00\xa4\xfb\xe1\x12\xf2\xc8m3c\xfd\x1c\xd2I\
\xa8v+a\xe0\xed\x00\xdc#\x9d\x84\x00\x03\xac\x22\x9d\
\x84j7\xf1\x02\x10\x83\x8b\xa46^A:\x17\x01c\
\xa4\x13P\xed&^\x00\x00\xaa\x16\xdb\x9b\x03\xf7\x0a\xa7\
\x92\xdb\x8a\xd2\x09\xa8v+\xa2\x00\x00\xc4\xe0^#\xad\
\xfe\xbb_:\x97\x8c\x96\x95N@\xb5[1\x05\x00 \
\x06\xf7OR\x11x s\xe8G\x81\xdfU\xbf\xe7\xb4\
L\xe6xJ}@Q\x05\x00 \x06\xf7\x0a\xb0)\xf0\
P\x86p\x17\x01\xab\xc5\xe0V\x88\xc1\x8d%M\xc9\x8f\
\xcb\x10\xb7\xc7\x873\xc6Rj\x16E\xed\x05\xe8\xcdX\
\xbf\x04\xf0\x7f\xd4s\x9f\xfc20.\x06w]\x1fq\
\xe7\x01^\x00\x16\xa9!\xee\xccb\x0cn\xe1\x0cq\x94\
\xeaSq3\x80\x1e1\xb8\x97I\xfb\x02:=-\xbf\
\x1cX\xa5\xaf\xc1_\xc5\x9dL\x9e\xd9\x07\xa4\x15\x81J\
\x89)\xb6\x00\x00\xc4\xe0^$\x15\x81\xc7;t\xc9\xef\
\xc6\xe0v\xae\x9e5\x0cdR\x87\xe2\x0d\xe6_\x99\xe2\
(\xd5\xa7\xa2\x0b\x00@\x0c\xee\x05`c\xd2Q\xdd\xa3\
qT\x0c\xee\xd8!~\xed\xa2\xa3\x8c5T\x932\xc5\
Q\xaaO\xc5\x17\x00\x80\xaa\x83\xce\xc6\xc0\xd3#\xbc\xc4\
\xe11\xb8!5\xe2\xa8\x96\xe7\xe6:s`R\xa68\
J\xf5\xa9\x11\x05\x00 \x06\xf7,\xa9\x08<;\xcc?\
zH\x0c\xee\xb4a|\xfdg\x81\x85\x87\x19c\xa4&\
e\x8a\xa3T\x9f\x1aS\x00\x00\xaaC77\x06\x86\xda\
S\xef\x9b1\xb83\x87\x19f\x8fa~\xfdht\xea\
\xd9\x86R#\xd2\xa8\x02\x00\x10\x83{\x92T\x04^\x18\
\xe4K\x7f\x09\x9c2\x9ck\x1b\xeb\xe7\x07\xf6\x1eYf\
#\xd2\xa6U\x8f\xaa@\x8d+\x00\x001\xb8\xc7Io\
\x07^\xec\xe7K\xc6\x03\xfb\xc7\xe0\xa6\x0f\xf3\xd2_!\
\xed\xd2\xcbE\x0b\x80\x12\xd5\xc8\x02\x00\x10\x83{\x94T\
\x04^\x9e\xe9\x7f=\x0bl\x1f\x83\x1b\xd6+\xb6\xea\xf8\
\xb1\x83:\x94\xdePi\x01P\xa2\x1a[\x00\x00bp\
\x0f\x93\x8a\xc0\xc4\xea?\xbd\x0dl\x1b\x83\x9b\xd8\xff\x9f\
\xea\xd7\x16\xc0\x9a\x9d\xcam\x08\x1e\xaf\x16;)%\xa6\
\xd1\x05\x00 \x06\xf7\x10i\xef\xc0D\xd2I\xbc\xf7\x0d\
\xf7\x1a\xd5\xf9\x83\xff\xd3\xe9\xdc\x06qc\xe6xJ\xcd\
\xa2\xf1\x05\x00 \x06\xf7\x00\xe9\xc4\x9d\xdf\x8c\xf0\x12\xfb\
\x93\xef\xdd\x7f\x8f\x1b2\xc7Sj\x16\xc5n\x06\xca\xc5\
X\xbf\x18\xf0\x18\xf9\xde\xfd\x03L\x06\x16\x89\xc1\xbd\x9b\
1\xa6R\xb3\xe8\x8a\x19\xc0(\x1dC\xde\xc1\x0f\xf0{\
\x1d\xfc\xaa\x04\xad.\x00\xc6\xfa5I\xd3\xff\xdc~!\
\x10S\xa9Y\xb4\xb6\x00T\xfb\xfe/$\xff\xf7`\x22\
p}\xe6\x98J\xf5\xa9\xb5\x05\x00\xf8\x01\xb0\xaa@\xdc\
\x8bbpS\x05\xe2*5\x8bV\x16\x00c\xfd\x06\xc0\
\x11B\xe1u\xfa\xaf\x8a\xd1\xba\x02`\xac_\x10\xb8\x00\
\x997 7\xc7\xe0\x1e\x14\x88\xabT\x9fZW\x00H\
\x1b\x84\xa4\xba\xf1\xfeP(\xaeR}jU\x010\xd6\
o\x05|U(\xfc]\xa4&\xa7J\x15\xa35\x05\xc0\
X\xbf(p\x9e`\x0a?\x1c\xc1\xeeD\xa5j\xd5\x9a\
\x02\x00\x9c\x09,)\x14\xfb\x01\xf4\xd5\x9f*P+\x0a\
\x80\xb1~G`\x17\xc1\x14\x8e\x8a\xc1M\x13\x8c\xafT\
\x9f\xba\xbe\x00\x18\xeb\x97\x04\xce\x16L\xe1\x16\xf4\xd3_\
\x15\xaa\xab\x0b@\xd5\xe4\xe3\x5c\xf2\xb5\xf9\x9e\xd9tR\
Gb\xbd\xf7WE\xfa\x90t\x025\xdb\x13\xd8V0\
\xfe\x051\xb8{\x05\xe3gc\xac\x9f\x8f\xb4\xb2rY\
\xe0\xe3\xc0\xd2\xc0\xc7\x80\xf9\x81y\x80yI\x1f8\xef\
\x90\x1a\xb7\xbc\x0d\xbc\x01<C:\xf3\xe1\x09\xe0\x89\x18\
\xdc\xab\xd9\x93o\xb1\xae\xdd\x0el\xac_\x9a\xf4\xf0m\
!\xa1\x14\xde\x05>S\x1dl\xd2U\xaa\x99\xd5J\xa4\
nLc\x805\x80\xe5\xe9\xcc\x8c\xf2)\xe0v\xe0O\
\xd5\xafGt\x06U\x9f\xae,\x00\xc6\xfa\xd9\x81\x9bH\
G\x8dK9:\x06\x97\xf3\xa4\xe1Z\x19\xeb\xe7\x06\xb6\
\x04v\x046\x07\x96\xc8\x14\xfa\xef\xc0\xaf\x81Kbp\
Od\x8a\xd9\x1a\xddZ\x00\x0e\x04\xce\x12L\xe1!`\
\xcd\x18\xdc\x14\xc1\x1cF\xad\xfa\xa4\xdf\x00\xd8\x07\xd8\x8e\
\xbc\x1d\x93\xfb2\x1e8\x19\xb8V\xdf\xaatF\xd7\x15\
\x00c\xfdr\xc0}\xc0|\x82i\xac\x1f\x83\xbbC0\
\xfe\xa8\x18\xeb\x17\x00v#uI^M8\x9d\xbe<\
\x04\x9c@\x9a\x15\xbc'\x9dL\x93uU\x01\xa8>\xb1\
n\x016\x12L\xe3\xdc\x18\x9cD\x93\x91Q\xab6J\
\x1d\x0c\x1c\x0e,\x22\x9c\xceP\xdc\x0b\x1c\x10\x83\xbbK\
:\x91\xa6\xea\xb6\xb7\x00{\x22;\xf8_\x02\xbe%\x18\
\x7fD\xaa'\xf8\x87\x92\xb6H7a\xe0\xf7X\x03\xb8\
\xd3X\xff3\xd2b\xab\xc1\x8e}W3\xe9\x9a\x19@\
\xb5\xd6\xffa`1\xc14v\x8e\xc1].\x18\x7fX\
\xaa\x19\xd3N\xa4\xfb\xea\xa5\x85\xd3\x19\xad\x17\x80\x9db\
p\xe3\xa5\x13i\x92nZ\x08t\x12\xb2\x83\xff\x1a\xe0\
\x0a\xc1\xf8\xc3b\xac_\x95\xb4;\xf1R\x9a?\xf8\x01\
\x96\x02n3\xd6\x1fR\x1565\x04]\xf1\x8d\xaa:\
\xfc\xfcQ0\x85\x89\xc0\xaa1\xb8W\x04s\x18\x92\xea\
\x15\xe9\xc1\xc0\x89\xc0\xdc\xc2\xe9\xd4\xe5b`\x9f\xa6\xbf\
\x85\xc9\xa1\xf1\x05\xc0X?\x17\xe9aP\xee\x83=z\
\xfbR\x0c\xeeZ\xc1\xf8Cb\xac\xff(\xa9%\xd9\x96\
\xd2\xb9dp=\xb0\xa3\xb6_\x1fX7\xdc\x02\x1c\x81\
\xec\xe0?\xbf!\x83\x7f[\xd2a\xa4m\x18\xfc\x00[\
\x03\xd7Wo6T?\x1a=\x030\xd6\x7f\x9a\xb4\xdc\
w\x1e\xa1\x14\x9e\x01V\x8f\xc1\xbd!\x14\x7fP\xd5\x13\
\xfeS\x919\xff\xa0\x04\x7f\x02\xb6\x88\xc1M\x96N\xa4\
D\x8d\x9d\x01T\x0fz\xceBn\xf0O\x07\xf6*|\
\xf0\xaf\x0eL\xa0\xbd\x83\x1f\xd2J\xc6_T\xcf>\xd4\
L\x9a\xfcM\xd9\x01\xd9\xe9\xec\xe91\xb8\xdb\x04\xe3\x0f\
\xc8X?\x16\xb8\x03\xd9\xdb\xa3R|\x058V:\x89\
\x125\xb2\x00T\x1bSN\x14L\xe1a\xe0\xdb\x82\xf1\
\x07d\xac\xff\x1ap\x1d\xb0\x80t.\x05\xf9\xb6\xb1~\
W\xe9$J\xd3\xc8\x02\x00\x1c@\xdaw.\xe1}\xd2\
\xd4\xbf\xb8\xa7\xcb\xc6\xfa\xd9\x8d\xf5'\x02\xe7\x00sH\
\xe7S\xa0\xb3\x8d\xf5\x9f\x92N\xa2$\x8d{\x08h\xac\
_\x98\xd4<Bj\xc9\xeaq1\xb8\xa3\x85b\xf7\xab\
\xd7Y\x87;J\xe7R\xb8\xdb\x81\x8dbp\xefK'\
R\x82&\xce\x00\xbe\x8d\xdc\xe0\xbf\x8f\x02\xef%\x8d\xf5\
\x8b\x01\x7f@\x07\xffP\xac\x0f\xfc\xb7t\x12\xa5h\xd4\
\x0c\xc0X\xffI\xe0\x11dV\xb0M\x05\xd6\x8e\xc1\xdd\
/\x10\xbb_\xc6\xfa\xcf\x007\x00\xcbI\xe7\xd2 \x93\
\x81\x15bp\xcfJ'\x22\xadi3\x80\xe3\x90[\xbe\
\xfa\xbd\x02\x07\xffj\xa4&\x19:\xf8\x87g\x1eR?\
\x81\xd6kL\x010\xd6[`w\xa1\xf0\x13H;\xe6\
\x8aQ\x0d\xfe[\x90\xdd\x00\xd5d\xbb\x18\xeb\xbf \x9d\
\x84\xb4F\x14\x80j\xd1\x8f\xd4\x00\x9c\x06|\xb5\xa4\xce\
3\xd5N>\x1d\xfc\xa3WTQ\x97\xd0\x88\x02@j\
\xf2\xb1\x89P\xec\x1f\xc5\xe0\xfe*\x14{\x16\xc6\xfaU\
\xd0\xc1\xdf)c\x8c\xf5\xebI'!\xa9)\x05@\xea\
\xa9\xeds\xc0\xf7\x84b\xcf\xc2X\xbf2i\xf0\x7fD\
:\x97.r\xb8t\x02\x92\x8a\x7f\x0b`\xac_\x03\x90\
\xfa\x04\xde6\x06w\x9dP\xec\x0f0\xd6\xaf\x04\xdcJ\
\xbev\xdcm1\x9dt~C+[\x8e7a\x06\xf0\
M\xa1\xb8W\x174\xf8W\xa4\xf9\x83\xffu\xe0\x1f@\
1\xcfR*\xb3\x01_\x97NBJ\xd13\x00c\xfd\
2\xc0\xe3\xe4/To\x01+\xc5\xe0\x9e\xcf\x1cw\x16\
\xc6\xfa\x15H\xad\xbb\xa4\x8e6\x1f\xae\xf7I\x9b\x90\xae\
\x07\xee\x22\xf5\xea{1\x06\xf7\x0e\xcc\xe8H\xb4\x08\xf0\
)`+`{RsOI/\x03K\xb5qu`\
\xe9]\x81\x0fGf\x96\xe2\x0b\x19\xfcK\x017\xd3\x8c\
\xc1\x7f=\xf0+\xe0\xa6\x18\xdc\xeb\xfd}Qu\xa0\xc7\
\xab\xd5\xaf\x09\xc0\x0f\xaam\xcb?&m\xdd\x95\xb0\x04\
\xb01\xe9{\xdd*\xc5\x16\x00c\xfdGH'\xd2\xe4\
\xf6\x0c\xf0#\x81\xb8\x1f`\xac7\xc0\x8d\xa4\x836K\
\xf5>\xa9\xa9\xe8\x891\xb8\xbf\x8d\xf4\x221\xb8\xfb\x8d\
\xf5\x1b\x02{\x00?!\x1d(\x9a\xdb.\xb4\xb0\x00\x14\
{\x0b`\xac?\x06\xf8\xae@\xe8]bp\x97\x0a\xc4\
\x9d\xa1\xeasx#r\xaf>\x073\x1d8\x0f8>\
\x06\xf7d'/l\xac\x1f\x03\xfc\x8e\xfc[\x99#\xb0\
x\xdb\x1a\x89\x16\xf9\x10\xd0X\xff!\xe0k\x02\xa1\xff\
\x0c\x5c&\x10w\x86j\xd1\xd3\xf9\x94;\xf8\x1f\x04\xc6\
\xc4\xe0\xc6uz\xf0\x03TG\xaamAz\x0e\x93\x93\
\x01\xd6\xc9\x1cS\x5c\x91\x05\x80\xbc\xa7\xcf\xf6\xf6\x8d\x02\
\x8e\xa2\xf6\xa4s\xf9J3\x058\x1a\xb01\xb8;\xeb\
\x0cT]\xff\xc8:c\xf4\xa3\xd4\xa2[\x9bR\x9f\x01\
\xec)\x10\xf3\x0a\xe9Se\x8c\xf5\x07\x00GI\xe6\xd0\
\x8f\x09\xc0\x1e1\xb8\x873\xc6\xfc)\xa9\x95\xd7\x86\x19\
cn\x0a\x1c\x931\x9e\xb8\xe2f\x00\xc6\xfa\x85HG\
Q\xe74\x8d\xf4\xe9&\xc6X\xff%\xd2\x93\xf0\xd2\x9c\
\x07l\x90y\xf0\xf7\xbc-\x18Gz\xd0\x98\xcb\xba\xc6\
z\x89\x07\x90b\x8a+\x00\xc0\x97\xc9\xdf\xe9\xf7\xd2\x18\
\xdc#\x99c\xce`\xac_\x17\xb8\x84\xb2\xfe=\xa6\x92\
\xba\x09\x8f\x93j\xa9\x1d\x83{\x0c\xf8m\xc6\x90s\x02\
\x9f\xcb\x18O\x5c\x89\xb7\x00{d\x8e7\x9dt\xdf-\
\xa2j\xe8q\x1d0\xafT\x0e}x\x11\xd8\xa1\xee{\
\xfd!:\x0b\xf8\x8f\x8c\xf1V#-\xbcj\x85\x92>\
qz:\xfel\x949\xec\x151\xb8\x872\xc7\x04f\
\xacu\xb8\x91\xb2v\xf6\x05`\xadB\x06?\xa4%\xd0\
9o?V\xcf\x18K\x5cQ\x05\x80\xf4\xd0'\xb7\xe3\
\x04bb\xac\x9f\x17\xb8\x16\xf8\xb4D\xfc~\xdc\x06l\
\x1c\x83{Q:\x91\x1e\xd5[\x99k2\x86\xd4\x02 \
(\xf7A\x1f\xbf\x19\xcd\x0a\xb6\x912\xd6\xcfAZ6\
\xbbn\xee\xd8\x03\xb8\x16\x18[\xe8IG\xb7f\x8c\xb5\
Z\xf5\xef\xd3\x0a\xc5\x14\x80\xea\x0c\xbb1\x99\xc3\x9e\x91\
9^\x8f\x93\xc9{_;\x98\x0bI\xf7\xfc\xc5\x9du\
P\xb9\x83\xf4P2\x87yi\xc6\xde\x8b\x8e(\xa6\x00\
\x90\x06\xff\x5c\x19\xe3=\x8a\xc0\xc3\x1ec\xfd\xc1\xc0a\
\xb9\xe3\x0e\xe0G\xc0\xde%\xb5<\x9bY\xb5\x93\xf0\xcf\
\x19C\x96\xbc\xff\xa2\xa3J*\x00\x9be\x8ewN\xee\
U\x7f\xd5\xbb\xfe\xd3s\xc6\x1c\x84'\xad~\x9c&\x9d\
\xc8\x10\xe4\xbcU\xd3\x02  g\x01\x98\x0c\x5c\x901\
\x1e\xc6\xfa\xcf\x93\xde\xf5\x97\xb2\x01\xebT\xe0\xe8\x02\x96\
>\x0fU\xce\x8e=Ke\x8c%\xaa\x88\x02P\x9dl\
\xb3f\xc6\x90\x97\xc7\xe0^\xcb\x15\xccX\xbf,e\xbd\
\xeb?\x1b8\xb2A\x83\x1f\xf2\x16\x80\xd6\xcc\x00JY\
\x08\xb41y?\x19/\xce\x15\xc8X\xbf\x08\xe9\xe4\x9e\
\xc5s\xc5\x1c\xc4\x05\xc0\xd7\x1b6\xf8\x01:\xbe\xf3p\
\x00G\x1a\xeb\xb3lF\x8a\xc1\x89\xce\x08K)\x00k\
g\x8c\xf5\x06\x99\x1e\xfeU\x07v\xfe\x06X!G\xbc\
!\xb8\x1c\xd8\xaf!\xf7\xfc\x18\xeb\xe7\x04V\x01\xd6\x02\
Z\xdd\xbe\xbb.\xa5\x14\x80\x952\xc6\xba1G\xd3\x87\
\xaa\xf7\xdd/\x90ks5\xb3\xeb\x80\xddK~\xdao\
\xac_\x82\xf4,h\x0c\xe9Cau\xe4\x8e\x82k\x85\
6\x16\x80\x5c\x9bK<2+\x1b\xfbr\x1b\xb0S\x0c\
.\xd7\xbb\xf4!1\xd6\xcfM\x1a\xec[\x90\x16\x81\xad\
!\x9aP\x0b\x89\x17\x80j\x9a\xbcl\xa6p\xef\x91\xd6\
\xde\xd7\xcaX\xffU\xe0[u\xc7\x19\xa2\x87\x80\xed\xa5\
v\xf4\xcd\xac\x9a\xd6oA:\xe7q[`>\xd9\x8c\
\xdaM\xbc\x00\x00\x9f!\xdf\xdb\x88\xbf\xc6\xe0&\xd5\x19\
\xc0X?\x96\xd4\xd8\xb2\x04/\x01[\x0d\xd4\xa57\x87\
\xaa\xcd\xd9\xba\xa4NG;S\xd6\xe6\xa7V+\xa1\x00\
\xe4\x9c\xfeO\xa8\xf3\xe2\xc6\xfa\xcf\x01W\x02%\xac%\
\x7f\x1b\xd8&\x06\xf7\x8cT\x02\xd5\x86\xa7=H+\x1f\
W\x94\xcaC\xf5\xafm\x05\xe0/u]\xb8\xda\xd7\x7f\
=eLi\xa7\x91\xee\xf9k\xfb\xfb\x0e\xa4\xda\xe6|\
 p\x10z\x8ea\xd1J(\x00\xcbd\x8cU\xcb\x0c\
\xc0X\xbf$p\x13\xe5\xfc\xb0\x1f\x10\x83\xbb!wP\
c\xfdGI\xad\xd5\xf6&\x7fW'5\x02%\x14\x80\
\x852\xc5y\x8f\xf4@\xac\xa3\x8c\xf5\x0b\x92\x16\xfa\xe4\
,d\x039>\x06\xf7\xd3\x9c\x01\xab\xef\xc1\x91\xa4\x93\
\x9cJ\x98\x01\xa9!jS\x01x\xb5\xd3\xaf\xc1\xaa\x03\
<\xae&\xef2\xe6\x81\x5c\x0a|'W\xb0\xea\x89\xfe\
8\xd2\x11\xea\xa5\xactT\xc3\xd0\xa6\x02\xd0\xd1\xb5\xff\
\xbd\x16\xfa\xe4\xde\xc5\xd8\x9f;H\xdbz\xb3\xac\xf23\
\xd6\x7f\x81\xd418\xe73\x1c\xd5am*\x00\x9d~\
\x15v\x12\xb0k\x87\xaf9RO\x90\xe9]\x7f\xf5d\
\xffX\xe0\x1b\x94\xb3\xb3Q\x8dP\x09\x05`\xc1Lq\
:V\x00\x8c\xf5\x87\x93\xeewK\xf0:\xb0u\x0c\xee\
\x95\xba\x03U\xe7\xf6\x9d\x0f,_w,\x95G\x09\x05\
 \xd7\x0c\xa0#\x8c\xf5\xbb\x02\xa7H\xe7Q\x99J\xfa\
\xe4\xaf\xf5L\x83\xea\xac\xc6\x1f\x90V7\xea\xa7~\x17\
)\xa1\x00\xe4:\x89e\xd4q\x8c\xf5\xdb\x93\xb9\x91\xc8\
 \xf6\x8b\xc1\xddVg\x80\xea\x9d\xfe%\xa4c\xb3T\
\x97)\xa1!H\xae5\xea\xa3j\xf4h\xac\xdf\x96\xb4\
\x9d\xb6\x84\xa2\x09pl\x0c\xee\xc2:\x03\x18\xeb\xd7&\
-\x9e\xd2\xc1\xdf\xa5J(\x00\xefd\x8a\xb3l\xf5\xe4\
~\xd8\x8c\xf5[\x93\x96\xf8\x962\xf8\x7fMz\xf5V\
\x1bc\xfd>\xc0\xed\xc0\xd2u\xc6Q\xb2J\xf8\x81~\
\x07X4C\x9c\xb9I\xdbM\xc3p\xfe\x90\xb1\xfe\x8b\
\xa4w\xfds\xd6\x90\xd3H\xdc\x0e\xec[WG\x9fj\
\xe3\xce\xf7\xa8\xb9\xc0\xa82\x940\x03\x98\x981\xd66\
\xc3\xf9bc\xfdV\xa4\x8e>9\xdb\x95\x0f\xa4\xd6\xd7\
}\xd5\x0c\xe9\x0ct\xf0\xb7F\x09\x05\xe0\xe9\x8c\xb1\x0e\
\xac\xfa\x0f\x0c\xcaX\xbf/\xe9\xb4\x9cR:\xd2\xbcN\
\xda\xda\xfbj\x1d\x17\xafV5\xfe\x0a\xf8z\x1d\xd7W\
e*\xe1\x16\xe0\xa9\x8c\xb1\x96 -b\xe9\xb7\xe1c\
\xa1S\xe0)\xa4O\xfeG\xeb\xb8x\xb5\xb8\xe7*`\
l\x1d\xd7W\xe5*\xa1\x00\xd4\xf2C=\x80#\x8c\xf5\
\xef\x00\xbewo\xc0j\xe0o\x09|\x1fX'sN\
\x03\x99\x0e\xecV\xd7\xeb\xbej=\xffe\xe8\xe0o\xa5\
\x12\x0a@\xce#\x9fz|\x17\xd8\xcfX\x7f3\xf0&\
\xb0\x1ciM\xfb'\x04r\x19\xccA1\xb8+\xeb\xb8\
pu\xcf\x7f\x1e\xf0\xefu\x5c_\x95\xaf\x84\x02\xf0 \
i\x10\xe6Z\x12\xdc\xe3c\xc0\x9e\x99c\x0e\xd7\xf7c\
pg\xd7q\xe1j\xc6s\x1a\xa9c\x8fj)\xf1\x87\
\x801\xb8\xf7\x81;\xa5\xf3(\xd0OH\xcbo\xeb\xe2\
\x80Ck\xbc\xbej\x80\x12f\x00\x90z\xd6o!\x9d\
DA\xae\x04\x0e\xa9\xf1]\xff\x0e\xa4\x87\xa1\xaaoO\
\x02\x7f\x95N\x22\x87R\x0a\xc05\xc0\x99\xd2I\x14\xe2\
\x16\xd2\x01\x1e\xef\xd7qqc\xfd\x0a\xa4>\x06\xaa\x7f\
\xbf\x8e\xc1\x1d-\x9dD\x0e\xe2\xb7\x00\x001\xb8\x17\x80\
\xf1\xd2y\x14 \x00\xdb\xc5\xe0\xfeU\xc7\xc5\x8d\xf5\x0b\
\x90V5\xe6~\xde2Z/\x90\xf76\xf1\xa5\x8c\xb1\
D\x15Q\x00*\xe7J' \xecq`l\x0c\xee\xcd\
:.^=\xf4\xfb\x19\xb0r\x1d\xd7\xaf\xc1\xfd\xa4\xdb\
\x94\xb5I\xfb\x11j?\xd0\xa5\x97\x173\xc6\x12U\xca\
-\x00\xa4w\xd1'\x91\x16\xeb\xb4\xcdK\xc0\x161\xb8\
:\x97E\xefM9G\x95\xf5\xe7%\xd2R\xe4Kb\
pO\xf7\xfe\x1f\xc6\xfa\x9c\xad\xc7ZS\x00\x8a\x99\x01\
T\xd3\xde\xb3\xa4\xf3\x10\xf02\xb0I\x0c\xae\xb6\x15\x91\
U\xbb\xeeS\xeb\xba~\x07<\x0c\xec\x07|*\x06w\
\xfc\xcc\x83\xbf\xa2\x05\xa0\x06%\xcd\x00\x00N\x07\x0e\xa6\
\x9c\xfe\xfau\x9bH\x1a\xfc\x7f\xaf9\xce\x19\xc0\xc25\
\xc7\x18\x89;\x81\x13\x80\xff\x1d\xa8\x99i\xb5`)\xe7\
\x11\xeb\xfa\x0c@B\x0c\xee\x0d\xcaZ\x83_\xa7WH\
\x83\xbf\xe3g\x15\xf4f\xac\xdf\x0e\xf8r\x9d1F\xe0\
\x15RC\xd511\xb8k\x87\xd0\xc9\xf8\x93\xc0\xbc\xf5\
\xa7\x05\xc0\xa4R\x0eR\xcd\xa1\xb4\x19\x00\xa4\x07U\x07\
\x01\xabH'R\xa3WI\x83\xff\xc1:\x83TO\xfd\
K\xbb\xad:\x1f82\x067\x9c6\xed9\xa7\xff9\
7\xa7\x89+j\x06\x00\x10\x83{\x0f\xd8\x8bt\x92O\
7\xea\x19\xfc\x0fd\x88u0i\xc9s\x09\x1e#\xfd\
\xbd\xf7\x1d\xe6\xe0\x87\xbc\x05\xe0\xe1\x8c\xb1\xc4\x15W\x00\
\x00\xaaC-\xeb\x5c\x06+\xe5\x9f\xc0\xa61\xb8\xbf\xd5\
\x1d\xc8X\xbf\x10\x03l{\xce\xecB`\xf5\x18\xdc\xad\
#\xfc\xf39_]\xd6\xdaa\xb94E\x16\x80\xca\xf1\
\xc0\x1f\xa5\x93\xe8\xa0\x9e\xc1\x7f\x7f\xa6x\x87\x02\x1f\xce\
\x14k G\x01\xff9\xca\xfb\xeau;\x95\xcc\x10\xb4\
\xaa\x00\x14\xdd\xe3\xddX\xbf\x18i\xbb\xf0\xb2\xd2\xb9\x8c\
\xd2\x13\xa4n>Yz\x1f\x18\xeb\x17&uZ29\
\xe2\xf5\xe3\x1d`\x8f\x18\xdc\xd5\xa3\xb9H\xd5\x96<g\
\xdb\xb85cp\xf7f\x8c'\xaa\xe4\x19\x00U\xfb\xab\
m\x80(\x9d\xcb(\xdc\x05|!\xd7\xe0\xaf\x8cCv\
\xf0\xff\x03\xd8`\xb4\x83\xbf\xb2A\x07\xae1\x1c\x8fe\
\x8e'\xaa\xe8\x02\x00P\xbd#\xdf\x8a\xd43\xa0i\xae\
\x22=\xf8\xaa\xfd\xd8\xae\x1e\xd5\x92\xdf}s\xc5\xeb\xc3\
\xf3\xa4\x827\xac\xee\xcb\x03\xf8\xb7\x0e]g(\x9e\x8b\
\xc1\xbd\x9d1\x9e\xb8\xe2\x0b\x00@\x0cn<i\xbb\xf0\
\x1b\xd2\xb9\x0c\xc3)\xc0N1\xb8w3\xc7]\x8f\xbc\
\x8bfz\xfb'\xb0y\x0c\xee\xd9\x0e^s\xc3\x0e^\
k0\x7f\xc9\x18\xab\x08\x8d(\x00\x001\xb8\xbbH'\
\xd4\x94\xbeLs\x0ap`\x0c\xee\xc8\x5cGu\xcfd\
\x1f\x81\x98\x00o\x9363u\xec5Z\xf5,\xe3\xb3\
\x9d\xba\xde\x10\xdc\x951V\x11\x1aS\x00\x00bp\x13\
H\xbb\xc3\xee\x96\xce\xa5\x1f\x7f&=D\xaa\xa5\x8d\xd7\
`\xaa\x85?;\x0b\x84\x9eB\xda\xc6|O\x87\xaf;\
\x86\xbc\x0f\xaa\xb5\x00\x94.\x06\xf7\x0f\xd2\xb4Pd\x90\
\xf5c2\xe9\xb8\xf01u/\xed\x1d\xc4\xc6\xe4;l\
\xb5\xb7}bp7\xd7p\xddmk\xb8f\x7f\xa6\x01\
\x132\xc6+B\x89K\x81\x07U\xbdS>\xd0X\x7f\
\x19\xf0sRW_)\x7f\x22\x1d\xd5U\xc2\xd3\xe3\xcd\
\x04b^\x15\x83\xbb\xb8\xd3\x17\xad\x0e*\xd9\xb1\xd3\xd7\
\x1d\xc0\xfdm{\x00\x08\x0d\x9c\x01\xf4V\xf5\xca_\x1d\
\xf8&\xe9\x01TN7\x01\x9b\x03\x1b\x162\xf8!\xe5\
\x93\xd3k\xd4w\x92\xd0X\xf2.d\x92hO/\xae\
\x913\x80\xde\xaa\xa7\xec'\x1b\xeb\xcf!\xfd0\xeeO\
}\xfd\xfd\xa7\x92N\xe6=-\xe3\x8a\xbe!1\xd6\x7f\
\x9c\xbck\xe6\x01\x0e\x8d\xc1\xd5\xb5uv\xb7\x9a\xae\xdb\
\x9f;2\xc7+B\xe3\x0b@\x8f\xaa\x95\xd6\xf1\xc6\xfa\
\x13I\xf7\xc2{\x01_d\xf4\xbd\x05\xa6\x91N\xe4\xbd\
\x16\xb8\xb4\xea_X\xa2\x8d2\xc7\xbb\x11\xe8\xf8\xd4\x1f\
f\xecc\xc8}X\xc9M\x99\xe3\x15\xa1k\x0a@\x8f\
\xea\xd5\xdb\x1f\x80?T\x8d$V\x056\xa9~_\xbe\
\xfa\xb58}?]~\x87\xb4\x84\xf6iR\x83\xce;\
\x81\xbbF\xb0{M\xc2\xaa\x99\xe3}\xa7\xae\xb6\xe5\xc0\
\xf6\xc0\x90\x0eq\xed\x90{jn\xc7V\xac\xae+\x00\
\xbdU\xc5\xe0\xfe\xea\xd7\x0cUa\x98\x9f\xd4\x1dwn\
\xd2;\xec\xb7\x80wk\xfc\xa1\xae\xdb\x8a\x19c\xdd\xda\
\xc1\x95~\x1fP\xadd\x1cW\xc7\xb5\x07\x90\xb3\xe1h\
Q\xba\xba\x00\xf4\xa7*\x0co\xd2\xcc\xe5\xc5\xfd\xc9y\
\xff\xff\xf3\x1a\xaf\xbd)\xe9\xfd\x7fN7d\x8eW\x8c\
F\xbf\x05PI\xf5\xca\xec\xd3\x99\xc2\xfd\x8bt\x92S\
\xc7U\x9f\xfe\xc7\xd4q\xed\x01\xbcJ\x0b\xdf\xff\xf7\xd0\
\x02\xd0\x1d>\x01\xcc\x91)\xd6\xf8\xba\xce. \xed\xf7\
X\xaf\xa6k\xf7\xe7\x86\xbaNaj\x02-\x00\xdda\
\xe1\x8c\xb1j\xd90#\xf4\xe9\x0f\xf0+\x81\x98\xc5\xd0\
\x02\xd0\x1dr\x1e\xf5UW\xc7\x9cm\x80uj\xbav\
\x7f^ \x9d\xc5\xd8ZZ\x00\xba\xc3B\x19cu\xfc\
\x95\xa8\xb1~\x09R7\xe8\xdc.j\xf3\xf4\x1f\xb4\x00\
t\x8b\x9c3\x80\x8e\xf6\xcc\xaf^\xc9^\x80\xcc\x91p\
\x17\x08\xc4,\x8a\x16\x80\xee\x90\xeb\xd0\x0c\x80E:|\
\xbd\xc3\x80-;|\xcd\xa1\xb8\xbb\x93\xbd\x0b\x9aJ\x0b\
@w\xc8\xd9uh\xf9N]\xc8X\xbf6\xa9\xfb\xb3\
\x04\x89[\x8e\xe2h\x01\xe8\x0eoe\x8c\xb5i'.\
b\xac_\x85\xb4\x00g\xceN\x5co\x98^\xa6\xe5O\
\xff{h\x01\xe8\x0e9\x0b\xc0z\xc6\xfa\xcf\x8f\xe6\x02\
\xc6\xfa\xb5\x80[\x91;\x04\xf6\xf46\x9d\xff7\x10-\
\x00\xdd\xe1\xb9\xcc\xf1\xce5\xd6\xcf7\xdc?d\xac\x9f\
\xcdX\xbf\x0fi\xeb\xad\xd4\xe0\x7f\x0b8G(vq\
\xb4\x00t\x87\xa7H\xdb\x96sY\x03\xb8\xa6j\xda9\
$\xd5\x94\xff&\xe0<\xd2\x06,)?\x8b\xc1\xbd.\
\x18\xbf(E\x9f\x0c\xa4\x86\xceX\xff$\xb0L\xe6\xb0\
\xcf\x01'\x90\xfa$\xcc\xb2>\xc0X\xbf8\xe9\x99\xc1\
\xde\xa4ve\xd2?oS\x81\xe5:\xdc\xb6\xbc\xd1\xa4\
\xffAT\x87\x18\xeb\xaf&\xed\xa3\x970\x1dx\x90\xd4\
\xb2}2ii\xf2\xc7\xc8\xb7Ai\xa8N\x89\xc1\x95\
r`j\x11Z\xb9\x1d\xb8K\xfd\x11\xb9\x020\x1b\xa9\
!I\xee\xa6$\xc3\xf1\x0ap\x9ct\x12\xa5\xd1g\x00\
\xdd\xa3\x9bNR\xae\xc3\xd11\xb8&\x9f1Y\x0b-\
\x00\xdd\xe3>\xf2\x9e\xa2\xdb$\x0f\x90\x1e>\xaa\x99h\
\x01\xe8\x12\xd5\xa6\x96\xcb\xa4\xf3(\xd4a1\xb8\xf7\xa4\
\x93(\x91\x16\x80\xeeRK\x97\xde\x86;\xb7\xa6S\x8b\
\xba\x82\x16\x80\xeer7i\xba\xab\x92'\x80#\xa4\x93\
(\x99\x16\x80.Ru4\x96\xda\x5cS\x9ai\xc0^\
1\xb8\x9c\xcb\xa4\x1bG\x0b@\xf7\xb9\x9c\xf4\xc9\xd7v\
'\xc5\xe0Zy\xda\xcfph\x01\xe82\xd5\xc3\xae\xa3\
\xa5\xf3\x10v'\xf0}\xe9$\x9a@\x0b@w\xba\x94\
t:R\x1b=\x0bl\x1f\x83\xfb\x97t\x22M\xa0K\
\x81\xbb\x94\xb1~\x05\xd2\x89HsI\xe7\x92\xd1[\xc0\
\x98\xd2\x0en-\x99\xce\x00\xbaT\x0c\xee\x11\xd2\xb1\xe9\
m1\x1d\xd8U\x07\xff\xf0h\x01\xe8ng\x00\xd7H\
'\x91\xc9!1\xb8ZN,\xeafz\x0b\xd0\xe5\xaa\
=\xfb\xf7\x00\xcb\x09\xa7R\xa7\x83bp?\x91N\xa2\
\x89t\x06\xd0\xe5bp\x93H]w_\x12N\xa5\x0e\
\xd3\x81q:\xf8GNg\x00-a\xac_\x9d\xb4c\
\xd0H\xe7\xd2!\xd3\x80\xbdcp\x17J'\xd2d:\
\x03h\x89\xea\xe1\xd8\x96\xd4p\xb2\x8f\x80\xd7\x80\xadu\
\xf0\x8f\x9e\xce\x00Z\xc6X\xbf\x12\xf0{\xe0\xe3\xd2\xb9\
\x8c\xd0\x04\xe0\xcb1\xb8g\xa4\x13\xe9\x06:\x03h\x99\
\x18\xdc\xdfIGp\x07\xe9\x5cF\xe0\x1c`}\x1d\xfc\
\x9d\xa33\x80\x962\xd6\xcf\x0d\x9c\x0c\x1c,\x9d\xcb\x10\
<\x05\x1c\xaa\xaf\xf9:O\x0b@\xcb\x19\xeb\xb7\x03\xce\
\x225\xf1,\xcdd\xe0\x87\xc0\xc9z\x90G=\xb4\x00\
(\x8c\xf5\x0b\x926\x10\x1dF\x19\x8db{\xba\x1b\xb9\
\x18\xdc\xd3\xc2\xb9t5-\x00j\x06c\xfd\xf2\xa4\xe5\
\xc3{\x22sf\xdf\xeb\xc0O\x81\x1f\xc7\xe0\x9e\x17\x88\
\xdf:Z\x00\xd4,\x8c\xf5K\x91\x9e\x0d\xecF\xfdo\
\x0b\xde#\xadO\xb8\x02\xb8(\x06\xf7v\xcd\xf1T/\
Z\x00T\xbf\x8c\xf5\xb3\x93\xde\x18\xec\x0cl\x02\xac\xdc\
\xa1K\xbfBz\x15y\x1dpS\xb5ZQ\x09\xd0\x02\
\xa0\x86\xccX\xbf\x18\xb0>\xb0\x0a\xb0,\xe9\xe4\x9f\xa5\
\x80\x05\x80\xf9\xab_\x93\x817\x80X\xfd\xfe\x06\xf0$\
\xa9W\xe1\x03\xa4\x13\x84&V\xed\xcb\x94RJ)\xa5\
\x94RJ)\xa5\x94RJ)\xa5\x94RJ)\xa5\x94\
RJ)\xa5\x94RJ)\xa5\x94RJ)\xa5\x94R\
J)\xa5\x94RJ)\xa5\x94RJ)\xa5\x94RJ\
)\xa5\x94RJ)\xa5\x94RJ)\xa5\x94RJ)\
\xa5\x94RJ)\xa5\x94RJ)\xa5\x8a\xf7\xffr\xf1\
\xa8\xae\xcf\xba\x0b\xd5\x00\x00\x00\x00IEND\xaeB\
`\x82\
"

qt_resource_name = b"\
\x00\x07\
\x0c\xe8G\xe5\
\x00e\
\x00x\x00a\x00m\x00p\x00l\x00e\
\x00\x03\
\x00\x00x\xc3\
\x00r\
\x00e\x00s\
\x00\x03\
\x00\x00x<\
\x00q\
\x00m\x00l\
\x00\x04\
\x00\x06\xc4\xee\
\x00i\
\x001\x008\x00n\
\x00\x10\
\x06\xcaA}\
\x00e\
\x00x\x00a\x00m\x00p\x00l\x00e\x00_\x00z\x00h\x00_\x00C\x00N\x00.\x00q\x00m\
\x00\x10\
\x0c\xb44\xfd\
\x00e\
\x00x\x00a\x00m\x00p\x00l\x00e\x00_\x00e\x00n\x00_\x00U\x00S\x00.\x00q\x00m\
\x00\x06\
\x07\xe0Kg\
\x00w\
\x00i\x00n\x00d\x00o\x00w\
\x00\x06\
\x06\xe3X|\
\x00g\
\x00l\x00o\x00b\x00a\x00l\
\x00\x05\
\x00z\xa8\xa5\
\x00s\
\x00t\x00a\x00t\x00e\
\x00\x09\
\x04v\xa0\x94\
\x00c\
\x00o\x00m\x00p\x00o\x00n\x00e\x00n\x00t\
\x00\x04\
\x00\x07\xb6\x5c\
\x00t\
\x00o\x00o\x00l\
\x00\x04\
\x00\x07g\xd5\
\x00p\
\x00a\x00g\x00e\
\x00\x0a\
\x06T!\x5c\
\x00T\
\x00_\x00T\x00o\x00o\x00l\x00.\x00q\x00m\x00l\
\x00\x0e\
\x0d\xdf7\xbc\
\x00T\
\x00_\x00S\x00e\x00t\x00t\x00i\x00n\x00g\x00s\x00.\x00q\x00m\x00l\
\x00\x0e\
\x07\xad\xfa|\
\x00T\
\x00o\x00o\x00l\x00W\x00i\x00n\x00d\x00o\x00w\x00.\x00q\x00m\x00l\
\x00\x0b\
\x08\xc5\x9c<\
\x00T\
\x00o\x00o\x00l\x00A\x00p\x00p\x00.\x00q\x00m\x00l\
\x00\x17\
\x04X |\
\x00A\
\x00p\x00p\x00L\x00o\x00a\x00d\x00i\x00n\x00g\x00I\x00n\x00d\x00i\x00c\x00a\x00t\
\x00o\x00r\x00.\x00q\x00m\x00l\
\x00\x05\
\x00p\xaa\xb5\
\x00i\
\x00s\x00s\x00u\x00e\
\x00\x07\
\x08\xbb@\xa5\
\x00r\
\x00e\x00d\x00m\x00i\x00n\x00e\
\x00\x13\
\x0d\x82M\xfc\
\x00A\
\x00p\x00p\x00T\x00a\x00s\x00k\x00P\x00r\x00o\x00g\x00r\x00e\x00s\x00s\x00.\x00q\
\x00m\x00l\
\x00\x15\
\x0bc\x08\x9c\
\x00T\
\x00o\x00o\x00l\x00G\x00r\x00o\x00u\x00p\x00E\x00x\x00p\x00a\x00n\x00d\x00e\x00r\
\x00.\x00q\x00m\x00l\
\x00\x14\
\x0d\x96>\x1c\
\x00R\
\x00e\x00d\x00m\x00i\x00n\x00e\x00W\x00o\x00r\x00k\x00s\x00p\x00a\x00c\x00e\x00.\
\x00q\x00m\x00l\
\x00\x14\
\x07\xa6q|\
\x00R\
\x00e\x00d\x00m\x00i\x00n\x00e\x00L\x00o\x00g\x00i\x00n\x00V\x00i\x00e\x00w\x00.\
\x00q\x00m\x00l\
\x00\x14\
\x09\xdd\x1c\x1c\
\x00I\
\x00s\x00s\x00u\x00e\x00D\x00e\x00s\x00c\x00r\x00i\x00p\x00t\x00i\x00o\x00n\x00.\
\x00q\x00m\x00l\
\x00\x19\
\x00\x0b\xbd\xdc\
\x00J\
\x00i\x00r\x00a\x00C\x00r\x00e\x00a\x00t\x00e\x00B\x00a\x00t\x00c\x00h\x00D\x00i\
\x00a\x00l\x00o\x00g\x00.\x00q\x00m\x00l\
\x00\x11\
\x07=}\xdc\
\x00I\
\x00s\x00s\x00u\x00e\x00C\x00o\x00m\x00m\x00e\x00n\x00t\x00s\x00.\x00q\x00m\x00l\
\
\x00\x19\
\x02\xc2l<\
\x00J\
\x00i\x00r\x00a\x00O\x00p\x00t\x00i\x00o\x00n\x00M\x00u\x00l\x00t\x00i\x00P\x00i\
\x00c\x00k\x00e\x00r\x00.\x00q\x00m\x00l\
\x00\x13\
\x0b\x13\x09|\
\x00J\
\x00i\x00r\x00a\x00C\x00r\x00e\x00a\x00t\x00e\x00F\x00i\x00e\x00l\x00d\x00.\x00q\
\x00m\x00l\
\x00\x14\
\x0b\xeb\xfa\x1c\
\x00I\
\x00s\x00s\x00u\x00e\x00A\x00t\x00t\x00a\x00c\x00h\x00m\x00e\x00n\x00t\x00s\x00.\
\x00q\x00m\x00l\
\x00\x19\
\x0b`\xb7|\
\x00J\
\x00i\x00r\x00a\x00I\x00s\x00s\x00u\x00e\x00D\x00e\x00t\x00a\x00i\x00l\x00L\x00a\
\x00y\x00o\x00u\x00t\x00.\x00q\x00m\x00l\
\x00\x1a\
\x0f\x1fZ\x5c\
\x00J\
\x00i\x00r\x00a\x00I\x00s\x00s\x00u\x00e\x00B\x00r\x00o\x00w\x00s\x00e\x00r\x00L\
\x00a\x00y\x00o\x00u\x00t\x00.\x00q\x00m\x00l\
\x00\x17\
\x02d.\xbc\
\x00I\
\x00s\x00s\x00u\x00e\x00A\x00t\x00t\x00a\x00c\x00h\x00m\x00e\x00n\x00t\x00C\x00a\
\x00r\x00d\x00.\x00q\x00m\x00l\
\x00\x13\
\x04/3\x9c\
\x00I\
\x00s\x00s\x00u\x00e\x00D\x00e\x00t\x00a\x00i\x00l\x00V\x00i\x00e\x00w\x00.\x00q\
\x00m\x00l\
\x00\x15\
\x03\xb7\xa1<\
\x00I\
\x00s\x00s\x00u\x00e\x00F\x00i\x00e\x00l\x00d\x00S\x00e\x00c\x00t\x00i\x00o\x00n\
\x00.\x00q\x00m\x00l\
\x00\x0f\
\x0f\xb7\xc4|\
\x00I\
\x00s\x00s\x00u\x00e\x00H\x00e\x00a\x00d\x00e\x00r\x00.\x00q\x00m\x00l\
\x00\x14\
\x0d*#\x5c\
\x00J\
\x00i\x00r\x00a\x00I\x00s\x00s\x00u\x00e\x00S\x00e\x00c\x00t\x00i\x00o\x00n\x00.\
\x00q\x00m\x00l\
\x00\x17\
\x07.\x91\xbc\
\x00J\
\x00i\x00r\x00a\x00C\x00r\x00e\x00a\x00t\x00e\x00D\x00r\x00a\x00f\x00t\x00C\x00a\
\x00r\x00d\x00.\x00q\x00m\x00l\
\x00\x14\
\x00\xe3\xe3|\
\x00A\
\x00p\x00p\x00l\x00i\x00c\x00a\x00t\x00i\x00o\x00n\x00S\x00t\x00a\x00t\x00e\x00.\
\x00q\x00m\x00l\
\x00\x0f\
\x01\xcc\xbd|\
\x00W\
\x00i\x00n\x00d\x00o\x00w\x00S\x00t\x00a\x00t\x00e\x00.\x00q\x00m\x00l\
\x00\x0f\
\x01\xaex\x5c\
\x00G\
\x00l\x00o\x00b\x00a\x00l\x00M\x00o\x00d\x00e\x00l\x00.\x00q\x00m\x00l\
\x00\x06\
\x07\x84+\x02\
\x00q\
\x00m\x00l\x00d\x00i\x00r\
\x00\x0f\
\x07p\xa5\xdc\
\x00L\
\x00o\x00g\x00i\x00n\x00W\x00i\x00n\x00d\x00o\x00w\x00.\x00q\x00m\x00l\
\x00\x0f\
\x06\xfc\xf2\xfc\
\x00A\
\x00b\x00o\x00u\x00t\x00W\x00i\x00n\x00d\x00o\x00w\x00.\x00q\x00m\x00l\
\x00\x05\
\x00p7\xd5\
\x00i\
\x00m\x00a\x00g\x00e\
\x00\x0c\
\x07o\x9c\xa7\
\x00a\
\x00p\x00p\x00_\x00i\x00c\x00o\x00n\x00.\x00p\x00n\x00g\
\x00\x10\
\x0do\xfe'\
\x00t\
\x00a\x00s\x00k\x00b\x00a\x00r\x00_\x00i\x00c\x00o\x00n\x00.\x00p\x00n\x00g\
"

qt_resource_struct = b"\
\x00\x00\x00\x00\x00\x02\x00\x00\x00\x01\x00\x00\x00\x01\
\x00\x00\x00\x00\x00\x00\x00\x00\
\x00\x00\x00\x00\x00\x02\x00\x00\x00\x03\x00\x00\x00\x02\
\x00\x00\x00\x00\x00\x00\x00\x00\
\x00\x00\x00 \x00\x02\x00\x00\x00\x06\x00\x00\x00\x0a\
\x00\x00\x00\x00\x00\x00\x00\x00\
\x00\x00\x00\x14\x00\x02\x00\x00\x00\x01\x00\x00\x00\x07\
\x00\x00\x00\x00\x00\x00\x00\x00\
\x00\x00\x00,\x00\x02\x00\x00\x00\x02\x00\x00\x00\x05\
\x00\x00\x00\x00\x00\x00\x00\x00\
\x00\x00\x00:\x00\x00\x00\x00\x00\x01\x00\x00\x00\x00\
\x00\x00\x01\xa0[\x0a\x22\x9d\
\x00\x00\x00`\x00\x01\x00\x00\x00\x01\x00\x01\x15\x98\
\x00\x00\x01\xa0[\x0a!\xe6\
\x00\x00\x05\xf0\x00\x02\x00\x00\x00\x02\x00\x00\x00\x08\
\x00\x00\x00\x00\x00\x00\x00\x00\
\x00\x00\x06\x00\x00\x00\x00\x00\x00\x01\x00\x02J\x82\
\x00\x00\x01\xa0W5\x03\xc6\
\x00\x00\x06\x1e\x00\x00\x00\x00\x00\x01\x00\x02X\xa6\
\x00\x00\x01\xa0W5\x03\xc7\
\x00\x00\x00\xe0\x00\x02\x00\x00\x00\x02\x00\x00\x00-\
\x00\x00\x00\x00\x00\x00\x00\x00\
\x00\x00\x00\xd2\x00\x02\x00\x00\x00\x02\x00\x00\x00+\
\x00\x00\x00\x00\x00\x00\x00\x00\
\x00\x00\x00\xaa\x00\x02\x00\x00\x00\x02\x00\x00\x00)\
\x00\x00\x00\x00\x00\x00\x00\x00\
\x00\x00\x00\xba\x00\x02\x00\x00\x00\x05\x00\x00\x00\x14\
\x00\x00\x00\x00\x00\x00\x00\x00\
\x00\x00\x00\x98\x00\x02\x00\x00\x00\x02\x00\x00\x00\x12\
\x00\x00\x00\x00\x00\x00\x00\x00\
\x00\x00\x00\x86\x00\x02\x00\x00\x00\x02\x00\x00\x00\x10\
\x00\x00\x00\x00\x00\x00\x00\x00\
\x00\x00\x05\xcc\x00\x01\x00\x00\x00\x01\x00\x02H(\
\x00\x00\x01\xa0W5\x03Y\
\x00\x00\x05\xa8\x00\x01\x00\x00\x00\x01\x00\x028S\
\x00\x00\x01\xa0W5\x03Z\
\x00\x00\x05r\x00\x00\x00\x00\x00\x01\x00\x027\x94\
\x00\x00\x01\xa0W5\x03;\
\x00\x00\x05\x96\x00\x00\x00\x00\x00\x01\x00\x028$\
\x00\x00\x01\xa0W5\x03X\
\x00\x00\x01\x9c\x00\x02\x00\x00\x00\x0e\x00\x00\x00\x1b\
\x00\x00\x00\x00\x00\x00\x00\x00\
\x00\x00\x01h\x00\x01\x00\x00\x00\x01\x00\x01\xa1\xa3\
\x00\x00\x01\xa0W5\x034\
\x00\x00\x01\xac\x00\x02\x00\x00\x00\x02\x00\x00\x00\x19\
\x00\x00\x00\x00\x00\x00\x00\x00\
\x00\x00\x01\xec\x00\x00\x00\x00\x00\x01\x00\x01\xa5\xdf\
\x00\x00\x01\xa0W5\x035\
\x00\x00\x01\xc0\x00\x01\x00\x00\x00\x01\x00\x01\xa3\xf8\
\x00\x00\x01\xa0W5\x034\
\x00\x00\x02J\x00\x01\x00\x00\x00\x01\x00\x01\xb1,\
\x00\x00\x01\xa0W5\x03:\
\x00\x00\x02\x1c\x00\x00\x00\x00\x00\x01\x00\x01\xac\xb9\
\x00\x00\x01\xa0W5\x03:\
\x00\x00\x02\xa6\x00\x01\x00\x00\x00\x01\x00\x01\xb7=\
\x00\x00\x01\xa0W5\x038\
\x00\x00\x04\x0a\x00\x00\x00\x00\x00\x01\x00\x02\x03\xeb\
\x00\x00\x01\xa0W5\x036\
\x00\x00\x03\x06\x00\x00\x00\x00\x00\x01\x00\x01\xcbS\
\x00\x00\x01\xa0W5\x03:\
\x00\x00\x04j\x00\x00\x00\x00\x00\x01\x00\x02\x0d\xdd\
\x00\x00\x01\xa0W5\x037\
\x00\x00\x04>\x00\x01\x00\x00\x00\x01\x00\x02\x08\xf7\
\x00\x00\x01\xa0W5\x037\
\x00\x00\x04\xec\x00\x00\x00\x00\x00\x01\x00\x02(\xa3\
\x00\x00\x01\xa0W5\x038\
\x00\x00\x02\xde\x00\x00\x00\x00\x00\x01\x00\x01\xbe\x9f\
\x00\x00\x01\xa0W5\x036\
\x00\x00\x02x\x00\x00\x00\x00\x00\x01\x00\x01\xb4\xdf\
\x00\x00\x01\xa0W5\x036\
\x00\x00\x03>\x00\x01\x00\x00\x00\x01\x00\x01\xd7R\
\x00\x00\x01\xa0W5\x039\
\x00\x00\x03\x98\x00\x01\x00\x00\x00\x01\x00\x01\xeb\x82\
\x00\x00\x01\xa0W5\x039\
\x00\x00\x03j\x00\x00\x00\x00\x00\x01\x00\x01\xde:\
\x00\x00\x01\xa0W5\x036\
\x00\x00\x04\xbe\x00\x00\x00\x00\x00\x01\x00\x02\x22\xcb\
\x00\x00\x01\xa0W5\x039\
\x00\x00\x03\xd0\x00\x01\x00\x00\x00\x01\x00\x01\xf3\x83\
\x00\x00\x01\xa0W5\x039\
\x00\x00\x04\x9a\x00\x00\x00\x00\x00\x01\x00\x02\x19t\
\x00\x00\x01\xa0W5\x037\
\x00\x00\x05 \x00\x00\x00\x00\x00\x01\x00\x025\xb3\
\x00\x00\x01\xa0W5\x03W\
\x00\x00\x05N\x00\x00\x00\x00\x00\x01\x00\x026y\
\x00\x00\x01\xa0W5\x03W\
\x00\x00\x01*\x00\x00\x00\x00\x00\x01\x00\x01\x93\x97\
\x00\x00\x01\xa0W5\x03X\
\x00\x00\x01L\x00\x00\x00\x00\x00\x01\x00\x01\x9d\xbc\
\x00\x00\x01\xa0W5\x03X\
\x00\x00\x00\xee\x00\x01\x00\x00\x00\x01\x00\x01\x82\xd8\
\x00\x00\x01\xa0W5\x03U\
\x00\x00\x01\x08\x00\x01\x00\x00\x00\x01\x00\x01\x8c\xa6\
\x00\x00\x01\xa0W5\x03R\
"

def qInitResources():
    QtCore.qRegisterResourceData(0x03, qt_resource_struct, qt_resource_name, qt_resource_data)

def qCleanupResources():
    QtCore.qUnregisterResourceData(0x03, qt_resource_struct, qt_resource_name, qt_resource_data)

qInitResources()
